{
  "experiment": "exp3",
  "condition": {
    "num_classes": 3,
    "class_list": [
      0,
      6,
      8
    ],
    "class_names": [
      "T-shirt/top",
      "Shirt",
      "Bag"
    ],
    "combo_idx": 1,
    "subset_pct": 80,
    "num_samples": 14400,
    "samples_per_class": 4800,
    "train_samples": 12960,
    "val_samples": 1440,
    "test_samples": 3000
  },
  "seed": 99719928,
  "timestamp": "2026-01-18T02:09:18.953159",
  "training_dynamics": {
    "epochs_trained": 13,
    "best_epoch": 3,
    "best_val_accuracy": 0.9291666666666667,
    "final_train_loss": 0.05524464011458414,
    "final_val_loss": 0.27260246823231377,
    "training_time_seconds": 8.335174560546875
  },
  "training_history": {
    "train_loss": [
      0.32610294949538604,
      0.22907013945244803,
      0.19801144516600178,
      0.1699659265577793,
      0.1547309586622298,
      0.13167182146915662,
      0.1143852114457215,
      0.09629731619813173,
      0.09104814047792129,
      0.078510397847907,
      0.06608512611564231,
      0.057600542111551675,
      0.05524464011458414
    ],
    "val_loss": [
      0.2326897316508823,
      0.21746600435839758,
      0.18667448461055755,
      0.1917087452279197,
      0.2240239315562778,
      0.19762156274583603,
      0.20677197095420624,
      0.2145538757244746,
      0.21140980174144108,
      0.25117873739865093,
      0.26796293838156593,
      0.25995860215690403,
      0.27260246823231377
    ],
    "val_accuracy": [
      0.8993055555555556,
      0.9111111111111111,
      0.9145833333333333,
      0.9263888888888889,
      0.9013888888888889,
      0.9215277777777777,
      0.9291666666666667,
      0.925,
      0.9201388888888888,
      0.9173611111111111,
      0.9201388888888888,
      0.9243055555555556,
      0.9138888888888889
    ]
  },
  "global_metrics": {
    "accuracy": 0.9086666666666666,
    "balanced_accuracy": 0.9086666666666666,
    "top_3_accuracy": 1.0,
    "top_5_accuracy": 1.0,
    "log_loss": 0.21039026442781103,
    "mcc": 0.8635014081434066,
    "cohens_kappa": 0.863,
    "precision_macro": 0.9092192819015029,
    "precision_micro": 0.9086666666666666,
    "precision_weighted": 0.9092192819015029,
    "recall_macro": 0.9086666666666666,
    "recall_micro": 0.9086666666666666,
    "recall_weighted": 0.9086666666666666,
    "f1_macro": 0.9084286491965021,
    "f1_micro": 0.9086666666666666,
    "f1_weighted": 0.908428649196502,
    "auroc_macro": 0.9826266666666665,
    "auroc_weighted": 0.9826266666666666,
    "auprc_macro": 0.9672253824708411
  },
  "per_class_metrics": {
    "0": {
      "precision": 0.8519924098671727,
      "recall": 0.898,
      "f1": 0.8743914313534566,
      "specificity": 0.922,
      "fpr": 0.078,
      "fnr": 0.102,
      "auroc": 0.974189,
      "auprc": 0.9474485147504569,
      "support": 1000,
      "tp": 898,
      "tn": 1844,
      "fp": 156,
      "fn": 102
    },
    "1": {
      "precision": 0.8964781216648879,
      "recall": 0.84,
      "f1": 0.867320598864223,
      "specificity": 0.9515,
      "fpr": 0.0485,
      "fnr": 0.16,
      "auroc": 0.9743304999999999,
      "auprc": 0.955305929462477,
      "support": 1000,
      "tp": 840,
      "tn": 1903,
      "fp": 97,
      "fn": 160
    },
    "2": {
      "precision": 0.979187314172448,
      "recall": 0.988,
      "f1": 0.9835739173718268,
      "specificity": 0.9895,
      "fpr": 0.0105,
      "fnr": 0.012,
      "auroc": 0.9993605,
      "auprc": 0.9989217031995895,
      "support": 1000,
      "tp": 988,
      "tn": 1979,
      "fp": 21,
      "fn": 12
    }
  },
  "confusion_matrix": [
    [
      898,
      90,
      12
    ],
    [
      151,
      840,
      9
    ],
    [
      5,
      7,
      988
    ]
  ]
}