{
  "experiment": "exp3",
  "condition": {
    "num_classes": 3,
    "class_list": [
      3,
      7,
      8
    ],
    "class_names": [
      "Dress",
      "Sneaker",
      "Bag"
    ],
    "combo_idx": 4,
    "subset_pct": 30,
    "num_samples": 5400,
    "samples_per_class": 1800,
    "train_samples": 4860,
    "val_samples": 540,
    "test_samples": 3000
  },
  "seed": 99719928,
  "timestamp": "2026-01-18T02:13:31.471526",
  "training_dynamics": {
    "epochs_trained": 32,
    "best_epoch": 22,
    "best_val_accuracy": 0.9962962962962963,
    "final_train_loss": 3.958514967830764e-05,
    "final_val_loss": 0.019741513432947815,
    "training_time_seconds": 7.408762693405151
  },
  "training_history": {
    "train_loss": [
      0.08343150952867673,
      0.02706118312658203,
      0.021820940731375135,
      0.019525088150035834,
      0.008537468792622493,
      0.010461438059983744,
      0.004629153927597049,
      0.0017155982615301916,
      0.014376449284961717,
      0.01953527679119074,
      0.005397858612875433,
      0.003802542451323557,
      0.002651227366138636,
      0.0030481003415520477,
      0.0003564777196360362,
      0.0001511944988722366,
      0.0019171238951281267,
      0.005753620812966849,
      0.00610872184166199,
      0.009138343321027557,
      0.00593997073265559,
      0.0005488884282182258,
      0.00028624996367236573,
      0.0006981398460173917,
      0.0001184631504190149,
      8.557105506443612e-05,
      6.317324537899607e-05,
      4.938502749047601e-05,
      6.168645196237919e-05,
      3.898712457995364e-05,
      4.596651904283757e-05,
      3.958514967830764e-05
    ],
    "val_loss": [
      0.04570123865096657,
      0.033353732581491824,
      0.04197538585436565,
      0.04700983707551603,
      0.03266094399581629,
      0.06929794704472578,
      0.038497004628664365,
      0.02843035977480381,
      0.060998409738574455,
      0.023580159605653198,
      0.023377987706205913,
      0.04028322460362688,
      0.0467240691460945,
      0.026253326791683556,
      0.021074250039506564,
      0.021187511022651085,
      0.058223343978601474,
      0.036752324847987405,
      0.06207304562407511,
      0.06481841381432282,
      0.019434612152960013,
      0.017711814017901714,
      0.019583749523196647,
      0.02026830815593712,
      0.02263666485927792,
      0.02160501408938284,
      0.02238979069860997,
      0.02037823824869486,
      0.020406979525405742,
      0.020610441599274054,
      0.020897215989815,
      0.019741513432947815
    ],
    "val_accuracy": [
      0.9907407407407407,
      0.9851851851851852,
      0.987037037037037,
      0.9851851851851852,
      0.9944444444444445,
      0.9851851851851852,
      0.9925925925925926,
      0.9925925925925926,
      0.9851851851851852,
      0.9925925925925926,
      0.9962962962962963,
      0.9944444444444445,
      0.9888888888888889,
      0.9925925925925926,
      0.9962962962962963,
      0.9944444444444445,
      0.9851851851851852,
      0.9888888888888889,
      0.987037037037037,
      0.9851851851851852,
      0.9962962962962963,
      0.9962962962962963,
      0.9962962962962963,
      0.9962962962962963,
      0.9962962962962963,
      0.9962962962962963,
      0.9962962962962963,
      0.9962962962962963,
      0.9962962962962963,
      0.9962962962962963,
      0.9962962962962963,
      0.9962962962962963
    ]
  },
  "global_metrics": {
    "accuracy": 0.996,
    "balanced_accuracy": 0.996,
    "top_3_accuracy": 1.0,
    "top_5_accuracy": 1.0,
    "log_loss": 0.02373294673410944,
    "mcc": 0.9940185551862135,
    "cohens_kappa": 0.994,
    "precision_macro": 0.9960264761061574,
    "precision_micro": 0.996,
    "precision_weighted": 0.9960264761061575,
    "recall_macro": 0.996,
    "recall_micro": 0.996,
    "recall_weighted": 0.996,
    "f1_macro": 0.995994570322375,
    "f1_micro": 0.996,
    "f1_weighted": 0.995994570322375,
    "auroc_macro": 0.9997835833333334,
    "auroc_weighted": 0.9997835833333334,
    "auprc_macro": 0.9995861571742494
  },
  "per_class_metrics": {
    "0": {
      "precision": 0.9920634920634921,
      "recall": 1.0,
      "f1": 0.9960159362549801,
      "specificity": 0.996,
      "fpr": 0.004,
      "fnr": 0.0,
      "auroc": 0.99974825,
      "auprc": 0.9993630519774965,
      "support": 1000,
      "tp": 1000,
      "tn": 1992,
      "fp": 8,
      "fn": 0
    },
    "1": {
      "precision": 0.9960159362549801,
      "recall": 1.0,
      "f1": 0.998003992015968,
      "specificity": 0.998,
      "fpr": 0.002,
      "fnr": 0.0,
      "auroc": 0.9999965000000001,
      "auprc": 0.9999930079660737,
      "support": 1000,
      "tp": 1000,
      "tn": 1996,
      "fp": 4,
      "fn": 0
    },
    "2": {
      "precision": 1.0,
      "recall": 0.988,
      "f1": 0.993963782696177,
      "specificity": 1.0,
      "fpr": 0.0,
      "fnr": 0.012,
      "auroc": 0.999606,
      "auprc": 0.9994024115791779,
      "support": 1000,
      "tp": 988,
      "tn": 2000,
      "fp": 0,
      "fn": 12
    }
  },
  "confusion_matrix": [
    [
      1000,
      0,
      0
    ],
    [
      0,
      1000,
      0
    ],
    [
      8,
      4,
      988
    ]
  ]
}