{
  "experiment": "exp3",
  "condition": {
    "num_classes": 2,
    "class_list": [
      7,
      9
    ],
    "class_names": [
      "Sneaker",
      "Ankle boot"
    ],
    "combo_idx": 4,
    "subset_pct": 30,
    "num_samples": 3600,
    "samples_per_class": 1800,
    "train_samples": 3240,
    "val_samples": 360,
    "test_samples": 2000
  },
  "seed": 99719928,
  "timestamp": "2026-01-18T02:06:46.489761",
  "training_dynamics": {
    "epochs_trained": 15,
    "best_epoch": 5,
    "best_val_accuracy": 0.975,
    "final_train_loss": 0.00023396930223765702,
    "final_val_loss": 0.14907680135988308,
    "training_time_seconds": 2.380812644958496
  },
  "training_history": {
    "train_loss": [
      0.1899196339734629,
      0.11258989977924262,
      0.08162243039730717,
      0.06689832843474898,
      0.05737951491941132,
      0.03497416325662212,
      0.025763571401601473,
      0.03575447524952538,
      0.024944668139248866,
      0.025686029864100776,
      0.013281436030999483,
      0.00356628479822379,
      0.0009444244977952193,
      0.0004063940412058454,
      0.00023396930223765702
    ],
    "val_loss": [
      0.1902694778309928,
      0.19434581879112456,
      0.09301531037522687,
      0.14945532315307195,
      0.07019916887705525,
      0.08564858093029923,
      0.1255923423683271,
      0.11422279294994142,
      0.29128786428935,
      0.11549544196265439,
      0.12990996493398496,
      0.14326228968307583,
      0.14372824082294958,
      0.14236145405448042,
      0.14907680135988308
    ],
    "val_accuracy": [
      0.9111111111111111,
      0.9111111111111111,
      0.9638888888888889,
      0.9444444444444444,
      0.975,
      0.9638888888888889,
      0.9666666666666667,
      0.9694444444444444,
      0.9222222222222223,
      0.9722222222222222,
      0.9666666666666667,
      0.9638888888888889,
      0.9638888888888889,
      0.9666666666666667,
      0.9666666666666667
    ]
  },
  "global_metrics": {
    "accuracy": 0.972,
    "balanced_accuracy": 0.972,
    "top_3_accuracy": 1.0,
    "top_5_accuracy": 1.0,
    "log_loss": 0.07579123422617118,
    "mcc": 0.9440075520906251,
    "cohens_kappa": 0.944,
    "precision_macro": 0.972007552120834,
    "precision_micro": 0.972,
    "precision_weighted": 0.9720075521208339,
    "recall_macro": 0.972,
    "recall_micro": 0.972,
    "recall_weighted": 0.972,
    "f1_macro": 0.971999887999552,
    "f1_micro": 0.972,
    "f1_weighted": 0.9719998879995521,
    "auroc_macro": 0.9964029999999999,
    "auroc_weighted": 0.9964029999999999,
    "auprc_macro": 0.996489910342387
  },
  "per_class_metrics": {
    "0": {
      "precision": 0.9701195219123506,
      "recall": 0.974,
      "f1": 0.9720558882235529,
      "specificity": 0.97,
      "fpr": 0.03,
      "fnr": 0.026,
      "auroc": 0.9964029999999999,
      "auprc": 0.9964843938415013,
      "support": 1000,
      "tp": 974,
      "tn": 970,
      "fp": 30,
      "fn": 26
    },
    "1": {
      "precision": 0.9738955823293173,
      "recall": 0.97,
      "f1": 0.9719438877755512,
      "specificity": 0.974,
      "fpr": 0.026,
      "fnr": 0.03,
      "auroc": 0.9964029999999999,
      "auprc": 0.9964954268432725,
      "support": 1000,
      "tp": 970,
      "tn": 974,
      "fp": 26,
      "fn": 30
    }
  },
  "confusion_matrix": [
    [
      974,
      26
    ],
    [
      30,
      970
    ]
  ]
}