{
  "experiment": "exp3",
  "condition": {
    "num_classes": 6,
    "class_list": [
      0,
      1,
      2,
      3,
      6,
      9
    ],
    "class_names": [
      "T-shirt/top",
      "Trouser",
      "Pullover",
      "Dress",
      "Shirt",
      "Ankle boot"
    ],
    "combo_idx": 0,
    "subset_pct": 80,
    "num_samples": 28800,
    "samples_per_class": 4800,
    "train_samples": 25920,
    "val_samples": 2880,
    "test_samples": 6000
  },
  "seed": 99719928,
  "timestamp": "2026-01-18T02:36:24.894758",
  "training_dynamics": {
    "epochs_trained": 14,
    "best_epoch": 4,
    "best_val_accuracy": 0.9267361111111111,
    "final_train_loss": 0.06414727840319644,
    "final_val_loss": 0.2922478138986561,
    "training_time_seconds": 17.530421495437622
  },
  "training_history": {
    "train_loss": [
      0.3980842500557134,
      0.26702084329761105,
      0.22709744440184698,
      0.19983121106102142,
      0.17969302752135713,
      0.15620214109435493,
      0.13951977993603107,
      0.12429204420818958,
      0.10936256400596948,
      0.09573196500861718,
      0.08761067059075023,
      0.07616892575205844,
      0.06415624247610936,
      0.06414727840319644
    ],
    "val_loss": [
      0.27671819494830235,
      0.23608258532153237,
      0.23747067012720638,
      0.21497421198421054,
      0.2288441467616293,
      0.23395310160186555,
      0.23467357125547197,
      0.2249587707221508,
      0.2445163937906424,
      0.23548296673430336,
      0.25944178104400634,
      0.2754256698820326,
      0.2843205749988556,
      0.2922478138986561
    ],
    "val_accuracy": [
      0.8989583333333333,
      0.9097222222222222,
      0.9177083333333333,
      0.9149305555555556,
      0.9232638888888889,
      0.9118055555555555,
      0.9180555555555555,
      0.9204861111111111,
      0.9236111111111112,
      0.9267361111111111,
      0.9204861111111111,
      0.9180555555555555,
      0.9215277777777777,
      0.9114583333333334
    ]
  },
  "global_metrics": {
    "accuracy": 0.9126666666666666,
    "balanced_accuracy": 0.9126666666666666,
    "top_3_accuracy": 0.9953333333333333,
    "top_5_accuracy": 1.0,
    "log_loss": 0.2352782565491702,
    "mcc": 0.8956361018274032,
    "cohens_kappa": 0.8952,
    "precision_macro": 0.9169350534396226,
    "precision_micro": 0.9126666666666666,
    "precision_weighted": 0.9169350534396228,
    "recall_macro": 0.9126666666666666,
    "recall_micro": 0.9126666666666666,
    "recall_weighted": 0.9126666666666666,
    "f1_macro": 0.9138561686491072,
    "f1_micro": 0.9126666666666666,
    "f1_weighted": 0.9138561686491072,
    "auroc_macro": 0.9916749499999998,
    "auroc_weighted": 0.99167495,
    "auprc_macro": 0.9664691940105636
  },
  "per_class_metrics": {
    "0": {
      "precision": 0.8773584905660378,
      "recall": 0.837,
      "f1": 0.856704196519959,
      "specificity": 0.9766,
      "fpr": 0.0234,
      "fnr": 0.163,
      "auroc": 0.9864788000000001,
      "auprc": 0.9459111817596965,
      "support": 1000,
      "tp": 837,
      "tn": 4883,
      "fp": 117,
      "fn": 163
    },
    "1": {
      "precision": 0.9959016393442623,
      "recall": 0.972,
      "f1": 0.9838056680161944,
      "specificity": 0.9992,
      "fpr": 0.0008,
      "fnr": 0.028,
      "auroc": 0.9996700000000001,
      "auprc": 0.9988450089150217,
      "support": 1000,
      "tp": 972,
      "tn": 4996,
      "fp": 4,
      "fn": 28
    },
    "2": {
      "precision": 0.9404761904761905,
      "recall": 0.869,
      "f1": 0.9033264033264032,
      "specificity": 0.989,
      "fpr": 0.011,
      "fnr": 0.131,
      "auroc": 0.9925528000000001,
      "auprc": 0.9694953743684693,
      "support": 1000,
      "tp": 869,
      "tn": 4945,
      "fp": 55,
      "fn": 131
    },
    "3": {
      "precision": 0.937125748502994,
      "recall": 0.939,
      "f1": 0.938061938061938,
      "specificity": 0.9874,
      "fpr": 0.0126,
      "fnr": 0.061,
      "auroc": 0.9961583000000002,
      "auprc": 0.9803649919558467,
      "support": 1000,
      "tp": 939,
      "tn": 4937,
      "fp": 63,
      "fn": 61
    },
    "4": {
      "precision": 0.7517482517482518,
      "recall": 0.86,
      "f1": 0.8022388059701492,
      "specificity": 0.9432,
      "fpr": 0.0568,
      "fnr": 0.14,
      "auroc": 0.9752014,
      "auprc": 0.9042534274802264,
      "support": 1000,
      "tp": 860,
      "tn": 4716,
      "fp": 284,
      "fn": 140
    },
    "5": {
      "precision": 0.999,
      "recall": 0.999,
      "f1": 0.999,
      "specificity": 0.9998,
      "fpr": 0.0002,
      "fnr": 0.001,
      "auroc": 0.9999883999999999,
      "auprc": 0.999945179584121,
      "support": 1000,
      "tp": 999,
      "tn": 4999,
      "fp": 1,
      "fn": 1
    }
  },
  "confusion_matrix": [
    [
      837,
      0,
      10,
      13,
      140,
      0
    ],
    [
      4,
      972,
      1,
      20,
      3,
      0
    ],
    [
      17,
      1,
      869,
      9,
      104,
      0
    ],
    [
      17,
      0,
      6,
      939,
      37,
      1
    ],
    [
      79,
      3,
      37,
      21,
      860,
      0
    ],
    [
      0,
      0,
      1,
      0,
      0,
      999
    ]
  ]
}