{
  "experiment": "exp3",
  "condition": {
    "num_classes": 2,
    "class_list": [
      2,
      6
    ],
    "class_names": [
      "Pullover",
      "Shirt"
    ],
    "combo_idx": 1,
    "subset_pct": 90,
    "num_samples": 10800,
    "samples_per_class": 5400,
    "train_samples": 9720,
    "val_samples": 1080,
    "test_samples": 2000
  },
  "seed": 99719928,
  "timestamp": "2026-01-18T02:04:28.788777",
  "training_dynamics": {
    "epochs_trained": 14,
    "best_epoch": 4,
    "best_val_accuracy": 0.9296296296296296,
    "final_train_loss": 0.0321010691665211,
    "final_val_loss": 0.3688416454527113,
    "training_time_seconds": 7.277518272399902
  },
  "training_history": {
    "train_loss": [
      0.32848373329953146,
      0.21130268143391923,
      0.16693110359636576,
      0.14758506789803505,
      0.12165614716267507,
      0.09783453903602142,
      0.08762389396341812,
      0.07566398660358238,
      0.06373022076073348,
      0.056022342833641325,
      0.05612493072572091,
      0.04218473052759165,
      0.03631217631271667,
      0.0321010691665211
    ],
    "val_loss": [
      0.3243916658339677,
      0.2404840299376735,
      0.20848678206955945,
      0.20603973258424688,
      0.22711954149934982,
      0.22804134962735353,
      0.27847418045556105,
      0.33043641205187196,
      0.30265942569132204,
      0.27576811567500786,
      0.3353178673320346,
      0.2666230340798696,
      0.405610066652298,
      0.3688416454527113
    ],
    "val_accuracy": [
      0.8611111111111112,
      0.9018518518518519,
      0.9166666666666666,
      0.925,
      0.9157407407407407,
      0.9222222222222223,
      0.9046296296296297,
      0.9074074074074074,
      0.9185185185185185,
      0.9296296296296296,
      0.9185185185185185,
      0.9287037037037037,
      0.9101851851851852,
      0.924074074074074
    ]
  },
  "global_metrics": {
    "accuracy": 0.9225,
    "balanced_accuracy": 0.9225,
    "top_3_accuracy": 1.0,
    "top_5_accuracy": 1.0,
    "log_loss": 0.19951655145822905,
    "mcc": 0.845782287504507,
    "cohens_kappa": 0.845,
    "precision_macro": 0.9232826496191457,
    "precision_micro": 0.9225,
    "precision_weighted": 0.9232826496191457,
    "recall_macro": 0.9225,
    "recall_micro": 0.9225,
    "recall_weighted": 0.9225,
    "f1_macro": 0.9224641590575243,
    "f1_micro": 0.9225,
    "f1_weighted": 0.9224641590575243,
    "auroc_macro": 0.9776469999999999,
    "auroc_weighted": 0.9776469999999999,
    "auprc_macro": 0.9781444943392356
  },
  "per_class_metrics": {
    "0": {
      "precision": 0.9414838035527691,
      "recall": 0.901,
      "f1": 0.9207971384772612,
      "specificity": 0.944,
      "fpr": 0.056,
      "fnr": 0.099,
      "auroc": 0.977647,
      "auprc": 0.9775982813364732,
      "support": 1000,
      "tp": 901,
      "tn": 944,
      "fp": 56,
      "fn": 99
    },
    "1": {
      "precision": 0.9050814956855225,
      "recall": 0.944,
      "f1": 0.9241311796377877,
      "specificity": 0.901,
      "fpr": 0.099,
      "fnr": 0.056,
      "auroc": 0.9776469999999999,
      "auprc": 0.9786907073419979,
      "support": 1000,
      "tp": 944,
      "tn": 901,
      "fp": 99,
      "fn": 56
    }
  },
  "confusion_matrix": [
    [
      901,
      99
    ],
    [
      56,
      944
    ]
  ]
}