{
  "experiment": "exp3",
  "condition": {
    "num_classes": 8,
    "class_list": [
      0,
      1,
      3,
      4,
      5,
      7,
      8,
      9
    ],
    "class_names": [
      "T-shirt/top",
      "Trouser",
      "Dress",
      "Coat",
      "Sandal",
      "Sneaker",
      "Bag",
      "Ankle boot"
    ],
    "combo_idx": 2,
    "subset_pct": 10,
    "num_samples": 4800,
    "samples_per_class": 600,
    "train_samples": 4320,
    "val_samples": 480,
    "test_samples": 8000
  },
  "seed": 99719928,
  "timestamp": "2026-01-18T03:06:52.785782",
  "training_dynamics": {
    "epochs_trained": 17,
    "best_epoch": 7,
    "best_val_accuracy": 0.9729166666666667,
    "final_train_loss": 0.015386106888934806,
    "final_val_loss": 0.13714267425239085,
    "training_time_seconds": 3.509171724319458
  },
  "training_history": {
    "train_loss": [
      0.5224184205426889,
      0.22540010511875153,
      0.17033322697834058,
      0.12470923999653143,
      0.12855304684489965,
      0.10892412185614161,
      0.06432515423854485,
      0.05649178697015433,
      0.058981735040159786,
      0.039290377058718795,
      0.041988781756064034,
      0.024564566142062712,
      0.0311884640250355,
      0.02402590127209859,
      0.014641261471243686,
      0.014688405015690745,
      0.015386106888934806
    ],
    "val_loss": [
      0.26500306725502015,
      0.15067892769972482,
      0.1386023094256719,
      0.1317064218223095,
      0.1715288112560908,
      0.1085772896806399,
      0.09424160445729891,
      0.12515731553236645,
      0.10238105307022731,
      0.23541567325592042,
      0.1468507945537567,
      0.14264239718516666,
      0.1251077339053154,
      0.18525360052784284,
      0.15972875480850537,
      0.14267530372987192,
      0.13714267425239085
    ],
    "val_accuracy": [
      0.9083333333333333,
      0.9458333333333333,
      0.9479166666666666,
      0.95,
      0.9416666666666667,
      0.9666666666666667,
      0.9729166666666667,
      0.9583333333333334,
      0.9666666666666667,
      0.9208333333333333,
      0.95,
      0.9541666666666667,
      0.95,
      0.95,
      0.9541666666666667,
      0.9583333333333334,
      0.9625
    ]
  },
  "global_metrics": {
    "accuracy": 0.949625,
    "balanced_accuracy": 0.9496249999999999,
    "top_3_accuracy": 0.99675,
    "top_5_accuracy": 0.99975,
    "log_loss": 0.16015493347687118,
    "mcc": 0.9424671965453447,
    "cohens_kappa": 0.9424285714285714,
    "precision_macro": 0.949902657987433,
    "precision_micro": 0.949625,
    "precision_weighted": 0.949902657987433,
    "recall_macro": 0.9496249999999999,
    "recall_micro": 0.949625,
    "recall_weighted": 0.949625,
    "f1_macro": 0.949629543679328,
    "f1_micro": 0.949625,
    "f1_weighted": 0.949629543679328,
    "auroc_macro": 0.9978164374999999,
    "auroc_weighted": 0.9978164375,
    "auprc_macro": 0.9868632891338518
  },
  "per_class_metrics": {
    "0": {
      "precision": 0.9427710843373494,
      "recall": 0.939,
      "f1": 0.9408817635270541,
      "specificity": 0.9918571428571429,
      "fpr": 0.008142857142857143,
      "fnr": 0.061,
      "auroc": 0.9965958571428571,
      "auprc": 0.9840769484547398,
      "support": 1000,
      "tp": 939,
      "tn": 6943,
      "fp": 57,
      "fn": 61
    },
    "1": {
      "precision": 0.9750996015936255,
      "recall": 0.979,
      "f1": 0.9770459081836328,
      "specificity": 0.9964285714285714,
      "fpr": 0.0035714285714285713,
      "fnr": 0.021,
      "auroc": 0.9993019999999999,
      "auprc": 0.9967859871156526,
      "support": 1000,
      "tp": 979,
      "tn": 6975,
      "fp": 25,
      "fn": 21
    },
    "2": {
      "precision": 0.8882410106899903,
      "recall": 0.914,
      "f1": 0.9009364218827008,
      "specificity": 0.9835714285714285,
      "fpr": 0.016428571428571428,
      "fnr": 0.086,
      "auroc": 0.9946357142857143,
      "auprc": 0.9595878826079698,
      "support": 1000,
      "tp": 914,
      "tn": 6885,
      "fp": 115,
      "fn": 86
    },
    "3": {
      "precision": 0.9574688796680498,
      "recall": 0.923,
      "f1": 0.939918533604888,
      "specificity": 0.9941428571428571,
      "fpr": 0.005857142857142857,
      "fnr": 0.077,
      "auroc": 0.9976427142857143,
      "auprc": 0.9872341556265686,
      "support": 1000,
      "tp": 923,
      "tn": 6959,
      "fp": 41,
      "fn": 77
    },
    "4": {
      "precision": 0.9442843419788665,
      "recall": 0.983,
      "f1": 0.9632533072023518,
      "specificity": 0.9917142857142857,
      "fpr": 0.008285714285714285,
      "fnr": 0.017,
      "auroc": 0.9989927857142857,
      "auprc": 0.9938573129389108,
      "support": 1000,
      "tp": 983,
      "tn": 6942,
      "fp": 58,
      "fn": 17
    },
    "5": {
      "precision": 0.9476386036960985,
      "recall": 0.923,
      "f1": 0.9351570415400203,
      "specificity": 0.9927142857142857,
      "fpr": 0.007285714285714286,
      "fnr": 0.077,
      "auroc": 0.9978645714285714,
      "auprc": 0.9853391148412902,
      "support": 1000,
      "tp": 923,
      "tn": 6949,
      "fp": 51,
      "fn": 77
    },
    "6": {
      "precision": 0.979,
      "recall": 0.979,
      "f1": 0.979,
      "specificity": 0.997,
      "fpr": 0.003,
      "fnr": 0.021,
      "auroc": 0.9989632857142856,
      "auprc": 0.9958247241479796,
      "support": 1000,
      "tp": 979,
      "tn": 6979,
      "fp": 21,
      "fn": 21
    },
    "7": {
      "precision": 0.9647177419354839,
      "recall": 0.957,
      "f1": 0.9608433734939759,
      "specificity": 0.995,
      "fpr": 0.005,
      "fnr": 0.043,
      "auroc": 0.9985345714285714,
      "auprc": 0.9922001873377028,
      "support": 1000,
      "tp": 957,
      "tn": 6965,
      "fp": 35,
      "fn": 43
    }
  },
  "confusion_matrix": [
    [
      939,
      2,
      37,
      9,
      1,
      0,
      12,
      0
    ],
    [
      1,
      979,
      15,
      3,
      0,
      0,
      2,
      0
    ],
    [
      46,
      15,
      914,
      23,
      0,
      0,
      1,
      1
    ],
    [
      9,
      6,
      57,
      923,
      1,
      0,
      4,
      0
    ],
    [
      0,
      0,
      1,
      0,
      983,
      12,
      1,
      3
    ],
    [
      0,
      0,
      0,
      0,
      47,
      923,
      0,
      30
    ],
    [
      1,
      2,
      5,
      6,
      4,
      2,
      979,
      1
    ],
    [
      0,
      0,
      0,
      0,
      5,
      37,
      1,
      957
    ]
  ]
}