{
  "experiment": "exp3",
  "condition": {
    "num_classes": 8,
    "class_list": [
      0,
      1,
      3,
      4,
      5,
      6,
      7,
      8
    ],
    "class_names": [
      "T-shirt/top",
      "Trouser",
      "Dress",
      "Coat",
      "Sandal",
      "Shirt",
      "Sneaker",
      "Bag"
    ],
    "combo_idx": 1,
    "subset_pct": 10,
    "num_samples": 4800,
    "samples_per_class": 600,
    "train_samples": 4320,
    "val_samples": 480,
    "test_samples": 8000
  },
  "seed": 99719928,
  "timestamp": "2026-01-18T03:03:48.553256",
  "training_dynamics": {
    "epochs_trained": 22,
    "best_epoch": 12,
    "best_val_accuracy": 0.93125,
    "final_train_loss": 0.0216720957593198,
    "final_val_loss": 0.3881451517343521,
    "training_time_seconds": 4.665921449661255
  },
  "training_history": {
    "train_loss": [
      0.6692215782754561,
      0.40824324374689774,
      0.3095678700243725,
      0.27951195649802685,
      0.23024673759937286,
      0.21521802936844966,
      0.16951939518399098,
      0.13636962127159624,
      0.11941298782168065,
      0.10584238963201642,
      0.10233734389219214,
      0.06904339001459234,
      0.055584599969305974,
      0.06511374638306305,
      0.05072348931913867,
      0.041323673514211005,
      0.040417105507324726,
      0.03463348146760836,
      0.02033239376032725,
      0.017164276915376402,
      0.017670707894413842,
      0.0216720957593198
    ],
    "val_loss": [
      0.5230919003486634,
      0.34043101270993553,
      0.3243448754151662,
      0.295689457654953,
      0.34443727930386864,
      0.2899925808111827,
      0.251598725716273,
      0.23449887335300446,
      0.25157026648521424,
      0.41900112430254616,
      0.2611709773540497,
      0.22873488167921702,
      0.2768884261449178,
      0.26084201435248056,
      0.2592647870381673,
      0.31464569369951884,
      0.3775831361611684,
      0.3609191834926605,
      0.2959288467963537,
      0.3136840830246607,
      0.322516942024231,
      0.3881451517343521
    ],
    "val_accuracy": [
      0.80625,
      0.8604166666666667,
      0.8916666666666667,
      0.875,
      0.8708333333333333,
      0.875,
      0.9020833333333333,
      0.9166666666666666,
      0.9104166666666667,
      0.8604166666666667,
      0.8875,
      0.93125,
      0.8979166666666667,
      0.91875,
      0.91875,
      0.9041666666666667,
      0.8979166666666667,
      0.8916666666666667,
      0.9208333333333333,
      0.91875,
      0.8958333333333334,
      0.89375
    ]
  },
  "global_metrics": {
    "accuracy": 0.8965,
    "balanced_accuracy": 0.8965,
    "top_3_accuracy": 0.99175,
    "top_5_accuracy": 0.998875,
    "log_loss": 0.3360645938370581,
    "mcc": 0.8817589888790568,
    "cohens_kappa": 0.8817142857142857,
    "precision_macro": 0.8980815292135644,
    "precision_micro": 0.8965,
    "precision_weighted": 0.8980815292135645,
    "recall_macro": 0.8965,
    "recall_micro": 0.8965,
    "recall_weighted": 0.8965,
    "f1_macro": 0.897145526152529,
    "f1_micro": 0.8965,
    "f1_weighted": 0.8971455261525288,
    "auroc_macro": 0.9902784375,
    "auroc_weighted": 0.9902784375,
    "auprc_macro": 0.9463271670598685
  },
  "per_class_metrics": {
    "0": {
      "precision": 0.8217821782178217,
      "recall": 0.83,
      "f1": 0.8258706467661692,
      "specificity": 0.9742857142857143,
      "fpr": 0.025714285714285714,
      "fnr": 0.17,
      "auroc": 0.9839627142857142,
      "auprc": 0.9059600713583019,
      "support": 1000,
      "tp": 830,
      "tn": 6820,
      "fp": 180,
      "fn": 170
    },
    "1": {
      "precision": 0.9838383838383838,
      "recall": 0.974,
      "f1": 0.9788944723618089,
      "specificity": 0.9977142857142857,
      "fpr": 0.002285714285714286,
      "fnr": 0.026,
      "auroc": 0.9991651428571429,
      "auprc": 0.9967877043939103,
      "support": 1000,
      "tp": 974,
      "tn": 6984,
      "fp": 16,
      "fn": 26
    },
    "2": {
      "precision": 0.9124472573839663,
      "recall": 0.865,
      "f1": 0.8880903490759754,
      "specificity": 0.9881428571428571,
      "fpr": 0.011857142857142858,
      "fnr": 0.135,
      "auroc": 0.9924094285714286,
      "auprc": 0.9486035137677392,
      "support": 1000,
      "tp": 865,
      "tn": 6917,
      "fp": 83,
      "fn": 135
    },
    "3": {
      "precision": 0.849,
      "recall": 0.849,
      "f1": 0.849,
      "specificity": 0.9784285714285714,
      "fpr": 0.02157142857142857,
      "fnr": 0.151,
      "auroc": 0.9881199999999999,
      "auprc": 0.9368968937981947,
      "support": 1000,
      "tp": 849,
      "tn": 6849,
      "fp": 151,
      "fn": 151
    },
    "4": {
      "precision": 0.9683481701285855,
      "recall": 0.979,
      "f1": 0.973644952759821,
      "specificity": 0.9954285714285714,
      "fpr": 0.004571428571428572,
      "fnr": 0.021,
      "auroc": 0.9992244285714286,
      "auprc": 0.9962824409961165,
      "support": 1000,
      "tp": 979,
      "tn": 6968,
      "fp": 32,
      "fn": 21
    },
    "5": {
      "precision": 0.6964795432921027,
      "recall": 0.732,
      "f1": 0.7137981472452463,
      "specificity": 0.9544285714285714,
      "fpr": 0.04557142857142857,
      "fnr": 0.268,
      "auroc": 0.9611822857142858,
      "auprc": 0.7956521819368849,
      "support": 1000,
      "tp": 732,
      "tn": 6681,
      "fp": 319,
      "fn": 268
    },
    "6": {
      "precision": 0.9799196787148594,
      "recall": 0.976,
      "f1": 0.9779559118236472,
      "specificity": 0.9971428571428571,
      "fpr": 0.002857142857142857,
      "fnr": 0.024,
      "auroc": 0.9995567142857144,
      "auprc": 0.9959297994621004,
      "support": 1000,
      "tp": 976,
      "tn": 6980,
      "fp": 20,
      "fn": 24
    },
    "7": {
      "precision": 0.9728370221327968,
      "recall": 0.967,
      "f1": 0.9699097291875627,
      "specificity": 0.9961428571428571,
      "fpr": 0.003857142857142857,
      "fnr": 0.033,
      "auroc": 0.9986067857142857,
      "auprc": 0.9945047307656999,
      "support": 1000,
      "tp": 967,
      "tn": 6973,
      "fp": 27,
      "fn": 33
    }
  },
  "confusion_matrix": [
    [
      830,
      1,
      13,
      7,
      1,
      141,
      0,
      7
    ],
    [
      6,
      974,
      15,
      3,
      0,
      2,
      0,
      0
    ],
    [
      37,
      9,
      865,
      32,
      0,
      57,
      0,
      0
    ],
    [
      2,
      3,
      33,
      849,
      0,
      109,
      0,
      4
    ],
    [
      1,
      0,
      0,
      0,
      979,
      1,
      18,
      1
    ],
    [
      129,
      2,
      19,
      103,
      0,
      732,
      0,
      15
    ],
    [
      0,
      0,
      0,
      0,
      24,
      0,
      976,
      0
    ],
    [
      5,
      1,
      3,
      6,
      7,
      9,
      2,
      967
    ]
  ]
}