{
  "experiment": "exp3",
  "condition": {
    "num_classes": 4,
    "class_list": [
      1,
      5,
      7,
      9
    ],
    "class_names": [
      "Trouser",
      "Sandal",
      "Sneaker",
      "Ankle boot"
    ],
    "combo_idx": 4,
    "subset_pct": 10,
    "num_samples": 2400,
    "samples_per_class": 600,
    "train_samples": 2160,
    "val_samples": 240,
    "test_samples": 4000
  },
  "seed": 99719928,
  "timestamp": "2026-01-18T02:22:21.483556",
  "training_dynamics": {
    "epochs_trained": 15,
    "best_epoch": 5,
    "best_val_accuracy": 0.9708333333333333,
    "final_train_loss": 0.005898540351635721,
    "final_val_loss": 0.18490141332149507,
    "training_time_seconds": 1.5793814659118652
  },
  "training_history": {
    "train_loss": [
      0.36592591992195916,
      0.1570926148663549,
      0.1281982883810997,
      0.07029815576970577,
      0.06314660575898255,
      0.04278549585518811,
      0.03075437484692563,
      0.04933288148330415,
      0.04442322732168524,
      0.0251828135429498,
      0.02242215460522429,
      0.011617621718494989,
      0.010021184459808008,
      0.010135955807259855,
      0.005898540351635721
    ],
    "val_loss": [
      0.22642911672592164,
      0.36407526234785714,
      0.1621276746193568,
      0.14961746633052825,
      0.14642071922620137,
      0.1606618086496989,
      0.1923275073369344,
      0.19682894547780355,
      0.17477064629395803,
      0.25578056772549945,
      0.22869052092234293,
      0.20138928294181824,
      0.22668385356664658,
      0.1662345161040624,
      0.18490141332149507
    ],
    "val_accuracy": [
      0.9416666666666667,
      0.9041666666666667,
      0.9541666666666667,
      0.95,
      0.9583333333333334,
      0.9458333333333333,
      0.9458333333333333,
      0.9375,
      0.9541666666666667,
      0.9458333333333333,
      0.95,
      0.9625,
      0.9416666666666667,
      0.9708333333333333,
      0.9625
    ]
  },
  "global_metrics": {
    "accuracy": 0.963,
    "balanced_accuracy": 0.963,
    "top_3_accuracy": 0.9995,
    "top_5_accuracy": 1.0,
    "log_loss": 0.11978083588700772,
    "mcc": 0.9511189520059957,
    "cohens_kappa": 0.9506666666666667,
    "precision_macro": 0.9644590236965569,
    "precision_micro": 0.963,
    "precision_weighted": 0.9644590236965569,
    "recall_macro": 0.963,
    "recall_micro": 0.963,
    "recall_weighted": 0.963,
    "f1_macro": 0.9630380047249847,
    "f1_micro": 0.963,
    "f1_weighted": 0.9630380047249848,
    "auroc_macro": 0.9972759583333333,
    "auroc_weighted": 0.9972759583333333,
    "auprc_macro": 0.9925793458390608
  },
  "per_class_metrics": {
    "0": {
      "precision": 0.998001998001998,
      "recall": 0.999,
      "f1": 0.9985007496251873,
      "specificity": 0.9993333333333333,
      "fpr": 0.0006666666666666666,
      "fnr": 0.001,
      "auroc": 0.9999983333333333,
      "auprc": 0.999995004989017,
      "support": 1000,
      "tp": 999,
      "tn": 2998,
      "fp": 2,
      "fn": 1
    },
    "1": {
      "precision": 0.9635108481262328,
      "recall": 0.977,
      "f1": 0.9702085402184707,
      "specificity": 0.9876666666666667,
      "fpr": 0.012333333333333333,
      "fnr": 0.023,
      "auroc": 0.9981818333333334,
      "auprc": 0.9941258962117964,
      "support": 1000,
      "tp": 977,
      "tn": 2963,
      "fp": 37,
      "fn": 23
    },
    "2": {
      "precision": 0.9072164948453608,
      "recall": 0.968,
      "f1": 0.9366231253023707,
      "specificity": 0.967,
      "fpr": 0.033,
      "fnr": 0.032,
      "auroc": 0.9948463333333333,
      "auprc": 0.9844917051651141,
      "support": 1000,
      "tp": 968,
      "tn": 2901,
      "fp": 99,
      "fn": 32
    },
    "3": {
      "precision": 0.9891067538126361,
      "recall": 0.908,
      "f1": 0.9468196037539103,
      "specificity": 0.9966666666666667,
      "fpr": 0.0033333333333333335,
      "fnr": 0.092,
      "auroc": 0.9960773333333333,
      "auprc": 0.9917047769903159,
      "support": 1000,
      "tp": 908,
      "tn": 2990,
      "fp": 10,
      "fn": 92
    }
  },
  "confusion_matrix": [
    [
      999,
      0,
      1,
      0
    ],
    [
      1,
      977,
      20,
      2
    ],
    [
      0,
      24,
      968,
      8
    ],
    [
      1,
      13,
      78,
      908
    ]
  ]
}