{
  "experiment": "exp3",
  "condition": {
    "num_classes": 3,
    "class_list": [
      3,
      7,
      8
    ],
    "class_names": [
      "Dress",
      "Sneaker",
      "Bag"
    ],
    "combo_idx": 4,
    "subset_pct": 80,
    "num_samples": 14400,
    "samples_per_class": 4800,
    "train_samples": 12960,
    "val_samples": 1440,
    "test_samples": 3000
  },
  "seed": 99719928,
  "timestamp": "2026-01-18T02:14:23.109680",
  "training_dynamics": {
    "epochs_trained": 23,
    "best_epoch": 13,
    "best_val_accuracy": 0.9993055555555556,
    "final_train_loss": 0.0004753282610892729,
    "final_val_loss": 0.007131013733949961,
    "training_time_seconds": 15.097129106521606
  },
  "training_history": {
    "train_loss": [
      0.05744331029187567,
      0.024708444966442582,
      0.016683892838099484,
      0.013588830330281512,
      0.011572589393473194,
      0.008156188321117057,
      0.004411750079130851,
      0.011449772031168268,
      0.003187615633562708,
      0.0030202052351436075,
      0.0033598403143652355,
      0.002104096620699825,
      0.0009885633279565424,
      0.0012377758394463091,
      0.010411958053187786,
      0.0031718307462751862,
      0.004505656538542878,
      0.0013857674606303418,
      0.0006524200324920704,
      0.013078612366204759,
      0.0025056538343521642,
      0.0018001850805209416,
      0.0004753282610892729
    ],
    "val_loss": [
      0.02187840695389443,
      0.01751907853176817,
      0.02398300093207379,
      0.011951542032531709,
      0.009543562773615122,
      0.004601022058017811,
      0.10535855202211274,
      0.009451326222996511,
      0.0066477854720586845,
      0.005751085027188512,
      0.0035096271627278637,
      0.003760711049055014,
      0.001953842106548917,
      0.0069551790310975374,
      0.008156735985701541,
      0.020608343411650923,
      0.006475399772969266,
      0.008562659274806114,
      0.005640535140128122,
      0.004585308063208989,
      0.004341825722115623,
      0.008012136924167457,
      0.007131013733949961
    ],
    "val_accuracy": [
      0.99375,
      0.99375,
      0.9951388888888889,
      0.9972222222222222,
      0.9986111111111111,
      0.9993055555555556,
      0.9722222222222222,
      0.9979166666666667,
      0.9986111111111111,
      0.9993055555555556,
      0.9986111111111111,
      0.9993055555555556,
      0.9993055555555556,
      0.9979166666666667,
      0.9986111111111111,
      0.9951388888888889,
      0.9993055555555556,
      0.9993055555555556,
      0.9993055555555556,
      0.9986111111111111,
      0.9993055555555556,
      0.9986111111111111,
      0.9986111111111111
    ]
  },
  "global_metrics": {
    "accuracy": 0.996,
    "balanced_accuracy": 0.996,
    "top_3_accuracy": 1.0,
    "top_5_accuracy": 1.0,
    "log_loss": 0.019455467537634028,
    "mcc": 0.9940034790182648,
    "cohens_kappa": 0.994,
    "precision_macro": 0.9960019361206198,
    "precision_micro": 0.996,
    "precision_weighted": 0.9960019361206198,
    "recall_macro": 0.996,
    "recall_micro": 0.996,
    "recall_weighted": 0.996,
    "f1_macro": 0.9959974864968104,
    "f1_micro": 0.996,
    "f1_weighted": 0.9959974864968105,
    "auroc_macro": 0.9998316666666667,
    "auroc_weighted": 0.9998316666666667,
    "auprc_macro": 0.9997330183808741
  },
  "per_class_metrics": {
    "0": {
      "precision": 0.996996996996997,
      "recall": 0.996,
      "f1": 0.9964982491245623,
      "specificity": 0.9985,
      "fpr": 0.0015,
      "fnr": 0.004,
      "auroc": 0.999963,
      "auprc": 0.9999253238645452,
      "support": 1000,
      "tp": 996,
      "tn": 1997,
      "fp": 3,
      "fn": 4
    },
    "1": {
      "precision": 0.9950248756218906,
      "recall": 1.0,
      "f1": 0.9975062344139651,
      "specificity": 0.9975,
      "fpr": 0.0025,
      "fnr": 0.0,
      "auroc": 0.999988,
      "auprc": 0.9999758797304625,
      "support": 1000,
      "tp": 1000,
      "tn": 1995,
      "fp": 5,
      "fn": 0
    },
    "2": {
      "precision": 0.9959839357429718,
      "recall": 0.992,
      "f1": 0.9939879759519038,
      "specificity": 0.998,
      "fpr": 0.002,
      "fnr": 0.008,
      "auroc": 0.999544,
      "auprc": 0.9992978515476145,
      "support": 1000,
      "tp": 992,
      "tn": 1996,
      "fp": 4,
      "fn": 8
    }
  },
  "confusion_matrix": [
    [
      996,
      0,
      4
    ],
    [
      0,
      1000,
      0
    ],
    [
      3,
      5,
      992
    ]
  ]
}