{
  "experiment": "exp3",
  "condition": {
    "num_classes": 3,
    "class_list": [
      0,
      2,
      9
    ],
    "class_names": [
      "T-shirt/top",
      "Pullover",
      "Ankle boot"
    ],
    "combo_idx": 0,
    "subset_pct": 80,
    "num_samples": 14400,
    "samples_per_class": 4800,
    "train_samples": 12960,
    "val_samples": 1440,
    "test_samples": 3000
  },
  "seed": 99719928,
  "timestamp": "2026-01-18T02:08:07.184490",
  "training_dynamics": {
    "epochs_trained": 12,
    "best_epoch": 2,
    "best_val_accuracy": 0.9854166666666667,
    "final_train_loss": 0.016673517325319426,
    "final_val_loss": 0.07430812273071044,
    "training_time_seconds": 7.510542631149292
  },
  "training_history": {
    "train_loss": [
      0.099249012759093,
      0.05913094135707822,
      0.050560312298025586,
      0.045882879568291415,
      0.0411793356566355,
      0.03562808377820806,
      0.03199100610065323,
      0.027742033255437913,
      0.02373620808517946,
      0.023614409456363297,
      0.015335850256826072,
      0.016673517325319426
    ],
    "val_loss": [
      0.05689247935596439,
      0.04719380671158433,
      0.053237244497156805,
      0.054314541526966624,
      0.05208264384418726,
      0.04957540489526258,
      0.0689392372613333,
      0.08693870260451352,
      0.06322010022769164,
      0.054236386980240546,
      0.06824806801216457,
      0.07430812273071044
    ],
    "val_accuracy": [
      0.9798611111111111,
      0.9854166666666667,
      0.9840277777777777,
      0.9854166666666667,
      0.9819444444444444,
      0.9826388888888888,
      0.9756944444444444,
      0.975,
      0.9826388888888888,
      0.9826388888888888,
      0.9805555555555555,
      0.9770833333333333
    ]
  },
  "global_metrics": {
    "accuracy": 0.9783333333333334,
    "balanced_accuracy": 0.9783333333333334,
    "top_3_accuracy": 1.0,
    "top_5_accuracy": 1.0,
    "log_loss": 0.057251719403170455,
    "mcc": 0.9675001612500402,
    "cohens_kappa": 0.9675,
    "precision_macro": 0.9783443223443223,
    "precision_micro": 0.9783333333333334,
    "precision_weighted": 0.9783443223443223,
    "recall_macro": 0.9783333333333334,
    "recall_micro": 0.9783333333333334,
    "recall_weighted": 0.9783333333333334,
    "f1_macro": 0.9783386639179993,
    "f1_micro": 0.9783333333333334,
    "f1_weighted": 0.9783386639179994,
    "auroc_macro": 0.9984108333333334,
    "auroc_weighted": 0.9984108333333334,
    "auprc_macro": 0.9968677263794405
  },
  "per_class_metrics": {
    "0": {
      "precision": 0.968,
      "recall": 0.968,
      "f1": 0.968,
      "specificity": 0.984,
      "fpr": 0.016,
      "fnr": 0.032,
      "auroc": 0.997618,
      "auprc": 0.9952096144360111,
      "support": 1000,
      "tp": 968,
      "tn": 1968,
      "fp": 32,
      "fn": 32
    },
    "1": {
      "precision": 0.967032967032967,
      "recall": 0.968,
      "f1": 0.9675162418790604,
      "specificity": 0.9835,
      "fpr": 0.0165,
      "fnr": 0.032,
      "auroc": 0.9976235,
      "auprc": 0.9954112464311907,
      "support": 1000,
      "tp": 968,
      "tn": 1967,
      "fp": 33,
      "fn": 32
    },
    "2": {
      "precision": 1.0,
      "recall": 0.999,
      "f1": 0.9994997498749374,
      "specificity": 1.0,
      "fpr": 0.0,
      "fnr": 0.001,
      "auroc": 0.999991,
      "auprc": 0.9999823182711198,
      "support": 1000,
      "tp": 999,
      "tn": 2000,
      "fp": 0,
      "fn": 1
    }
  },
  "confusion_matrix": [
    [
      968,
      32,
      0
    ],
    [
      32,
      968,
      0
    ],
    [
      0,
      1,
      999
    ]
  ]
}