{
  "experiment": "exp3",
  "condition": {
    "num_classes": 8,
    "class_list": [
      1,
      2,
      3,
      4,
      5,
      7,
      8,
      9
    ],
    "class_names": [
      "Trouser",
      "Pullover",
      "Dress",
      "Coat",
      "Sandal",
      "Sneaker",
      "Bag",
      "Ankle boot"
    ],
    "combo_idx": 3,
    "subset_pct": 80,
    "num_samples": 38400,
    "samples_per_class": 4800,
    "train_samples": 34560,
    "val_samples": 3840,
    "test_samples": 8000
  },
  "seed": 99719928,
  "timestamp": "2026-01-18T03:12:46.025120",
  "training_dynamics": {
    "epochs_trained": 16,
    "best_epoch": 6,
    "best_val_accuracy": 0.9604166666666667,
    "final_train_loss": 0.03519414944350029,
    "final_val_loss": 0.18513162673140565,
    "training_time_seconds": 28.423161506652832
  },
  "training_history": {
    "train_loss": [
      0.2905301982122991,
      0.16176656893006078,
      0.13606288161266733,
      0.11386345616990218,
      0.09719868531209175,
      0.08603594418597856,
      0.07642217256792787,
      0.065885119802422,
      0.05898512483238139,
      0.05517510853285246,
      0.04720994232705346,
      0.04364198924611426,
      0.03988408312671473,
      0.03752454288801851,
      0.03553399030395128,
      0.03519414944350029
    ],
    "val_loss": [
      0.16396476483593383,
      0.14073543526853124,
      0.13158110479513804,
      0.13887108167012532,
      0.12939530750736594,
      0.11422710671710472,
      0.12551142672697704,
      0.13152127574042727,
      0.1201377987395972,
      0.11761142605294785,
      0.14000156003360947,
      0.1519383685508122,
      0.15359178679063917,
      0.14824195007483165,
      0.15231339276457825,
      0.18513162673140565
    ],
    "val_accuracy": [
      0.940625,
      0.9494791666666667,
      0.9520833333333333,
      0.9494791666666667,
      0.9552083333333333,
      0.9591145833333333,
      0.9552083333333333,
      0.9572916666666667,
      0.95703125,
      0.9598958333333333,
      0.9575520833333333,
      0.9572916666666667,
      0.9546875,
      0.9604166666666667,
      0.9572916666666667,
      0.9526041666666667
    ]
  },
  "global_metrics": {
    "accuracy": 0.9595,
    "balanced_accuracy": 0.9595,
    "top_3_accuracy": 0.998375,
    "top_5_accuracy": 0.99975,
    "log_loss": 0.11587730910755044,
    "mcc": 0.9537329007184587,
    "cohens_kappa": 0.9537142857142857,
    "precision_macro": 0.9596607153528321,
    "precision_micro": 0.9595,
    "precision_weighted": 0.9596607153528321,
    "recall_macro": 0.9595,
    "recall_micro": 0.9595,
    "recall_weighted": 0.9595,
    "f1_macro": 0.9595152204084623,
    "f1_micro": 0.9595,
    "f1_weighted": 0.9595152204084623,
    "auroc_macro": 0.9984518125,
    "auroc_weighted": 0.9984518124999999,
    "auprc_macro": 0.9905097103022323
  },
  "per_class_metrics": {
    "0": {
      "precision": 0.9949392712550608,
      "recall": 0.983,
      "f1": 0.988933601609658,
      "specificity": 0.9992857142857143,
      "fpr": 0.0007142857142857143,
      "fnr": 0.017,
      "auroc": 0.9997582857142857,
      "auprc": 0.9988649997644329,
      "support": 1000,
      "tp": 983,
      "tn": 6995,
      "fp": 5,
      "fn": 17
    },
    "1": {
      "precision": 0.9174852652259332,
      "recall": 0.934,
      "f1": 0.9256689791873142,
      "specificity": 0.988,
      "fpr": 0.012,
      "fnr": 0.066,
      "auroc": 0.9964137142857142,
      "auprc": 0.9799725968041598,
      "support": 1000,
      "tp": 934,
      "tn": 6916,
      "fp": 84,
      "fn": 66
    },
    "2": {
      "precision": 0.9465725806451613,
      "recall": 0.939,
      "f1": 0.9427710843373495,
      "specificity": 0.9924285714285714,
      "fpr": 0.007571428571428572,
      "fnr": 0.061,
      "auroc": 0.9983165714285716,
      "auprc": 0.9877251378458521,
      "support": 1000,
      "tp": 939,
      "tn": 6947,
      "fp": 53,
      "fn": 61
    },
    "3": {
      "precision": 0.9122098890010091,
      "recall": 0.904,
      "f1": 0.9080863887493722,
      "specificity": 0.9875714285714285,
      "fpr": 0.012428571428571428,
      "fnr": 0.096,
      "auroc": 0.9959772857142857,
      "auprc": 0.9720141273150257,
      "support": 1000,
      "tp": 904,
      "tn": 6913,
      "fp": 87,
      "fn": 96
    },
    "4": {
      "precision": 0.9889558232931727,
      "recall": 0.985,
      "f1": 0.9869739478957915,
      "specificity": 0.9984285714285714,
      "fpr": 0.0015714285714285715,
      "fnr": 0.015,
      "auroc": 0.9996498571428571,
      "auprc": 0.9977334832683411,
      "support": 1000,
      "tp": 985,
      "tn": 6989,
      "fp": 11,
      "fn": 15
    },
    "5": {
      "precision": 0.9514563106796117,
      "recall": 0.98,
      "f1": 0.9655172413793104,
      "specificity": 0.9928571428571429,
      "fpr": 0.007142857142857143,
      "fnr": 0.02,
      "auroc": 0.9990605714285714,
      "auprc": 0.9942664399212748,
      "support": 1000,
      "tp": 980,
      "tn": 6950,
      "fp": 50,
      "fn": 20
    },
    "6": {
      "precision": 0.9851337958374629,
      "recall": 0.994,
      "f1": 0.9895470383275262,
      "specificity": 0.9978571428571429,
      "fpr": 0.002142857142857143,
      "fnr": 0.006,
      "auroc": 0.9995917142857144,
      "auprc": 0.9986351137133461,
      "support": 1000,
      "tp": 994,
      "tn": 6985,
      "fp": 15,
      "fn": 6
    },
    "7": {
      "precision": 0.9805327868852459,
      "recall": 0.957,
      "f1": 0.9686234817813765,
      "specificity": 0.9972857142857143,
      "fpr": 0.0027142857142857142,
      "fnr": 0.043,
      "auroc": 0.9988465,
      "auprc": 0.9948657837854263,
      "support": 1000,
      "tp": 957,
      "tn": 6981,
      "fp": 19,
      "fn": 43
    }
  },
  "confusion_matrix": [
    [
      983,
      1,
      13,
      1,
      0,
      0,
      2,
      0
    ],
    [
      1,
      934,
      13,
      49,
      0,
      0,
      3,
      0
    ],
    [
      2,
      19,
      939,
      36,
      0,
      0,
      4,
      0
    ],
    [
      1,
      64,
      25,
      904,
      0,
      0,
      6,
      0
    ],
    [
      0,
      0,
      0,
      0,
      985,
      14,
      0,
      1
    ],
    [
      0,
      0,
      0,
      0,
      2,
      980,
      0,
      18
    ],
    [
      1,
      0,
      2,
      1,
      1,
      1,
      994,
      0
    ],
    [
      0,
      0,
      0,
      0,
      8,
      35,
      0,
      957
    ]
  ]
}