{
  "experiment": "exp3",
  "condition": {
    "num_classes": 3,
    "class_list": [
      1,
      5,
      9
    ],
    "class_names": [
      "Trouser",
      "Sandal",
      "Ankle boot"
    ],
    "combo_idx": 3,
    "subset_pct": 90,
    "num_samples": 16200,
    "samples_per_class": 5400,
    "train_samples": 14580,
    "val_samples": 1620,
    "test_samples": 3000
  },
  "seed": 99719928,
  "timestamp": "2026-01-18T02:12:46.772492",
  "training_dynamics": {
    "epochs_trained": 31,
    "best_epoch": 21,
    "best_val_accuracy": 0.9981481481481481,
    "final_train_loss": 0.0032503789329061355,
    "final_val_loss": 0.018056043781788177,
    "training_time_seconds": 22.0661461353302
  },
  "training_history": {
    "train_loss": [
      0.053025169108622594,
      0.019305729674351027,
      0.014077333395410582,
      0.009933270520553362,
      0.007249138404559792,
      0.006690099849937755,
      0.003248129821292678,
      0.00735638611275229,
      0.00623545377648277,
      0.0022895997518063674,
      0.006417369001279906,
      0.0033551177857339895,
      0.0014840361324303828,
      0.0003358368151890894,
      0.00020780533830838178,
      8.189691449108463e-05,
      0.00012400629384027675,
      0.00011378538399161411,
      0.0014848513765150827,
      0.016270180215825717,
      0.005097731337542156,
      0.0029523222096751547,
      0.0025638321436111597,
      0.004045223826023795,
      0.0007635822697610063,
      0.0006512833441512724,
      0.00040805940956046703,
      0.004192698622562966,
      0.00456721723385506,
      0.004863452253815874,
      0.0032503789329061355
    ],
    "val_loss": [
      0.01765164297166062,
      0.013872369390806,
      0.040780480147194244,
      0.009346193133315854,
      0.009435949755982024,
      0.010132781929689687,
      0.013801019653238867,
      0.012356244453967744,
      0.015843892497408283,
      0.011776179776706282,
      0.02276979191403404,
      0.009123709780109448,
      0.014508902396118522,
      0.022769449080382916,
      0.009413199686977586,
      0.012557521939226808,
      0.013102249188695347,
      0.012712351588590626,
      0.04850457145970453,
      0.007441271504496489,
      0.006361067034132573,
      0.012760499891994277,
      0.010397727627163095,
      0.010794873395669712,
      0.011737485650178034,
      0.009900283705104092,
      0.028847484826685192,
      0.02099340290618402,
      0.02942436217638681,
      0.016250215125016697,
      0.018056043781788177
    ],
    "val_accuracy": [
      0.9938271604938271,
      0.9944444444444445,
      0.991358024691358,
      0.9975308641975309,
      0.9975308641975309,
      0.9969135802469136,
      0.9962962962962963,
      0.9975308641975309,
      0.9975308641975309,
      0.9969135802469136,
      0.9962962962962963,
      0.9981481481481481,
      0.9981481481481481,
      0.9962962962962963,
      0.9981481481481481,
      0.9981481481481481,
      0.9981481481481481,
      0.9981481481481481,
      0.9839506172839506,
      0.9981481481481481,
      0.9981481481481481,
      0.9981481481481481,
      0.9975308641975309,
      0.9975308641975309,
      0.9981481481481481,
      0.9981481481481481,
      0.9944444444444445,
      0.995679012345679,
      0.9925925925925926,
      0.9975308641975309,
      0.9969135802469136
    ]
  },
  "global_metrics": {
    "accuracy": 0.9946666666666667,
    "balanced_accuracy": 0.9946666666666667,
    "top_3_accuracy": 1.0,
    "top_5_accuracy": 1.0,
    "log_loss": 0.02595170336475078,
    "mcc": 0.9920071094097596,
    "cohens_kappa": 0.992,
    "precision_macro": 0.9946794693270521,
    "precision_micro": 0.9946666666666667,
    "precision_weighted": 0.9946794693270522,
    "recall_macro": 0.9946666666666667,
    "recall_micro": 0.9946666666666667,
    "recall_weighted": 0.9946666666666667,
    "f1_macro": 0.9946659452975748,
    "f1_micro": 0.9946666666666667,
    "f1_weighted": 0.9946659452975749,
    "auroc_macro": 0.9995732500000001,
    "auroc_weighted": 0.9995732500000001,
    "auprc_macro": 0.9989077995213513
  },
  "per_class_metrics": {
    "0": {
      "precision": 0.999000999000999,
      "recall": 1.0,
      "f1": 0.9995002498750626,
      "specificity": 0.9995,
      "fpr": 0.0005,
      "fnr": 0.0,
      "auroc": 0.9999995,
      "auprc": 0.999999000999001,
      "support": 1000,
      "tp": 1000,
      "tn": 1999,
      "fp": 1,
      "fn": 0
    },
    "1": {
      "precision": 0.9959718026183283,
      "recall": 0.989,
      "f1": 0.9924736578023081,
      "specificity": 0.998,
      "fpr": 0.002,
      "fnr": 0.011,
      "auroc": 0.9993627500000001,
      "auprc": 0.997599558248263,
      "support": 1000,
      "tp": 989,
      "tn": 1996,
      "fp": 4,
      "fn": 11
    },
    "2": {
      "precision": 0.989065606361829,
      "recall": 0.995,
      "f1": 0.992023928215354,
      "specificity": 0.9945,
      "fpr": 0.0055,
      "fnr": 0.005,
      "auroc": 0.9993575,
      "auprc": 0.9991248393167902,
      "support": 1000,
      "tp": 995,
      "tn": 1989,
      "fp": 11,
      "fn": 5
    }
  },
  "confusion_matrix": [
    [
      1000,
      0,
      0
    ],
    [
      0,
      989,
      11
    ],
    [
      1,
      4,
      995
    ]
  ]
}