{
  "experiment": "exp3",
  "condition": {
    "num_classes": 5,
    "class_list": [
      0,
      1,
      2,
      3,
      8
    ],
    "class_names": [
      "T-shirt/top",
      "Trouser",
      "Pullover",
      "Dress",
      "Bag"
    ],
    "combo_idx": 0,
    "subset_pct": 30,
    "num_samples": 9000,
    "samples_per_class": 1800,
    "train_samples": 8100,
    "val_samples": 900,
    "test_samples": 5000
  },
  "seed": 99719928,
  "timestamp": "2026-01-18T02:24:12.044055",
  "training_dynamics": {
    "epochs_trained": 15,
    "best_epoch": 5,
    "best_val_accuracy": 0.9766666666666667,
    "final_train_loss": 0.02000655596019374,
    "final_val_loss": 0.13486710800064936,
    "training_time_seconds": 5.94570779800415
  },
  "training_history": {
    "train_loss": [
      0.30421053993655,
      0.15771395601625518,
      0.12237075766123186,
      0.09511778241859412,
      0.08427061138703949,
      0.06602786276782827,
      0.05508328138623299,
      0.04387267244481078,
      0.03758475843058005,
      0.02244677940634717,
      0.01905037403289104,
      0.021780392690722128,
      0.024065284489738336,
      0.015479289953400725,
      0.02000655596019374
    ],
    "val_loss": [
      0.1780028782495194,
      0.1424075560649443,
      0.09688261961590292,
      0.11239927179412916,
      0.08891304969074554,
      0.12718278382659062,
      0.09571388416600207,
      0.1026471348600171,
      0.10405871791970134,
      0.1017749448368886,
      0.1816409998468609,
      0.10770247799654789,
      0.12349276393651956,
      0.13342079614185626,
      0.13486710800064936
    ],
    "val_accuracy": [
      0.94,
      0.9466666666666667,
      0.9677777777777777,
      0.9644444444444444,
      0.9744444444444444,
      0.9588888888888889,
      0.97,
      0.9711111111111111,
      0.9744444444444444,
      0.9766666666666667,
      0.95,
      0.9733333333333334,
      0.9677777777777777,
      0.9744444444444444,
      0.9688888888888889
    ]
  },
  "global_metrics": {
    "accuracy": 0.9632,
    "balanced_accuracy": 0.9632,
    "top_3_accuracy": 0.9978,
    "top_5_accuracy": 1.0,
    "log_loss": 0.12770645361941144,
    "mcc": 0.9540160753063046,
    "cohens_kappa": 0.954,
    "precision_macro": 0.9632779746460395,
    "precision_micro": 0.9632,
    "precision_weighted": 0.9632779746460396,
    "recall_macro": 0.9632,
    "recall_micro": 0.9632,
    "recall_weighted": 0.9632,
    "f1_macro": 0.9632064233822077,
    "f1_micro": 0.9632,
    "f1_weighted": 0.9632064233822079,
    "auroc_macro": 0.996919475,
    "auroc_weighted": 0.9969194749999999,
    "auprc_macro": 0.9896078922490219
  },
  "per_class_metrics": {
    "0": {
      "precision": 0.9347826086956522,
      "recall": 0.946,
      "f1": 0.9403578528827038,
      "specificity": 0.9835,
      "fpr": 0.0165,
      "fnr": 0.054,
      "auroc": 0.99416025,
      "auprc": 0.981172838363994,
      "support": 1000,
      "tp": 946,
      "tn": 3934,
      "fp": 66,
      "fn": 54
    },
    "1": {
      "precision": 0.98989898989899,
      "recall": 0.98,
      "f1": 0.9849246231155778,
      "specificity": 0.9975,
      "fpr": 0.0025,
      "fnr": 0.02,
      "auroc": 0.9993825,
      "auprc": 0.9983384310552942,
      "support": 1000,
      "tp": 980,
      "tn": 3990,
      "fp": 10,
      "fn": 20
    },
    "2": {
      "precision": 0.9675456389452333,
      "recall": 0.954,
      "f1": 0.9607250755287009,
      "specificity": 0.992,
      "fpr": 0.008,
      "fnr": 0.046,
      "auroc": 0.9960542499999999,
      "auprc": 0.9895680012431938,
      "support": 1000,
      "tp": 954,
      "tn": 3968,
      "fp": 32,
      "fn": 46
    },
    "3": {
      "precision": 0.9458375125376128,
      "recall": 0.943,
      "f1": 0.9444166249374061,
      "specificity": 0.9865,
      "fpr": 0.0135,
      "fnr": 0.057,
      "auroc": 0.9957365,
      "auprc": 0.9811987067425425,
      "support": 1000,
      "tp": 943,
      "tn": 3946,
      "fp": 54,
      "fn": 57
    },
    "4": {
      "precision": 0.9783251231527094,
      "recall": 0.993,
      "f1": 0.9856079404466501,
      "specificity": 0.9945,
      "fpr": 0.0055,
      "fnr": 0.007,
      "auroc": 0.999263875,
      "auprc": 0.9977614838400851,
      "support": 1000,
      "tp": 993,
      "tn": 3978,
      "fp": 22,
      "fn": 7
    }
  },
  "confusion_matrix": [
    [
      946,
      1,
      19,
      22,
      12
    ],
    [
      1,
      980,
      1,
      16,
      2
    ],
    [
      28,
      2,
      954,
      13,
      3
    ],
    [
      35,
      6,
      11,
      943,
      5
    ],
    [
      2,
      1,
      1,
      3,
      993
    ]
  ]
}