{
  "experiment": "exp3",
  "condition": {
    "num_classes": 9,
    "class_list": [
      0,
      1,
      2,
      3,
      5,
      6,
      7,
      8,
      9
    ],
    "class_names": [
      "T-shirt/top",
      "Trouser",
      "Pullover",
      "Dress",
      "Sandal",
      "Shirt",
      "Sneaker",
      "Bag",
      "Ankle boot"
    ],
    "combo_idx": 2,
    "subset_pct": 90,
    "num_samples": 48600,
    "samples_per_class": 5400,
    "train_samples": 43740,
    "val_samples": 4860,
    "test_samples": 9000
  },
  "seed": 99719928,
  "timestamp": "2026-01-18T03:27:59.908517",
  "training_dynamics": {
    "epochs_trained": 17,
    "best_epoch": 7,
    "best_val_accuracy": 0.9421810699588478,
    "final_train_loss": 0.05570199300993876,
    "final_val_loss": 0.20470090236192867,
    "training_time_seconds": 39.240570068359375
  },
  "training_history": {
    "train_loss": [
      0.3646380525539842,
      0.2257563640521458,
      0.19200038988339274,
      0.1712164186562101,
      0.1527198479614324,
      0.13849675565772848,
      0.12362798704215658,
      0.11409129011199663,
      0.10541230202815904,
      0.094008232915518,
      0.0852552314400564,
      0.07962289356629293,
      0.0717836952501396,
      0.06797754638814721,
      0.06043577313369374,
      0.05792389925104996,
      0.05570199300993876
    ],
    "val_loss": [
      0.23498945219035994,
      0.201236493769006,
      0.19485345293955547,
      0.19344584421856414,
      0.18400351429672399,
      0.1938072737107061,
      0.1625115163532304,
      0.1795844873283135,
      0.18816068790577076,
      0.1896056543652413,
      0.2064532983450242,
      0.19925807488798605,
      0.20517642576508072,
      0.22180072407663604,
      0.22489927962974265,
      0.23585652814480504,
      0.20470090236192867
    ],
    "val_accuracy": [
      0.9139917695473251,
      0.9263374485596708,
      0.928395061728395,
      0.9273662551440329,
      0.932716049382716,
      0.9323045267489712,
      0.9421810699588478,
      0.938477366255144,
      0.9407407407407408,
      0.9382716049382716,
      0.9372427983539094,
      0.9405349794238683,
      0.9393004115226338,
      0.9397119341563785,
      0.9378600823045268,
      0.9386831275720164,
      0.9372427983539094
    ]
  },
  "global_metrics": {
    "accuracy": 0.9377777777777778,
    "balanced_accuracy": 0.9377777777777777,
    "top_3_accuracy": 0.9956666666666667,
    "top_5_accuracy": 0.9996666666666667,
    "log_loss": 0.18594804389754332,
    "mcc": 0.9300248009920441,
    "cohens_kappa": 0.9299999999999999,
    "precision_macro": 0.937833463286976,
    "precision_micro": 0.9377777777777778,
    "precision_weighted": 0.9378334632869759,
    "recall_macro": 0.9377777777777777,
    "recall_micro": 0.9377777777777778,
    "recall_weighted": 0.9377777777777778,
    "f1_macro": 0.9377058036374523,
    "f1_micro": 0.9377777777777778,
    "f1_weighted": 0.9377058036374523,
    "auroc_macro": 0.9964047430555555,
    "auroc_weighted": 0.9964047430555555,
    "auprc_macro": 0.9776115675927122
  },
  "per_class_metrics": {
    "0": {
      "precision": 0.8692682926829268,
      "recall": 0.891,
      "f1": 0.88,
      "specificity": 0.98325,
      "fpr": 0.01675,
      "fnr": 0.109,
      "auroc": 0.9918468125,
      "auprc": 0.9511943579085755,
      "support": 1000,
      "tp": 891,
      "tn": 7866,
      "fp": 134,
      "fn": 109
    },
    "1": {
      "precision": 0.9919191919191919,
      "recall": 0.982,
      "f1": 0.9869346733668342,
      "specificity": 0.999,
      "fpr": 0.001,
      "fnr": 0.018,
      "auroc": 0.999783125,
      "auprc": 0.998622301748785,
      "support": 1000,
      "tp": 982,
      "tn": 7992,
      "fp": 8,
      "fn": 18
    },
    "2": {
      "precision": 0.9278455284552846,
      "recall": 0.913,
      "f1": 0.9203629032258065,
      "specificity": 0.991125,
      "fpr": 0.008875,
      "fnr": 0.087,
      "auroc": 0.9953348750000001,
      "auprc": 0.9711057427343084,
      "support": 1000,
      "tp": 913,
      "tn": 7929,
      "fp": 71,
      "fn": 87
    },
    "3": {
      "precision": 0.9287833827893175,
      "recall": 0.939,
      "f1": 0.9338637493784187,
      "specificity": 0.991,
      "fpr": 0.009,
      "fnr": 0.061,
      "auroc": 0.9975826250000001,
      "auprc": 0.97968930261129,
      "support": 1000,
      "tp": 939,
      "tn": 7928,
      "fp": 72,
      "fn": 61
    },
    "4": {
      "precision": 0.981094527363184,
      "recall": 0.986,
      "f1": 0.9835411471321694,
      "specificity": 0.997625,
      "fpr": 0.002375,
      "fnr": 0.014,
      "auroc": 0.999795875,
      "auprc": 0.9984669306864966,
      "support": 1000,
      "tp": 986,
      "tn": 7981,
      "fp": 19,
      "fn": 14
    },
    "5": {
      "precision": 0.8224489795918367,
      "recall": 0.806,
      "f1": 0.8141414141414143,
      "specificity": 0.97825,
      "fpr": 0.02175,
      "fnr": 0.194,
      "auroc": 0.98489675,
      "auprc": 0.9108883579960722,
      "support": 1000,
      "tp": 806,
      "tn": 7826,
      "fp": 174,
      "fn": 194
    },
    "6": {
      "precision": 0.9515503875968992,
      "recall": 0.982,
      "f1": 0.9665354330708661,
      "specificity": 0.99375,
      "fpr": 0.00625,
      "fnr": 0.018,
      "auroc": 0.999233,
      "auprc": 0.9947115012146281,
      "support": 1000,
      "tp": 982,
      "tn": 7950,
      "fp": 50,
      "fn": 18
    },
    "7": {
      "precision": 0.9831349206349206,
      "recall": 0.991,
      "f1": 0.9870517928286853,
      "specificity": 0.997875,
      "fpr": 0.002125,
      "fnr": 0.009,
      "auroc": 0.999857625,
      "auprc": 0.9989480939995663,
      "support": 1000,
      "tp": 991,
      "tn": 7983,
      "fp": 17,
      "fn": 9
    },
    "8": {
      "precision": 0.9844559585492227,
      "recall": 0.95,
      "f1": 0.9669211195928753,
      "specificity": 0.998125,
      "fpr": 0.001875,
      "fnr": 0.05,
      "auroc": 0.999312,
      "auprc": 0.994877519434687,
      "support": 1000,
      "tp": 950,
      "tn": 7985,
      "fp": 15,
      "fn": 50
    }
  },
  "confusion_matrix": [
    [
      891,
      0,
      11,
      18,
      1,
      74,
      1,
      4,
      0
    ],
    [
      1,
      982,
      0,
      11,
      0,
      4,
      0,
      2,
      0
    ],
    [
      12,
      1,
      913,
      12,
      0,
      62,
      0,
      0,
      0
    ],
    [
      18,
      3,
      6,
      939,
      0,
      32,
      0,
      2,
      0
    ],
    [
      0,
      0,
      0,
      0,
      986,
      0,
      12,
      0,
      2
    ],
    [
      99,
      3,
      54,
      29,
      0,
      806,
      0,
      9,
      0
    ],
    [
      0,
      0,
      0,
      0,
      5,
      0,
      982,
      0,
      13
    ],
    [
      3,
      1,
      0,
      2,
      1,
      2,
      0,
      991,
      0
    ],
    [
      1,
      0,
      0,
      0,
      12,
      0,
      37,
      0,
      950
    ]
  ]
}