{
  "experiment": "exp3",
  "condition": {
    "num_classes": 8,
    "class_list": [
      0,
      1,
      2,
      3,
      4,
      5,
      6,
      9
    ],
    "class_names": [
      "T-shirt/top",
      "Trouser",
      "Pullover",
      "Dress",
      "Coat",
      "Sandal",
      "Shirt",
      "Ankle boot"
    ],
    "combo_idx": 0,
    "subset_pct": 60,
    "num_samples": 28800,
    "samples_per_class": 3600,
    "train_samples": 25920,
    "val_samples": 2880,
    "test_samples": 8000
  },
  "seed": 99719928,
  "timestamp": "2026-01-18T03:01:49.955941",
  "training_dynamics": {
    "epochs_trained": 18,
    "best_epoch": 8,
    "best_val_accuracy": 0.9052083333333333,
    "final_train_loss": 0.05931050464005014,
    "final_val_loss": 0.3928299971752697,
    "training_time_seconds": 22.39057493209839
  },
  "training_history": {
    "train_loss": [
      0.5090161318028414,
      0.34314193648320657,
      0.2884989869631367,
      0.2552995991375711,
      0.22968174734233338,
      0.197550394790776,
      0.17991945530161446,
      0.16341727183740817,
      0.1411704205252506,
      0.12558385929391708,
      0.11122496073582658,
      0.10278895028671364,
      0.08605913184238252,
      0.07720271431622498,
      0.06661129504856136,
      0.06428571692265478,
      0.057921136949027396,
      0.05931050464005014
    ],
    "val_loss": [
      0.3785868416229884,
      0.3336211191283332,
      0.34228029118643866,
      0.3583240505721834,
      0.281520310540994,
      0.2724917721417215,
      0.2858136422104306,
      0.2691023690832986,
      0.281673434873422,
      0.3092463564541605,
      0.28663504620393115,
      0.33167262408468456,
      0.3484485915965504,
      0.354526404870881,
      0.4315918964644273,
      0.3558876496222284,
      0.3835991558101442,
      0.3928299971752697
    ],
    "val_accuracy": [
      0.8517361111111111,
      0.8760416666666667,
      0.8746527777777777,
      0.8666666666666667,
      0.8993055555555556,
      0.9034722222222222,
      0.8940972222222222,
      0.9013888888888889,
      0.8993055555555556,
      0.9010416666666666,
      0.9052083333333333,
      0.896875,
      0.9003472222222222,
      0.8954861111111111,
      0.8947916666666667,
      0.8958333333333334,
      0.9017361111111111,
      0.8972222222222223
    ]
  },
  "global_metrics": {
    "accuracy": 0.896625,
    "balanced_accuracy": 0.896625,
    "top_3_accuracy": 0.991625,
    "top_5_accuracy": 0.999125,
    "log_loss": 0.2829562013483527,
    "mcc": 0.8820930712982896,
    "cohens_kappa": 0.8818571428571429,
    "precision_macro": 0.9004585631628068,
    "precision_micro": 0.896625,
    "precision_weighted": 0.9004585631628067,
    "recall_macro": 0.896625,
    "recall_micro": 0.896625,
    "recall_weighted": 0.896625,
    "f1_macro": 0.8978521204691041,
    "f1_micro": 0.896625,
    "f1_weighted": 0.8978521204691041,
    "auroc_macro": 0.9911663035714285,
    "auroc_weighted": 0.9911663035714285,
    "auprc_macro": 0.9542473229973052
  },
  "per_class_metrics": {
    "0": {
      "precision": 0.8920704845814978,
      "recall": 0.81,
      "f1": 0.8490566037735849,
      "specificity": 0.986,
      "fpr": 0.014,
      "fnr": 0.19,
      "auroc": 0.9889314285714286,
      "auprc": 0.9399303110084452,
      "support": 1000,
      "tp": 810,
      "tn": 6902,
      "fp": 98,
      "fn": 190
    },
    "1": {
      "precision": 0.9959100204498977,
      "recall": 0.974,
      "f1": 0.9848331648129423,
      "specificity": 0.9994285714285714,
      "fpr": 0.0005714285714285715,
      "fnr": 0.026,
      "auroc": 0.9995944285714286,
      "auprc": 0.9981717720922266,
      "support": 1000,
      "tp": 974,
      "tn": 6996,
      "fp": 4,
      "fn": 26
    },
    "2": {
      "precision": 0.872745490981964,
      "recall": 0.871,
      "f1": 0.8718718718718718,
      "specificity": 0.9818571428571429,
      "fpr": 0.01814285714285714,
      "fnr": 0.129,
      "auroc": 0.9894675714285714,
      "auprc": 0.9441319850920527,
      "support": 1000,
      "tp": 871,
      "tn": 6873,
      "fp": 127,
      "fn": 129
    },
    "3": {
      "precision": 0.9175879396984925,
      "recall": 0.913,
      "f1": 0.9152882205513784,
      "specificity": 0.9882857142857143,
      "fpr": 0.011714285714285714,
      "fnr": 0.087,
      "auroc": 0.9953019999999999,
      "auprc": 0.9676247261294547,
      "support": 1000,
      "tp": 913,
      "tn": 6918,
      "fp": 82,
      "fn": 87
    },
    "4": {
      "precision": 0.8590398365679265,
      "recall": 0.841,
      "f1": 0.8499242041435069,
      "specificity": 0.9802857142857143,
      "fpr": 0.019714285714285715,
      "fnr": 0.159,
      "auroc": 0.9880218571428571,
      "auprc": 0.933414657832832,
      "support": 1000,
      "tp": 841,
      "tn": 6862,
      "fp": 138,
      "fn": 159
    },
    "5": {
      "precision": 0.9909365558912386,
      "recall": 0.984,
      "f1": 0.9874560963371801,
      "specificity": 0.9987142857142857,
      "fpr": 0.0012857142857142856,
      "fnr": 0.016,
      "auroc": 0.9999268571428572,
      "auprc": 0.9994778009288332,
      "support": 1000,
      "tp": 984,
      "tn": 6991,
      "fp": 9,
      "fn": 16
    },
    "6": {
      "precision": 0.6902887139107612,
      "recall": 0.789,
      "f1": 0.7363509099393375,
      "specificity": 0.9494285714285714,
      "fpr": 0.05057142857142857,
      "fnr": 0.211,
      "auroc": 0.9682230000000001,
      "auprc": 0.8519576161284738,
      "support": 1000,
      "tp": 789,
      "tn": 6646,
      "fp": 354,
      "fn": 211
    },
    "7": {
      "precision": 0.9850894632206759,
      "recall": 0.991,
      "f1": 0.9880358923230309,
      "specificity": 0.9978571428571429,
      "fpr": 0.002142857142857143,
      "fnr": 0.009,
      "auroc": 0.9998632857142857,
      "auprc": 0.9992697147661228,
      "support": 1000,
      "tp": 991,
      "tn": 6985,
      "fp": 15,
      "fn": 9
    }
  },
  "confusion_matrix": [
    [
      810,
      0,
      13,
      19,
      4,
      1,
      153,
      0
    ],
    [
      2,
      974,
      0,
      15,
      4,
      0,
      5,
      0
    ],
    [
      14,
      1,
      871,
      7,
      44,
      0,
      63,
      0
    ],
    [
      10,
      1,
      11,
      913,
      26,
      0,
      39,
      0
    ],
    [
      0,
      0,
      45,
      20,
      841,
      0,
      94,
      0
    ],
    [
      0,
      0,
      0,
      1,
      0,
      984,
      0,
      15
    ],
    [
      72,
      2,
      57,
      20,
      60,
      0,
      789,
      0
    ],
    [
      0,
      0,
      1,
      0,
      0,
      8,
      0,
      991
    ]
  ]
}