{
  "experiment": "exp3",
  "condition": {
    "num_classes": 9,
    "class_list": [
      0,
      2,
      3,
      4,
      5,
      6,
      7,
      8,
      9
    ],
    "class_names": [
      "T-shirt/top",
      "Pullover",
      "Dress",
      "Coat",
      "Sandal",
      "Shirt",
      "Sneaker",
      "Bag",
      "Ankle boot"
    ],
    "combo_idx": 4,
    "subset_pct": 100,
    "num_samples": 54000,
    "samples_per_class": 6000,
    "train_samples": 48600,
    "val_samples": 5400,
    "test_samples": 9000
  },
  "seed": 99719928,
  "timestamp": "2026-01-18T03:36:55.341416",
  "training_dynamics": {
    "epochs_trained": 17,
    "best_epoch": 7,
    "best_val_accuracy": 0.9233333333333333,
    "final_train_loss": 0.07316608069660632,
    "final_val_loss": 0.2856122510079984,
    "training_time_seconds": 43.33808732032776
  },
  "training_history": {
    "train_loss": [
      0.4669278746764911,
      0.3078731164336205,
      0.2673356710688064,
      0.23578440584732513,
      0.21294992364158755,
      0.19162888510740902,
      0.1750962955288981,
      0.15844297370334204,
      0.14486211679483715,
      0.13145697488890667,
      0.12237043312358621,
      0.11350503101895906,
      0.10011742429219578,
      0.0944899322207723,
      0.09113967308750082,
      0.08282954639473342,
      0.07316608069660632
    ],
    "val_loss": [
      0.3522121758814211,
      0.263307107951906,
      0.2347784278127882,
      0.2357303143872155,
      0.22602188834437617,
      0.22746655278735692,
      0.21943488717079163,
      0.2356503336959415,
      0.2345014143873144,
      0.2360965496963925,
      0.24303770233083655,
      0.23056966684482716,
      0.2256974211887077,
      0.28280245666150694,
      0.2491920985115899,
      0.27871350562130964,
      0.2856122510079984
    ],
    "val_accuracy": [
      0.8677777777777778,
      0.9016666666666666,
      0.9151851851851852,
      0.9157407407407407,
      0.9151851851851852,
      0.914074074074074,
      0.9205555555555556,
      0.9151851851851852,
      0.9161111111111111,
      0.9177777777777778,
      0.9187037037037037,
      0.9201851851851852,
      0.9233333333333333,
      0.9175925925925926,
      0.9201851851851852,
      0.9148148148148149,
      0.917962962962963
    ]
  },
  "global_metrics": {
    "accuracy": 0.9141111111111111,
    "balanced_accuracy": 0.9141111111111111,
    "top_3_accuracy": 0.9948888888888889,
    "top_5_accuracy": 0.9992222222222222,
    "log_loss": 0.24233274482929876,
    "mcc": 0.9034077240280163,
    "cohens_kappa": 0.903375,
    "precision_macro": 0.9139178678724781,
    "precision_micro": 0.9141111111111111,
    "precision_weighted": 0.913917867872478,
    "recall_macro": 0.9141111111111111,
    "recall_micro": 0.9141111111111111,
    "recall_weighted": 0.9141111111111111,
    "f1_macro": 0.9138881288016977,
    "f1_micro": 0.9141111111111111,
    "f1_weighted": 0.9138881288016977,
    "auroc_macro": 0.9943621250000001,
    "auroc_weighted": 0.9943621250000001,
    "auprc_macro": 0.965710687883627
  },
  "per_class_metrics": {
    "0": {
      "precision": 0.8703140830800405,
      "recall": 0.859,
      "f1": 0.8646200301962756,
      "specificity": 0.984,
      "fpr": 0.016,
      "fnr": 0.141,
      "auroc": 0.99198025,
      "auprc": 0.9504711458163106,
      "support": 1000,
      "tp": 859,
      "tn": 7872,
      "fp": 128,
      "fn": 141
    },
    "1": {
      "precision": 0.9032258064516129,
      "recall": 0.868,
      "f1": 0.8852626211116776,
      "specificity": 0.988375,
      "fpr": 0.011625,
      "fnr": 0.132,
      "auroc": 0.9925752499999999,
      "auprc": 0.9564089339387432,
      "support": 1000,
      "tp": 868,
      "tn": 7907,
      "fp": 93,
      "fn": 132
    },
    "2": {
      "precision": 0.9202755905511811,
      "recall": 0.935,
      "f1": 0.9275793650793651,
      "specificity": 0.989875,
      "fpr": 0.010125,
      "fnr": 0.065,
      "auroc": 0.9968826874999999,
      "auprc": 0.9766934752987169,
      "support": 1000,
      "tp": 935,
      "tn": 7919,
      "fp": 81,
      "fn": 65
    },
    "3": {
      "precision": 0.8549618320610687,
      "recall": 0.896,
      "f1": 0.875,
      "specificity": 0.981,
      "fpr": 0.019,
      "fnr": 0.104,
      "auroc": 0.9927516249999999,
      "auprc": 0.9499837093029145,
      "support": 1000,
      "tp": 896,
      "tn": 7848,
      "fp": 152,
      "fn": 104
    },
    "4": {
      "precision": 0.9918864097363083,
      "recall": 0.978,
      "f1": 0.9848942598187311,
      "specificity": 0.999,
      "fpr": 0.001,
      "fnr": 0.022,
      "auroc": 0.999852,
      "auprc": 0.9988903125000909,
      "support": 1000,
      "tp": 978,
      "tn": 7992,
      "fp": 8,
      "fn": 22
    },
    "5": {
      "precision": 0.77482088024565,
      "recall": 0.757,
      "f1": 0.7658067779463834,
      "specificity": 0.9725,
      "fpr": 0.0275,
      "fnr": 0.243,
      "auroc": 0.9769228750000001,
      "auprc": 0.8703910523967819,
      "support": 1000,
      "tp": 757,
      "tn": 7780,
      "fp": 220,
      "fn": 243
    },
    "6": {
      "precision": 0.9604743083003953,
      "recall": 0.972,
      "f1": 0.9662027833001987,
      "specificity": 0.995,
      "fpr": 0.005,
      "fnr": 0.028,
      "auroc": 0.9991515000000001,
      "auprc": 0.9948217183000968,
      "support": 1000,
      "tp": 972,
      "tn": 7960,
      "fp": 40,
      "fn": 28
    },
    "7": {
      "precision": 0.9801783944499505,
      "recall": 0.989,
      "f1": 0.98456943753111,
      "specificity": 0.9975,
      "fpr": 0.0025,
      "fnr": 0.011,
      "auroc": 0.999766625,
      "auprc": 0.9986673467359101,
      "support": 1000,
      "tp": 989,
      "tn": 7980,
      "fp": 20,
      "fn": 11
    },
    "8": {
      "precision": 0.9691235059760956,
      "recall": 0.973,
      "f1": 0.9710578842315368,
      "specificity": 0.996125,
      "fpr": 0.003875,
      "fnr": 0.027,
      "auroc": 0.9993763125,
      "auprc": 0.9950684966630787,
      "support": 1000,
      "tp": 973,
      "tn": 7969,
      "fp": 31,
      "fn": 27
    }
  },
  "confusion_matrix": [
    [
      859,
      20,
      11,
      6,
      1,
      97,
      0,
      6,
      0
    ],
    [
      10,
      868,
      7,
      60,
      0,
      53,
      0,
      2,
      0
    ],
    [
      14,
      8,
      935,
      21,
      0,
      19,
      0,
      3,
      0
    ],
    [
      0,
      19,
      34,
      896,
      0,
      50,
      0,
      1,
      0
    ],
    [
      0,
      0,
      0,
      0,
      978,
      0,
      17,
      0,
      5
    ],
    [
      102,
      45,
      24,
      64,
      0,
      757,
      0,
      8,
      0
    ],
    [
      0,
      0,
      0,
      0,
      2,
      0,
      972,
      0,
      26
    ],
    [
      2,
      1,
      5,
      1,
      1,
      0,
      1,
      989,
      0
    ],
    [
      0,
      0,
      0,
      0,
      4,
      1,
      22,
      0,
      973
    ]
  ]
}