{
  "experiment": "exp3",
  "condition": {
    "num_classes": 6,
    "class_list": [
      0,
      2,
      4,
      5,
      7,
      8
    ],
    "class_names": [
      "T-shirt/top",
      "Pullover",
      "Coat",
      "Sandal",
      "Sneaker",
      "Bag"
    ],
    "combo_idx": 2,
    "subset_pct": 70,
    "num_samples": 25200,
    "samples_per_class": 4200,
    "train_samples": 22680,
    "val_samples": 2520,
    "test_samples": 6000
  },
  "seed": 99719928,
  "timestamp": "2026-01-18T02:40:54.992807",
  "training_dynamics": {
    "epochs_trained": 14,
    "best_epoch": 4,
    "best_val_accuracy": 0.9638888888888889,
    "final_train_loss": 0.03025568681801866,
    "final_val_loss": 0.14498460810217592,
    "training_time_seconds": 15.018430948257446
  },
  "training_history": {
    "train_loss": [
      0.29642365805699794,
      0.16110991938433178,
      0.12686507049685633,
      0.11236122251212807,
      0.09124619467052775,
      0.08336938925507204,
      0.07062352193178426,
      0.06291654764241736,
      0.05232937080510171,
      0.056597578980710724,
      0.047108740379876446,
      0.04185377975965155,
      0.03339564891853435,
      0.03025568681801866
    ],
    "val_loss": [
      0.17418438006961157,
      0.15961990621354843,
      0.1211228327618705,
      0.11527529869760786,
      0.16039806859833852,
      0.12205519602885322,
      0.1167155099766595,
      0.11884491514591944,
      0.12680281258764722,
      0.12606273504003646,
      0.12499079238327723,
      0.15680355661445194,
      0.16143740346980473,
      0.14498460810217592
    ],
    "val_accuracy": [
      0.9373015873015873,
      0.9464285714285714,
      0.9567460317460318,
      0.959920634920635,
      0.9444444444444444,
      0.9551587301587302,
      0.9638888888888889,
      0.959920634920635,
      0.9563492063492064,
      0.9619047619047619,
      0.9619047619047619,
      0.9527777777777777,
      0.9571428571428572,
      0.9575396825396826
    ]
  },
  "global_metrics": {
    "accuracy": 0.9545,
    "balanced_accuracy": 0.9544999999999999,
    "top_3_accuracy": 0.9988333333333334,
    "top_5_accuracy": 1.0,
    "log_loss": 0.12796684646603962,
    "mcc": 0.9454974858164406,
    "cohens_kappa": 0.9454,
    "precision_macro": 0.9550421467701667,
    "precision_micro": 0.9545,
    "precision_weighted": 0.9550421467701667,
    "recall_macro": 0.9544999999999999,
    "recall_micro": 0.9545,
    "recall_weighted": 0.9545,
    "f1_macro": 0.9545293423383782,
    "f1_micro": 0.9545,
    "f1_weighted": 0.9545293423383783,
    "auroc_macro": 0.9974304333333334,
    "auroc_weighted": 0.9974304333333333,
    "auprc_macro": 0.9888983051552156
  },
  "per_class_metrics": {
    "0": {
      "precision": 0.9566929133858267,
      "recall": 0.972,
      "f1": 0.9642857142857142,
      "specificity": 0.9912,
      "fpr": 0.0088,
      "fnr": 0.028,
      "auroc": 0.9984596000000001,
      "auprc": 0.993366922346037,
      "support": 1000,
      "tp": 972,
      "tn": 4956,
      "fp": 44,
      "fn": 28
    },
    "1": {
      "precision": 0.8820709491850431,
      "recall": 0.92,
      "f1": 0.9006363191385218,
      "specificity": 0.9754,
      "fpr": 0.0246,
      "fnr": 0.08,
      "auroc": 0.99166,
      "auprc": 0.9691837843889052,
      "support": 1000,
      "tp": 920,
      "tn": 4877,
      "fp": 123,
      "fn": 80
    },
    "2": {
      "precision": 0.9328436516264428,
      "recall": 0.889,
      "f1": 0.9103942652329748,
      "specificity": 0.9872,
      "fpr": 0.0128,
      "fnr": 0.111,
      "auroc": 0.9952224000000001,
      "auprc": 0.9740505900772172,
      "support": 1000,
      "tp": 889,
      "tn": 4936,
      "fp": 64,
      "fn": 111
    },
    "3": {
      "precision": 0.996900826446281,
      "recall": 0.965,
      "f1": 0.9806910569105691,
      "specificity": 0.9994,
      "fpr": 0.0006,
      "fnr": 0.035,
      "auroc": 0.9998426,
      "auprc": 0.9992688963805596,
      "support": 1000,
      "tp": 965,
      "tn": 4997,
      "fp": 3,
      "fn": 35
    },
    "4": {
      "precision": 0.9708171206225681,
      "recall": 0.998,
      "f1": 0.9842209072978304,
      "specificity": 0.994,
      "fpr": 0.006,
      "fnr": 0.002,
      "auroc": 0.9998625999999999,
      "auprc": 0.9992867543030877,
      "support": 1000,
      "tp": 998,
      "tn": 4970,
      "fp": 30,
      "fn": 2
    },
    "5": {
      "precision": 0.9909274193548387,
      "recall": 0.983,
      "f1": 0.9869477911646587,
      "specificity": 0.9982,
      "fpr": 0.0018,
      "fnr": 0.017,
      "auroc": 0.9995354000000001,
      "auprc": 0.9982328834354868,
      "support": 1000,
      "tp": 983,
      "tn": 4991,
      "fp": 9,
      "fn": 17
    }
  },
  "confusion_matrix": [
    [
      972,
      17,
      7,
      0,
      0,
      4
    ],
    [
      28,
      920,
      52,
      0,
      0,
      0
    ],
    [
      6,
      105,
      889,
      0,
      0,
      0
    ],
    [
      1,
      0,
      0,
      965,
      29,
      5
    ],
    [
      0,
      0,
      0,
      2,
      998,
      0
    ],
    [
      9,
      1,
      5,
      1,
      1,
      983
    ]
  ]
}