{
  "experiment": "exp3",
  "condition": {
    "num_classes": 5,
    "class_list": [
      0,
      1,
      2,
      6,
      8
    ],
    "class_names": [
      "T-shirt/top",
      "Trouser",
      "Pullover",
      "Shirt",
      "Bag"
    ],
    "combo_idx": 1,
    "subset_pct": 90,
    "num_samples": 27000,
    "samples_per_class": 5400,
    "train_samples": 24300,
    "val_samples": 2700,
    "test_samples": 5000
  },
  "seed": 99719928,
  "timestamp": "2026-01-18T02:27:43.600972",
  "training_dynamics": {
    "epochs_trained": 17,
    "best_epoch": 7,
    "best_val_accuracy": 0.9288888888888889,
    "final_train_loss": 0.04591608886901093,
    "final_val_loss": 0.25765516969892716,
    "training_time_seconds": 22.913138151168823
  },
  "training_history": {
    "train_loss": [
      0.3690950850907125,
      0.2503229978641397,
      0.21452543084558687,
      0.19069346671825962,
      0.16700167467719632,
      0.14876065751243578,
      0.1366369057936888,
      0.11706660680570885,
      0.10641777853138353,
      0.09996993699552197,
      0.09069827923698252,
      0.07464029484207889,
      0.06811843543975173,
      0.06617895103500862,
      0.053748085448751225,
      0.05383072265938513,
      0.04591608886901093
    ],
    "val_loss": [
      0.2558597073731599,
      0.28123400147314426,
      0.2180589199728436,
      0.20246461892569506,
      0.20217946871563242,
      0.2142111020618015,
      0.20025083842100921,
      0.2429504531621933,
      0.2270258550511466,
      0.22695403615633647,
      0.24935203397715533,
      0.23626403401295343,
      0.25965572462037756,
      0.23866340423071825,
      0.2953427287384316,
      0.2803587654343358,
      0.25765516969892716
    ],
    "val_accuracy": [
      0.8992592592592593,
      0.8855555555555555,
      0.9148148148148149,
      0.9259259259259259,
      0.9259259259259259,
      0.9218518518518518,
      0.9288888888888889,
      0.9125925925925926,
      0.9211111111111111,
      0.9211111111111111,
      0.9251851851851852,
      0.9233333333333333,
      0.927037037037037,
      0.924074074074074,
      0.9211111111111111,
      0.9222222222222223,
      0.9211111111111111
    ]
  },
  "global_metrics": {
    "accuracy": 0.9188,
    "balanced_accuracy": 0.9187999999999998,
    "top_3_accuracy": 0.9984,
    "top_5_accuracy": 1.0,
    "log_loss": 0.20917123639378832,
    "mcc": 0.8985629465391848,
    "cohens_kappa": 0.8985,
    "precision_macro": 0.9186034665236372,
    "precision_micro": 0.9188,
    "precision_weighted": 0.9186034665236371,
    "recall_macro": 0.9187999999999998,
    "recall_micro": 0.9188,
    "recall_weighted": 0.9188,
    "f1_macro": 0.9185770930557933,
    "f1_micro": 0.9188,
    "f1_weighted": 0.9185770930557934,
    "auroc_macro": 0.9910935000000001,
    "auroc_weighted": 0.9910935,
    "auprc_macro": 0.9694764709193674
  },
  "per_class_metrics": {
    "0": {
      "precision": 0.8845360824742268,
      "recall": 0.858,
      "f1": 0.8710659898477157,
      "specificity": 0.972,
      "fpr": 0.028,
      "fnr": 0.142,
      "auroc": 0.98724925,
      "auprc": 0.9531076004843083,
      "support": 1000,
      "tp": 858,
      "tn": 3888,
      "fp": 112,
      "fn": 142
    },
    "1": {
      "precision": 0.9949545913218971,
      "recall": 0.986,
      "f1": 0.9904570567553993,
      "specificity": 0.99875,
      "fpr": 0.00125,
      "fnr": 0.014,
      "auroc": 0.99993,
      "auprc": 0.9997284755957465,
      "support": 1000,
      "tp": 986,
      "tn": 3995,
      "fp": 5,
      "fn": 14
    },
    "2": {
      "precision": 0.8951923076923077,
      "recall": 0.931,
      "f1": 0.9127450980392157,
      "specificity": 0.97275,
      "fpr": 0.02725,
      "fnr": 0.069,
      "auroc": 0.9919505,
      "auprc": 0.9724874897459819,
      "support": 1000,
      "tp": 931,
      "tn": 3891,
      "fp": 109,
      "fn": 69
    },
    "3": {
      "precision": 0.8341759352881699,
      "recall": 0.825,
      "f1": 0.8295625942684767,
      "specificity": 0.959,
      "fpr": 0.041,
      "fnr": 0.175,
      "auroc": 0.9764517499999998,
      "auprc": 0.9225079949026486,
      "support": 1000,
      "tp": 825,
      "tn": 3836,
      "fp": 164,
      "fn": 175
    },
    "4": {
      "precision": 0.9841584158415841,
      "recall": 0.994,
      "f1": 0.9890547263681593,
      "specificity": 0.996,
      "fpr": 0.004,
      "fnr": 0.006,
      "auroc": 0.9998859999999999,
      "auprc": 0.9995507938681517,
      "support": 1000,
      "tp": 994,
      "tn": 3984,
      "fp": 16,
      "fn": 6
    }
  },
  "confusion_matrix": [
    [
      858,
      1,
      33,
      102,
      6
    ],
    [
      7,
      986,
      0,
      5,
      2
    ],
    [
      10,
      1,
      931,
      56,
      2
    ],
    [
      91,
      3,
      75,
      825,
      6
    ],
    [
      4,
      0,
      1,
      1,
      994
    ]
  ]
}