{
  "experiment": "exp3",
  "condition": {
    "num_classes": 5,
    "class_list": [
      1,
      2,
      3,
      5,
      9
    ],
    "class_names": [
      "Trouser",
      "Pullover",
      "Dress",
      "Sandal",
      "Ankle boot"
    ],
    "combo_idx": 4,
    "subset_pct": 40,
    "num_samples": 12000,
    "samples_per_class": 2400,
    "train_samples": 10800,
    "val_samples": 1200,
    "test_samples": 5000
  },
  "seed": 99719928,
  "timestamp": "2026-01-18T02:32:52.897955",
  "training_dynamics": {
    "epochs_trained": 17,
    "best_epoch": 7,
    "best_val_accuracy": 0.9883333333333333,
    "final_train_loss": 0.013195008846772122,
    "final_val_loss": 0.058264560791042946,
    "training_time_seconds": 8.845223426818848
  },
  "training_history": {
    "train_loss": [
      0.16668146715317605,
      0.0706052490008565,
      0.05757950501621166,
      0.04441202840679628,
      0.04069615653771136,
      0.029271033294250935,
      0.025561939935976937,
      0.018142566641967624,
      0.016099835251827902,
      0.01123603009922773,
      0.022292114116600027,
      0.009869353552524569,
      0.00847768647758636,
      0.00828725371338913,
      0.005975626146150635,
      0.010522878424336132,
      0.013195008846772122
    ],
    "val_loss": [
      0.07531932930151622,
      0.07201547247668107,
      0.0606144492328167,
      0.06345811751050254,
      0.06172326264902949,
      0.04127365122238795,
      0.040222743252913154,
      0.04189754778519273,
      0.04285437311201046,
      0.043295893267107505,
      0.06638110006848971,
      0.05740581681020558,
      0.05211299986888965,
      0.0804396622441709,
      0.06526199811603874,
      0.07160075868169467,
      0.058264560791042946
    ],
    "val_accuracy": [
      0.9808333333333333,
      0.9766666666666667,
      0.9816666666666667,
      0.9833333333333333,
      0.98,
      0.985,
      0.985,
      0.9883333333333333,
      0.9858333333333333,
      0.9875,
      0.9825,
      0.9858333333333333,
      0.9875,
      0.9791666666666666,
      0.9825,
      0.9841666666666666,
      0.9841666666666666
    ]
  },
  "global_metrics": {
    "accuracy": 0.9844,
    "balanced_accuracy": 0.9844000000000002,
    "top_3_accuracy": 0.9994,
    "top_5_accuracy": 1.0,
    "log_loss": 0.05479512006582556,
    "mcc": 0.9805642290605742,
    "cohens_kappa": 0.9805,
    "precision_macro": 0.984743389702453,
    "precision_micro": 0.9844,
    "precision_weighted": 0.9847433897024528,
    "recall_macro": 0.9844000000000002,
    "recall_micro": 0.9844,
    "recall_weighted": 0.9844,
    "f1_macro": 0.9844462523305776,
    "f1_micro": 0.9844,
    "f1_weighted": 0.9844462523305776,
    "auroc_macro": 0.9995094499999999,
    "auroc_weighted": 0.9995094499999999,
    "auprc_macro": 0.9981571233594824
  },
  "per_class_metrics": {
    "0": {
      "precision": 0.9959473150962512,
      "recall": 0.983,
      "f1": 0.9894313034725718,
      "specificity": 0.999,
      "fpr": 0.001,
      "fnr": 0.017,
      "auroc": 0.9997874999999999,
      "auprc": 0.9993191361492736,
      "support": 1000,
      "tp": 983,
      "tn": 3996,
      "fp": 4,
      "fn": 17
    },
    "1": {
      "precision": 0.9907502569373073,
      "recall": 0.964,
      "f1": 0.9771920932589965,
      "specificity": 0.99775,
      "fpr": 0.00225,
      "fnr": 0.036,
      "auroc": 0.9992485,
      "auprc": 0.997604501785219,
      "support": 1000,
      "tp": 964,
      "tn": 3991,
      "fp": 9,
      "fn": 36
    },
    "2": {
      "precision": 0.9510086455331412,
      "recall": 0.99,
      "f1": 0.9701126898579128,
      "specificity": 0.98725,
      "fpr": 0.01275,
      "fnr": 0.01,
      "auroc": 0.9990502499999999,
      "auprc": 0.9955902779936782,
      "support": 1000,
      "tp": 990,
      "tn": 3949,
      "fp": 51,
      "fn": 10
    },
    "3": {
      "precision": 0.9910358565737052,
      "recall": 0.995,
      "f1": 0.9930139720558884,
      "specificity": 0.99775,
      "fpr": 0.00225,
      "fnr": 0.005,
      "auroc": 0.999851,
      "auprc": 0.9992904221178933,
      "support": 1000,
      "tp": 995,
      "tn": 3991,
      "fp": 9,
      "fn": 5
    },
    "4": {
      "precision": 0.9949748743718593,
      "recall": 0.99,
      "f1": 0.9924812030075189,
      "specificity": 0.99875,
      "fpr": 0.00125,
      "fnr": 0.01,
      "auroc": 0.99961,
      "auprc": 0.9989812787513479,
      "support": 1000,
      "tp": 990,
      "tn": 3995,
      "fp": 5,
      "fn": 10
    }
  },
  "confusion_matrix": [
    [
      983,
      1,
      16,
      0,
      0
    ],
    [
      1,
      964,
      35,
      0,
      0
    ],
    [
      3,
      7,
      990,
      0,
      0
    ],
    [
      0,
      0,
      0,
      995,
      5
    ],
    [
      0,
      1,
      0,
      9,
      990
    ]
  ]
}