{
  "experiment": "exp3",
  "condition": {
    "num_classes": 3,
    "class_list": [
      0,
      2,
      9
    ],
    "class_names": [
      "T-shirt/top",
      "Pullover",
      "Ankle boot"
    ],
    "combo_idx": 0,
    "subset_pct": 20,
    "num_samples": 3600,
    "samples_per_class": 1200,
    "train_samples": 3240,
    "val_samples": 360,
    "test_samples": 3000
  },
  "seed": 99719928,
  "timestamp": "2026-01-18T02:07:31.685460",
  "training_dynamics": {
    "epochs_trained": 15,
    "best_epoch": 5,
    "best_val_accuracy": 0.9916666666666667,
    "final_train_loss": 0.014376184224851849,
    "final_val_loss": 0.12761509721684788,
    "training_time_seconds": 2.336691379547119
  },
  "training_history": {
    "train_loss": [
      0.1734634052012481,
      0.06150411003652741,
      0.05107228017832134,
      0.03697388827590747,
      0.027162563720005837,
      0.019162295098580858,
      0.018686764398201678,
      0.017182977463794397,
      0.01655354951371384,
      0.006551043710108691,
      0.011569835659054875,
      0.016767183703931925,
      0.02673107725065932,
      0.007516547982174647,
      0.014376184224851849
    ],
    "val_loss": [
      0.07580395576854547,
      0.06307922641281039,
      0.06272985364000003,
      0.04667658278097709,
      0.0381745773471064,
      0.062092094785637326,
      0.12040815651416778,
      0.04368412565026018,
      0.05727454483922985,
      0.08130134836667113,
      0.07021328397095203,
      0.07491053347993228,
      0.0695309588789112,
      0.08935690011001296,
      0.12761509721684788
    ],
    "val_accuracy": [
      0.9722222222222222,
      0.975,
      0.9777777777777777,
      0.9888888888888889,
      0.9916666666666667,
      0.9777777777777777,
      0.9583333333333334,
      0.9888888888888889,
      0.9833333333333333,
      0.9777777777777777,
      0.9777777777777777,
      0.9805555555555555,
      0.9833333333333333,
      0.9722222222222222,
      0.9777777777777777
    ]
  },
  "global_metrics": {
    "accuracy": 0.975,
    "balanced_accuracy": 0.975,
    "top_3_accuracy": 1.0,
    "top_5_accuracy": 1.0,
    "log_loss": 0.08589621807750823,
    "mcc": 0.9625068979908201,
    "cohens_kappa": 0.9625,
    "precision_macro": 0.9750265911923045,
    "precision_micro": 0.975,
    "precision_weighted": 0.9750265911923044,
    "recall_macro": 0.975,
    "recall_micro": 0.975,
    "recall_weighted": 0.975,
    "f1_macro": 0.9750064027000453,
    "f1_micro": 0.975,
    "f1_weighted": 0.9750064027000455,
    "auroc_macro": 0.9969540833333332,
    "auroc_weighted": 0.9969540833333334,
    "auprc_macro": 0.9935265679577548
  },
  "per_class_metrics": {
    "0": {
      "precision": 0.96579476861167,
      "recall": 0.96,
      "f1": 0.9628886659979938,
      "specificity": 0.983,
      "fpr": 0.017,
      "fnr": 0.04,
      "auroc": 0.9953929999999999,
      "auprc": 0.9890575943349609,
      "support": 1000,
      "tp": 960,
      "tn": 1966,
      "fp": 34,
      "fn": 40
    },
    "1": {
      "precision": 0.9592850049652433,
      "recall": 0.966,
      "f1": 0.9626307922272048,
      "specificity": 0.9795,
      "fpr": 0.0205,
      "fnr": 0.034,
      "auroc": 0.99547575,
      "auprc": 0.9915349427071096,
      "support": 1000,
      "tp": 966,
      "tn": 1959,
      "fp": 41,
      "fn": 34
    },
    "2": {
      "precision": 1.0,
      "recall": 0.999,
      "f1": 0.9994997498749374,
      "specificity": 1.0,
      "fpr": 0.0,
      "fnr": 0.001,
      "auroc": 0.9999935000000001,
      "auprc": 0.9999871668311943,
      "support": 1000,
      "tp": 999,
      "tn": 2000,
      "fp": 0,
      "fn": 1
    }
  },
  "confusion_matrix": [
    [
      960,
      40,
      0
    ],
    [
      34,
      966,
      0
    ],
    [
      0,
      1,
      999
    ]
  ]
}