{
  "experiment": "exp3",
  "condition": {
    "num_classes": 2,
    "class_list": [
      5,
      8
    ],
    "class_names": [
      "Sandal",
      "Bag"
    ],
    "combo_idx": 3,
    "subset_pct": 80,
    "num_samples": 9600,
    "samples_per_class": 4800,
    "train_samples": 8640,
    "val_samples": 960,
    "test_samples": 2000
  },
  "seed": 99719928,
  "timestamp": "2026-01-18T02:06:25.239574",
  "training_dynamics": {
    "epochs_trained": 24,
    "best_epoch": 14,
    "best_val_accuracy": 0.9989583333333333,
    "final_train_loss": 0.0026079958560600333,
    "final_val_loss": 0.011241432007758097,
    "training_time_seconds": 9.766154766082764
  },
  "training_history": {
    "train_loss": [
      0.04823390178541929,
      0.009926591520154572,
      0.008965445220787337,
      0.004184491171586329,
      0.004436436258657961,
      0.0015958001438354619,
      0.0007499523851644577,
      0.0001233586907818352,
      8.163025707761807e-05,
      4.2686428212248386e-05,
      4.724995579231795e-05,
      3.399388796660113e-05,
      3.6692953953779245e-05,
      7.424570570088285e-05,
      4.669224701198497e-05,
      3.500787549994668e-05,
      5.174598760378204e-05,
      0.0004943098707557241,
      0.022580992187168806,
      0.0035049242440167022,
      0.0006244458561855869,
      0.00032180799461061557,
      0.00475951098349604,
      0.0026079958560600333
    ],
    "val_loss": [
      0.03015532319744428,
      0.0048155224474612625,
      0.005376867616238693,
      0.010217405712076773,
      0.0032712297349159294,
      0.007728734361505,
      0.002285164989674134,
      0.0020029794631075976,
      0.003252374850535489,
      0.0024322683441217424,
      0.0025108079015656887,
      0.0027922302473598394,
      0.0027470021644451967,
      0.0018137671653372914,
      0.0028666698206355552,
      0.0021566442550768746,
      0.00373936271595691,
      0.0043184318335230875,
      0.00433379674977914,
      0.001844251209513459,
      0.0018484351888522117,
      0.0046668573025499425,
      0.0024404369516560108,
      0.011241432007758097
    ],
    "val_accuracy": [
      0.990625,
      0.9979166666666667,
      0.996875,
      0.9947916666666666,
      0.9989583333333333,
      0.9947916666666666,
      0.9989583333333333,
      0.9989583333333333,
      0.9989583333333333,
      0.9989583333333333,
      0.9989583333333333,
      0.9989583333333333,
      0.9989583333333333,
      0.9989583333333333,
      0.9989583333333333,
      0.9989583333333333,
      0.9989583333333333,
      0.996875,
      0.996875,
      0.9989583333333333,
      0.9989583333333333,
      0.9989583333333333,
      0.9989583333333333,
      0.9979166666666667
    ]
  },
  "global_metrics": {
    "accuracy": 0.9985,
    "balanced_accuracy": 0.9984999999999999,
    "top_3_accuracy": 1.0,
    "top_5_accuracy": 1.0,
    "log_loss": 0.002197415912712389,
    "mcc": 0.9970004985003739,
    "cohens_kappa": 0.997,
    "precision_macro": 0.9985004985004985,
    "precision_micro": 0.9985,
    "precision_weighted": 0.9985004985004985,
    "recall_macro": 0.9984999999999999,
    "recall_micro": 0.9985,
    "recall_weighted": 0.9985,
    "f1_macro": 0.9984999996249999,
    "f1_micro": 0.9985,
    "f1_weighted": 0.9984999996249999,
    "auroc_macro": 0.999997,
    "auroc_weighted": 0.999997,
    "auprc_macro": 0.9999970044855404
  },
  "per_class_metrics": {
    "0": {
      "precision": 0.998001998001998,
      "recall": 0.999,
      "f1": 0.9985007496251873,
      "specificity": 0.998,
      "fpr": 0.002,
      "fnr": 0.001,
      "auroc": 0.999997,
      "auprc": 0.9999970089730807,
      "support": 1000,
      "tp": 999,
      "tn": 998,
      "fp": 2,
      "fn": 1
    },
    "1": {
      "precision": 0.998998998998999,
      "recall": 0.998,
      "f1": 0.9984992496248123,
      "specificity": 0.999,
      "fpr": 0.001,
      "fnr": 0.002,
      "auroc": 0.999997,
      "auprc": 0.999996999998,
      "support": 1000,
      "tp": 998,
      "tn": 999,
      "fp": 1,
      "fn": 2
    }
  },
  "confusion_matrix": [
    [
      999,
      1
    ],
    [
      2,
      998
    ]
  ]
}