{
  "experiment": "exp3",
  "condition": {
    "num_classes": 2,
    "class_list": [
      2,
      8
    ],
    "class_names": [
      "Pullover",
      "Bag"
    ],
    "combo_idx": 2,
    "subset_pct": 40,
    "num_samples": 4800,
    "samples_per_class": 2400,
    "train_samples": 4320,
    "val_samples": 480,
    "test_samples": 2000
  },
  "seed": 99719928,
  "timestamp": "2026-01-18T02:04:45.310933",
  "training_dynamics": {
    "epochs_trained": 17,
    "best_epoch": 7,
    "best_val_accuracy": 0.9958333333333333,
    "final_train_loss": 8.068753552780596e-05,
    "final_val_loss": 0.01595651409055184,
    "training_time_seconds": 3.468886137008667
  },
  "training_history": {
    "train_loss": [
      0.1291629141470527,
      0.038042921829722166,
      0.02561983941910405,
      0.012547269801229156,
      0.019499947777255916,
      0.006990180329761214,
      0.0016340968771627934,
      0.0003232157833495234,
      0.000294104630845194,
      0.00015481296859701723,
      0.00014288440668090463,
      0.00012717612936713149,
      8.421501694797103e-05,
      7.389310643943377e-05,
      0.0001218008772625848,
      0.00011968167736059139,
      8.068753552780596e-05
    ],
    "val_loss": [
      0.04215701296925545,
      0.03290584478527307,
      0.02620006895934542,
      0.16765414774417878,
      0.0361562531751891,
      0.018134614146159342,
      0.01220179336766402,
      0.01709953783962798,
      0.012587429652921856,
      0.015840889306612857,
      0.015237415550169922,
      0.01828391584713245,
      0.017070715383791443,
      0.018567882012939664,
      0.018806611764982033,
      0.015098716932940685,
      0.01595651409055184
    ],
    "val_accuracy": [
      0.9875,
      0.9916666666666667,
      0.99375,
      0.9520833333333333,
      0.9916666666666667,
      0.99375,
      0.9916666666666667,
      0.99375,
      0.9958333333333333,
      0.99375,
      0.99375,
      0.99375,
      0.99375,
      0.99375,
      0.99375,
      0.9958333333333333,
      0.9958333333333333
    ]
  },
  "global_metrics": {
    "accuracy": 0.996,
    "balanced_accuracy": 0.996,
    "top_3_accuracy": 1.0,
    "top_5_accuracy": 1.0,
    "log_loss": 0.01159747822048612,
    "mcc": 0.9920019840059521,
    "cohens_kappa": 0.992,
    "precision_macro": 0.996001984007936,
    "precision_micro": 0.996,
    "precision_weighted": 0.996001984007936,
    "recall_macro": 0.996,
    "recall_micro": 0.996,
    "recall_weighted": 0.996,
    "f1_macro": 0.995999995999996,
    "f1_micro": 0.996,
    "f1_weighted": 0.9959999959999959,
    "auroc_macro": 0.999923,
    "auroc_weighted": 0.999923,
    "auprc_macro": 0.9999234171862516
  },
  "per_class_metrics": {
    "0": {
      "precision": 0.996993987975952,
      "recall": 0.995,
      "f1": 0.995995995995996,
      "specificity": 0.997,
      "fpr": 0.003,
      "fnr": 0.005,
      "auroc": 0.999923,
      "auprc": 0.9999228559509503,
      "support": 1000,
      "tp": 995,
      "tn": 997,
      "fp": 3,
      "fn": 5
    },
    "1": {
      "precision": 0.9950099800399201,
      "recall": 0.997,
      "f1": 0.9960039960039959,
      "specificity": 0.995,
      "fpr": 0.005,
      "fnr": 0.003,
      "auroc": 0.999923,
      "auprc": 0.9999239784215528,
      "support": 1000,
      "tp": 997,
      "tn": 995,
      "fp": 5,
      "fn": 3
    }
  },
  "confusion_matrix": [
    [
      995,
      5
    ],
    [
      3,
      997
    ]
  ]
}