{
  "experiment": "exp3",
  "condition": {
    "num_classes": 7,
    "class_list": [
      1,
      2,
      3,
      5,
      6,
      8,
      9
    ],
    "class_names": [
      "Trouser",
      "Pullover",
      "Dress",
      "Sandal",
      "Shirt",
      "Bag",
      "Ankle boot"
    ],
    "combo_idx": 3,
    "subset_pct": 10,
    "num_samples": 4200,
    "samples_per_class": 600,
    "train_samples": 3780,
    "val_samples": 420,
    "test_samples": 7000
  },
  "seed": 99719928,
  "timestamp": "2026-01-18T02:54:41.784354",
  "training_dynamics": {
    "epochs_trained": 20,
    "best_epoch": 10,
    "best_val_accuracy": 0.9380952380952381,
    "final_train_loss": 0.010978797713566262,
    "final_val_loss": 0.2761601968890145,
    "training_time_seconds": 3.5843658447265625
  },
  "training_history": {
    "train_loss": [
      0.5347842579086621,
      0.30265635972221694,
      0.2213234933714072,
      0.18343304805457591,
      0.14150949163983265,
      0.12674624261756737,
      0.09483430067775771,
      0.08575204101701578,
      0.07652148357592523,
      0.052744200342082576,
      0.05101380560857554,
      0.09916017584134049,
      0.03589034973798941,
      0.09500823843603333,
      0.032530592924968,
      0.014286973212923234,
      0.018149880931014196,
      0.016761880137103922,
      0.02787236500371364,
      0.010978797713566262
    ],
    "val_loss": [
      0.3554233551025391,
      0.27270214827287764,
      0.23231220699491956,
      0.22387184429736365,
      0.24298920858474005,
      0.20794836027281624,
      0.2283797671397527,
      0.23023510830742971,
      0.22556340524128504,
      0.19570876132874263,
      0.23053807800724394,
      0.20167424295629774,
      0.3513891901288714,
      0.22359284559885662,
      0.22975355911822545,
      0.2938957067472594,
      0.2927958443051293,
      0.2960714635394868,
      0.31014157505262463,
      0.2761601968890145
    ],
    "val_accuracy": [
      0.8642857142857143,
      0.9047619047619048,
      0.9166666666666666,
      0.9357142857142857,
      0.9261904761904762,
      0.9285714285714286,
      0.9261904761904762,
      0.9261904761904762,
      0.919047619047619,
      0.9285714285714286,
      0.9261904761904762,
      0.9380952380952381,
      0.9023809523809524,
      0.9333333333333333,
      0.9285714285714286,
      0.9285714285714286,
      0.9238095238095239,
      0.930952380952381,
      0.930952380952381,
      0.9285714285714286
    ]
  },
  "global_metrics": {
    "accuracy": 0.9351428571428572,
    "balanced_accuracy": 0.935142857142857,
    "top_3_accuracy": 0.9957142857142857,
    "top_5_accuracy": 0.9994285714285714,
    "log_loss": 0.21814934090494864,
    "mcc": 0.9243895907545987,
    "cohens_kappa": 0.9243333333333333,
    "precision_macro": 0.9358865720458353,
    "precision_micro": 0.9351428571428572,
    "precision_weighted": 0.9358865720458353,
    "recall_macro": 0.935142857142857,
    "recall_micro": 0.9351428571428572,
    "recall_weighted": 0.9351428571428572,
    "f1_macro": 0.9353513682634039,
    "f1_micro": 0.9351428571428572,
    "f1_weighted": 0.9353513682634041,
    "auroc_macro": 0.9948189047619046,
    "auroc_weighted": 0.9948189047619046,
    "auprc_macro": 0.9743531412024448
  },
  "per_class_metrics": {
    "0": {
      "precision": 0.994824016563147,
      "recall": 0.961,
      "f1": 0.9776195320447608,
      "specificity": 0.9991666666666666,
      "fpr": 0.0008333333333333334,
      "fnr": 0.039,
      "auroc": 0.9988251666666667,
      "auprc": 0.9954116537544576,
      "support": 1000,
      "tp": 961,
      "tn": 5995,
      "fp": 5,
      "fn": 39
    },
    "1": {
      "precision": 0.8559241706161137,
      "recall": 0.903,
      "f1": 0.8788321167883212,
      "specificity": 0.9746666666666667,
      "fpr": 0.025333333333333333,
      "fnr": 0.097,
      "auroc": 0.9904693333333333,
      "auprc": 0.9510452073053846,
      "support": 1000,
      "tp": 903,
      "tn": 5848,
      "fp": 152,
      "fn": 97
    },
    "2": {
      "precision": 0.9275510204081633,
      "recall": 0.909,
      "f1": 0.9181818181818183,
      "specificity": 0.9881666666666666,
      "fpr": 0.011833333333333333,
      "fnr": 0.091,
      "auroc": 0.9948446666666667,
      "auprc": 0.9721036801555474,
      "support": 1000,
      "tp": 909,
      "tn": 5929,
      "fp": 71,
      "fn": 91
    },
    "3": {
      "precision": 0.9908814589665653,
      "recall": 0.978,
      "f1": 0.984398590840463,
      "specificity": 0.9985,
      "fpr": 0.0015,
      "fnr": 0.022,
      "auroc": 0.9993688333333332,
      "auprc": 0.9969802705248235,
      "support": 1000,
      "tp": 978,
      "tn": 5991,
      "fp": 9,
      "fn": 22
    },
    "4": {
      "precision": 0.8355196770938446,
      "recall": 0.828,
      "f1": 0.8317428427925666,
      "specificity": 0.9728333333333333,
      "fpr": 0.027166666666666665,
      "fnr": 0.172,
      "auroc": 0.9821585,
      "auprc": 0.9114905803390362,
      "support": 1000,
      "tp": 828,
      "tn": 5837,
      "fp": 163,
      "fn": 172
    },
    "5": {
      "precision": 0.9681592039800995,
      "recall": 0.973,
      "f1": 0.9705735660847881,
      "specificity": 0.9946666666666667,
      "fpr": 0.005333333333333333,
      "fnr": 0.027,
      "auroc": 0.9987995,
      "auprc": 0.9958604463779469,
      "support": 1000,
      "tp": 973,
      "tn": 5968,
      "fp": 32,
      "fn": 27
    },
    "6": {
      "precision": 0.9783464566929134,
      "recall": 0.994,
      "f1": 0.9861111111111112,
      "specificity": 0.9963333333333333,
      "fpr": 0.0036666666666666666,
      "fnr": 0.006,
      "auroc": 0.9992663333333333,
      "auprc": 0.9975801499599178,
      "support": 1000,
      "tp": 994,
      "tn": 5978,
      "fp": 22,
      "fn": 6
    }
  },
  "confusion_matrix": [
    [
      961,
      5,
      23,
      0,
      8,
      3,
      0
    ],
    [
      2,
      903,
      10,
      0,
      84,
      1,
      0
    ],
    [
      2,
      23,
      909,
      0,
      62,
      4,
      0
    ],
    [
      0,
      0,
      2,
      978,
      0,
      1,
      19
    ],
    [
      0,
      117,
      32,
      1,
      828,
      22,
      0
    ],
    [
      1,
      7,
      4,
      3,
      9,
      973,
      3
    ],
    [
      0,
      0,
      0,
      5,
      0,
      1,
      994
    ]
  ]
}