{
  "experiment": "exp3",
  "condition": {
    "num_classes": 9,
    "class_list": [
      0,
      1,
      2,
      3,
      4,
      5,
      6,
      7,
      8
    ],
    "class_names": [
      "T-shirt/top",
      "Trouser",
      "Pullover",
      "Dress",
      "Coat",
      "Sandal",
      "Shirt",
      "Sneaker",
      "Bag"
    ],
    "combo_idx": 0,
    "subset_pct": 80,
    "num_samples": 43200,
    "samples_per_class": 4800,
    "train_samples": 38880,
    "val_samples": 4320,
    "test_samples": 9000
  },
  "seed": 99719928,
  "timestamp": "2026-01-18T03:19:33.275411",
  "training_dynamics": {
    "epochs_trained": 18,
    "best_epoch": 8,
    "best_val_accuracy": 0.9287037037037037,
    "final_train_loss": 0.06496006276460034,
    "final_val_loss": 0.2948048530905335,
    "training_time_seconds": 34.5324592590332
  },
  "training_history": {
    "train_loss": [
      0.4720825197567281,
      0.3136619261073831,
      0.2665345352878304,
      0.2306770771790884,
      0.20604331547541446,
      0.190560642838184,
      0.1677539837669189,
      0.1491685409411347,
      0.13387468054057344,
      0.122402742753222,
      0.11061851147372324,
      0.09941563615115899,
      0.09207206375676354,
      0.08513108161232115,
      0.0741799764666786,
      0.07349014883603606,
      0.06541262696957442,
      0.06496006276460034
    ],
    "val_loss": [
      0.2977687004539702,
      0.2759998313806675,
      0.27840299407641095,
      0.23665285066322045,
      0.22139901342215362,
      0.22197105111899199,
      0.2256656116909451,
      0.21155796233150695,
      0.24191993320429767,
      0.23676899975096738,
      0.24494901807219893,
      0.25427390979947867,
      0.2629203544722663,
      0.26330636342366537,
      0.27498978939321306,
      0.2649337707294358,
      0.3256809677238818,
      0.2948048530905335
    ],
    "val_accuracy": [
      0.8930555555555556,
      0.8988425925925926,
      0.893287037037037,
      0.9113425925925925,
      0.9189814814814815,
      0.9166666666666666,
      0.9189814814814815,
      0.9236111111111112,
      0.9178240740740741,
      0.9231481481481482,
      0.919212962962963,
      0.9254629629629629,
      0.919212962962963,
      0.9208333333333333,
      0.9203703703703704,
      0.9287037037037037,
      0.9155092592592593,
      0.9215277777777777
    ]
  },
  "global_metrics": {
    "accuracy": 0.9175555555555556,
    "balanced_accuracy": 0.9175555555555555,
    "top_3_accuracy": 0.9934444444444445,
    "top_5_accuracy": 0.9994444444444445,
    "log_loss": 0.24123845415063835,
    "mcc": 0.9073392260777289,
    "cohens_kappa": 0.90725,
    "precision_macro": 0.9185070573854356,
    "precision_micro": 0.9175555555555556,
    "precision_weighted": 0.9185070573854357,
    "recall_macro": 0.9175555555555555,
    "recall_micro": 0.9175555555555556,
    "recall_weighted": 0.9175555555555556,
    "f1_macro": 0.9176650503614385,
    "f1_micro": 0.9175555555555556,
    "f1_weighted": 0.9176650503614384,
    "auroc_macro": 0.9941619652777778,
    "auroc_weighted": 0.9941619652777778,
    "auprc_macro": 0.9646689850015512
  },
  "per_class_metrics": {
    "0": {
      "precision": 0.8690476190476191,
      "recall": 0.876,
      "f1": 0.8725099601593627,
      "specificity": 0.9835,
      "fpr": 0.0165,
      "fnr": 0.124,
      "auroc": 0.991729375,
      "auprc": 0.9497896193530181,
      "support": 1000,
      "tp": 876,
      "tn": 7868,
      "fp": 132,
      "fn": 124
    },
    "1": {
      "precision": 0.9948979591836735,
      "recall": 0.975,
      "f1": 0.984848484848485,
      "specificity": 0.999375,
      "fpr": 0.000625,
      "fnr": 0.025,
      "auroc": 0.9998155,
      "auprc": 0.9987972251223454,
      "support": 1000,
      "tp": 975,
      "tn": 7995,
      "fp": 5,
      "fn": 25
    },
    "2": {
      "precision": 0.9194260485651214,
      "recall": 0.833,
      "f1": 0.8740818467995801,
      "specificity": 0.990875,
      "fpr": 0.009125,
      "fnr": 0.167,
      "auroc": 0.991231375,
      "auprc": 0.9494634365701534,
      "support": 1000,
      "tp": 833,
      "tn": 7927,
      "fp": 73,
      "fn": 167
    },
    "3": {
      "precision": 0.9020912547528517,
      "recall": 0.949,
      "f1": 0.9249512670565303,
      "specificity": 0.987125,
      "fpr": 0.012875,
      "fnr": 0.051,
      "auroc": 0.99649475,
      "auprc": 0.9728271793760962,
      "support": 1000,
      "tp": 949,
      "tn": 7897,
      "fp": 103,
      "fn": 51
    },
    "4": {
      "precision": 0.861405197305101,
      "recall": 0.895,
      "f1": 0.877881314369789,
      "specificity": 0.982,
      "fpr": 0.018,
      "fnr": 0.105,
      "auroc": 0.992444875,
      "auprc": 0.9486188624497265,
      "support": 1000,
      "tp": 895,
      "tn": 7856,
      "fp": 144,
      "fn": 105
    },
    "5": {
      "precision": 0.9899091826437941,
      "recall": 0.981,
      "f1": 0.9854344550477147,
      "specificity": 0.99875,
      "fpr": 0.00125,
      "fnr": 0.019,
      "auroc": 0.999679375,
      "auprc": 0.9984123233342096,
      "support": 1000,
      "tp": 981,
      "tn": 7990,
      "fp": 10,
      "fn": 19
    },
    "6": {
      "precision": 0.7576054955839058,
      "recall": 0.772,
      "f1": 0.7647350173353146,
      "specificity": 0.969125,
      "fpr": 0.030875,
      "fnr": 0.228,
      "auroc": 0.9764,
      "auprc": 0.866742812740121,
      "support": 1000,
      "tp": 772,
      "tn": 7753,
      "fp": 247,
      "fn": 228
    },
    "7": {
      "precision": 0.9802371541501976,
      "recall": 0.992,
      "f1": 0.9860834990059641,
      "specificity": 0.9975,
      "fpr": 0.0025,
      "fnr": 0.008,
      "auroc": 0.9998486875,
      "auprc": 0.9986821767181442,
      "support": 1000,
      "tp": 992,
      "tn": 7980,
      "fp": 20,
      "fn": 8
    },
    "8": {
      "precision": 0.9919436052366566,
      "recall": 0.985,
      "f1": 0.9884596086302057,
      "specificity": 0.999,
      "fpr": 0.001,
      "fnr": 0.015,
      "auroc": 0.9998137500000001,
      "auprc": 0.9986872293501465,
      "support": 1000,
      "tp": 985,
      "tn": 7992,
      "fp": 8,
      "fn": 15
    }
  },
  "confusion_matrix": [
    [
      876,
      0,
      7,
      18,
      4,
      0,
      91,
      0,
      4
    ],
    [
      5,
      975,
      0,
      14,
      3,
      0,
      2,
      0,
      1
    ],
    [
      17,
      1,
      833,
      13,
      60,
      0,
      76,
      0,
      0
    ],
    [
      7,
      2,
      6,
      949,
      19,
      0,
      17,
      0,
      0
    ],
    [
      0,
      0,
      24,
      22,
      895,
      0,
      59,
      0,
      0
    ],
    [
      0,
      0,
      0,
      0,
      0,
      981,
      0,
      19,
      0
    ],
    [
      98,
      1,
      36,
      34,
      56,
      0,
      772,
      0,
      3
    ],
    [
      0,
      0,
      0,
      0,
      0,
      8,
      0,
      992,
      0
    ],
    [
      5,
      1,
      0,
      2,
      2,
      2,
      2,
      1,
      985
    ]
  ]
}