{
  "experiment": "exp3",
  "condition": {
    "num_classes": 6,
    "class_list": [
      0,
      2,
      4,
      5,
      7,
      8
    ],
    "class_names": [
      "T-shirt/top",
      "Pullover",
      "Coat",
      "Sandal",
      "Sneaker",
      "Bag"
    ],
    "combo_idx": 2,
    "subset_pct": 80,
    "num_samples": 28800,
    "samples_per_class": 4800,
    "train_samples": 25920,
    "val_samples": 2880,
    "test_samples": 6000
  },
  "seed": 99719928,
  "timestamp": "2026-01-18T02:41:14.080422",
  "training_dynamics": {
    "epochs_trained": 15,
    "best_epoch": 5,
    "best_val_accuracy": 0.9642361111111111,
    "final_train_loss": 0.03172239321736722,
    "final_val_loss": 0.1418124101849066,
    "training_time_seconds": 18.753156661987305
  },
  "training_history": {
    "train_loss": [
      0.2714096114867263,
      0.15431425182815686,
      0.12371487950009329,
      0.1062465956227647,
      0.08864740421650587,
      0.07677183853186391,
      0.06798377715189148,
      0.06189115092641226,
      0.052644036468808296,
      0.05224899136242859,
      0.049752367984785204,
      0.040119410194542814,
      0.032615102655081836,
      0.0326039360580322,
      0.03172239321736722
    ],
    "val_loss": [
      0.15220407305492295,
      0.1256048784073856,
      0.1224231645050976,
      0.13008577881587877,
      0.10196020750121938,
      0.11320242302285301,
      0.14409124455932115,
      0.1206836770185166,
      0.1076301736653679,
      0.11657469309866428,
      0.10482190607322586,
      0.13120065913794354,
      0.19596537684814797,
      0.15049680776687133,
      0.1418124101849066
    ],
    "val_accuracy": [
      0.9423611111111111,
      0.9555555555555556,
      0.9552083333333333,
      0.9527777777777777,
      0.9638888888888889,
      0.9597222222222223,
      0.9545138888888889,
      0.9642361111111111,
      0.9600694444444444,
      0.9618055555555556,
      0.9638888888888889,
      0.9607638888888889,
      0.9375,
      0.9579861111111111,
      0.9642361111111111
    ]
  },
  "global_metrics": {
    "accuracy": 0.96,
    "balanced_accuracy": 0.96,
    "top_3_accuracy": 0.9981666666666666,
    "top_5_accuracy": 0.9998333333333334,
    "log_loss": 0.11508960426791759,
    "mcc": 0.9520156449189817,
    "cohens_kappa": 0.952,
    "precision_macro": 0.9602107971380764,
    "precision_micro": 0.96,
    "precision_weighted": 0.9602107971380763,
    "recall_macro": 0.96,
    "recall_micro": 0.96,
    "recall_weighted": 0.96,
    "f1_macro": 0.9600654729065988,
    "f1_micro": 0.96,
    "f1_weighted": 0.9600654729065986,
    "auroc_macro": 0.9976755333333335,
    "auroc_weighted": 0.9976755333333333,
    "auprc_macro": 0.9897656043323001
  },
  "per_class_metrics": {
    "0": {
      "precision": 0.9618856569709128,
      "recall": 0.959,
      "f1": 0.9604406609914872,
      "specificity": 0.9924,
      "fpr": 0.0076,
      "fnr": 0.041,
      "auroc": 0.9982128,
      "auprc": 0.9919199101844789,
      "support": 1000,
      "tp": 959,
      "tn": 4962,
      "fp": 38,
      "fn": 41
    },
    "1": {
      "precision": 0.9109109109109109,
      "recall": 0.91,
      "f1": 0.9104552276138069,
      "specificity": 0.9822,
      "fpr": 0.0178,
      "fnr": 0.09,
      "auroc": 0.993156,
      "auprc": 0.9704074203689724,
      "support": 1000,
      "tp": 910,
      "tn": 4911,
      "fp": 89,
      "fn": 90
    },
    "2": {
      "precision": 0.9202755905511811,
      "recall": 0.935,
      "f1": 0.9275793650793651,
      "specificity": 0.9838,
      "fpr": 0.0162,
      "fnr": 0.065,
      "auroc": 0.9955771999999999,
      "auprc": 0.9798121338280137,
      "support": 1000,
      "tp": 935,
      "tn": 4919,
      "fp": 81,
      "fn": 65
    },
    "3": {
      "precision": 0.9929435483870968,
      "recall": 0.985,
      "f1": 0.9889558232931727,
      "specificity": 0.9986,
      "fpr": 0.0014,
      "fnr": 0.015,
      "auroc": 0.9997228,
      "auprc": 0.9988687826864778,
      "support": 1000,
      "tp": 985,
      "tn": 4993,
      "fp": 7,
      "fn": 15
    },
    "4": {
      "precision": 0.9793307086614174,
      "recall": 0.995,
      "f1": 0.9871031746031748,
      "specificity": 0.9958,
      "fpr": 0.0042,
      "fnr": 0.005,
      "auroc": 0.9998198,
      "auprc": 0.9990629199893349,
      "support": 1000,
      "tp": 995,
      "tn": 4979,
      "fp": 21,
      "fn": 5
    },
    "5": {
      "precision": 0.9959183673469387,
      "recall": 0.976,
      "f1": 0.9858585858585859,
      "specificity": 0.9992,
      "fpr": 0.0008,
      "fnr": 0.024,
      "auroc": 0.9995646,
      "auprc": 0.9985224589365228,
      "support": 1000,
      "tp": 976,
      "tn": 4996,
      "fp": 4,
      "fn": 24
    }
  },
  "confusion_matrix": [
    [
      959,
      24,
      12,
      1,
      0,
      4
    ],
    [
      30,
      910,
      60,
      0,
      0,
      0
    ],
    [
      3,
      62,
      935,
      0,
      0,
      0
    ],
    [
      0,
      0,
      0,
      985,
      15,
      0
    ],
    [
      0,
      0,
      0,
      5,
      995,
      0
    ],
    [
      5,
      3,
      9,
      1,
      6,
      976
    ]
  ]
}