{
  "experiment": "exp3",
  "condition": {
    "num_classes": 6,
    "class_list": [
      0,
      1,
      3,
      4,
      6,
      8
    ],
    "class_names": [
      "T-shirt/top",
      "Trouser",
      "Dress",
      "Coat",
      "Shirt",
      "Bag"
    ],
    "combo_idx": 1,
    "subset_pct": 20,
    "num_samples": 7200,
    "samples_per_class": 1200,
    "train_samples": 6480,
    "val_samples": 720,
    "test_samples": 6000
  },
  "seed": 99719928,
  "timestamp": "2026-01-18T02:37:25.237923",
  "training_dynamics": {
    "epochs_trained": 17,
    "best_epoch": 7,
    "best_val_accuracy": 0.8972222222222223,
    "final_train_loss": 0.03284018391779825,
    "final_val_loss": 0.46289748946825665,
    "training_time_seconds": 5.331220388412476
  },
  "training_history": {
    "train_loss": [
      0.5989781644414452,
      0.3803848597933264,
      0.3209845254234239,
      0.265597400638987,
      0.24729018811793888,
      0.2070323531972427,
      0.16585138315955797,
      0.15491851988960714,
      0.13662284451956844,
      0.11487462769682501,
      0.09071049910476979,
      0.06881389780627455,
      0.06370223030521005,
      0.0652380243363772,
      0.07719437284029874,
      0.044008858036249876,
      0.03284018391779825
    ],
    "val_loss": [
      0.41086020270983376,
      0.34282068808873495,
      0.29620818429523044,
      0.30680368410216435,
      0.2870915989081065,
      0.32806472844547696,
      0.2711888551712036,
      0.3294542557663388,
      0.3980135394467248,
      0.30542689694298636,
      0.35638148917092216,
      0.3183362046877543,
      0.3533478988541497,
      0.41206362909740873,
      0.3623745322227478,
      0.38101267284817164,
      0.46289748946825665
    ],
    "val_accuracy": [
      0.8375,
      0.8652777777777778,
      0.8763888888888889,
      0.8736111111111111,
      0.8972222222222223,
      0.8763888888888889,
      0.8958333333333334,
      0.8875,
      0.8791666666666667,
      0.8958333333333334,
      0.8861111111111111,
      0.8930555555555556,
      0.8833333333333333,
      0.8888888888888888,
      0.8930555555555556,
      0.8958333333333334,
      0.8944444444444445
    ]
  },
  "global_metrics": {
    "accuracy": 0.8848333333333334,
    "balanced_accuracy": 0.8848333333333334,
    "top_3_accuracy": 0.9901666666666666,
    "top_5_accuracy": 0.9988333333333334,
    "log_loss": 0.33032734276570247,
    "mcc": 0.8619255054910645,
    "cohens_kappa": 0.8618,
    "precision_macro": 0.883436386302021,
    "precision_micro": 0.8848333333333334,
    "precision_weighted": 0.883436386302021,
    "recall_macro": 0.8848333333333334,
    "recall_micro": 0.8848333333333334,
    "recall_weighted": 0.8848333333333334,
    "f1_macro": 0.8838225346047337,
    "f1_micro": 0.8848333333333334,
    "f1_weighted": 0.8838225346047338,
    "auroc_macro": 0.9861969500000001,
    "auroc_weighted": 0.98619695,
    "auprc_macro": 0.9457119769667957
  },
  "per_class_metrics": {
    "0": {
      "precision": 0.8374628344895937,
      "recall": 0.845,
      "f1": 0.8412145345943256,
      "specificity": 0.9672,
      "fpr": 0.0328,
      "fnr": 0.155,
      "auroc": 0.982066,
      "auprc": 0.927281428506992,
      "support": 1000,
      "tp": 845,
      "tn": 4836,
      "fp": 164,
      "fn": 155
    },
    "1": {
      "precision": 0.9809428284854563,
      "recall": 0.978,
      "f1": 0.9794692038057086,
      "specificity": 0.9962,
      "fpr": 0.0038,
      "fnr": 0.022,
      "auroc": 0.9989116,
      "auprc": 0.9968223272791741,
      "support": 1000,
      "tp": 978,
      "tn": 4981,
      "fp": 19,
      "fn": 22
    },
    "2": {
      "precision": 0.9107692307692308,
      "recall": 0.888,
      "f1": 0.8992405063291139,
      "specificity": 0.9826,
      "fpr": 0.0174,
      "fnr": 0.112,
      "auroc": 0.9913405999999999,
      "auprc": 0.9595016475169704,
      "support": 1000,
      "tp": 888,
      "tn": 4913,
      "fp": 87,
      "fn": 112
    },
    "3": {
      "precision": 0.868836291913215,
      "recall": 0.881,
      "f1": 0.8748758689175768,
      "specificity": 0.9734,
      "fpr": 0.0266,
      "fnr": 0.119,
      "auroc": 0.988873,
      "auprc": 0.9538389644883024,
      "support": 1000,
      "tp": 881,
      "tn": 4867,
      "fp": 133,
      "fn": 119
    },
    "4": {
      "precision": 0.7702127659574468,
      "recall": 0.724,
      "f1": 0.7463917525773195,
      "specificity": 0.9568,
      "fpr": 0.0432,
      "fnr": 0.276,
      "auroc": 0.9574301999999999,
      "auprc": 0.8402624675342087,
      "support": 1000,
      "tp": 724,
      "tn": 4784,
      "fp": 216,
      "fn": 276
    },
    "5": {
      "precision": 0.9323943661971831,
      "recall": 0.993,
      "f1": 0.9617433414043584,
      "specificity": 0.9856,
      "fpr": 0.0144,
      "fnr": 0.007,
      "auroc": 0.9985603000000001,
      "auprc": 0.9965650264751266,
      "support": 1000,
      "tp": 993,
      "tn": 4928,
      "fp": 72,
      "fn": 7
    }
  },
  "confusion_matrix": [
    [
      845,
      1,
      25,
      7,
      105,
      17
    ],
    [
      0,
      978,
      14,
      3,
      2,
      3
    ],
    [
      28,
      10,
      888,
      35,
      31,
      8
    ],
    [
      2,
      4,
      28,
      881,
      78,
      7
    ],
    [
      133,
      3,
      17,
      86,
      724,
      37
    ],
    [
      1,
      1,
      3,
      2,
      0,
      993
    ]
  ]
}