{
  "experiment": "exp3",
  "condition": {
    "num_classes": 4,
    "class_list": [
      1,
      5,
      7,
      9
    ],
    "class_names": [
      "Trouser",
      "Sandal",
      "Sneaker",
      "Ankle boot"
    ],
    "combo_idx": 4,
    "subset_pct": 60,
    "num_samples": 14400,
    "samples_per_class": 3600,
    "train_samples": 12960,
    "val_samples": 1440,
    "test_samples": 4000
  },
  "seed": 99719928,
  "timestamp": "2026-01-18T02:23:01.486642",
  "training_dynamics": {
    "epochs_trained": 18,
    "best_epoch": 8,
    "best_val_accuracy": 0.9791666666666666,
    "final_train_loss": 0.014951631156937706,
    "final_val_loss": 0.08442810259811166,
    "training_time_seconds": 11.439262390136719
  },
  "training_history": {
    "train_loss": [
      0.1733233990799177,
      0.08327361534858865,
      0.06548390109917801,
      0.05116248643255146,
      0.04423557937241577,
      0.03734307335357049,
      0.032813275167535016,
      0.025456650148769796,
      0.018032671904777465,
      0.019176417382148994,
      0.019849032468851793,
      0.02259108171456498,
      0.012328938491806956,
      0.015284186228679658,
      0.008065963470404412,
      0.003648914672778809,
      0.012051849393729606,
      0.014951631156937706
    ],
    "val_loss": [
      0.08307340070605278,
      0.06967927656239933,
      0.060504679299063155,
      0.07924190113941829,
      0.08922820472055011,
      0.07131055317198237,
      0.08781033103457755,
      0.05360274081014925,
      0.0842339056233565,
      0.071708875708282,
      0.09220008295443323,
      0.09416729825445347,
      0.08046789166207115,
      0.06873562729193104,
      0.10286717309564766,
      0.09025934498058633,
      0.12096787355840206,
      0.08442810259811166
    ],
    "val_accuracy": [
      0.9659722222222222,
      0.9729166666666667,
      0.9777777777777777,
      0.9694444444444444,
      0.9729166666666667,
      0.9784722222222222,
      0.9715277777777778,
      0.9791666666666666,
      0.9715277777777778,
      0.9715277777777778,
      0.9715277777777778,
      0.975,
      0.9791666666666666,
      0.9756944444444444,
      0.9770833333333333,
      0.9784722222222222,
      0.9701388888888889,
      0.9763888888888889
    ]
  },
  "global_metrics": {
    "accuracy": 0.9795,
    "balanced_accuracy": 0.9795,
    "top_3_accuracy": 1.0,
    "top_5_accuracy": 1.0,
    "log_loss": 0.0627893253660124,
    "mcc": 0.9726730701187898,
    "cohens_kappa": 0.9726666666666667,
    "precision_macro": 0.9795285081516061,
    "precision_micro": 0.9795,
    "precision_weighted": 0.9795285081516062,
    "recall_macro": 0.9795,
    "recall_micro": 0.9795,
    "recall_weighted": 0.9795,
    "f1_macro": 0.9795046950755549,
    "f1_micro": 0.9795,
    "f1_weighted": 0.9795046950755549,
    "auroc_macro": 0.9989453333333334,
    "auroc_weighted": 0.9989453333333334,
    "auprc_macro": 0.9971250948723407
  },
  "per_class_metrics": {
    "0": {
      "precision": 0.998003992015968,
      "recall": 1.0,
      "f1": 0.9990009990009989,
      "specificity": 0.9993333333333333,
      "fpr": 0.0006666666666666666,
      "fnr": 0.0,
      "auroc": 1.0,
      "auprc": 1.0,
      "support": 1000,
      "tp": 1000,
      "tn": 2998,
      "fp": 2,
      "fn": 0
    },
    "1": {
      "precision": 0.9849548645937813,
      "recall": 0.982,
      "f1": 0.9834752128192289,
      "specificity": 0.995,
      "fpr": 0.005,
      "fnr": 0.018,
      "auroc": 0.9995353333333333,
      "auprc": 0.9986139628737511,
      "support": 1000,
      "tp": 982,
      "tn": 2985,
      "fp": 15,
      "fn": 18
    },
    "2": {
      "precision": 0.9603567888999008,
      "recall": 0.969,
      "f1": 0.9646590343454454,
      "specificity": 0.9866666666666667,
      "fpr": 0.013333333333333334,
      "fnr": 0.031,
      "auroc": 0.998184,
      "auprc": 0.9947989029322089,
      "support": 1000,
      "tp": 969,
      "tn": 2960,
      "fp": 40,
      "fn": 31
    },
    "3": {
      "precision": 0.9747983870967742,
      "recall": 0.967,
      "f1": 0.9708835341365463,
      "specificity": 0.9916666666666667,
      "fpr": 0.008333333333333333,
      "fnr": 0.033,
      "auroc": 0.998062,
      "auprc": 0.9950875136834029,
      "support": 1000,
      "tp": 967,
      "tn": 2975,
      "fp": 25,
      "fn": 33
    }
  },
  "confusion_matrix": [
    [
      1000,
      0,
      0,
      0
    ],
    [
      1,
      982,
      15,
      2
    ],
    [
      0,
      8,
      969,
      23
    ],
    [
      1,
      7,
      25,
      967
    ]
  ]
}