{
  "experiment": "exp3",
  "condition": {
    "num_classes": 8,
    "class_list": [
      1,
      2,
      3,
      4,
      5,
      7,
      8,
      9
    ],
    "class_names": [
      "Trouser",
      "Pullover",
      "Dress",
      "Coat",
      "Sandal",
      "Sneaker",
      "Bag",
      "Ankle boot"
    ],
    "combo_idx": 3,
    "subset_pct": 90,
    "num_samples": 43200,
    "samples_per_class": 5400,
    "train_samples": 38880,
    "val_samples": 4320,
    "test_samples": 8000
  },
  "seed": 99719928,
  "timestamp": "2026-01-18T03:13:14.506823",
  "training_dynamics": {
    "epochs_trained": 14,
    "best_epoch": 4,
    "best_val_accuracy": 0.9599537037037037,
    "final_train_loss": 0.036142224768187396,
    "final_val_loss": 0.16999555859300824,
    "training_time_seconds": 28.049687147140503
  },
  "training_history": {
    "train_loss": [
      0.27434631778956636,
      0.1563809162348901,
      0.13061992492600294,
      0.10851821286211673,
      0.09469943498123412,
      0.08526436933415855,
      0.07339035284071303,
      0.06737565247404793,
      0.05812549941497549,
      0.05584616458126172,
      0.04684036659646632,
      0.045803322181631016,
      0.04091376914852605,
      0.036142224768187396
    ],
    "val_loss": [
      0.18769690438553138,
      0.14232206819234072,
      0.14933993264480874,
      0.11640879796059043,
      0.17612904558579126,
      0.12554969573738398,
      0.12355863421603486,
      0.13303263163952916,
      0.13110706464008048,
      0.21635626940815536,
      0.13317814894986374,
      0.15074237645776184,
      0.17766715588944929,
      0.16999555859300824
    ],
    "val_accuracy": [
      0.9342592592592592,
      0.9476851851851852,
      0.9481481481481482,
      0.9594907407407407,
      0.9432870370370371,
      0.9574074074074074,
      0.9585648148148148,
      0.9597222222222223,
      0.9583333333333334,
      0.9398148148148148,
      0.9599537037037037,
      0.9564814814814815,
      0.9574074074074074,
      0.9587962962962963
    ]
  },
  "global_metrics": {
    "accuracy": 0.958875,
    "balanced_accuracy": 0.9588749999999999,
    "top_3_accuracy": 0.998875,
    "top_5_accuracy": 0.999875,
    "log_loss": 0.11528053559763558,
    "mcc": 0.953016167375689,
    "cohens_kappa": 0.953,
    "precision_macro": 0.9591582941612498,
    "precision_micro": 0.958875,
    "precision_weighted": 0.9591582941612499,
    "recall_macro": 0.9588749999999999,
    "recall_micro": 0.958875,
    "recall_weighted": 0.958875,
    "f1_macro": 0.9589601399811977,
    "f1_micro": 0.958875,
    "f1_weighted": 0.9589601399811977,
    "auroc_macro": 0.9984968035714286,
    "auroc_weighted": 0.9984968035714286,
    "auprc_macro": 0.9903269388438691
  },
  "per_class_metrics": {
    "0": {
      "precision": 0.9959349593495935,
      "recall": 0.98,
      "f1": 0.9879032258064516,
      "specificity": 0.9994285714285714,
      "fpr": 0.0005714285714285715,
      "fnr": 0.02,
      "auroc": 0.9997755714285714,
      "auprc": 0.9987811810566044,
      "support": 1000,
      "tp": 980,
      "tn": 6996,
      "fp": 4,
      "fn": 20
    },
    "1": {
      "precision": 0.9134709931170109,
      "recall": 0.929,
      "f1": 0.9211700545364404,
      "specificity": 0.9874285714285714,
      "fpr": 0.012571428571428572,
      "fnr": 0.071,
      "auroc": 0.9960514285714285,
      "auprc": 0.9774816621962463,
      "support": 1000,
      "tp": 929,
      "tn": 6912,
      "fp": 88,
      "fn": 71
    },
    "2": {
      "precision": 0.9391560353287537,
      "recall": 0.957,
      "f1": 0.9479940564635959,
      "specificity": 0.9911428571428571,
      "fpr": 0.008857142857142857,
      "fnr": 0.043,
      "auroc": 0.9985069999999999,
      "auprc": 0.9893009764254358,
      "support": 1000,
      "tp": 957,
      "tn": 6938,
      "fp": 62,
      "fn": 43
    },
    "3": {
      "precision": 0.9161616161616162,
      "recall": 0.907,
      "f1": 0.9115577889447237,
      "specificity": 0.9881428571428571,
      "fpr": 0.011857142857142858,
      "fnr": 0.093,
      "auroc": 0.9958831428571429,
      "auprc": 0.9709924210975311,
      "support": 1000,
      "tp": 907,
      "tn": 6917,
      "fp": 83,
      "fn": 93
    },
    "4": {
      "precision": 0.9879518072289156,
      "recall": 0.984,
      "f1": 0.9859719438877755,
      "specificity": 0.9982857142857143,
      "fpr": 0.0017142857142857142,
      "fnr": 0.016,
      "auroc": 0.9998392857142857,
      "auprc": 0.9989073221539384,
      "support": 1000,
      "tp": 984,
      "tn": 6988,
      "fp": 12,
      "fn": 16
    },
    "5": {
      "precision": 0.952054794520548,
      "recall": 0.973,
      "f1": 0.9624134520276955,
      "specificity": 0.993,
      "fpr": 0.007,
      "fnr": 0.027,
      "auroc": 0.9989787142857143,
      "auprc": 0.9939847247553882,
      "support": 1000,
      "tp": 973,
      "tn": 6951,
      "fp": 49,
      "fn": 27
    },
    "6": {
      "precision": 0.9959473150962512,
      "recall": 0.983,
      "f1": 0.9894313034725718,
      "specificity": 0.9994285714285714,
      "fpr": 0.0005714285714285715,
      "fnr": 0.017,
      "auroc": 0.999720142857143,
      "auprc": 0.9987574169726867,
      "support": 1000,
      "tp": 983,
      "tn": 6996,
      "fp": 4,
      "fn": 17
    },
    "7": {
      "precision": 0.9725888324873097,
      "recall": 0.958,
      "f1": 0.9652392947103274,
      "specificity": 0.9961428571428571,
      "fpr": 0.003857142857142857,
      "fnr": 0.042,
      "auroc": 0.9992191428571429,
      "auprc": 0.9944098060931217,
      "support": 1000,
      "tp": 958,
      "tn": 6973,
      "fp": 27,
      "fn": 42
    }
  },
  "confusion_matrix": [
    [
      980,
      0,
      16,
      2,
      0,
      0,
      2,
      0
    ],
    [
      1,
      929,
      13,
      56,
      0,
      0,
      1,
      0
    ],
    [
      2,
      18,
      957,
      23,
      0,
      0,
      0,
      0
    ],
    [
      0,
      64,
      29,
      907,
      0,
      0,
      0,
      0
    ],
    [
      0,
      0,
      0,
      0,
      984,
      10,
      0,
      6
    ],
    [
      0,
      0,
      0,
      0,
      6,
      973,
      0,
      21
    ],
    [
      1,
      6,
      4,
      2,
      1,
      3,
      983,
      0
    ],
    [
      0,
      0,
      0,
      0,
      5,
      36,
      1,
      958
    ]
  ]
}