{
  "experiment": "exp3",
  "condition": {
    "num_classes": 3,
    "class_list": [
      1,
      4,
      7
    ],
    "class_names": [
      "Trouser",
      "Coat",
      "Sneaker"
    ],
    "combo_idx": 2,
    "subset_pct": 100,
    "num_samples": 18000,
    "samples_per_class": 6000,
    "train_samples": 16200,
    "val_samples": 1800,
    "test_samples": 3000
  },
  "seed": 99719928,
  "timestamp": "2026-01-18T02:11:22.855681",
  "training_dynamics": {
    "epochs_trained": 16,
    "best_epoch": 6,
    "best_val_accuracy": 1.0,
    "final_train_loss": 6.921837653165443e-05,
    "final_val_loss": 0.002428306975425585,
    "training_time_seconds": 13.704736471176147
  },
  "training_history": {
    "train_loss": [
      0.036899467773449525,
      0.010209965962058335,
      0.00909428664203378,
      0.0028165508050993974,
      0.004297664280746777,
      0.005705284992067624,
      0.0013022073356909066,
      0.0022996162425920914,
      0.00029599016418825543,
      0.002846196726874107,
      0.00451018252185285,
      0.0020724413610503883,
      0.0006003752138038245,
      0.00013262444811894378,
      5.7519613831369126e-05,
      6.921837653165443e-05
    ],
    "val_loss": [
      0.004688785385547413,
      0.0025953348479460046,
      0.005379174903500825,
      0.006484543215893711,
      0.01848180850430961,
      0.0011432519010350006,
      0.010959010846561847,
      0.0017372329929134544,
      0.002795266514192715,
      0.005254432972995144,
      0.0023358957088546756,
      0.0030080925187197256,
      0.0025964181678389446,
      0.002313484092989913,
      0.0012085581264778334,
      0.002428306975425585
    ],
    "val_accuracy": [
      0.9988888888888889,
      0.9994444444444445,
      0.9988888888888889,
      0.9988888888888889,
      0.9955555555555555,
      1.0,
      0.9966666666666667,
      0.9988888888888889,
      0.9994444444444445,
      0.9983333333333333,
      0.9983333333333333,
      0.9994444444444445,
      0.9994444444444445,
      0.9994444444444445,
      0.9994444444444445,
      0.9988888888888889
    ]
  },
  "global_metrics": {
    "accuracy": 0.9976666666666667,
    "balanced_accuracy": 0.9976666666666666,
    "top_3_accuracy": 1.0,
    "top_5_accuracy": 1.0,
    "log_loss": 0.00524120430925708,
    "mcc": 0.9965014947533632,
    "cohens_kappa": 0.9965,
    "precision_macro": 0.9976696456934779,
    "precision_micro": 0.9976666666666667,
    "precision_weighted": 0.9976696456934778,
    "recall_macro": 0.9976666666666666,
    "recall_micro": 0.9976666666666667,
    "recall_weighted": 0.9976666666666667,
    "f1_macro": 0.9976666614166548,
    "f1_micro": 0.9976666666666667,
    "f1_weighted": 0.9976666614166548,
    "auroc_macro": 0.9999925,
    "auroc_weighted": 0.9999925,
    "auprc_macro": 0.9999850413016675
  },
  "per_class_metrics": {
    "0": {
      "precision": 0.9979939819458375,
      "recall": 0.995,
      "f1": 0.9964947421131698,
      "specificity": 0.999,
      "fpr": 0.001,
      "fnr": 0.005,
      "auroc": 0.9999885000000001,
      "auprc": 0.9999770485473232,
      "support": 1000,
      "tp": 995,
      "tn": 1998,
      "fp": 2,
      "fn": 5
    },
    "1": {
      "precision": 0.9950149551345963,
      "recall": 0.998,
      "f1": 0.9965052421367948,
      "specificity": 0.9975,
      "fpr": 0.0025,
      "fnr": 0.002,
      "auroc": 0.999989,
      "auprc": 0.9999780753576794,
      "support": 1000,
      "tp": 998,
      "tn": 1995,
      "fp": 5,
      "fn": 2
    },
    "2": {
      "precision": 1.0,
      "recall": 1.0,
      "f1": 1.0,
      "specificity": 1.0,
      "fpr": 0.0,
      "fnr": 0.0,
      "auroc": 1.0,
      "auprc": 1.0,
      "support": 1000,
      "tp": 1000,
      "tn": 2000,
      "fp": 0,
      "fn": 0
    }
  },
  "confusion_matrix": [
    [
      995,
      5,
      0
    ],
    [
      2,
      998,
      0
    ],
    [
      0,
      0,
      1000
    ]
  ]
}