{
  "experiment": "exp3",
  "condition": {
    "num_classes": 7,
    "class_list": [
      0,
      1,
      3,
      4,
      6,
      8,
      9
    ],
    "class_names": [
      "T-shirt/top",
      "Trouser",
      "Dress",
      "Coat",
      "Shirt",
      "Bag",
      "Ankle boot"
    ],
    "combo_idx": 2,
    "subset_pct": 70,
    "num_samples": 29399,
    "samples_per_class": 4199,
    "train_samples": 26459,
    "val_samples": 2940,
    "test_samples": 7000
  },
  "seed": 99719928,
  "timestamp": "2026-01-18T02:53:19.566521",
  "training_dynamics": {
    "epochs_trained": 16,
    "best_epoch": 6,
    "best_val_accuracy": 0.9360544217687075,
    "final_train_loss": 0.05293197370165788,
    "final_val_loss": 0.28179626813551195,
    "training_time_seconds": 20.26861071586609
  },
  "training_history": {
    "train_loss": [
      0.3977898040039528,
      0.2671571319859817,
      0.22431264232826117,
      0.19396228458426426,
      0.17094241466895105,
      0.15154863242059946,
      0.13650065469713027,
      0.11687160526730732,
      0.10358873195046388,
      0.09538173541912566,
      0.08210998050112656,
      0.07230870391507656,
      0.06742129050946574,
      0.0582922880868495,
      0.050838765414355204,
      0.05293197370165788
    ],
    "val_loss": [
      0.27597935347735475,
      0.25409157724202086,
      0.21686586820754875,
      0.23661199499960658,
      0.21368657249171719,
      0.2105196833002324,
      0.241397282906941,
      0.21681272827443623,
      0.22818123649577704,
      0.2220742172732645,
      0.241556851555701,
      0.248673704732843,
      0.23929540725792348,
      0.2893534267435268,
      0.2992698340594363,
      0.28179626813551195
    ],
    "val_accuracy": [
      0.89421768707483,
      0.9078231292517007,
      0.9197278911564626,
      0.9112244897959184,
      0.9173469387755102,
      0.9241496598639456,
      0.9136054421768708,
      0.9292517006802721,
      0.9244897959183673,
      0.9360544217687075,
      0.932312925170068,
      0.9316326530612244,
      0.9312925170068027,
      0.9231292517006803,
      0.9292517006802721,
      0.9319727891156463
    ]
  },
  "global_metrics": {
    "accuracy": 0.9175714285714286,
    "balanced_accuracy": 0.9175714285714285,
    "top_3_accuracy": 0.9944285714285714,
    "top_5_accuracy": 0.9994285714285714,
    "log_loss": 0.22854667330962525,
    "mcc": 0.9042914730176898,
    "cohens_kappa": 0.9038333333333333,
    "precision_macro": 0.9185725408617831,
    "precision_micro": 0.9175714285714286,
    "precision_weighted": 0.9185725408617831,
    "recall_macro": 0.9175714285714285,
    "recall_micro": 0.9175714285714286,
    "recall_weighted": 0.9175714285714286,
    "f1_macro": 0.9168051104655375,
    "f1_micro": 0.9175714285714286,
    "f1_weighted": 0.9168051104655376,
    "auroc_macro": 0.992839,
    "auroc_weighted": 0.9928389999999999,
    "auprc_macro": 0.9648446134270564
  },
  "per_class_metrics": {
    "0": {
      "precision": 0.8085664335664335,
      "recall": 0.925,
      "f1": 0.8628731343283582,
      "specificity": 0.9635,
      "fpr": 0.0365,
      "fnr": 0.075,
      "auroc": 0.9886588333333334,
      "auprc": 0.9419312340578886,
      "support": 1000,
      "tp": 925,
      "tn": 5781,
      "fp": 219,
      "fn": 75
    },
    "1": {
      "precision": 0.9919191919191919,
      "recall": 0.982,
      "f1": 0.9869346733668342,
      "specificity": 0.9986666666666667,
      "fpr": 0.0013333333333333333,
      "fnr": 0.018,
      "auroc": 0.9995788333333333,
      "auprc": 0.9986081355810321,
      "support": 1000,
      "tp": 982,
      "tn": 5992,
      "fp": 8,
      "fn": 18
    },
    "2": {
      "precision": 0.8908212560386474,
      "recall": 0.922,
      "f1": 0.9061425061425062,
      "specificity": 0.9811666666666666,
      "fpr": 0.018833333333333334,
      "fnr": 0.078,
      "auroc": 0.9943536666666667,
      "auprc": 0.9628611865847999,
      "support": 1000,
      "tp": 922,
      "tn": 5887,
      "fp": 113,
      "fn": 78
    },
    "3": {
      "precision": 0.9109730848861284,
      "recall": 0.88,
      "f1": 0.8952187182095624,
      "specificity": 0.9856666666666667,
      "fpr": 0.014333333333333333,
      "fnr": 0.12,
      "auroc": 0.9933741666666667,
      "auprc": 0.966317513797687,
      "support": 1000,
      "tp": 880,
      "tn": 5914,
      "fp": 86,
      "fn": 120
    },
    "4": {
      "precision": 0.8466898954703833,
      "recall": 0.729,
      "f1": 0.7834497581945191,
      "specificity": 0.978,
      "fpr": 0.022,
      "fnr": 0.271,
      "auroc": 0.9745130000000001,
      "auprc": 0.8862960771908959,
      "support": 1000,
      "tp": 729,
      "tn": 5868,
      "fp": 132,
      "fn": 271
    },
    "5": {
      "precision": 0.9840319361277445,
      "recall": 0.986,
      "f1": 0.9850149850149851,
      "specificity": 0.9973333333333333,
      "fpr": 0.0026666666666666666,
      "fnr": 0.014,
      "auroc": 0.9994225,
      "auprc": 0.9980579588374866,
      "support": 1000,
      "tp": 986,
      "tn": 5984,
      "fp": 16,
      "fn": 14
    },
    "6": {
      "precision": 0.9970059880239521,
      "recall": 0.999,
      "f1": 0.998001998001998,
      "specificity": 0.9995,
      "fpr": 0.0005,
      "fnr": 0.001,
      "auroc": 0.9999720000000001,
      "auprc": 0.9998401879396054,
      "support": 1000,
      "tp": 999,
      "tn": 5997,
      "fp": 3,
      "fn": 1
    }
  },
  "confusion_matrix": [
    [
      925,
      0,
      9,
      6,
      54,
      6,
      0
    ],
    [
      0,
      982,
      15,
      0,
      1,
      2,
      0
    ],
    [
      46,
      5,
      922,
      7,
      20,
      0,
      0
    ],
    [
      2,
      1,
      59,
      880,
      56,
      2,
      0
    ],
    [
      166,
      2,
      25,
      72,
      729,
      6,
      0
    ],
    [
      4,
      0,
      5,
      1,
      1,
      986,
      3
    ],
    [
      1,
      0,
      0,
      0,
      0,
      0,
      999
    ]
  ]
}