{
  "experiment": "exp3",
  "condition": {
    "num_classes": 7,
    "class_list": [
      0,
      1,
      2,
      3,
      5,
      7,
      8
    ],
    "class_names": [
      "T-shirt/top",
      "Trouser",
      "Pullover",
      "Dress",
      "Sandal",
      "Sneaker",
      "Bag"
    ],
    "combo_idx": 1,
    "subset_pct": 50,
    "num_samples": 21000,
    "samples_per_class": 3000,
    "train_samples": 18900,
    "val_samples": 2100,
    "test_samples": 7000
  },
  "seed": 99719928,
  "timestamp": "2026-01-18T02:50:04.360464",
  "training_dynamics": {
    "epochs_trained": 14,
    "best_epoch": 4,
    "best_val_accuracy": 0.9757142857142858,
    "final_train_loss": 0.022458297265615868,
    "final_val_loss": 0.13760192440201838,
    "training_time_seconds": 12.373250722885132
  },
  "training_history": {
    "train_loss": [
      0.2528378863730845,
      0.13161114777274732,
      0.10188992282791012,
      0.0837609432362385,
      0.06881872242602922,
      0.05698888706251022,
      0.04708867988390282,
      0.04014534312473434,
      0.035979859073523655,
      0.0312046512239298,
      0.029209093413137942,
      0.02609324981814417,
      0.024121345592878218,
      0.022458297265615868
    ],
    "val_loss": [
      0.11833548162664687,
      0.11369613769508544,
      0.1135167129834493,
      0.08987548754328774,
      0.09698665513878776,
      0.1087403399887539,
      0.10316240835757483,
      0.10000687074093592,
      0.10239301538183576,
      0.09926768378132865,
      0.1148841917514801,
      0.1297862214985348,
      0.1337021306263549,
      0.13760192440201838
    ],
    "val_accuracy": [
      0.9614285714285714,
      0.9604761904761905,
      0.9647619047619047,
      0.9719047619047619,
      0.9714285714285714,
      0.9676190476190476,
      0.9719047619047619,
      0.9733333333333334,
      0.9709523809523809,
      0.9757142857142858,
      0.9661904761904762,
      0.9671428571428572,
      0.9704761904761905,
      0.9714285714285714
    ]
  },
  "global_metrics": {
    "accuracy": 0.9691428571428572,
    "balanced_accuracy": 0.969142857142857,
    "top_3_accuracy": 0.998,
    "top_5_accuracy": 1.0,
    "log_loss": 0.09426817278146139,
    "mcc": 0.964032800626394,
    "cohens_kappa": 0.964,
    "precision_macro": 0.9694519896704067,
    "precision_micro": 0.9691428571428572,
    "precision_weighted": 0.9694519896704068,
    "recall_macro": 0.969142857142857,
    "recall_micro": 0.9691428571428572,
    "recall_weighted": 0.9691428571428572,
    "f1_macro": 0.9692008704668106,
    "f1_micro": 0.9691428571428572,
    "f1_weighted": 0.9692008704668106,
    "auroc_macro": 0.9987021785714286,
    "auroc_weighted": 0.9987021785714286,
    "auprc_macro": 0.9931930326621876
  },
  "per_class_metrics": {
    "0": {
      "precision": 0.9462474645030426,
      "recall": 0.933,
      "f1": 0.9395770392749245,
      "specificity": 0.9911666666666666,
      "fpr": 0.008833333333333334,
      "fnr": 0.067,
      "auroc": 0.9964120000000001,
      "auprc": 0.9817198384813636,
      "support": 1000,
      "tp": 933,
      "tn": 5947,
      "fp": 53,
      "fn": 67
    },
    "1": {
      "precision": 0.9958847736625515,
      "recall": 0.968,
      "f1": 0.9817444219066936,
      "specificity": 0.9993333333333333,
      "fpr": 0.0006666666666666666,
      "fnr": 0.032,
      "auroc": 0.9997801666666666,
      "auprc": 0.9989384243855024,
      "support": 1000,
      "tp": 968,
      "tn": 5996,
      "fp": 4,
      "fn": 32
    },
    "2": {
      "precision": 0.9580838323353293,
      "recall": 0.96,
      "f1": 0.9590409590409591,
      "specificity": 0.993,
      "fpr": 0.007,
      "fnr": 0.04,
      "auroc": 0.9975300833333333,
      "auprc": 0.989774205501948,
      "support": 1000,
      "tp": 960,
      "tn": 5958,
      "fp": 42,
      "fn": 40
    },
    "3": {
      "precision": 0.9298751200768491,
      "recall": 0.968,
      "f1": 0.9485546300832924,
      "specificity": 0.9878333333333333,
      "fpr": 0.012166666666666666,
      "fnr": 0.032,
      "auroc": 0.9977138333333333,
      "auprc": 0.9849199663052164,
      "support": 1000,
      "tp": 968,
      "tn": 5927,
      "fp": 73,
      "fn": 32
    },
    "4": {
      "precision": 0.9802176063303659,
      "recall": 0.991,
      "f1": 0.9855793137742417,
      "specificity": 0.9966666666666667,
      "fpr": 0.0033333333333333335,
      "fnr": 0.009,
      "auroc": 0.9998388333333333,
      "auprc": 0.9991005648710404,
      "support": 1000,
      "tp": 991,
      "tn": 5980,
      "fp": 20,
      "fn": 9
    },
    "5": {
      "precision": 0.9899396378269618,
      "recall": 0.984,
      "f1": 0.9869608826479439,
      "specificity": 0.9983333333333333,
      "fpr": 0.0016666666666666668,
      "fnr": 0.016,
      "auroc": 0.9998578333333333,
      "auprc": 0.9991297019575042,
      "support": 1000,
      "tp": 984,
      "tn": 5990,
      "fp": 10,
      "fn": 16
    },
    "6": {
      "precision": 0.9859154929577465,
      "recall": 0.98,
      "f1": 0.9829488465396189,
      "specificity": 0.9976666666666667,
      "fpr": 0.0023333333333333335,
      "fnr": 0.02,
      "auroc": 0.9997825,
      "auprc": 0.9987685271327388,
      "support": 1000,
      "tp": 980,
      "tn": 5986,
      "fp": 14,
      "fn": 20
    }
  },
  "confusion_matrix": [
    [
      933,
      0,
      23,
      35,
      1,
      0,
      8
    ],
    [
      4,
      968,
      0,
      25,
      0,
      0,
      3
    ],
    [
      28,
      1,
      960,
      10,
      0,
      0,
      1
    ],
    [
      18,
      2,
      10,
      968,
      0,
      0,
      2
    ],
    [
      0,
      0,
      0,
      0,
      991,
      9,
      0
    ],
    [
      0,
      0,
      0,
      0,
      16,
      984,
      0
    ],
    [
      3,
      1,
      9,
      3,
      3,
      1,
      980
    ]
  ]
}