{
  "experiment": "exp3",
  "condition": {
    "num_classes": 9,
    "class_list": [
      0,
      1,
      2,
      3,
      4,
      5,
      6,
      7,
      9
    ],
    "class_names": [
      "T-shirt/top",
      "Trouser",
      "Pullover",
      "Dress",
      "Coat",
      "Sandal",
      "Shirt",
      "Sneaker",
      "Ankle boot"
    ],
    "combo_idx": 1,
    "subset_pct": 100,
    "num_samples": 54000,
    "samples_per_class": 6000,
    "train_samples": 48600,
    "val_samples": 5400,
    "test_samples": 9000
  },
  "seed": 99719928,
  "timestamp": "2026-01-18T03:24:41.542706",
  "training_dynamics": {
    "epochs_trained": 14,
    "best_epoch": 4,
    "best_val_accuracy": 0.9214814814814815,
    "final_train_loss": 0.09382793545649436,
    "final_val_loss": 0.26498300119682594,
    "training_time_seconds": 36.493732929229736
  },
  "training_history": {
    "train_loss": [
      0.4539416367874334,
      0.29801644343686734,
      0.259705459110831,
      0.23192138317482253,
      0.2065726841358762,
      0.18780496648610814,
      0.17171380066704986,
      0.15624307986397884,
      0.1399941313595168,
      0.12863041039335688,
      0.11938791881364427,
      0.10780232723949379,
      0.10048217098963888,
      0.09382793545649436
    ],
    "val_loss": [
      0.31054824029957806,
      0.26246354537981526,
      0.23469766155437186,
      0.22363777178305166,
      0.22596760749816894,
      0.2379383338601501,
      0.2510333284404543,
      0.23555872992232993,
      0.2269147386153539,
      0.22752920221399378,
      0.2468953123357561,
      0.2519109554864742,
      0.2728544732376381,
      0.26498300119682594
    ],
    "val_accuracy": [
      0.8812962962962962,
      0.8988888888888888,
      0.9122222222222223,
      0.919074074074074,
      0.9159259259259259,
      0.9074074074074074,
      0.9103703703703704,
      0.9137037037037037,
      0.9201851851851852,
      0.9205555555555556,
      0.9214814814814815,
      0.917962962962963,
      0.9127777777777778,
      0.9181481481481482
    ]
  },
  "global_metrics": {
    "accuracy": 0.9137777777777778,
    "balanced_accuracy": 0.9137777777777778,
    "top_3_accuracy": 0.9936666666666667,
    "top_5_accuracy": 0.9994444444444445,
    "log_loss": 0.24197129724113467,
    "mcc": 0.9031230589007341,
    "cohens_kappa": 0.903,
    "precision_macro": 0.9135265576340509,
    "precision_micro": 0.9137777777777778,
    "precision_weighted": 0.9135265576340509,
    "recall_macro": 0.9137777777777778,
    "recall_micro": 0.9137777777777778,
    "recall_weighted": 0.9137777777777778,
    "f1_macro": 0.9132011851004675,
    "f1_micro": 0.9137777777777778,
    "f1_weighted": 0.9132011851004675,
    "auroc_macro": 0.9941015277777778,
    "auroc_weighted": 0.9941015277777777,
    "auprc_macro": 0.9637662848558356
  },
  "per_class_metrics": {
    "0": {
      "precision": 0.8640308582449373,
      "recall": 0.896,
      "f1": 0.8797250859106529,
      "specificity": 0.982375,
      "fpr": 0.017625,
      "fnr": 0.104,
      "auroc": 0.9922148749999999,
      "auprc": 0.9502757948921442,
      "support": 1000,
      "tp": 896,
      "tn": 7859,
      "fp": 141,
      "fn": 104
    },
    "1": {
      "precision": 0.993933265925177,
      "recall": 0.983,
      "f1": 0.9884364002011061,
      "specificity": 0.99925,
      "fpr": 0.00075,
      "fnr": 0.017,
      "auroc": 0.999856875,
      "auprc": 0.9991155725279988,
      "support": 1000,
      "tp": 983,
      "tn": 7994,
      "fp": 6,
      "fn": 17
    },
    "2": {
      "precision": 0.8961303462321792,
      "recall": 0.88,
      "f1": 0.8879919273461151,
      "specificity": 0.98725,
      "fpr": 0.01275,
      "fnr": 0.12,
      "auroc": 0.991912125,
      "auprc": 0.9537982607875003,
      "support": 1000,
      "tp": 880,
      "tn": 7898,
      "fp": 102,
      "fn": 120
    },
    "3": {
      "precision": 0.9216080402010051,
      "recall": 0.917,
      "f1": 0.9192982456140352,
      "specificity": 0.99025,
      "fpr": 0.00975,
      "fnr": 0.083,
      "auroc": 0.9964654374999999,
      "auprc": 0.972887898642194,
      "support": 1000,
      "tp": 917,
      "tn": 7922,
      "fp": 78,
      "fn": 83
    },
    "4": {
      "precision": 0.8376146788990826,
      "recall": 0.913,
      "f1": 0.8736842105263158,
      "specificity": 0.977875,
      "fpr": 0.022125,
      "fnr": 0.087,
      "auroc": 0.99290625,
      "auprc": 0.9471866914226422,
      "support": 1000,
      "tp": 913,
      "tn": 7823,
      "fp": 177,
      "fn": 87
    },
    "5": {
      "precision": 0.9735294117647059,
      "recall": 0.993,
      "f1": 0.9831683168316832,
      "specificity": 0.996625,
      "fpr": 0.003375,
      "fnr": 0.007,
      "auroc": 0.9998021874999999,
      "auprc": 0.9983623028752889,
      "support": 1000,
      "tp": 993,
      "tn": 7973,
      "fp": 27,
      "fn": 7
    },
    "6": {
      "precision": 0.7891832229580574,
      "recall": 0.715,
      "f1": 0.7502623294858343,
      "specificity": 0.976125,
      "fpr": 0.023875,
      "fnr": 0.285,
      "auroc": 0.9756623750000001,
      "auprc": 0.8631463757905661,
      "support": 1000,
      "tp": 715,
      "tn": 7809,
      "fp": 191,
      "fn": 285
    },
    "7": {
      "precision": 0.9630738522954092,
      "recall": 0.965,
      "f1": 0.964035964035964,
      "specificity": 0.995375,
      "fpr": 0.004625,
      "fnr": 0.035,
      "auroc": 0.9991495,
      "auprc": 0.9943254509184093,
      "support": 1000,
      "tp": 965,
      "tn": 7963,
      "fp": 37,
      "fn": 35
    },
    "8": {
      "precision": 0.982635342185904,
      "recall": 0.962,
      "f1": 0.9722081859525012,
      "specificity": 0.997875,
      "fpr": 0.002125,
      "fnr": 0.038,
      "auroc": 0.998944125,
      "auprc": 0.9947982158457765,
      "support": 1000,
      "tp": 962,
      "tn": 7983,
      "fp": 17,
      "fn": 38
    }
  },
  "confusion_matrix": [
    [
      896,
      0,
      11,
      12,
      4,
      2,
      75,
      0,
      0
    ],
    [
      1,
      983,
      0,
      13,
      2,
      0,
      1,
      0,
      0
    ],
    [
      13,
      1,
      880,
      8,
      50,
      0,
      48,
      0,
      0
    ],
    [
      10,
      2,
      9,
      917,
      31,
      0,
      31,
      0,
      0
    ],
    [
      0,
      1,
      31,
      19,
      913,
      0,
      36,
      0,
      0
    ],
    [
      0,
      0,
      0,
      0,
      0,
      993,
      0,
      5,
      2
    ],
    [
      117,
      2,
      50,
      26,
      90,
      0,
      715,
      0,
      0
    ],
    [
      0,
      0,
      0,
      0,
      0,
      20,
      0,
      965,
      15
    ],
    [
      0,
      0,
      1,
      0,
      0,
      5,
      0,
      32,
      962
    ]
  ]
}