{
  "experiment": "exp3",
  "condition": {
    "num_classes": 5,
    "class_list": [
      0,
      1,
      3,
      5,
      7
    ],
    "class_names": [
      "T-shirt/top",
      "Trouser",
      "Dress",
      "Sandal",
      "Sneaker"
    ],
    "combo_idx": 2,
    "subset_pct": 50,
    "num_samples": 15000,
    "samples_per_class": 3000,
    "train_samples": 13500,
    "val_samples": 1500,
    "test_samples": 5000
  },
  "seed": 99719928,
  "timestamp": "2026-01-18T02:28:40.891805",
  "training_dynamics": {
    "epochs_trained": 15,
    "best_epoch": 5,
    "best_val_accuracy": 0.984,
    "final_train_loss": 0.013369376007624752,
    "final_val_loss": 0.09274697871878743,
    "training_time_seconds": 10.660816431045532
  },
  "training_history": {
    "train_loss": [
      0.2175312232561586,
      0.108631038786711,
      0.08005807328730892,
      0.059966612838967856,
      0.04509899716480013,
      0.03718194211664901,
      0.039996189657837085,
      0.026522287311058896,
      0.019490613137819843,
      0.026123609188280644,
      0.015259424674260414,
      0.020030899551318863,
      0.01574395638357454,
      0.0147583035388069,
      0.013369376007624752
    ],
    "val_loss": [
      0.1258046748638153,
      0.09659639656543732,
      0.07710719988743464,
      0.15503411980470022,
      0.06749348743756613,
      0.09825011201699575,
      0.0715486360390981,
      0.07626319303115209,
      0.07485015218953292,
      0.08153076708316803,
      0.10008278626482933,
      0.06761945563058058,
      0.09149528070290884,
      0.10175342063233256,
      0.09274697871878743
    ],
    "val_accuracy": [
      0.952,
      0.968,
      0.9726666666666667,
      0.9506666666666667,
      0.978,
      0.972,
      0.9766666666666667,
      0.978,
      0.9826666666666667,
      0.9786666666666667,
      0.9746666666666667,
      0.984,
      0.9793333333333333,
      0.9806666666666667,
      0.9793333333333333
    ]
  },
  "global_metrics": {
    "accuracy": 0.9766,
    "balanced_accuracy": 0.9766,
    "top_3_accuracy": 1.0,
    "top_5_accuracy": 1.0,
    "log_loss": 0.07077762043069043,
    "mcc": 0.9707609211217942,
    "cohens_kappa": 0.97075,
    "precision_macro": 0.9766636097054034,
    "precision_micro": 0.9766,
    "precision_weighted": 0.9766636097054033,
    "recall_macro": 0.9766,
    "recall_micro": 0.9766,
    "recall_weighted": 0.9766,
    "f1_macro": 0.9766099876462965,
    "f1_micro": 0.9766,
    "f1_weighted": 0.9766099876462966,
    "auroc_macro": 0.9990714749999998,
    "auroc_weighted": 0.9990714749999999,
    "auprc_macro": 0.996482204333982
  },
  "per_class_metrics": {
    "0": {
      "precision": 0.9676767676767677,
      "recall": 0.958,
      "f1": 0.9628140703517588,
      "specificity": 0.992,
      "fpr": 0.008,
      "fnr": 0.042,
      "auroc": 0.998192625,
      "auprc": 0.9930905195434313,
      "support": 1000,
      "tp": 958,
      "tn": 3968,
      "fp": 32,
      "fn": 42
    },
    "1": {
      "precision": 0.9929506545820745,
      "recall": 0.986,
      "f1": 0.9894631209232314,
      "specificity": 0.99825,
      "fpr": 0.00175,
      "fnr": 0.014,
      "auroc": 0.99965825,
      "auprc": 0.9989527133939428,
      "support": 1000,
      "tp": 986,
      "tn": 3993,
      "fp": 7,
      "fn": 14
    },
    "2": {
      "precision": 0.9545454545454546,
      "recall": 0.966,
      "f1": 0.9602385685884691,
      "specificity": 0.9885,
      "fpr": 0.0115,
      "fnr": 0.034,
      "auroc": 0.9980085,
      "auprc": 0.9922651834903826,
      "support": 1000,
      "tp": 966,
      "tn": 3954,
      "fp": 46,
      "fn": 34
    },
    "3": {
      "precision": 0.9879275653923542,
      "recall": 0.982,
      "f1": 0.9849548645937813,
      "specificity": 0.997,
      "fpr": 0.003,
      "fnr": 0.018,
      "auroc": 0.99968975,
      "auprc": 0.9988728643735952,
      "support": 1000,
      "tp": 982,
      "tn": 3988,
      "fp": 12,
      "fn": 18
    },
    "4": {
      "precision": 0.9802176063303659,
      "recall": 0.991,
      "f1": 0.9855793137742417,
      "specificity": 0.995,
      "fpr": 0.005,
      "fnr": 0.009,
      "auroc": 0.9998082500000001,
      "auprc": 0.9992297408685579,
      "support": 1000,
      "tp": 991,
      "tn": 3980,
      "fp": 20,
      "fn": 9
    }
  },
  "confusion_matrix": [
    [
      958,
      3,
      34,
      3,
      2
    ],
    [
      2,
      986,
      12,
      0,
      0
    ],
    [
      30,
      4,
      966,
      0,
      0
    ],
    [
      0,
      0,
      0,
      982,
      18
    ],
    [
      0,
      0,
      0,
      9,
      991
    ]
  ]
}