{
  "experiment": "exp3",
  "condition": {
    "num_classes": 6,
    "class_list": [
      0,
      2,
      4,
      5,
      7,
      8
    ],
    "class_names": [
      "T-shirt/top",
      "Pullover",
      "Coat",
      "Sandal",
      "Sneaker",
      "Bag"
    ],
    "combo_idx": 2,
    "subset_pct": 100,
    "num_samples": 36000,
    "samples_per_class": 6000,
    "train_samples": 32400,
    "val_samples": 3600,
    "test_samples": 6000
  },
  "seed": 99719928,
  "timestamp": "2026-01-18T02:42:11.363107",
  "training_dynamics": {
    "epochs_trained": 16,
    "best_epoch": 6,
    "best_val_accuracy": 0.9705555555555555,
    "final_train_loss": 0.03173310847214057,
    "final_val_loss": 0.11162773068787323,
    "training_time_seconds": 24.496025562286377
  },
  "training_history": {
    "train_loss": [
      0.2581893239883041,
      0.1436282082936585,
      0.11746475014549035,
      0.09866003214548795,
      0.08671848127743344,
      0.07630473027773628,
      0.06649004328808576,
      0.057938816181073584,
      0.05703338769519852,
      0.047014808091215596,
      0.04307043305561461,
      0.04228595250857447,
      0.03766335858134516,
      0.03179678808405437,
      0.031201353477919382,
      0.03173310847214057
    ],
    "val_loss": [
      0.1576323034034835,
      0.12235964942309592,
      0.10388902602924241,
      0.1265927044219441,
      0.08863680125938521,
      0.08793316975235939,
      0.10541747260838746,
      0.10186933080355326,
      0.095907954617093,
      0.10968237068297135,
      0.12224690226113631,
      0.09903353068149752,
      0.10168002254847024,
      0.1178610292987691,
      0.1111905039081143,
      0.11162773068787323
    ],
    "val_accuracy": [
      0.9511111111111111,
      0.9561111111111111,
      0.9619444444444445,
      0.9547222222222222,
      0.9691666666666666,
      0.9683333333333334,
      0.9663888888888889,
      0.9638888888888889,
      0.9691666666666666,
      0.9644444444444444,
      0.9652777777777778,
      0.9677777777777777,
      0.9669444444444445,
      0.9647222222222223,
      0.9705555555555555,
      0.9647222222222223
    ]
  },
  "global_metrics": {
    "accuracy": 0.9598333333333333,
    "balanced_accuracy": 0.9598333333333334,
    "top_3_accuracy": 0.999,
    "top_5_accuracy": 1.0,
    "log_loss": 0.10704198086499628,
    "mcc": 0.9518814528079503,
    "cohens_kappa": 0.9518,
    "precision_macro": 0.9598852324318173,
    "precision_micro": 0.9598333333333333,
    "precision_weighted": 0.9598852324318176,
    "recall_macro": 0.9598333333333334,
    "recall_micro": 0.9598333333333333,
    "recall_weighted": 0.9598333333333333,
    "f1_macro": 0.9596570753208872,
    "f1_micro": 0.9598333333333333,
    "f1_weighted": 0.9596570753208871,
    "auroc_macro": 0.9979522666666667,
    "auroc_weighted": 0.9979522666666665,
    "auprc_macro": 0.9907569915169413
  },
  "per_class_metrics": {
    "0": {
      "precision": 0.9555774925962488,
      "recall": 0.968,
      "f1": 0.9617486338797814,
      "specificity": 0.991,
      "fpr": 0.009,
      "fnr": 0.032,
      "auroc": 0.9981200000000001,
      "auprc": 0.991380729486686,
      "support": 1000,
      "tp": 968,
      "tn": 4955,
      "fp": 45,
      "fn": 32
    },
    "1": {
      "precision": 0.9363057324840764,
      "recall": 0.882,
      "f1": 0.9083419155509784,
      "specificity": 0.988,
      "fpr": 0.012,
      "fnr": 0.118,
      "auroc": 0.9935902,
      "auprc": 0.9739037507602631,
      "support": 1000,
      "tp": 882,
      "tn": 4940,
      "fp": 60,
      "fn": 118
    },
    "2": {
      "precision": 0.9142581888246628,
      "recall": 0.949,
      "f1": 0.9313052011776252,
      "specificity": 0.9822,
      "fpr": 0.0178,
      "fnr": 0.051,
      "auroc": 0.9965896,
      "auprc": 0.9818005174386757,
      "support": 1000,
      "tp": 949,
      "tn": 4911,
      "fp": 89,
      "fn": 51
    },
    "3": {
      "precision": 0.9869608826479438,
      "recall": 0.984,
      "f1": 0.985478217325989,
      "specificity": 0.9974,
      "fpr": 0.0026,
      "fnr": 0.016,
      "auroc": 0.999855,
      "auprc": 0.9993032027860748,
      "support": 1000,
      "tp": 984,
      "tn": 4987,
      "fp": 13,
      "fn": 16
    },
    "4": {
      "precision": 0.9802371541501976,
      "recall": 0.992,
      "f1": 0.9860834990059641,
      "specificity": 0.996,
      "fpr": 0.004,
      "fnr": 0.008,
      "auroc": 0.9998764,
      "auprc": 0.9993925621492277,
      "support": 1000,
      "tp": 992,
      "tn": 4980,
      "fp": 20,
      "fn": 8
    },
    "5": {
      "precision": 0.9859719438877755,
      "recall": 0.984,
      "f1": 0.9849849849849849,
      "specificity": 0.9972,
      "fpr": 0.0028,
      "fnr": 0.016,
      "auroc": 0.9996824,
      "auprc": 0.9987611864807211,
      "support": 1000,
      "tp": 984,
      "tn": 4986,
      "fp": 14,
      "fn": 16
    }
  },
  "confusion_matrix": [
    [
      968,
      16,
      5,
      1,
      0,
      10
    ],
    [
      35,
      882,
      82,
      0,
      0,
      1
    ],
    [
      5,
      43,
      949,
      0,
      0,
      3
    ],
    [
      0,
      0,
      0,
      984,
      16,
      0
    ],
    [
      0,
      0,
      0,
      8,
      992,
      0
    ],
    [
      5,
      1,
      2,
      4,
      4,
      984
    ]
  ]
}