{
  "experiment": "exp3",
  "condition": {
    "num_classes": 8,
    "class_list": [
      0,
      1,
      2,
      3,
      4,
      5,
      6,
      9
    ],
    "class_names": [
      "T-shirt/top",
      "Trouser",
      "Pullover",
      "Dress",
      "Coat",
      "Sandal",
      "Shirt",
      "Ankle boot"
    ],
    "combo_idx": 0,
    "subset_pct": 10,
    "num_samples": 4800,
    "samples_per_class": 600,
    "train_samples": 4320,
    "val_samples": 480,
    "test_samples": 8000
  },
  "seed": 99719928,
  "timestamp": "2026-01-18T03:00:34.347341",
  "training_dynamics": {
    "epochs_trained": 17,
    "best_epoch": 7,
    "best_val_accuracy": 0.89375,
    "final_train_loss": 0.040288483381600064,
    "final_val_loss": 0.3929157147804896,
    "training_time_seconds": 3.497227191925049
  },
  "training_history": {
    "train_loss": [
      0.7806876880281112,
      0.4943177778931225,
      0.40198537312886296,
      0.3441217557034072,
      0.305829628754188,
      0.2709094112848534,
      0.23411742619731846,
      0.18586219403454485,
      0.1723638004897272,
      0.14489629273028934,
      0.11841523458304651,
      0.11673620167900534,
      0.1050984888775822,
      0.061950945185826105,
      0.06174900812809082,
      0.05445542695986874,
      0.040288483381600064
    ],
    "val_loss": [
      0.550951111316681,
      0.44775865177313484,
      0.38182612657547,
      0.3948782334725062,
      0.3644701808691025,
      0.4095199753840764,
      0.3449509754776955,
      0.3537387470404307,
      0.35856496542692184,
      0.37402381052573525,
      0.3520627955595652,
      0.38633310198783877,
      0.39611565073331195,
      0.4214031810561816,
      0.42229943598310155,
      0.40879021187623343,
      0.3929157147804896
    ],
    "val_accuracy": [
      0.8,
      0.8416666666666667,
      0.8604166666666667,
      0.8375,
      0.8604166666666667,
      0.8270833333333333,
      0.8666666666666667,
      0.8729166666666667,
      0.88125,
      0.8791666666666667,
      0.8729166666666667,
      0.8729166666666667,
      0.875,
      0.8770833333333333,
      0.8729166666666667,
      0.8729166666666667,
      0.89375
    ]
  },
  "global_metrics": {
    "accuracy": 0.86275,
    "balanced_accuracy": 0.8627499999999999,
    "top_3_accuracy": 0.98575,
    "top_5_accuracy": 0.998375,
    "log_loss": 0.4011477525147111,
    "mcc": 0.8445995090371268,
    "cohens_kappa": 0.8431428571428572,
    "precision_macro": 0.8654777408488902,
    "precision_micro": 0.86275,
    "precision_weighted": 0.8654777408488901,
    "recall_macro": 0.8627499999999999,
    "recall_micro": 0.86275,
    "recall_weighted": 0.86275,
    "f1_macro": 0.8589445023933917,
    "f1_micro": 0.86275,
    "f1_weighted": 0.8589445023933918,
    "auroc_macro": 0.9851608303571429,
    "auroc_weighted": 0.9851608303571427,
    "auprc_macro": 0.9243368537183109
  },
  "per_class_metrics": {
    "0": {
      "precision": 0.7686308492201039,
      "recall": 0.887,
      "f1": 0.8235840297121634,
      "specificity": 0.9618571428571429,
      "fpr": 0.038142857142857145,
      "fnr": 0.113,
      "auroc": 0.9838225714285715,
      "auprc": 0.9064966210337618,
      "support": 1000,
      "tp": 887,
      "tn": 6733,
      "fp": 267,
      "fn": 113
    },
    "1": {
      "precision": 0.95968534906588,
      "recall": 0.976,
      "f1": 0.9677739216658403,
      "specificity": 0.9941428571428571,
      "fpr": 0.005857142857142857,
      "fnr": 0.024,
      "auroc": 0.9992938571428571,
      "auprc": 0.9964178306450914,
      "support": 1000,
      "tp": 976,
      "tn": 6959,
      "fp": 41,
      "fn": 24
    },
    "2": {
      "precision": 0.7397372742200329,
      "recall": 0.901,
      "f1": 0.812443642921551,
      "specificity": 0.9547142857142857,
      "fpr": 0.04528571428571428,
      "fnr": 0.099,
      "auroc": 0.9813405714285715,
      "auprc": 0.8978865543975428,
      "support": 1000,
      "tp": 901,
      "tn": 6683,
      "fp": 317,
      "fn": 99
    },
    "3": {
      "precision": 0.8970893970893971,
      "recall": 0.863,
      "f1": 0.8797145769622833,
      "specificity": 0.9858571428571429,
      "fpr": 0.014142857142857143,
      "fnr": 0.137,
      "auroc": 0.9918441428571427,
      "auprc": 0.9528891099589605,
      "support": 1000,
      "tp": 863,
      "tn": 6901,
      "fp": 99,
      "fn": 137
    },
    "4": {
      "precision": 0.8211716341212744,
      "recall": 0.799,
      "f1": 0.8099341104916371,
      "specificity": 0.9751428571428571,
      "fpr": 0.024857142857142855,
      "fnr": 0.201,
      "auroc": 0.981229857142857,
      "auprc": 0.8803754068978304,
      "support": 1000,
      "tp": 799,
      "tn": 6826,
      "fp": 174,
      "fn": 201
    },
    "5": {
      "precision": 0.9372071227741331,
      "recall": 1.0,
      "f1": 0.9675858732462507,
      "specificity": 0.9904285714285714,
      "fpr": 0.009571428571428571,
      "fnr": 0.0,
      "auroc": 0.9997179285714286,
      "auprc": 0.9955496562173012,
      "support": 1000,
      "tp": 1000,
      "tn": 6933,
      "fp": 67,
      "fn": 0
    },
    "6": {
      "precision": 0.8003003003003003,
      "recall": 0.533,
      "f1": 0.6398559423769508,
      "specificity": 0.981,
      "fpr": 0.019,
      "fnr": 0.467,
      "auroc": 0.9460327142857141,
      "auprc": 0.7693354585903853,
      "support": 1000,
      "tp": 533,
      "tn": 6867,
      "fp": 133,
      "fn": 467
    },
    "7": {
      "precision": 1.0,
      "recall": 0.943,
      "f1": 0.970663921770458,
      "specificity": 1.0,
      "fpr": 0.0,
      "fnr": 0.057,
      "auroc": 0.998005,
      "auprc": 0.995744192005614,
      "support": 1000,
      "tp": 943,
      "tn": 7000,
      "fp": 0,
      "fn": 57
    }
  },
  "confusion_matrix": [
    [
      887,
      2,
      39,
      21,
      5,
      6,
      40,
      0
    ],
    [
      2,
      976,
      0,
      13,
      6,
      0,
      3,
      0
    ],
    [
      15,
      3,
      901,
      8,
      49,
      0,
      24,
      0
    ],
    [
      47,
      25,
      15,
      863,
      22,
      1,
      27,
      0
    ],
    [
      3,
      7,
      120,
      31,
      799,
      1,
      39,
      0
    ],
    [
      0,
      0,
      0,
      0,
      0,
      1000,
      0,
      0
    ],
    [
      200,
      4,
      142,
      26,
      92,
      3,
      533,
      0
    ],
    [
      0,
      0,
      1,
      0,
      0,
      56,
      0,
      943
    ]
  ]
}