{
  "experiment": "exp3",
  "condition": {
    "num_classes": 5,
    "class_list": [
      1,
      2,
      3,
      5,
      7
    ],
    "class_names": [
      "Trouser",
      "Pullover",
      "Dress",
      "Sandal",
      "Sneaker"
    ],
    "combo_idx": 3,
    "subset_pct": 20,
    "num_samples": 6000,
    "samples_per_class": 1200,
    "train_samples": 5400,
    "val_samples": 600,
    "test_samples": 5000
  },
  "seed": 99719928,
  "timestamp": "2026-01-18T02:30:27.857474",
  "training_dynamics": {
    "epochs_trained": 19,
    "best_epoch": 9,
    "best_val_accuracy": 0.985,
    "final_train_loss": 0.006295616355440442,
    "final_val_loss": 0.12478797834987441,
    "training_time_seconds": 5.067625522613525
  },
  "training_history": {
    "train_loss": [
      0.2886263622518848,
      0.10402873715057093,
      0.07886716153691797,
      0.06284481048693552,
      0.04410394146107137,
      0.03701495750095038,
      0.026686352506444296,
      0.022636822790510075,
      0.015532955753973083,
      0.014128852055942201,
      0.015450332589064012,
      0.013413071096703574,
      0.0119348898086601,
      0.007485276054563549,
      0.008250722389579202,
      0.007194425300729242,
      0.0037158990615032104,
      0.00547291412799763,
      0.006295616355440442
    ],
    "val_loss": [
      0.11010175536076228,
      0.07383341819047928,
      0.06365164782851934,
      0.05158437478045622,
      0.14432443737983702,
      0.09617710426449776,
      0.08266432285308838,
      0.06697555549132327,
      0.045156478074689706,
      0.08963373184204101,
      0.08142454555879036,
      0.05461691973730922,
      0.0599097894753019,
      0.06607605981330077,
      0.07830012429505587,
      0.0957154496293515,
      0.11895406608780225,
      0.11585001726945242,
      0.12478797834987441
    ],
    "val_accuracy": [
      0.9583333333333334,
      0.9716666666666667,
      0.9783333333333334,
      0.9816666666666667,
      0.9533333333333334,
      0.97,
      0.9733333333333334,
      0.9783333333333334,
      0.98,
      0.9716666666666667,
      0.965,
      0.9816666666666667,
      0.985,
      0.9816666666666667,
      0.9766666666666667,
      0.9816666666666667,
      0.9716666666666667,
      0.9683333333333334,
      0.9716666666666667
    ]
  },
  "global_metrics": {
    "accuracy": 0.9764,
    "balanced_accuracy": 0.9763999999999999,
    "top_3_accuracy": 0.9994,
    "top_5_accuracy": 1.0,
    "log_loss": 0.08456909078298366,
    "mcc": 0.9705232443100551,
    "cohens_kappa": 0.9705,
    "precision_macro": 0.9765594705139984,
    "precision_micro": 0.9764,
    "precision_weighted": 0.9765594705139985,
    "recall_macro": 0.9763999999999999,
    "recall_micro": 0.9764,
    "recall_weighted": 0.9764,
    "f1_macro": 0.9764323841153271,
    "f1_micro": 0.9764,
    "f1_weighted": 0.9764323841153271,
    "auroc_macro": 0.99911595,
    "auroc_weighted": 0.99911595,
    "auprc_macro": 0.9964895606711088
  },
  "per_class_metrics": {
    "0": {
      "precision": 0.9979508196721312,
      "recall": 0.974,
      "f1": 0.98582995951417,
      "specificity": 0.9995,
      "fpr": 0.0005,
      "fnr": 0.026,
      "auroc": 0.9994215,
      "auprc": 0.9983473104753019,
      "support": 1000,
      "tp": 974,
      "tn": 3998,
      "fp": 2,
      "fn": 26
    },
    "1": {
      "precision": 0.9646712463199215,
      "recall": 0.983,
      "f1": 0.9737493808816245,
      "specificity": 0.991,
      "fpr": 0.009,
      "fnr": 0.017,
      "auroc": 0.9992077500000001,
      "auprc": 0.9973954735988008,
      "support": 1000,
      "tp": 983,
      "tn": 3964,
      "fp": 36,
      "fn": 17
    },
    "2": {
      "precision": 0.9621513944223108,
      "recall": 0.966,
      "f1": 0.9640718562874252,
      "specificity": 0.9905,
      "fpr": 0.0095,
      "fnr": 0.034,
      "auroc": 0.998140375,
      "auprc": 0.9911059640861027,
      "support": 1000,
      "tp": 966,
      "tn": 3962,
      "fp": 38,
      "fn": 34
    },
    "3": {
      "precision": 0.97997997997998,
      "recall": 0.979,
      "f1": 0.9794897448724362,
      "specificity": 0.995,
      "fpr": 0.005,
      "fnr": 0.021,
      "auroc": 0.999368,
      "auprc": 0.9978322847284123,
      "support": 1000,
      "tp": 979,
      "tn": 3980,
      "fp": 20,
      "fn": 21
    },
    "4": {
      "precision": 0.9780439121756487,
      "recall": 0.98,
      "f1": 0.979020979020979,
      "specificity": 0.9945,
      "fpr": 0.0055,
      "fnr": 0.02,
      "auroc": 0.9994421250000001,
      "auprc": 0.997766770466927,
      "support": 1000,
      "tp": 980,
      "tn": 3978,
      "fp": 22,
      "fn": 20
    }
  },
  "confusion_matrix": [
    [
      974,
      3,
      23,
      0,
      0
    ],
    [
      1,
      983,
      15,
      0,
      1
    ],
    [
      1,
      33,
      966,
      0,
      0
    ],
    [
      0,
      0,
      0,
      979,
      21
    ],
    [
      0,
      0,
      0,
      20,
      980
    ]
  ]
}