{
  "experiment": "exp3",
  "condition": {
    "num_classes": 3,
    "class_list": [
      0,
      2,
      9
    ],
    "class_names": [
      "T-shirt/top",
      "Pullover",
      "Ankle boot"
    ],
    "combo_idx": 0,
    "subset_pct": 70,
    "num_samples": 12600,
    "samples_per_class": 4200,
    "train_samples": 11340,
    "val_samples": 1260,
    "test_samples": 3000
  },
  "seed": 99719928,
  "timestamp": "2026-01-18T02:07:59.468133",
  "training_dynamics": {
    "epochs_trained": 14,
    "best_epoch": 4,
    "best_val_accuracy": 0.9825396825396825,
    "final_train_loss": 0.011522680641698233,
    "final_val_loss": 0.08845942389397395,
    "training_time_seconds": 7.6550047397613525
  },
  "training_history": {
    "train_loss": [
      0.10379474584452725,
      0.058904221465842524,
      0.05020449574503085,
      0.04471360471000204,
      0.03528666161615506,
      0.035199799795315886,
      0.03382498672914827,
      0.02767668676554759,
      0.022612700818938444,
      0.018498453772664424,
      0.016605247456885828,
      0.013249952034364857,
      0.012531219477341949,
      0.011522680641698233
    ],
    "val_loss": [
      0.07143450772005414,
      0.05794461697694801,
      0.05949930539798169,
      0.04554416388864555,
      0.04804375344177797,
      0.06147862579969186,
      0.08475391862411348,
      0.07210477526698794,
      0.0711217405777129,
      0.06862887746048352,
      0.05960376360823238,
      0.0713300809426795,
      0.08078733986273172,
      0.08845942389397395
    ],
    "val_accuracy": [
      0.976984126984127,
      0.9785714285714285,
      0.9761904761904762,
      0.9825396825396825,
      0.9825396825396825,
      0.9785714285714285,
      0.9706349206349206,
      0.9738095238095238,
      0.976984126984127,
      0.9761904761904762,
      0.9809523809523809,
      0.9801587301587301,
      0.976984126984127,
      0.9722222222222222
    ]
  },
  "global_metrics": {
    "accuracy": 0.9793333333333333,
    "balanced_accuracy": 0.9793333333333334,
    "top_3_accuracy": 1.0,
    "top_5_accuracy": 1.0,
    "log_loss": 0.05473386973634202,
    "mcc": 0.9690069445746543,
    "cohens_kappa": 0.969,
    "precision_macro": 0.9793557771654755,
    "precision_micro": 0.9793333333333333,
    "precision_weighted": 0.9793557771654755,
    "recall_macro": 0.9793333333333334,
    "recall_micro": 0.9793333333333333,
    "recall_weighted": 0.9793333333333333,
    "f1_macro": 0.9793376159045151,
    "f1_micro": 0.9793333333333333,
    "f1_weighted": 0.9793376159045152,
    "auroc_macro": 0.998564,
    "auroc_weighted": 0.998564,
    "auprc_macro": 0.9971744816736998
  },
  "per_class_metrics": {
    "0": {
      "precision": 0.971830985915493,
      "recall": 0.966,
      "f1": 0.9689067201604815,
      "specificity": 0.986,
      "fpr": 0.014,
      "fnr": 0.034,
      "auroc": 0.9978225000000001,
      "auprc": 0.9957612320033143,
      "support": 1000,
      "tp": 966,
      "tn": 1972,
      "fp": 28,
      "fn": 34
    },
    "1": {
      "precision": 0.9662363455809335,
      "recall": 0.973,
      "f1": 0.9696063776781266,
      "specificity": 0.983,
      "fpr": 0.017,
      "fnr": 0.027,
      "auroc": 0.997879,
      "auprc": 0.995780858748894,
      "support": 1000,
      "tp": 973,
      "tn": 1966,
      "fp": 34,
      "fn": 27
    },
    "2": {
      "precision": 1.0,
      "recall": 0.999,
      "f1": 0.9994997498749374,
      "specificity": 1.0,
      "fpr": 0.0,
      "fnr": 0.001,
      "auroc": 0.9999905,
      "auprc": 0.9999813542688911,
      "support": 1000,
      "tp": 999,
      "tn": 2000,
      "fp": 0,
      "fn": 1
    }
  },
  "confusion_matrix": [
    [
      966,
      34,
      0
    ],
    [
      27,
      973,
      0
    ],
    [
      1,
      0,
      999
    ]
  ]
}