{
  "experiment": "exp3",
  "condition": {
    "num_classes": 8,
    "class_list": [
      1,
      2,
      3,
      4,
      5,
      7,
      8,
      9
    ],
    "class_names": [
      "Trouser",
      "Pullover",
      "Dress",
      "Coat",
      "Sandal",
      "Sneaker",
      "Bag",
      "Ankle boot"
    ],
    "combo_idx": 3,
    "subset_pct": 70,
    "num_samples": 33600,
    "samples_per_class": 4200,
    "train_samples": 30240,
    "val_samples": 3360,
    "test_samples": 8000
  },
  "seed": 99719928,
  "timestamp": "2026-01-18T03:12:17.178620",
  "training_dynamics": {
    "epochs_trained": 16,
    "best_epoch": 6,
    "best_val_accuracy": 0.9627976190476191,
    "final_train_loss": 0.0326918254724687,
    "final_val_loss": 0.14555008261508884,
    "training_time_seconds": 25.423691511154175
  },
  "training_history": {
    "train_loss": [
      0.3007982412695759,
      0.17264703662384767,
      0.13525560764442288,
      0.11415469920140618,
      0.09850664588821614,
      0.08978624754520349,
      0.07558670942819269,
      0.06674809446440218,
      0.05824163136757658,
      0.053674144548291135,
      0.047622730707883615,
      0.04457218044776623,
      0.042017685469110985,
      0.03446565618163593,
      0.03355655110656258,
      0.0326918254724687
    ],
    "val_loss": [
      0.1924353486015683,
      0.14021815267347154,
      0.1341253684390159,
      0.13313256793078923,
      0.13341451116970607,
      0.12691433901588123,
      0.14348871003658997,
      0.1340115677565336,
      0.131088192621246,
      0.16147746413591363,
      0.1281484948382491,
      0.15333418270040836,
      0.1539523660360525,
      0.1536706621581245,
      0.1470445244955564,
      0.14555008261508884
    ],
    "val_accuracy": [
      0.930952380952381,
      0.9488095238095238,
      0.9494047619047619,
      0.9565476190476191,
      0.9535714285714286,
      0.9574404761904762,
      0.95625,
      0.9583333333333334,
      0.9627976190476191,
      0.950297619047619,
      0.962202380952381,
      0.9571428571428572,
      0.95625,
      0.955654761904762,
      0.9604166666666667,
      0.9625
    ]
  },
  "global_metrics": {
    "accuracy": 0.95475,
    "balanced_accuracy": 0.95475,
    "top_3_accuracy": 0.998,
    "top_5_accuracy": 1.0,
    "log_loss": 0.1306570730872472,
    "mcc": 0.9484223816360996,
    "cohens_kappa": 0.9482857142857143,
    "precision_macro": 0.9558135473958909,
    "precision_micro": 0.95475,
    "precision_weighted": 0.9558135473958909,
    "recall_macro": 0.95475,
    "recall_micro": 0.95475,
    "recall_weighted": 0.95475,
    "f1_macro": 0.9548278415460001,
    "f1_micro": 0.95475,
    "f1_weighted": 0.9548278415460001,
    "auroc_macro": 0.9984205357142857,
    "auroc_weighted": 0.9984205357142857,
    "auprc_macro": 0.9900831555945919
  },
  "per_class_metrics": {
    "0": {
      "precision": 0.9800598205383848,
      "recall": 0.983,
      "f1": 0.981527708437344,
      "specificity": 0.9971428571428571,
      "fpr": 0.002857142857142857,
      "fnr": 0.017,
      "auroc": 0.9995647142857143,
      "auprc": 0.9980501471000255,
      "support": 1000,
      "tp": 983,
      "tn": 6980,
      "fp": 20,
      "fn": 17
    },
    "1": {
      "precision": 0.9553191489361702,
      "recall": 0.898,
      "f1": 0.9257731958762887,
      "specificity": 0.994,
      "fpr": 0.006,
      "fnr": 0.102,
      "auroc": 0.996165142857143,
      "auprc": 0.9783529911305542,
      "support": 1000,
      "tp": 898,
      "tn": 6958,
      "fp": 42,
      "fn": 102
    },
    "2": {
      "precision": 0.9609292502639916,
      "recall": 0.91,
      "f1": 0.9347714432460195,
      "specificity": 0.9947142857142857,
      "fpr": 0.005285714285714286,
      "fnr": 0.09,
      "auroc": 0.9982017142857144,
      "auprc": 0.9871443993212243,
      "support": 1000,
      "tp": 910,
      "tn": 6963,
      "fp": 37,
      "fn": 90
    },
    "3": {
      "precision": 0.8692870201096892,
      "recall": 0.951,
      "f1": 0.9083094555873925,
      "specificity": 0.9795714285714285,
      "fpr": 0.020428571428571428,
      "fnr": 0.049,
      "auroc": 0.9958185714285713,
      "auprc": 0.9719108490927963,
      "support": 1000,
      "tp": 951,
      "tn": 6857,
      "fp": 143,
      "fn": 49
    },
    "4": {
      "precision": 0.9877675840978594,
      "recall": 0.969,
      "f1": 0.9782937910146391,
      "specificity": 0.9982857142857143,
      "fpr": 0.0017142857142857142,
      "fnr": 0.031,
      "auroc": 0.9996974285714286,
      "auprc": 0.9980576255218615,
      "support": 1000,
      "tp": 969,
      "tn": 6988,
      "fp": 12,
      "fn": 31
    },
    "5": {
      "precision": 0.9581256231306082,
      "recall": 0.961,
      "f1": 0.9595606590114827,
      "specificity": 0.994,
      "fpr": 0.006,
      "fnr": 0.039,
      "auroc": 0.9988388571428571,
      "auprc": 0.992974325458819,
      "support": 1000,
      "tp": 961,
      "tn": 6958,
      "fp": 42,
      "fn": 39
    },
    "6": {
      "precision": 0.9773844641101278,
      "recall": 0.994,
      "f1": 0.9856222112047596,
      "specificity": 0.9967142857142857,
      "fpr": 0.003285714285714286,
      "fnr": 0.006,
      "auroc": 0.9998535714285715,
      "auprc": 0.9991636474033988,
      "support": 1000,
      "tp": 994,
      "tn": 6977,
      "fp": 23,
      "fn": 6
    },
    "7": {
      "precision": 0.9576354679802955,
      "recall": 0.972,
      "f1": 0.9647642679900743,
      "specificity": 0.9938571428571429,
      "fpr": 0.006142857142857143,
      "fnr": 0.028,
      "auroc": 0.9992242857142857,
      "auprc": 0.9950112597280559,
      "support": 1000,
      "tp": 972,
      "tn": 6957,
      "fp": 43,
      "fn": 28
    }
  },
  "confusion_matrix": [
    [
      983,
      1,
      12,
      2,
      0,
      0,
      2,
      0
    ],
    [
      1,
      898,
      11,
      85,
      0,
      0,
      5,
      0
    ],
    [
      18,
      11,
      910,
      54,
      0,
      0,
      7,
      0
    ],
    [
      0,
      30,
      13,
      951,
      0,
      0,
      6,
      0
    ],
    [
      0,
      0,
      0,
      0,
      969,
      18,
      1,
      12
    ],
    [
      0,
      0,
      0,
      0,
      7,
      961,
      1,
      31
    ],
    [
      1,
      0,
      1,
      2,
      2,
      0,
      994,
      0
    ],
    [
      0,
      0,
      0,
      0,
      3,
      24,
      1,
      972
    ]
  ]
}