{
  "experiment": "exp3",
  "condition": {
    "num_classes": 5,
    "class_list": [
      1,
      2,
      3,
      5,
      9
    ],
    "class_names": [
      "Trouser",
      "Pullover",
      "Dress",
      "Sandal",
      "Ankle boot"
    ],
    "combo_idx": 4,
    "subset_pct": 70,
    "num_samples": 21000,
    "samples_per_class": 4200,
    "train_samples": 18900,
    "val_samples": 2100,
    "test_samples": 5000
  },
  "seed": 99719928,
  "timestamp": "2026-01-18T02:33:30.790504",
  "training_dynamics": {
    "epochs_trained": 19,
    "best_epoch": 9,
    "best_val_accuracy": 0.9895238095238095,
    "final_train_loss": 0.0038442419507289842,
    "final_val_loss": 0.045917356228289595,
    "training_time_seconds": 16.310303926467896
  },
  "training_history": {
    "train_loss": [
      0.1287687182099231,
      0.06301019167575932,
      0.04367156960408367,
      0.03819629442453309,
      0.029404391226184875,
      0.025797792110195686,
      0.019358684728153143,
      0.018336766123792512,
      0.014246579793507408,
      0.011296280446618472,
      0.011956006563982432,
      0.01297731549277307,
      0.012099527962907421,
      0.01090294597656179,
      0.009029281019863717,
      0.005896110200809916,
      0.008908010775614358,
      0.009926670930295783,
      0.0038442419507289842
    ],
    "val_loss": [
      0.06439362520263309,
      0.05917280927300453,
      0.06088851671843302,
      0.036959811033947125,
      0.05542407828782286,
      0.03787963957658836,
      0.05580939562192985,
      0.03522494957205795,
      0.03480833426650081,
      0.05177812542455892,
      0.03657469260284588,
      0.04218496643655401,
      0.0569072052891854,
      0.04335489994447146,
      0.042293763665171964,
      0.06451766268926717,
      0.04908469436512816,
      0.046562172103939314,
      0.045917356228289595
    ],
    "val_accuracy": [
      0.9780952380952381,
      0.9776190476190476,
      0.979047619047619,
      0.9861904761904762,
      0.9814285714285714,
      0.9871428571428571,
      0.9847619047619047,
      0.9871428571428571,
      0.9895238095238095,
      0.9861904761904762,
      0.9885714285714285,
      0.9880952380952381,
      0.9871428571428571,
      0.9876190476190476,
      0.9857142857142858,
      0.9861904761904762,
      0.9842857142857143,
      0.9866666666666667,
      0.9871428571428571
    ]
  },
  "global_metrics": {
    "accuracy": 0.9876,
    "balanced_accuracy": 0.9875999999999999,
    "top_3_accuracy": 0.9998,
    "top_5_accuracy": 1.0,
    "log_loss": 0.04606379073467877,
    "mcc": 0.9845150139684454,
    "cohens_kappa": 0.9845,
    "precision_macro": 0.9877069559739052,
    "precision_micro": 0.9876,
    "precision_weighted": 0.9877069559739051,
    "recall_macro": 0.9875999999999999,
    "recall_micro": 0.9876,
    "recall_weighted": 0.9876,
    "f1_macro": 0.987623883296326,
    "f1_micro": 0.9876,
    "f1_weighted": 0.987623883296326,
    "auroc_macro": 0.9996240999999999,
    "auroc_weighted": 0.9996241,
    "auprc_macro": 0.998512301219851
  },
  "per_class_metrics": {
    "0": {
      "precision": 0.9959555106167847,
      "recall": 0.985,
      "f1": 0.9904474610356964,
      "specificity": 0.999,
      "fpr": 0.001,
      "fnr": 0.015,
      "auroc": 0.999895,
      "auprc": 0.9996180712395393,
      "support": 1000,
      "tp": 985,
      "tn": 3996,
      "fp": 4,
      "fn": 15
    },
    "1": {
      "precision": 0.9858870967741935,
      "recall": 0.978,
      "f1": 0.9819277108433735,
      "specificity": 0.9965,
      "fpr": 0.0035,
      "fnr": 0.022,
      "auroc": 0.999328,
      "auprc": 0.9976489604211529,
      "support": 1000,
      "tp": 978,
      "tn": 3986,
      "fp": 14,
      "fn": 22
    },
    "2": {
      "precision": 0.9656862745098039,
      "recall": 0.985,
      "f1": 0.9752475247524752,
      "specificity": 0.99125,
      "fpr": 0.00875,
      "fnr": 0.015,
      "auroc": 0.99904775,
      "auprc": 0.9958645632090476,
      "support": 1000,
      "tp": 985,
      "tn": 3965,
      "fp": 35,
      "fn": 15
    },
    "3": {
      "precision": 0.9940179461615155,
      "recall": 0.997,
      "f1": 0.9955067398901647,
      "specificity": 0.9985,
      "fpr": 0.0015,
      "fnr": 0.003,
      "auroc": 0.99994675,
      "auprc": 0.9997862660745719,
      "support": 1000,
      "tp": 997,
      "tn": 3994,
      "fp": 6,
      "fn": 3
    },
    "4": {
      "precision": 0.9969879518072289,
      "recall": 0.993,
      "f1": 0.9949899799599199,
      "specificity": 0.99925,
      "fpr": 0.00075,
      "fnr": 0.007,
      "auroc": 0.999903,
      "auprc": 0.999643645154944,
      "support": 1000,
      "tp": 993,
      "tn": 3997,
      "fp": 3,
      "fn": 7
    }
  },
  "confusion_matrix": [
    [
      985,
      1,
      14,
      0,
      0
    ],
    [
      1,
      978,
      21,
      0,
      0
    ],
    [
      3,
      12,
      985,
      0,
      0
    ],
    [
      0,
      0,
      0,
      997,
      3
    ],
    [
      0,
      1,
      0,
      6,
      993
    ]
  ]
}