{
  "experiment": "exp3",
  "condition": {
    "num_classes": 4,
    "class_list": [
      1,
      5,
      7,
      9
    ],
    "class_names": [
      "Trouser",
      "Sandal",
      "Sneaker",
      "Ankle boot"
    ],
    "combo_idx": 4,
    "subset_pct": 40,
    "num_samples": 9600,
    "samples_per_class": 2400,
    "train_samples": 8640,
    "val_samples": 960,
    "test_samples": 4000
  },
  "seed": 99719928,
  "timestamp": "2026-01-18T02:22:37.640467",
  "training_dynamics": {
    "epochs_trained": 20,
    "best_epoch": 10,
    "best_val_accuracy": 0.984375,
    "final_train_loss": 0.003176934544178409,
    "final_val_loss": 0.0971518002304947,
    "training_time_seconds": 8.0407395362854
  },
  "training_history": {
    "train_loss": [
      0.21712612840864393,
      0.1008914863207826,
      0.07253437765908462,
      0.0634179001311875,
      0.051465534768929636,
      0.04175202099399434,
      0.03002581708478155,
      0.03313625001702113,
      0.026788441755989982,
      0.027299597228152884,
      0.018414471119090364,
      0.01767691480582235,
      0.011053957709939116,
      0.011920240993721463,
      0.018008980241238197,
      0.010016944776590982,
      0.010871987600640514,
      0.011003402114794072,
      0.0080824516666595,
      0.003176934544178409
    ],
    "val_loss": [
      0.11894076988101006,
      0.09992078890403112,
      0.06138778900106748,
      0.06996943949100871,
      0.053289043297991154,
      0.05477226229074101,
      0.0733861505461391,
      0.09372308974464734,
      0.07856267868968038,
      0.048772510094568136,
      0.12563172827940433,
      0.07833887333690655,
      0.0750860691012349,
      0.06424914565941435,
      0.07398443880180518,
      0.06783065953859477,
      0.06890035889033849,
      0.08843942567982595,
      0.09045009000886542,
      0.0971518002304947
    ],
    "val_accuracy": [
      0.9520833333333333,
      0.959375,
      0.978125,
      0.9760416666666667,
      0.98125,
      0.9802083333333333,
      0.9770833333333333,
      0.9729166666666667,
      0.9770833333333333,
      0.9833333333333333,
      0.96875,
      0.9791666666666666,
      0.978125,
      0.9833333333333333,
      0.978125,
      0.984375,
      0.9802083333333333,
      0.9802083333333333,
      0.9791666666666666,
      0.98125
    ]
  },
  "global_metrics": {
    "accuracy": 0.977,
    "balanced_accuracy": 0.977,
    "top_3_accuracy": 1.0,
    "top_5_accuracy": 1.0,
    "log_loss": 0.07060934665643769,
    "mcc": 0.9693408457539986,
    "cohens_kappa": 0.9693333333333334,
    "precision_macro": 0.977065024567691,
    "precision_micro": 0.977,
    "precision_weighted": 0.9770650245676911,
    "recall_macro": 0.977,
    "recall_micro": 0.977,
    "recall_weighted": 0.977,
    "f1_macro": 0.977021263070891,
    "f1_micro": 0.977,
    "f1_weighted": 0.977021263070891,
    "auroc_macro": 0.9987575833333334,
    "auroc_weighted": 0.9987575833333334,
    "auprc_macro": 0.9965288522985405
  },
  "per_class_metrics": {
    "0": {
      "precision": 0.999000999000999,
      "recall": 1.0,
      "f1": 0.9995002498750626,
      "specificity": 0.9996666666666667,
      "fpr": 0.0003333333333333333,
      "fnr": 0.0,
      "auroc": 1.0,
      "auprc": 1.0,
      "support": 1000,
      "tp": 1000,
      "tn": 2999,
      "fp": 1,
      "fn": 0
    },
    "1": {
      "precision": 0.9848637739656912,
      "recall": 0.976,
      "f1": 0.9804118533400301,
      "specificity": 0.995,
      "fpr": 0.005,
      "fnr": 0.024,
      "auroc": 0.9990726666666667,
      "auprc": 0.9977282613435373,
      "support": 1000,
      "tp": 976,
      "tn": 2985,
      "fp": 15,
      "fn": 24
    },
    "2": {
      "precision": 0.9544554455445544,
      "recall": 0.964,
      "f1": 0.9592039800995025,
      "specificity": 0.9846666666666667,
      "fpr": 0.015333333333333332,
      "fnr": 0.036,
      "auroc": 0.997729,
      "auprc": 0.9928870294899094,
      "support": 1000,
      "tp": 964,
      "tn": 2954,
      "fp": 46,
      "fn": 36
    },
    "3": {
      "precision": 0.969939879759519,
      "recall": 0.968,
      "f1": 0.9689689689689689,
      "specificity": 0.99,
      "fpr": 0.01,
      "fnr": 0.032,
      "auroc": 0.9982286666666668,
      "auprc": 0.9955001183607153,
      "support": 1000,
      "tp": 968,
      "tn": 2970,
      "fp": 30,
      "fn": 32
    }
  },
  "confusion_matrix": [
    [
      1000,
      0,
      0,
      0
    ],
    [
      1,
      976,
      20,
      3
    ],
    [
      0,
      9,
      964,
      27
    ],
    [
      0,
      6,
      26,
      968
    ]
  ]
}