{
  "experiment": "exp3",
  "condition": {
    "num_classes": 6,
    "class_list": [
      0,
      1,
      3,
      4,
      6,
      8
    ],
    "class_names": [
      "T-shirt/top",
      "Trouser",
      "Dress",
      "Coat",
      "Shirt",
      "Bag"
    ],
    "combo_idx": 1,
    "subset_pct": 60,
    "num_samples": 21600,
    "samples_per_class": 3600,
    "train_samples": 19440,
    "val_samples": 2160,
    "test_samples": 6000
  },
  "seed": 99719928,
  "timestamp": "2026-01-18T02:38:12.346369",
  "training_dynamics": {
    "epochs_trained": 19,
    "best_epoch": 9,
    "best_val_accuracy": 0.9143518518518519,
    "final_train_loss": 0.04203697851028808,
    "final_val_loss": 0.4248729334937202,
    "training_time_seconds": 16.938683032989502
  },
  "training_history": {
    "train_loss": [
      0.46700472561152356,
      0.31810988226023157,
      0.263067122671361,
      0.23273587072464197,
      0.2047238410695603,
      0.1729712917371408,
      0.15447129006497562,
      0.13547145676995187,
      0.12000002013519406,
      0.10967491842549,
      0.08758619846469771,
      0.08021874223394614,
      0.07005330388232037,
      0.060190557627816145,
      0.05765690082549363,
      0.05070556924826968,
      0.054112724877134165,
      0.045836708828574046,
      0.04203697851028808
    ],
    "val_loss": [
      0.3386536382966571,
      0.328692658300753,
      0.2810364705544931,
      0.2866452356179555,
      0.27283897245371785,
      0.2699131572688067,
      0.27723051337180316,
      0.2873754840206217,
      0.261095809770955,
      0.29920581490905196,
      0.3174044683023735,
      0.3448057966099845,
      0.3371329249055297,
      0.39203010985144865,
      0.37600816002598514,
      0.4294360876083374,
      0.3712151241523248,
      0.38351550621015057,
      0.4248729334937202
    ],
    "val_accuracy": [
      0.8731481481481481,
      0.8787037037037037,
      0.9,
      0.8972222222222223,
      0.9032407407407408,
      0.9092592592592592,
      0.9018518518518519,
      0.9004629629629629,
      0.9143518518518519,
      0.9037037037037037,
      0.9046296296296297,
      0.9055555555555556,
      0.9069444444444444,
      0.9055555555555556,
      0.8986111111111111,
      0.8949074074074074,
      0.9060185185185186,
      0.8953703703703704,
      0.8976851851851851
    ]
  },
  "global_metrics": {
    "accuracy": 0.9063333333333333,
    "balanced_accuracy": 0.9063333333333333,
    "top_3_accuracy": 0.9923333333333333,
    "top_5_accuracy": 0.9991666666666666,
    "log_loss": 0.2820700635433712,
    "mcc": 0.8880319549951216,
    "cohens_kappa": 0.8876,
    "precision_macro": 0.906382582801803,
    "precision_micro": 0.9063333333333333,
    "precision_weighted": 0.9063825828018028,
    "recall_macro": 0.9063333333333333,
    "recall_micro": 0.9063333333333333,
    "recall_weighted": 0.9063333333333333,
    "f1_macro": 0.9053029984822455,
    "f1_micro": 0.9063333333333333,
    "f1_weighted": 0.9053029984822454,
    "auroc_macro": 0.9902959166666667,
    "auroc_weighted": 0.9902959166666666,
    "auprc_macro": 0.9611769896319221
  },
  "per_class_metrics": {
    "0": {
      "precision": 0.8345588235294118,
      "recall": 0.908,
      "f1": 0.8697318007662836,
      "specificity": 0.964,
      "fpr": 0.036,
      "fnr": 0.092,
      "auroc": 0.9865976000000001,
      "auprc": 0.9471563515771245,
      "support": 1000,
      "tp": 908,
      "tn": 4820,
      "fp": 180,
      "fn": 92
    },
    "1": {
      "precision": 0.988988988988989,
      "recall": 0.988,
      "f1": 0.9884942471235618,
      "specificity": 0.9978,
      "fpr": 0.0022,
      "fnr": 0.012,
      "auroc": 0.9992176,
      "auprc": 0.9978836454358899,
      "support": 1000,
      "tp": 988,
      "tn": 4989,
      "fp": 11,
      "fn": 12
    },
    "2": {
      "precision": 0.9351464435146444,
      "recall": 0.894,
      "f1": 0.9141104294478528,
      "specificity": 0.9876,
      "fpr": 0.0124,
      "fnr": 0.106,
      "auroc": 0.9943518,
      "auprc": 0.971986900288779,
      "support": 1000,
      "tp": 894,
      "tn": 4938,
      "fp": 62,
      "fn": 106
    },
    "3": {
      "precision": 0.8689915174363808,
      "recall": 0.922,
      "f1": 0.8947113051916546,
      "specificity": 0.9722,
      "fpr": 0.0278,
      "fnr": 0.078,
      "auroc": 0.9919228,
      "auprc": 0.9653084200170882,
      "support": 1000,
      "tp": 922,
      "tn": 4861,
      "fp": 139,
      "fn": 78
    },
    "4": {
      "precision": 0.839041095890411,
      "recall": 0.735,
      "f1": 0.7835820895522388,
      "specificity": 0.9718,
      "fpr": 0.0282,
      "fnr": 0.265,
      "auroc": 0.9703568,
      "auprc": 0.8869287291616046,
      "support": 1000,
      "tp": 735,
      "tn": 4859,
      "fp": 141,
      "fn": 265
    },
    "5": {
      "precision": 0.9715686274509804,
      "recall": 0.991,
      "f1": 0.9811881188118812,
      "specificity": 0.9942,
      "fpr": 0.0058,
      "fnr": 0.009,
      "auroc": 0.9993289000000001,
      "auprc": 0.9977978913110463,
      "support": 1000,
      "tp": 991,
      "tn": 4971,
      "fp": 29,
      "fn": 9
    }
  },
  "confusion_matrix": [
    [
      908,
      1,
      12,
      4,
      59,
      16
    ],
    [
      2,
      988,
      6,
      1,
      1,
      2
    ],
    [
      26,
      6,
      894,
      46,
      27,
      1
    ],
    [
      2,
      1,
      21,
      922,
      53,
      1
    ],
    [
      147,
      2,
      21,
      86,
      735,
      9
    ],
    [
      3,
      1,
      2,
      2,
      1,
      991
    ]
  ]
}