{
  "experiment": "exp3",
  "condition": {
    "num_classes": 9,
    "class_list": [
      0,
      2,
      3,
      4,
      5,
      6,
      7,
      8,
      9
    ],
    "class_names": [
      "T-shirt/top",
      "Pullover",
      "Dress",
      "Coat",
      "Sandal",
      "Shirt",
      "Sneaker",
      "Bag",
      "Ankle boot"
    ],
    "combo_idx": 4,
    "subset_pct": 50,
    "num_samples": 27000,
    "samples_per_class": 3000,
    "train_samples": 24300,
    "val_samples": 2700,
    "test_samples": 9000
  },
  "seed": 99719928,
  "timestamp": "2026-01-18T03:33:51.267110",
  "training_dynamics": {
    "epochs_trained": 20,
    "best_epoch": 10,
    "best_val_accuracy": 0.9155555555555556,
    "final_train_loss": 0.05678697244974932,
    "final_val_loss": 0.34413810488802415,
    "training_time_seconds": 22.93056893348694
  },
  "training_history": {
    "train_loss": [
      0.5552096281788851,
      0.3638283858565908,
      0.30679152633406614,
      0.266793932981397,
      0.23999795494110962,
      0.20903583470928042,
      0.18907906220931756,
      0.16294671973507655,
      0.14698031635856942,
      0.13140172736817285,
      0.11332757080856122,
      0.10680002663039455,
      0.0923418756304799,
      0.08036579537131873,
      0.07931279871416719,
      0.06707621267996729,
      0.060829765535891055,
      0.05032170124162037,
      0.05830692104860454,
      0.05678697244974932
    ],
    "val_loss": [
      0.3791392423929992,
      0.3134395038198542,
      0.2771809505974805,
      0.28980626556608413,
      0.24854354235861037,
      0.26003307146054727,
      0.24630668620268503,
      0.2576095746181629,
      0.2708015924140259,
      0.24503552875033133,
      0.30171463203650933,
      0.2766540370053715,
      0.2981845000496617,
      0.3017016328484924,
      0.28829062974011455,
      0.3256963565034999,
      0.3213667394000071,
      0.3397356528485263,
      0.35623534434371523,
      0.34413810488802415
    ],
    "val_accuracy": [
      0.8537037037037037,
      0.8825925925925926,
      0.9,
      0.892962962962963,
      0.9055555555555556,
      0.9,
      0.9048148148148148,
      0.9088888888888889,
      0.9044444444444445,
      0.914074074074074,
      0.9062962962962963,
      0.9155555555555556,
      0.9051851851851852,
      0.9103703703703704,
      0.912962962962963,
      0.9037037037037037,
      0.9070370370370371,
      0.9137037037037037,
      0.8977777777777778,
      0.9081481481481481
    ]
  },
  "global_metrics": {
    "accuracy": 0.9004444444444445,
    "balanced_accuracy": 0.9004444444444446,
    "top_3_accuracy": 0.9922222222222222,
    "top_5_accuracy": 0.9991111111111111,
    "log_loss": 0.2956271621423114,
    "mcc": 0.8881518622807908,
    "cohens_kappa": 0.888,
    "precision_macro": 0.9031279839601017,
    "precision_micro": 0.9004444444444445,
    "precision_weighted": 0.9031279839601016,
    "recall_macro": 0.9004444444444446,
    "recall_micro": 0.9004444444444445,
    "recall_weighted": 0.9004444444444445,
    "f1_macro": 0.901206210963347,
    "f1_micro": 0.9004444444444445,
    "f1_weighted": 0.901206210963347,
    "auroc_macro": 0.9927286388888888,
    "auroc_weighted": 0.9927286388888888,
    "auprc_macro": 0.9555691586464824
  },
  "per_class_metrics": {
    "0": {
      "precision": 0.8923076923076924,
      "recall": 0.812,
      "f1": 0.850261780104712,
      "specificity": 0.98775,
      "fpr": 0.01225,
      "fnr": 0.188,
      "auroc": 0.990335125,
      "auprc": 0.9404662828988851,
      "support": 1000,
      "tp": 812,
      "tn": 7902,
      "fp": 98,
      "fn": 188
    },
    "1": {
      "precision": 0.8615847542627884,
      "recall": 0.859,
      "f1": 0.8602904356534803,
      "specificity": 0.98275,
      "fpr": 0.01725,
      "fnr": 0.141,
      "auroc": 0.9899593750000001,
      "auprc": 0.9412756455387012,
      "support": 1000,
      "tp": 859,
      "tn": 7862,
      "fp": 138,
      "fn": 141
    },
    "2": {
      "precision": 0.9420442571127503,
      "recall": 0.894,
      "f1": 0.9173935351462289,
      "specificity": 0.993125,
      "fpr": 0.006875,
      "fnr": 0.106,
      "auroc": 0.9962561249999998,
      "auprc": 0.9708243190624122,
      "support": 1000,
      "tp": 894,
      "tn": 7945,
      "fp": 55,
      "fn": 106
    },
    "3": {
      "precision": 0.8288372093023256,
      "recall": 0.891,
      "f1": 0.8587951807228915,
      "specificity": 0.977,
      "fpr": 0.023,
      "fnr": 0.109,
      "auroc": 0.99044325,
      "auprc": 0.9349997168737425,
      "support": 1000,
      "tp": 891,
      "tn": 7816,
      "fp": 184,
      "fn": 109
    },
    "4": {
      "precision": 0.9928131416837782,
      "recall": 0.967,
      "f1": 0.9797365754812563,
      "specificity": 0.999125,
      "fpr": 0.000875,
      "fnr": 0.033,
      "auroc": 0.999500625,
      "auprc": 0.9969555420136008,
      "support": 1000,
      "tp": 967,
      "tn": 7993,
      "fp": 7,
      "fn": 33
    },
    "5": {
      "precision": 0.7026022304832714,
      "recall": 0.756,
      "f1": 0.7283236994219652,
      "specificity": 0.96,
      "fpr": 0.04,
      "fnr": 0.244,
      "auroc": 0.9702336249999999,
      "auprc": 0.8309390116667966,
      "support": 1000,
      "tp": 756,
      "tn": 7680,
      "fp": 320,
      "fn": 244
    },
    "6": {
      "precision": 0.9413461538461538,
      "recall": 0.979,
      "f1": 0.9598039215686274,
      "specificity": 0.992375,
      "fpr": 0.007625,
      "fnr": 0.021,
      "auroc": 0.998940375,
      "auprc": 0.9921130348871512,
      "support": 1000,
      "tp": 979,
      "tn": 7939,
      "fp": 61,
      "fn": 21
    },
    "7": {
      "precision": 0.9899193548387096,
      "recall": 0.982,
      "f1": 0.9859437751004014,
      "specificity": 0.99875,
      "fpr": 0.00125,
      "fnr": 0.018,
      "auroc": 0.9997067499999999,
      "auprc": 0.9979813417436721,
      "support": 1000,
      "tp": 982,
      "tn": 7990,
      "fp": 10,
      "fn": 18
    },
    "8": {
      "precision": 0.9766970618034447,
      "recall": 0.964,
      "f1": 0.9703069954705585,
      "specificity": 0.997125,
      "fpr": 0.002875,
      "fnr": 0.036,
      "auroc": 0.9991825,
      "auprc": 0.9945675331333805,
      "support": 1000,
      "tp": 964,
      "tn": 7977,
      "fp": 23,
      "fn": 36
    }
  },
  "confusion_matrix": [
    [
      812,
      20,
      12,
      6,
      0,
      145,
      0,
      5,
      0
    ],
    [
      7,
      859,
      6,
      53,
      0,
      75,
      0,
      0,
      0
    ],
    [
      18,
      9,
      894,
      36,
      0,
      42,
      0,
      1,
      0
    ],
    [
      0,
      42,
      16,
      891,
      0,
      51,
      0,
      0,
      0
    ],
    [
      1,
      0,
      0,
      0,
      967,
      1,
      27,
      0,
      4
    ],
    [
      71,
      64,
      19,
      86,
      0,
      756,
      0,
      4,
      0
    ],
    [
      0,
      0,
      0,
      0,
      2,
      0,
      979,
      0,
      19
    ],
    [
      1,
      3,
      2,
      3,
      1,
      5,
      3,
      982,
      0
    ],
    [
      0,
      0,
      0,
      0,
      4,
      1,
      31,
      0,
      964
    ]
  ]
}