{
  "experiment": "exp3",
  "condition": {
    "num_classes": 3,
    "class_list": [
      0,
      2,
      9
    ],
    "class_names": [
      "T-shirt/top",
      "Pullover",
      "Ankle boot"
    ],
    "combo_idx": 0,
    "subset_pct": 50,
    "num_samples": 9000,
    "samples_per_class": 3000,
    "train_samples": 8100,
    "val_samples": 900,
    "test_samples": 3000
  },
  "seed": 99719928,
  "timestamp": "2026-01-18T02:07:45.049070",
  "training_dynamics": {
    "epochs_trained": 16,
    "best_epoch": 6,
    "best_val_accuracy": 0.9866666666666667,
    "final_train_loss": 0.009812276915909024,
    "final_val_loss": 0.1064791200572573,
    "training_time_seconds": 6.026130676269531
  },
  "training_history": {
    "train_loss": [
      0.11186467700337213,
      0.05909079487442853,
      0.048142439225600575,
      0.03921231954160521,
      0.042241718825392835,
      0.032803079432360535,
      0.02277713937375064,
      0.023639272790728503,
      0.020991589719801775,
      0.01422045286802124,
      0.01629710175145342,
      0.009867214589511727,
      0.01191446697081606,
      0.011370082199728203,
      0.005705268828868733,
      0.009812276915909024
    ],
    "val_loss": [
      0.051905494961473675,
      0.04719295110967424,
      0.05100503479234046,
      0.05636530662990279,
      0.04970486228871677,
      0.044438902580489714,
      0.051924079935350975,
      0.06824784084046971,
      0.05579637988884416,
      0.09109944110969082,
      0.06678257894676386,
      0.09466041593321683,
      0.07606731444078225,
      0.08652820800909669,
      0.08601979772959667,
      0.1064791200572573
    ],
    "val_accuracy": [
      0.9866666666666667,
      0.9855555555555555,
      0.9833333333333333,
      0.9811111111111112,
      0.9866666666666667,
      0.9855555555555555,
      0.9844444444444445,
      0.9777777777777777,
      0.9788888888888889,
      0.98,
      0.9844444444444445,
      0.9788888888888889,
      0.9822222222222222,
      0.9788888888888889,
      0.9833333333333333,
      0.9788888888888889
    ]
  },
  "global_metrics": {
    "accuracy": 0.9783333333333334,
    "balanced_accuracy": 0.9783333333333334,
    "top_3_accuracy": 1.0,
    "top_5_accuracy": 1.0,
    "log_loss": 0.06010861414833585,
    "mcc": 0.9675001612500402,
    "cohens_kappa": 0.9675,
    "precision_macro": 0.9783443223443223,
    "precision_micro": 0.9783333333333334,
    "precision_weighted": 0.9783443223443223,
    "recall_macro": 0.9783333333333334,
    "recall_micro": 0.9783333333333334,
    "recall_weighted": 0.9783333333333334,
    "f1_macro": 0.9783386639179993,
    "f1_micro": 0.9783333333333334,
    "f1_weighted": 0.9783386639179994,
    "auroc_macro": 0.9983786666666666,
    "auroc_weighted": 0.9983786666666666,
    "auprc_macro": 0.9966782112838914
  },
  "per_class_metrics": {
    "0": {
      "precision": 0.967032967032967,
      "recall": 0.968,
      "f1": 0.9675162418790604,
      "specificity": 0.9835,
      "fpr": 0.0165,
      "fnr": 0.032,
      "auroc": 0.9975624999999999,
      "auprc": 0.9946114906643754,
      "support": 1000,
      "tp": 968,
      "tn": 1967,
      "fp": 33,
      "fn": 32
    },
    "1": {
      "precision": 0.968,
      "recall": 0.968,
      "f1": 0.968,
      "specificity": 0.984,
      "fpr": 0.016,
      "fnr": 0.032,
      "auroc": 0.9975745,
      "auprc": 0.9954251391952827,
      "support": 1000,
      "tp": 968,
      "tn": 1968,
      "fp": 32,
      "fn": 32
    },
    "2": {
      "precision": 1.0,
      "recall": 0.999,
      "f1": 0.9994997498749374,
      "specificity": 1.0,
      "fpr": 0.0,
      "fnr": 0.001,
      "auroc": 0.999999,
      "auprc": 0.9999980039920161,
      "support": 1000,
      "tp": 999,
      "tn": 2000,
      "fp": 0,
      "fn": 1
    }
  },
  "confusion_matrix": [
    [
      968,
      32,
      0
    ],
    [
      32,
      968,
      0
    ],
    [
      1,
      0,
      999
    ]
  ]
}