{
  "experiment": "exp3",
  "condition": {
    "num_classes": 4,
    "class_list": [
      1,
      5,
      7,
      9
    ],
    "class_names": [
      "Trouser",
      "Sandal",
      "Sneaker",
      "Ankle boot"
    ],
    "combo_idx": 4,
    "subset_pct": 100,
    "num_samples": 24000,
    "samples_per_class": 6000,
    "train_samples": 21600,
    "val_samples": 2400,
    "test_samples": 4000
  },
  "seed": 99719928,
  "timestamp": "2026-01-18T02:23:57.768417",
  "training_dynamics": {
    "epochs_trained": 18,
    "best_epoch": 8,
    "best_val_accuracy": 0.98125,
    "final_train_loss": 0.010388756513877535,
    "final_val_loss": 0.07568388286667566,
    "training_time_seconds": 18.392295360565186
  },
  "training_history": {
    "train_loss": [
      0.14700819702940227,
      0.06960202837583317,
      0.057234140823542876,
      0.04097636757379249,
      0.039937595154169794,
      0.033376817374501225,
      0.027523819248232655,
      0.027875549660133853,
      0.02295475072747843,
      0.02137902390690398,
      0.019628091998694166,
      0.015241169344642256,
      0.015804828589734934,
      0.013944560301154702,
      0.012520883253962344,
      0.01666820723785457,
      0.006449798513295239,
      0.010388756513877535
    ],
    "val_loss": [
      0.10316455960273743,
      0.06880015522241592,
      0.06670795982082685,
      0.07029771570116282,
      0.07856146899051965,
      0.09193033615127205,
      0.07343152810509006,
      0.06233499389141798,
      0.09144914294903476,
      0.07378125095119079,
      0.08417063370967905,
      0.10088101117871702,
      0.07658085906490063,
      0.0862442706245929,
      0.09052581654861569,
      0.07621932254948964,
      0.08635037968012815,
      0.07568388286667566
    ],
    "val_accuracy": [
      0.9629166666666666,
      0.9766666666666667,
      0.9791666666666666,
      0.9791666666666666,
      0.9779166666666667,
      0.9725,
      0.9775,
      0.98,
      0.9708333333333333,
      0.975,
      0.9791666666666666,
      0.97625,
      0.9783333333333334,
      0.9770833333333333,
      0.9725,
      0.98125,
      0.9795833333333334,
      0.9791666666666666
    ]
  },
  "global_metrics": {
    "accuracy": 0.9815,
    "balanced_accuracy": 0.9815,
    "top_3_accuracy": 1.0,
    "top_5_accuracy": 1.0,
    "log_loss": 0.048118706506316056,
    "mcc": 0.9753373159688381,
    "cohens_kappa": 0.9753333333333334,
    "precision_macro": 0.9815058655681168,
    "precision_micro": 0.9815,
    "precision_weighted": 0.9815058655681167,
    "recall_macro": 0.9815,
    "recall_micro": 0.9815,
    "recall_weighted": 0.9815,
    "f1_macro": 0.9814969553101569,
    "f1_micro": 0.9815,
    "f1_weighted": 0.9814969553101569,
    "auroc_macro": 0.9993729166666667,
    "auroc_weighted": 0.9993729166666666,
    "auprc_macro": 0.9981775515614679
  },
  "per_class_metrics": {
    "0": {
      "precision": 1.0,
      "recall": 1.0,
      "f1": 1.0,
      "specificity": 1.0,
      "fpr": 0.0,
      "fnr": 0.0,
      "auroc": 1.0,
      "auprc": 1.0,
      "support": 1000,
      "tp": 1000,
      "tn": 3000,
      "fp": 0,
      "fn": 0
    },
    "1": {
      "precision": 0.9840478564307079,
      "recall": 0.987,
      "f1": 0.9855217174238642,
      "specificity": 0.9946666666666667,
      "fpr": 0.005333333333333333,
      "fnr": 0.013,
      "auroc": 0.9997943333333333,
      "auprc": 0.9994059757063241,
      "support": 1000,
      "tp": 987,
      "tn": 2984,
      "fp": 16,
      "fn": 13
    },
    "2": {
      "precision": 0.9661691542288557,
      "recall": 0.971,
      "f1": 0.96857855361596,
      "specificity": 0.9886666666666667,
      "fpr": 0.011333333333333334,
      "fnr": 0.029,
      "auroc": 0.9987983333333333,
      "auprc": 0.996597348276221,
      "support": 1000,
      "tp": 971,
      "tn": 2966,
      "fp": 34,
      "fn": 29
    },
    "3": {
      "precision": 0.9758064516129032,
      "recall": 0.968,
      "f1": 0.9718875502008033,
      "specificity": 0.992,
      "fpr": 0.008,
      "fnr": 0.032,
      "auroc": 0.998899,
      "auprc": 0.9967068822633266,
      "support": 1000,
      "tp": 968,
      "tn": 2976,
      "fp": 24,
      "fn": 32
    }
  },
  "confusion_matrix": [
    [
      1000,
      0,
      0,
      0
    ],
    [
      0,
      987,
      8,
      5
    ],
    [
      0,
      10,
      971,
      19
    ],
    [
      0,
      6,
      26,
      968
    ]
  ]
}