{
  "experiment": "exp3",
  "condition": {
    "num_classes": 6,
    "class_list": [
      2,
      3,
      5,
      6,
      8,
      9
    ],
    "class_names": [
      "Pullover",
      "Dress",
      "Sandal",
      "Shirt",
      "Bag",
      "Ankle boot"
    ],
    "combo_idx": 4,
    "subset_pct": 30,
    "num_samples": 10800,
    "samples_per_class": 1800,
    "train_samples": 9720,
    "val_samples": 1080,
    "test_samples": 6000
  },
  "seed": 99719928,
  "timestamp": "2026-01-18T02:44:47.941333",
  "training_dynamics": {
    "epochs_trained": 15,
    "best_epoch": 5,
    "best_val_accuracy": 0.9481481481481482,
    "final_train_loss": 0.024305448014561797,
    "final_val_loss": 0.23612135615613725,
    "training_time_seconds": 7.178835868835449
  },
  "training_history": {
    "train_loss": [
      0.3751088302876604,
      0.19800157379359007,
      0.15467699658811876,
      0.13209497166405382,
      0.10510547087209202,
      0.09508367400542882,
      0.07344450475188512,
      0.06815389607953348,
      0.056808627325441,
      0.04715114260570293,
      0.04136560178027905,
      0.035802762051676644,
      0.03130221105024439,
      0.03606963145552742,
      0.024305448014561797
    ],
    "val_loss": [
      0.22660681610858,
      0.19505845553897044,
      0.18749781590369013,
      0.18421408209811757,
      0.15541066312127644,
      0.20038378964419717,
      0.1779290395823342,
      0.22983630616907721,
      0.17490411331808126,
      0.1630695457811709,
      0.2554172932894693,
      0.2088187600451487,
      0.22673664984327777,
      0.24382970453136496,
      0.23612135615613725
    ],
    "val_accuracy": [
      0.9231481481481482,
      0.9259259259259259,
      0.9212962962962963,
      0.9351851851851852,
      0.9462962962962963,
      0.9259259259259259,
      0.9407407407407408,
      0.9287037037037037,
      0.9472222222222222,
      0.9481481481481482,
      0.9268518518518518,
      0.9351851851851852,
      0.9296296296296296,
      0.9407407407407408,
      0.9425925925925925
    ]
  },
  "global_metrics": {
    "accuracy": 0.9451666666666667,
    "balanced_accuracy": 0.9451666666666666,
    "top_3_accuracy": 0.9983333333333333,
    "top_5_accuracy": 0.9998333333333334,
    "log_loss": 0.16922819152508572,
    "mcc": 0.9343044610784492,
    "cohens_kappa": 0.9342,
    "precision_macro": 0.9451577337125757,
    "precision_micro": 0.9451666666666667,
    "precision_weighted": 0.9451577337125759,
    "recall_macro": 0.9451666666666666,
    "recall_micro": 0.9451666666666667,
    "recall_weighted": 0.9451666666666667,
    "f1_macro": 0.9449081035532632,
    "f1_micro": 0.9451666666666667,
    "f1_weighted": 0.9449081035532633,
    "auroc_macro": 0.99537485,
    "auroc_weighted": 0.99537485,
    "auprc_macro": 0.9801769175832337
  },
  "per_class_metrics": {
    "0": {
      "precision": 0.8864503816793893,
      "recall": 0.929,
      "f1": 0.9072265625000001,
      "specificity": 0.9762,
      "fpr": 0.0238,
      "fnr": 0.071,
      "auroc": 0.9913614000000001,
      "auprc": 0.960072532667507,
      "support": 1000,
      "tp": 929,
      "tn": 4881,
      "fp": 119,
      "fn": 71
    },
    "1": {
      "precision": 0.941699604743083,
      "recall": 0.953,
      "f1": 0.9473161033797217,
      "specificity": 0.9882,
      "fpr": 0.0118,
      "fnr": 0.047,
      "auroc": 0.9967851,
      "auprc": 0.9843336443029637,
      "support": 1000,
      "tp": 953,
      "tn": 4941,
      "fp": 59,
      "fn": 47
    },
    "2": {
      "precision": 0.9919110212335692,
      "recall": 0.981,
      "f1": 0.9864253393665159,
      "specificity": 0.9984,
      "fpr": 0.0016,
      "fnr": 0.019,
      "auroc": 0.9997748,
      "auprc": 0.9989582695944863,
      "support": 1000,
      "tp": 981,
      "tn": 4992,
      "fp": 8,
      "fn": 19
    },
    "3": {
      "precision": 0.8986125933831377,
      "recall": 0.842,
      "f1": 0.8693856479091379,
      "specificity": 0.981,
      "fpr": 0.019,
      "fnr": 0.158,
      "auroc": 0.9853876,
      "auprc": 0.9418763344379679,
      "support": 1000,
      "tp": 842,
      "tn": 4905,
      "fp": 95,
      "fn": 158
    },
    "4": {
      "precision": 0.971028971028971,
      "recall": 0.972,
      "f1": 0.9715142428785607,
      "specificity": 0.9942,
      "fpr": 0.0058,
      "fnr": 0.028,
      "auroc": 0.9991372,
      "auprc": 0.9966429671482468,
      "support": 1000,
      "tp": 972,
      "tn": 4971,
      "fp": 29,
      "fn": 28
    },
    "5": {
      "precision": 0.981243830207305,
      "recall": 0.994,
      "f1": 0.9875807252856432,
      "specificity": 0.9962,
      "fpr": 0.0038,
      "fnr": 0.006,
      "auroc": 0.999803,
      "auprc": 0.999177757348231,
      "support": 1000,
      "tp": 994,
      "tn": 4981,
      "fp": 19,
      "fn": 6
    }
  },
  "confusion_matrix": [
    [
      929,
      11,
      0,
      57,
      3,
      0
    ],
    [
      12,
      953,
      0,
      31,
      3,
      1
    ],
    [
      0,
      0,
      981,
      0,
      4,
      15
    ],
    [
      97,
      43,
      0,
      842,
      18,
      0
    ],
    [
      10,
      5,
      3,
      7,
      972,
      3
    ],
    [
      0,
      0,
      5,
      0,
      1,
      994
    ]
  ]
}