{
  "experiment": "exp3",
  "condition": {
    "num_classes": 5,
    "class_list": [
      0,
      1,
      2,
      3,
      8
    ],
    "class_names": [
      "T-shirt/top",
      "Trouser",
      "Pullover",
      "Dress",
      "Bag"
    ],
    "combo_idx": 0,
    "subset_pct": 90,
    "num_samples": 27000,
    "samples_per_class": 5400,
    "train_samples": 24300,
    "val_samples": 2700,
    "test_samples": 5000
  },
  "seed": 99719928,
  "timestamp": "2026-01-18T02:25:38.211978",
  "training_dynamics": {
    "epochs_trained": 17,
    "best_epoch": 7,
    "best_val_accuracy": 0.9718518518518519,
    "final_train_loss": 0.017740741044786103,
    "final_val_loss": 0.13689118444229717,
    "training_time_seconds": 20.4800865650177
  },
  "training_history": {
    "train_loss": [
      0.2129746193899528,
      0.12496389424134242,
      0.10047047872978605,
      0.08354201753574766,
      0.07088867776696325,
      0.05891217918466091,
      0.05171206815407219,
      0.04808708028438942,
      0.03860308599358082,
      0.03671392163990899,
      0.031236123271657177,
      0.027369550701405388,
      0.025660786348759613,
      0.01995677429926888,
      0.023533777258815367,
      0.02343307511238029,
      0.017740741044786103
    ],
    "val_loss": [
      0.12697512966615182,
      0.12101143797238668,
      0.10932338019212087,
      0.10864131548890361,
      0.14156991954203005,
      0.10478314492437575,
      0.10157255635217384,
      0.11129497233364317,
      0.12360005318014711,
      0.13640630986955432,
      0.11737168522344696,
      0.1225320401346242,
      0.12206577220724689,
      0.12772676901132973,
      0.15101140400049862,
      0.15811909863242396,
      0.13689118444229717
    ],
    "val_accuracy": [
      0.9581481481481482,
      0.9618518518518518,
      0.9703703703703703,
      0.9681481481481482,
      0.9537037037037037,
      0.9718518518518519,
      0.9674074074074074,
      0.9640740740740741,
      0.9651851851851851,
      0.9629629629629629,
      0.9703703703703703,
      0.97,
      0.97,
      0.9681481481481482,
      0.9674074074074074,
      0.9655555555555555,
      0.9696296296296296
    ]
  },
  "global_metrics": {
    "accuracy": 0.9678,
    "balanced_accuracy": 0.9678000000000001,
    "top_3_accuracy": 0.9978,
    "top_5_accuracy": 1.0,
    "log_loss": 0.10956431982078778,
    "mcc": 0.9598017827030529,
    "cohens_kappa": 0.95975,
    "precision_macro": 0.9682047896712049,
    "precision_micro": 0.9678,
    "precision_weighted": 0.9682047896712049,
    "recall_macro": 0.9678000000000001,
    "recall_micro": 0.9678,
    "recall_weighted": 0.9678,
    "f1_macro": 0.9679015299039385,
    "f1_micro": 0.9678,
    "f1_weighted": 0.9679015299039385,
    "auroc_macro": 0.9977982000000001,
    "auroc_weighted": 0.9977981999999999,
    "auprc_macro": 0.992122130683917
  },
  "per_class_metrics": {
    "0": {
      "precision": 0.9278152069297402,
      "recall": 0.964,
      "f1": 0.9455615497793035,
      "specificity": 0.98125,
      "fpr": 0.01875,
      "fnr": 0.036,
      "auroc": 0.9956422500000001,
      "auprc": 0.9855169237617446,
      "support": 1000,
      "tp": 964,
      "tn": 3925,
      "fp": 75,
      "fn": 36
    },
    "1": {
      "precision": 0.9979591836734694,
      "recall": 0.978,
      "f1": 0.9878787878787879,
      "specificity": 0.9995,
      "fpr": 0.0005,
      "fnr": 0.022,
      "auroc": 0.99952275,
      "auprc": 0.9988491595816035,
      "support": 1000,
      "tp": 978,
      "tn": 3998,
      "fp": 2,
      "fn": 22
    },
    "2": {
      "precision": 0.9655521783181358,
      "recall": 0.953,
      "f1": 0.9592350276799194,
      "specificity": 0.9915,
      "fpr": 0.0085,
      "fnr": 0.047,
      "auroc": 0.9970652499999999,
      "auprc": 0.9916857966156679,
      "support": 1000,
      "tp": 953,
      "tn": 3966,
      "fp": 34,
      "fn": 47
    },
    "3": {
      "precision": 0.9596774193548387,
      "recall": 0.952,
      "f1": 0.9558232931726908,
      "specificity": 0.99,
      "fpr": 0.01,
      "fnr": 0.048,
      "auroc": 0.9968494999999999,
      "auprc": 0.9849037754368122,
      "support": 1000,
      "tp": 952,
      "tn": 3960,
      "fp": 40,
      "fn": 48
    },
    "4": {
      "precision": 0.9900199600798403,
      "recall": 0.992,
      "f1": 0.991008991008991,
      "specificity": 0.9975,
      "fpr": 0.0025,
      "fnr": 0.008,
      "auroc": 0.99991125,
      "auprc": 0.999654998023757,
      "support": 1000,
      "tp": 992,
      "tn": 3990,
      "fp": 10,
      "fn": 8
    }
  },
  "confusion_matrix": [
    [
      964,
      0,
      18,
      12,
      6
    ],
    [
      4,
      978,
      0,
      18,
      0
    ],
    [
      37,
      1,
      953,
      7,
      2
    ],
    [
      31,
      0,
      15,
      952,
      2
    ],
    [
      3,
      1,
      1,
      3,
      992
    ]
  ]
}