{
  "experiment": "exp3",
  "condition": {
    "num_classes": 9,
    "class_list": [
      0,
      1,
      3,
      4,
      5,
      6,
      7,
      8,
      9
    ],
    "class_names": [
      "T-shirt/top",
      "Trouser",
      "Dress",
      "Coat",
      "Sandal",
      "Shirt",
      "Sneaker",
      "Bag",
      "Ankle boot"
    ],
    "combo_idx": 3,
    "subset_pct": 80,
    "num_samples": 43200,
    "samples_per_class": 4800,
    "train_samples": 38880,
    "val_samples": 4320,
    "test_samples": 9000
  },
  "seed": 99719928,
  "timestamp": "2026-01-18T03:31:20.529233",
  "training_dynamics": {
    "epochs_trained": 16,
    "best_epoch": 6,
    "best_val_accuracy": 0.9331018518518519,
    "final_train_loss": 0.0532641358237781,
    "final_val_loss": 0.3289827941744416,
    "training_time_seconds": 31.046237468719482
  },
  "training_history": {
    "train_loss": [
      0.38408751389943063,
      0.2483045412104969,
      0.2058119164216087,
      0.1804002875793039,
      0.1581044704469509,
      0.1387502846283544,
      0.1232829449474689,
      0.10961538937561655,
      0.09995839792904199,
      0.09293310999974462,
      0.08065414832335112,
      0.07346860739160452,
      0.06672363246195202,
      0.060285916070968504,
      0.057874480538502165,
      0.0532641358237781
    ],
    "val_loss": [
      0.24011663960085974,
      0.20413994314493955,
      0.20995521324652214,
      0.19644823273022968,
      0.20585078045173927,
      0.1947631232716419,
      0.20487989838476534,
      0.19597386508076278,
      0.2000076264694885,
      0.21841102355608233,
      0.2483516300993937,
      0.2187867646967923,
      0.22874685167162506,
      0.23257734746568734,
      0.2457169790510778,
      0.3289827941744416
    ],
    "val_accuracy": [
      0.9071759259259259,
      0.9208333333333333,
      0.9206018518518518,
      0.9259259259259259,
      0.924074074074074,
      0.9263888888888889,
      0.9243055555555556,
      0.9282407407407407,
      0.9263888888888889,
      0.9298611111111111,
      0.9261574074074074,
      0.9331018518518519,
      0.9289351851851851,
      0.9331018518518519,
      0.93125,
      0.9127314814814815
    ]
  },
  "global_metrics": {
    "accuracy": 0.93,
    "balanced_accuracy": 0.9299999999999999,
    "top_3_accuracy": 0.9965555555555555,
    "top_5_accuracy": 0.9995555555555555,
    "log_loss": 0.19441511381356294,
    "mcc": 0.921285841275529,
    "cohens_kappa": 0.92125,
    "precision_macro": 0.9302499443460537,
    "precision_micro": 0.93,
    "precision_weighted": 0.9302499443460539,
    "recall_macro": 0.9299999999999999,
    "recall_micro": 0.93,
    "recall_weighted": 0.93,
    "f1_macro": 0.9299821321727513,
    "f1_micro": 0.93,
    "f1_weighted": 0.9299821321727513,
    "auroc_macro": 0.9961237500000001,
    "auroc_weighted": 0.9961237500000001,
    "auprc_macro": 0.9747236291834808
  },
  "per_class_metrics": {
    "0": {
      "precision": 0.8894681960375391,
      "recall": 0.853,
      "f1": 0.8708524757529351,
      "specificity": 0.98675,
      "fpr": 0.01325,
      "fnr": 0.147,
      "auroc": 0.9926021250000001,
      "auprc": 0.9496703941000207,
      "support": 1000,
      "tp": 853,
      "tn": 7894,
      "fp": 106,
      "fn": 147
    },
    "1": {
      "precision": 0.9811507936507936,
      "recall": 0.989,
      "f1": 0.9850597609561752,
      "specificity": 0.997625,
      "fpr": 0.002375,
      "fnr": 0.011,
      "auroc": 0.999727,
      "auprc": 0.9984536195126652,
      "support": 1000,
      "tp": 989,
      "tn": 7981,
      "fp": 19,
      "fn": 11
    },
    "2": {
      "precision": 0.9351851851851852,
      "recall": 0.909,
      "f1": 0.9219066937119675,
      "specificity": 0.992125,
      "fpr": 0.007875,
      "fnr": 0.091,
      "auroc": 0.9969116250000001,
      "auprc": 0.9753580506410262,
      "support": 1000,
      "tp": 909,
      "tn": 7937,
      "fp": 63,
      "fn": 91
    },
    "3": {
      "precision": 0.8905180840664711,
      "recall": 0.911,
      "f1": 0.9006426099851705,
      "specificity": 0.986,
      "fpr": 0.014,
      "fnr": 0.089,
      "auroc": 0.995340875,
      "auprc": 0.9658792232040558,
      "support": 1000,
      "tp": 911,
      "tn": 7888,
      "fp": 112,
      "fn": 89
    },
    "4": {
      "precision": 0.9696673189823874,
      "recall": 0.991,
      "f1": 0.9802176063303659,
      "specificity": 0.996125,
      "fpr": 0.003875,
      "fnr": 0.009,
      "auroc": 0.99977275,
      "auprc": 0.9981524602640508,
      "support": 1000,
      "tp": 991,
      "tn": 7969,
      "fp": 31,
      "fn": 9
    },
    "5": {
      "precision": 0.7935735150925024,
      "recall": 0.815,
      "f1": 0.8041440552540701,
      "specificity": 0.9735,
      "fpr": 0.0265,
      "fnr": 0.185,
      "auroc": 0.9827598749999998,
      "auprc": 0.8977963160246795,
      "support": 1000,
      "tp": 815,
      "tn": 7788,
      "fp": 212,
      "fn": 185
    },
    "6": {
      "precision": 0.9710444674250258,
      "recall": 0.939,
      "f1": 0.954753431621759,
      "specificity": 0.9965,
      "fpr": 0.0035,
      "fnr": 0.061,
      "auroc": 0.9990283750000001,
      "auprc": 0.9935227682022281,
      "support": 1000,
      "tp": 939,
      "tn": 7972,
      "fp": 28,
      "fn": 61
    },
    "7": {
      "precision": 0.9812067260138477,
      "recall": 0.992,
      "f1": 0.9865738438587768,
      "specificity": 0.997625,
      "fpr": 0.002375,
      "fnr": 0.008,
      "auroc": 0.999642875,
      "auprc": 0.9983833500450888,
      "support": 1000,
      "tp": 992,
      "tn": 7981,
      "fp": 19,
      "fn": 8
    },
    "8": {
      "precision": 0.960435212660732,
      "recall": 0.971,
      "f1": 0.9656887120835406,
      "specificity": 0.995,
      "fpr": 0.005,
      "fnr": 0.029,
      "auroc": 0.9993282499999999,
      "auprc": 0.995296480657511,
      "support": 1000,
      "tp": 971,
      "tn": 7960,
      "fp": 40,
      "fn": 29
    }
  },
  "confusion_matrix": [
    [
      853,
      2,
      16,
      7,
      1,
      112,
      0,
      9,
      0
    ],
    [
      2,
      989,
      5,
      1,
      0,
      1,
      0,
      2,
      0
    ],
    [
      16,
      11,
      909,
      35,
      0,
      27,
      0,
      2,
      0
    ],
    [
      0,
      2,
      18,
      911,
      0,
      69,
      0,
      0,
      0
    ],
    [
      0,
      0,
      0,
      0,
      991,
      0,
      5,
      0,
      4
    ],
    [
      87,
      3,
      21,
      69,
      0,
      815,
      0,
      5,
      0
    ],
    [
      0,
      0,
      0,
      0,
      24,
      0,
      939,
      1,
      36
    ],
    [
      1,
      1,
      3,
      0,
      1,
      2,
      0,
      992,
      0
    ],
    [
      0,
      0,
      0,
      0,
      5,
      1,
      23,
      0,
      971
    ]
  ]
}