{
  "experiment": "exp3",
  "condition": {
    "num_classes": 6,
    "class_list": [
      1,
      2,
      3,
      4,
      6,
      7
    ],
    "class_names": [
      "Trouser",
      "Pullover",
      "Dress",
      "Coat",
      "Shirt",
      "Sneaker"
    ],
    "combo_idx": 3,
    "subset_pct": 10,
    "num_samples": 3600,
    "samples_per_class": 600,
    "train_samples": 3240,
    "val_samples": 360,
    "test_samples": 6000
  },
  "seed": 99719928,
  "timestamp": "2026-01-18T02:42:14.482996",
  "training_dynamics": {
    "epochs_trained": 17,
    "best_epoch": 7,
    "best_val_accuracy": 0.8972222222222223,
    "final_train_loss": 0.021777253340034948,
    "final_val_loss": 0.5344245135784149,
    "training_time_seconds": 2.6508381366729736
  },
  "training_history": {
    "train_loss": [
      0.7177028398887784,
      0.4795439669898912,
      0.37792526039422725,
      0.31628518595415,
      0.2568883574476429,
      0.23968824525089824,
      0.21053209477195553,
      0.15326775749232255,
      0.1320491764767497,
      0.10478971065843806,
      0.08892567408289395,
      0.0959804827603055,
      0.0664188616050809,
      0.03857699747872995,
      0.03807580511213517,
      0.019470542039283934,
      0.021777253340034948
    ],
    "val_loss": [
      0.49097190896670023,
      0.4267435113588969,
      0.3449179728825887,
      0.30269825756549834,
      0.32176465226544276,
      0.3454297062423494,
      0.28866682118839687,
      0.4274229241742028,
      0.37832779155837165,
      0.3527914630042182,
      0.330077753133244,
      0.44073409272564784,
      0.38441020747025806,
      0.41885943081643845,
      0.4688810375001695,
      0.4505591339535183,
      0.5344245135784149
    ],
    "val_accuracy": [
      0.8277777777777777,
      0.8277777777777777,
      0.875,
      0.8944444444444445,
      0.875,
      0.875,
      0.8916666666666667,
      0.8611111111111112,
      0.8694444444444445,
      0.8805555555555555,
      0.8944444444444445,
      0.8722222222222222,
      0.8972222222222223,
      0.8777777777777778,
      0.8833333333333333,
      0.8888888888888888,
      0.8583333333333333
    ]
  },
  "global_metrics": {
    "accuracy": 0.879,
    "balanced_accuracy": 0.879,
    "top_3_accuracy": 0.9913333333333333,
    "top_5_accuracy": 0.9998333333333334,
    "log_loss": 0.3515992857769872,
    "mcc": 0.8552516350946506,
    "cohens_kappa": 0.8548,
    "precision_macro": 0.881551616384422,
    "precision_micro": 0.879,
    "precision_weighted": 0.8815516163844219,
    "recall_macro": 0.879,
    "recall_micro": 0.879,
    "recall_weighted": 0.879,
    "f1_macro": 0.8792216040054676,
    "f1_micro": 0.879,
    "f1_weighted": 0.8792216040054676,
    "auroc_macro": 0.982943,
    "auroc_weighted": 0.9829429999999999,
    "auprc_macro": 0.9308567074597853
  },
  "per_class_metrics": {
    "0": {
      "precision": 0.9948078920041536,
      "recall": 0.958,
      "f1": 0.9760570555272541,
      "specificity": 0.999,
      "fpr": 0.001,
      "fnr": 0.042,
      "auroc": 0.9978282,
      "auprc": 0.9935932678298048,
      "support": 1000,
      "tp": 958,
      "tn": 4995,
      "fp": 5,
      "fn": 42
    },
    "1": {
      "precision": 0.8584169453734671,
      "recall": 0.77,
      "f1": 0.8118081180811808,
      "specificity": 0.9746,
      "fpr": 0.0254,
      "fnr": 0.23,
      "auroc": 0.9735461999999999,
      "auprc": 0.8994542529929248,
      "support": 1000,
      "tp": 770,
      "tn": 4873,
      "fp": 127,
      "fn": 230
    },
    "2": {
      "precision": 0.8830917874396135,
      "recall": 0.914,
      "f1": 0.8982800982800982,
      "specificity": 0.9758,
      "fpr": 0.0242,
      "fnr": 0.086,
      "auroc": 0.9918506,
      "auprc": 0.9611738822002194,
      "support": 1000,
      "tp": 914,
      "tn": 4879,
      "fp": 121,
      "fn": 86
    },
    "3": {
      "precision": 0.7608120035304501,
      "recall": 0.862,
      "f1": 0.8082512892639475,
      "specificity": 0.9458,
      "fpr": 0.0542,
      "fnr": 0.138,
      "auroc": 0.9684356,
      "auprc": 0.8672626773390881,
      "support": 1000,
      "tp": 862,
      "tn": 4729,
      "fp": 271,
      "fn": 138
    },
    "4": {
      "precision": 0.7921810699588477,
      "recall": 0.77,
      "f1": 0.7809330628803244,
      "specificity": 0.9596,
      "fpr": 0.0404,
      "fnr": 0.23,
      "auroc": 0.9659974,
      "auprc": 0.8636561643966749,
      "support": 1000,
      "tp": 770,
      "tn": 4798,
      "fp": 202,
      "fn": 230
    },
    "5": {
      "precision": 1.0,
      "recall": 1.0,
      "f1": 1.0,
      "specificity": 1.0,
      "fpr": 0.0,
      "fnr": 0.0,
      "auroc": 1.0,
      "auprc": 1.0,
      "support": 1000,
      "tp": 1000,
      "tn": 5000,
      "fp": 0,
      "fn": 0
    }
  },
  "confusion_matrix": [
    [
      958,
      3,
      29,
      7,
      3,
      0
    ],
    [
      0,
      770,
      9,
      127,
      94,
      0
    ],
    [
      2,
      12,
      914,
      19,
      53,
      0
    ],
    [
      2,
      46,
      38,
      862,
      52,
      0
    ],
    [
      1,
      66,
      45,
      118,
      770,
      0
    ],
    [
      0,
      0,
      0,
      0,
      0,
      1000
    ]
  ]
}