{
  "experiment": "exp3",
  "condition": {
    "num_classes": 8,
    "class_list": [
      0,
      1,
      3,
      4,
      5,
      6,
      7,
      8
    ],
    "class_names": [
      "T-shirt/top",
      "Trouser",
      "Dress",
      "Coat",
      "Sandal",
      "Shirt",
      "Sneaker",
      "Bag"
    ],
    "combo_idx": 1,
    "subset_pct": 70,
    "num_samples": 33600,
    "samples_per_class": 4200,
    "train_samples": 30240,
    "val_samples": 3360,
    "test_samples": 8000
  },
  "seed": 99719928,
  "timestamp": "2026-01-18T03:05:23.823784",
  "training_dynamics": {
    "epochs_trained": 15,
    "best_epoch": 5,
    "best_val_accuracy": 0.9327380952380953,
    "final_train_loss": 0.05415681118010711,
    "final_val_loss": 0.25316458922766505,
    "training_time_seconds": 21.951056718826294
  },
  "training_history": {
    "train_loss": [
      0.4004870879032647,
      0.2611985772564598,
      0.21457280382419489,
      0.18357745713965837,
      0.16061763956071712,
      0.140845732349926,
      0.12359907376101481,
      0.11166189908863185,
      0.09507200530046955,
      0.08723975183347725,
      0.07811118815247813,
      0.0666424946339671,
      0.06159366502615586,
      0.05784300157463623,
      0.05415681118010711
    ],
    "val_loss": [
      0.273295978137425,
      0.2274778818800336,
      0.2224820308742069,
      0.20943736831347148,
      0.20188287971984772,
      0.23599556201980226,
      0.2674556465375991,
      0.21113496436959223,
      0.20817664705571673,
      0.22656997637379736,
      0.21930439819892247,
      0.2505126808016073,
      0.24317901929219563,
      0.2631374492531731,
      0.25316458922766505
    ],
    "val_accuracy": [
      0.9008928571428572,
      0.9160714285714285,
      0.9160714285714285,
      0.91875,
      0.9279761904761905,
      0.9163690476190476,
      0.9092261904761905,
      0.9273809523809524,
      0.9288690476190476,
      0.9327380952380953,
      0.9291666666666667,
      0.9282738095238096,
      0.9324404761904762,
      0.9324404761904762,
      0.9270833333333334
    ]
  },
  "global_metrics": {
    "accuracy": 0.924625,
    "balanced_accuracy": 0.924625,
    "top_3_accuracy": 0.995375,
    "top_5_accuracy": 0.999375,
    "log_loss": 0.20450307908402154,
    "mcc": 0.9139867096569346,
    "cohens_kappa": 0.9138571428571428,
    "precision_macro": 0.9267108960126941,
    "precision_micro": 0.924625,
    "precision_weighted": 0.9267108960126941,
    "recall_macro": 0.924625,
    "recall_micro": 0.924625,
    "recall_weighted": 0.924625,
    "f1_macro": 0.9252459585006212,
    "f1_micro": 0.924625,
    "f1_weighted": 0.9252459585006211,
    "auroc_macro": 0.9948401964285714,
    "auroc_weighted": 0.9948401964285715,
    "auprc_macro": 0.9705508973553401
  },
  "per_class_metrics": {
    "0": {
      "precision": 0.8734817813765182,
      "recall": 0.863,
      "f1": 0.8682092555331993,
      "specificity": 0.9821428571428571,
      "fpr": 0.017857142857142856,
      "fnr": 0.137,
      "auroc": 0.990808857142857,
      "auprc": 0.9457819240799813,
      "support": 1000,
      "tp": 863,
      "tn": 6875,
      "fp": 125,
      "fn": 137
    },
    "1": {
      "precision": 0.9888776541961577,
      "recall": 0.978,
      "f1": 0.9834087481146304,
      "specificity": 0.9984285714285714,
      "fpr": 0.0015714285714285715,
      "fnr": 0.022,
      "auroc": 0.9997268571428573,
      "auprc": 0.9985235931598223,
      "support": 1000,
      "tp": 978,
      "tn": 6989,
      "fp": 11,
      "fn": 22
    },
    "2": {
      "precision": 0.9079333986287953,
      "recall": 0.927,
      "f1": 0.9173676397822861,
      "specificity": 0.9865714285714285,
      "fpr": 0.013428571428571429,
      "fnr": 0.073,
      "auroc": 0.995836,
      "auprc": 0.9716378794082144,
      "support": 1000,
      "tp": 927,
      "tn": 6906,
      "fp": 94,
      "fn": 73
    },
    "3": {
      "precision": 0.9295774647887324,
      "recall": 0.858,
      "f1": 0.8923556942277691,
      "specificity": 0.9907142857142858,
      "fpr": 0.009285714285714286,
      "fnr": 0.142,
      "auroc": 0.9945227142857143,
      "auprc": 0.967044139056488,
      "support": 1000,
      "tp": 858,
      "tn": 6935,
      "fp": 65,
      "fn": 142
    },
    "4": {
      "precision": 0.9969262295081968,
      "recall": 0.973,
      "f1": 0.9848178137651822,
      "specificity": 0.9995714285714286,
      "fpr": 0.00042857142857142855,
      "fnr": 0.027,
      "auroc": 0.9996244285714285,
      "auprc": 0.9981261955488264,
      "support": 1000,
      "tp": 973,
      "tn": 6997,
      "fp": 3,
      "fn": 27
    },
    "5": {
      "precision": 0.7571297148114076,
      "recall": 0.823,
      "f1": 0.7886919022520364,
      "specificity": 0.9622857142857143,
      "fpr": 0.037714285714285714,
      "fnr": 0.177,
      "auroc": 0.9785884285714287,
      "auprc": 0.886008667558582,
      "support": 1000,
      "tp": 823,
      "tn": 6736,
      "fp": 264,
      "fn": 177
    },
    "6": {
      "precision": 0.9699029126213592,
      "recall": 0.999,
      "f1": 0.9842364532019704,
      "specificity": 0.9955714285714286,
      "fpr": 0.004428571428571428,
      "fnr": 0.001,
      "auroc": 0.9998195714285715,
      "auprc": 0.9985742174590049,
      "support": 1000,
      "tp": 999,
      "tn": 6969,
      "fp": 31,
      "fn": 1
    },
    "7": {
      "precision": 0.9898580121703854,
      "recall": 0.976,
      "f1": 0.9828801611278952,
      "specificity": 0.9985714285714286,
      "fpr": 0.0014285714285714286,
      "fnr": 0.024,
      "auroc": 0.9997947142857143,
      "auprc": 0.9987105625718017,
      "support": 1000,
      "tp": 976,
      "tn": 6990,
      "fp": 10,
      "fn": 24
    }
  },
  "confusion_matrix": [
    [
      863,
      1,
      12,
      3,
      1,
      116,
      0,
      4
    ],
    [
      5,
      978,
      12,
      2,
      0,
      3,
      0,
      0
    ],
    [
      19,
      6,
      927,
      8,
      0,
      40,
      0,
      0
    ],
    [
      1,
      0,
      41,
      858,
      0,
      100,
      0,
      0
    ],
    [
      0,
      0,
      0,
      0,
      973,
      0,
      27,
      0
    ],
    [
      94,
      3,
      24,
      50,
      0,
      823,
      0,
      6
    ],
    [
      0,
      0,
      0,
      0,
      1,
      0,
      999,
      0
    ],
    [
      6,
      1,
      5,
      2,
      1,
      5,
      4,
      976
    ]
  ]
}