{
  "experiment": "exp3",
  "condition": {
    "num_classes": 5,
    "class_list": [
      0,
      1,
      2,
      6,
      8
    ],
    "class_names": [
      "T-shirt/top",
      "Trouser",
      "Pullover",
      "Shirt",
      "Bag"
    ],
    "combo_idx": 1,
    "subset_pct": 30,
    "num_samples": 9000,
    "samples_per_class": 1800,
    "train_samples": 8100,
    "val_samples": 900,
    "test_samples": 5000
  },
  "seed": 99719928,
  "timestamp": "2026-01-18T02:26:12.463707",
  "training_dynamics": {
    "epochs_trained": 13,
    "best_epoch": 3,
    "best_val_accuracy": 0.9144444444444444,
    "final_train_loss": 0.06562445653734479,
    "final_val_loss": 0.3250159031814999,
    "training_time_seconds": 5.319078207015991
  },
  "training_history": {
    "train_loss": [
      0.490971485930165,
      0.3085090574317091,
      0.25832508762521067,
      0.22288488825475136,
      0.18975722250037305,
      0.17119971624626887,
      0.15054207565042915,
      0.13225609771027338,
      0.1176666122252547,
      0.09995372327939263,
      0.08245707005555705,
      0.07881787172921999,
      0.06562445653734479
    ],
    "val_loss": [
      0.30836218145158556,
      0.2726792385843065,
      0.2434119564957089,
      0.2599295132690006,
      0.2441551132996877,
      0.29815371844503613,
      0.2725909192032284,
      0.3036962189939287,
      0.2930390403005812,
      0.28749399410353765,
      0.25376812285847133,
      0.28617740975485906,
      0.3250159031814999
    ],
    "val_accuracy": [
      0.8811111111111111,
      0.8988888888888888,
      0.9055555555555556,
      0.9,
      0.9088888888888889,
      0.89,
      0.9011111111111111,
      0.8966666666666666,
      0.9,
      0.9022222222222223,
      0.9144444444444444,
      0.9122222222222223,
      0.9122222222222223
    ]
  },
  "global_metrics": {
    "accuracy": 0.894,
    "balanced_accuracy": 0.8939999999999999,
    "top_3_accuracy": 0.9968,
    "top_5_accuracy": 1.0,
    "log_loss": 0.2707282997764559,
    "mcc": 0.8675773045819108,
    "cohens_kappa": 0.8674999999999999,
    "precision_macro": 0.8949356614199896,
    "precision_micro": 0.894,
    "precision_weighted": 0.8949356614199896,
    "recall_macro": 0.8939999999999999,
    "recall_micro": 0.894,
    "recall_weighted": 0.894,
    "f1_macro": 0.8943103852588697,
    "f1_micro": 0.894,
    "f1_weighted": 0.8943103852588696,
    "auroc_macro": 0.98556785,
    "auroc_weighted": 0.98556785,
    "auprc_macro": 0.9514168239544881
  },
  "per_class_metrics": {
    "0": {
      "precision": 0.8562753036437247,
      "recall": 0.846,
      "f1": 0.8511066398390342,
      "specificity": 0.9645,
      "fpr": 0.0355,
      "fnr": 0.154,
      "auroc": 0.9808622499999999,
      "auprc": 0.929661437139226,
      "support": 1000,
      "tp": 846,
      "tn": 3858,
      "fp": 142,
      "fn": 154
    },
    "1": {
      "precision": 0.9969293756397134,
      "recall": 0.974,
      "f1": 0.9853313100657561,
      "specificity": 0.99925,
      "fpr": 0.00075,
      "fnr": 0.026,
      "auroc": 0.9995212499999999,
      "auprc": 0.9987798269141845,
      "support": 1000,
      "tp": 974,
      "tn": 3997,
      "fp": 3,
      "fn": 26
    },
    "2": {
      "precision": 0.9042224510813595,
      "recall": 0.878,
      "f1": 0.89091831557585,
      "specificity": 0.97675,
      "fpr": 0.02325,
      "fnr": 0.122,
      "auroc": 0.9884802500000001,
      "auprc": 0.9560385361352003,
      "support": 1000,
      "tp": 878,
      "tn": 3907,
      "fp": 93,
      "fn": 122
    },
    "3": {
      "precision": 0.7570183930300097,
      "recall": 0.782,
      "f1": 0.7693064436792918,
      "specificity": 0.93725,
      "fpr": 0.06275,
      "fnr": 0.218,
      "auroc": 0.959943,
      "auprc": 0.8756934851388268,
      "support": 1000,
      "tp": 782,
      "tn": 3749,
      "fp": 251,
      "fn": 218
    },
    "4": {
      "precision": 0.9602327837051406,
      "recall": 0.99,
      "f1": 0.9748892171344167,
      "specificity": 0.98975,
      "fpr": 0.01025,
      "fnr": 0.01,
      "auroc": 0.9990325,
      "auprc": 0.9969108344450034,
      "support": 1000,
      "tp": 990,
      "tn": 3959,
      "fp": 41,
      "fn": 10
    }
  },
  "confusion_matrix": [
    [
      846,
      1,
      19,
      122,
      12
    ],
    [
      2,
      974,
      0,
      18,
      6
    ],
    [
      11,
      1,
      878,
      104,
      6
    ],
    [
      126,
      1,
      74,
      782,
      17
    ],
    [
      3,
      0,
      0,
      7,
      990
    ]
  ]
}