{
  "experiment": "exp3",
  "condition": {
    "num_classes": 8,
    "class_list": [
      0,
      1,
      2,
      3,
      4,
      5,
      6,
      9
    ],
    "class_names": [
      "T-shirt/top",
      "Trouser",
      "Pullover",
      "Dress",
      "Coat",
      "Sandal",
      "Shirt",
      "Ankle boot"
    ],
    "combo_idx": 0,
    "subset_pct": 30,
    "num_samples": 14400,
    "samples_per_class": 1800,
    "train_samples": 12960,
    "val_samples": 1440,
    "test_samples": 8000
  },
  "seed": 99719928,
  "timestamp": "2026-01-18T03:00:54.393546",
  "training_dynamics": {
    "epochs_trained": 19,
    "best_epoch": 9,
    "best_val_accuracy": 0.9083333333333333,
    "final_train_loss": 0.042972119954033876,
    "final_val_loss": 0.42173873119884064,
    "training_time_seconds": 11.627400398254395
  },
  "training_history": {
    "train_loss": [
      0.6023878991016614,
      0.4002053827928205,
      0.34520371852837173,
      0.3045874044959768,
      0.27183913116531416,
      0.2382727945085817,
      0.20909293634550913,
      0.18760008805344258,
      0.15469292147553027,
      0.13033045953130487,
      0.11953716803103538,
      0.09981370159869858,
      0.10095028084670675,
      0.07255188912024786,
      0.07225113176497552,
      0.06467009310752814,
      0.054162031437586904,
      0.05001923951705725,
      0.042972119954033876
    ],
    "val_loss": [
      0.44353055556615195,
      0.36093001895480686,
      0.32986418869760303,
      0.32620346744855244,
      0.2949149668216705,
      0.28867403864860536,
      0.27668044202857545,
      0.2720301740699344,
      0.26511381798320344,
      0.3061079740524292,
      0.3137441005971697,
      0.4114214579264323,
      0.32249737713072035,
      0.38327704668045043,
      0.42118688490655687,
      0.3465399758683311,
      0.3907442980342441,
      0.36052055259545646,
      0.42173873119884064
    ],
    "val_accuracy": [
      0.8291666666666667,
      0.8631944444444445,
      0.8756944444444444,
      0.8736111111111111,
      0.8888888888888888,
      0.8875,
      0.8993055555555556,
      0.9034722222222222,
      0.9013888888888889,
      0.8923611111111112,
      0.9020833333333333,
      0.8777777777777778,
      0.9048611111111111,
      0.9027777777777778,
      0.8923611111111112,
      0.9041666666666667,
      0.8951388888888889,
      0.9083333333333333,
      0.9
    ]
  },
  "global_metrics": {
    "accuracy": 0.89175,
    "balanced_accuracy": 0.89175,
    "top_3_accuracy": 0.9915,
    "top_5_accuracy": 0.998875,
    "log_loss": 0.3092615135100889,
    "mcc": 0.8766303133830982,
    "cohens_kappa": 0.8762857142857143,
    "precision_macro": 0.8906804935711485,
    "precision_micro": 0.89175,
    "precision_weighted": 0.8906804935711486,
    "recall_macro": 0.89175,
    "recall_micro": 0.89175,
    "recall_weighted": 0.89175,
    "f1_macro": 0.8900563409145978,
    "f1_micro": 0.89175,
    "f1_weighted": 0.8900563409145978,
    "auroc_macro": 0.9894439285714285,
    "auroc_weighted": 0.9894439285714286,
    "auprc_macro": 0.9446312589597048
  },
  "per_class_metrics": {
    "0": {
      "precision": 0.8167441860465117,
      "recall": 0.878,
      "f1": 0.8462650602409639,
      "specificity": 0.9718571428571429,
      "fpr": 0.028142857142857143,
      "fnr": 0.122,
      "auroc": 0.9869948571428572,
      "auprc": 0.9285096446896517,
      "support": 1000,
      "tp": 878,
      "tn": 6803,
      "fp": 197,
      "fn": 122
    },
    "1": {
      "precision": 0.9878542510121457,
      "recall": 0.976,
      "f1": 0.9818913480885312,
      "specificity": 0.9982857142857143,
      "fpr": 0.0017142857142857142,
      "fnr": 0.024,
      "auroc": 0.9994155714285714,
      "auprc": 0.9973658508110568,
      "support": 1000,
      "tp": 976,
      "tn": 6988,
      "fp": 12,
      "fn": 24
    },
    "2": {
      "precision": 0.8612774451097804,
      "recall": 0.863,
      "f1": 0.862137862137862,
      "specificity": 0.9801428571428571,
      "fpr": 0.019857142857142858,
      "fnr": 0.137,
      "auroc": 0.9868915714285713,
      "auprc": 0.9355196799642665,
      "support": 1000,
      "tp": 863,
      "tn": 6861,
      "fp": 139,
      "fn": 137
    },
    "3": {
      "precision": 0.8834765998089781,
      "recall": 0.925,
      "f1": 0.9037616023448949,
      "specificity": 0.9825714285714285,
      "fpr": 0.01742857142857143,
      "fnr": 0.075,
      "auroc": 0.9941242857142858,
      "auprc": 0.9616871511009886,
      "support": 1000,
      "tp": 925,
      "tn": 6878,
      "fp": 122,
      "fn": 75
    },
    "4": {
      "precision": 0.8174976481655691,
      "recall": 0.869,
      "f1": 0.842462433349491,
      "specificity": 0.9722857142857143,
      "fpr": 0.027714285714285716,
      "fnr": 0.131,
      "auroc": 0.9858895714285714,
      "auprc": 0.9174482110158574,
      "support": 1000,
      "tp": 869,
      "tn": 6806,
      "fp": 194,
      "fn": 131
    },
    "5": {
      "precision": 0.9870646766169154,
      "recall": 0.992,
      "f1": 0.9895261845386534,
      "specificity": 0.9981428571428571,
      "fpr": 0.0018571428571428571,
      "fnr": 0.008,
      "auroc": 0.9998382857142857,
      "auprc": 0.9986611971995432,
      "support": 1000,
      "tp": 992,
      "tn": 6987,
      "fp": 13,
      "fn": 8
    },
    "6": {
      "precision": 0.7795371498172959,
      "recall": 0.64,
      "f1": 0.7029104887424492,
      "specificity": 0.9741428571428571,
      "fpr": 0.025857142857142856,
      "fnr": 0.36,
      "auroc": 0.9627968571428572,
      "auprc": 0.8189656346280134,
      "support": 1000,
      "tp": 640,
      "tn": 6819,
      "fp": 181,
      "fn": 360
    },
    "7": {
      "precision": 0.991991991991992,
      "recall": 0.991,
      "f1": 0.991495747873937,
      "specificity": 0.9988571428571429,
      "fpr": 0.001142857142857143,
      "fnr": 0.009,
      "auroc": 0.9996004285714286,
      "auprc": 0.9988927022682602,
      "support": 1000,
      "tp": 991,
      "tn": 6992,
      "fp": 8,
      "fn": 9
    }
  },
  "confusion_matrix": [
    [
      878,
      1,
      8,
      20,
      4,
      5,
      84,
      0
    ],
    [
      2,
      976,
      0,
      15,
      2,
      0,
      5,
      0
    ],
    [
      27,
      2,
      863,
      11,
      53,
      0,
      44,
      0
    ],
    [
      30,
      4,
      9,
      925,
      13,
      0,
      19,
      0
    ],
    [
      1,
      2,
      52,
      48,
      869,
      0,
      28,
      0
    ],
    [
      0,
      0,
      0,
      0,
      0,
      992,
      0,
      8
    ],
    [
      137,
      3,
      70,
      28,
      122,
      0,
      640,
      0
    ],
    [
      0,
      0,
      0,
      0,
      0,
      8,
      1,
      991
    ]
  ]
}