{
  "experiment": "exp3",
  "condition": {
    "num_classes": 6,
    "class_list": [
      2,
      3,
      5,
      6,
      8,
      9
    ],
    "class_names": [
      "Pullover",
      "Dress",
      "Sandal",
      "Shirt",
      "Bag",
      "Ankle boot"
    ],
    "combo_idx": 4,
    "subset_pct": 90,
    "num_samples": 32400,
    "samples_per_class": 5400,
    "train_samples": 29160,
    "val_samples": 3240,
    "test_samples": 6000
  },
  "seed": 99719928,
  "timestamp": "2026-01-18T02:46:18.412838",
  "training_dynamics": {
    "epochs_trained": 15,
    "best_epoch": 5,
    "best_val_accuracy": 0.9617283950617284,
    "final_train_loss": 0.0294949134630243,
    "final_val_loss": 0.20392087762370523,
    "training_time_seconds": 19.607276439666748
  },
  "training_history": {
    "train_loss": [
      0.2625536602398936,
      0.15827960998898274,
      0.1261650376070879,
      0.11112001640395376,
      0.09497742721373868,
      0.08016785435386721,
      0.07579698640109743,
      0.0654578999230197,
      0.05313980919201736,
      0.05195083768564489,
      0.0441147401007791,
      0.04207190065726377,
      0.04037491570156897,
      0.034457161569183596,
      0.0294949134630243
    ],
    "val_loss": [
      0.14339680057248952,
      0.1382044016211121,
      0.12234571351681227,
      0.1244244384728832,
      0.11701087499106372,
      0.13041194703108,
      0.18287203933721707,
      0.11848752327539303,
      0.1610055935603601,
      0.1681125952321806,
      0.14279590961925778,
      0.1506372692408385,
      0.14060025520530747,
      0.1624064637095104,
      0.20392087762370523
    ],
    "val_accuracy": [
      0.9435185185185185,
      0.9496913580246914,
      0.953395061728395,
      0.9583333333333334,
      0.9567901234567902,
      0.9574074074074074,
      0.9391975308641975,
      0.9601851851851851,
      0.9515432098765432,
      0.9484567901234567,
      0.9604938271604938,
      0.9580246913580247,
      0.9580246913580247,
      0.9617283950617284,
      0.9549382716049383
    ]
  },
  "global_metrics": {
    "accuracy": 0.9518333333333333,
    "balanced_accuracy": 0.9518333333333334,
    "top_3_accuracy": 0.9988333333333334,
    "top_5_accuracy": 0.9998333333333334,
    "log_loss": 0.13550722079073996,
    "mcc": 0.9423330982441935,
    "cohens_kappa": 0.9422,
    "precision_macro": 0.9522843939352654,
    "precision_micro": 0.9518333333333333,
    "precision_weighted": 0.9522843939352654,
    "recall_macro": 0.9518333333333334,
    "recall_micro": 0.9518333333333333,
    "recall_weighted": 0.9518333333333333,
    "f1_macro": 0.9517454304314601,
    "f1_micro": 0.9518333333333333,
    "f1_weighted": 0.9517454304314601,
    "auroc_macro": 0.9967195166666668,
    "auroc_weighted": 0.9967195166666667,
    "auprc_macro": 0.9857013089097029
  },
  "per_class_metrics": {
    "0": {
      "precision": 0.8803738317757009,
      "recall": 0.942,
      "f1": 0.9101449275362319,
      "specificity": 0.9744,
      "fpr": 0.0256,
      "fnr": 0.058,
      "auroc": 0.9941106,
      "auprc": 0.9726679233475292,
      "support": 1000,
      "tp": 942,
      "tn": 4872,
      "fp": 128,
      "fn": 58
    },
    "1": {
      "precision": 0.960285132382892,
      "recall": 0.943,
      "f1": 0.9515640766902118,
      "specificity": 0.9922,
      "fpr": 0.0078,
      "fnr": 0.057,
      "auroc": 0.9975144,
      "auprc": 0.9880080067081793,
      "support": 1000,
      "tp": 943,
      "tn": 4961,
      "fp": 39,
      "fn": 57
    },
    "2": {
      "precision": 0.9832512315270936,
      "recall": 0.998,
      "f1": 0.9905707196029777,
      "specificity": 0.9966,
      "fpr": 0.0034,
      "fnr": 0.002,
      "auroc": 0.9999050999999999,
      "auprc": 0.9994822716992954,
      "support": 1000,
      "tp": 998,
      "tn": 4983,
      "fp": 17,
      "fn": 2
    },
    "3": {
      "precision": 0.904862579281184,
      "recall": 0.856,
      "f1": 0.879753340184995,
      "specificity": 0.982,
      "fpr": 0.018,
      "fnr": 0.144,
      "auroc": 0.9896068,
      "auprc": 0.9564823530932455,
      "support": 1000,
      "tp": 856,
      "tn": 4910,
      "fp": 90,
      "fn": 144
    },
    "4": {
      "precision": 0.9879638916750251,
      "recall": 0.985,
      "f1": 0.9864797195793691,
      "specificity": 0.9976,
      "fpr": 0.0024,
      "fnr": 0.015,
      "auroc": 0.999633,
      "auprc": 0.9986928859559652,
      "support": 1000,
      "tp": 985,
      "tn": 4988,
      "fp": 12,
      "fn": 15
    },
    "5": {
      "precision": 0.996969696969697,
      "recall": 0.987,
      "f1": 0.9919597989949748,
      "specificity": 0.9994,
      "fpr": 0.0006,
      "fnr": 0.013,
      "auroc": 0.9995472,
      "auprc": 0.998874412654002,
      "support": 1000,
      "tp": 987,
      "tn": 4997,
      "fp": 3,
      "fn": 13
    }
  },
  "confusion_matrix": [
    [
      942,
      8,
      1,
      49,
      0,
      0
    ],
    [
      18,
      943,
      0,
      38,
      1,
      0
    ],
    [
      0,
      0,
      998,
      0,
      0,
      2
    ],
    [
      107,
      26,
      1,
      856,
      10,
      0
    ],
    [
      3,
      5,
      3,
      3,
      985,
      1
    ],
    [
      0,
      0,
      12,
      0,
      1,
      987
    ]
  ]
}