{
  "experiment": "exp3",
  "condition": {
    "num_classes": 5,
    "class_list": [
      0,
      1,
      2,
      3,
      8
    ],
    "class_names": [
      "T-shirt/top",
      "Trouser",
      "Pullover",
      "Dress",
      "Bag"
    ],
    "combo_idx": 0,
    "subset_pct": 60,
    "num_samples": 18000,
    "samples_per_class": 3600,
    "train_samples": 16200,
    "val_samples": 1800,
    "test_samples": 5000
  },
  "seed": 99719928,
  "timestamp": "2026-01-18T02:24:42.074086",
  "training_dynamics": {
    "epochs_trained": 18,
    "best_epoch": 8,
    "best_val_accuracy": 0.9688888888888889,
    "final_train_loss": 0.01290530808083839,
    "final_val_loss": 0.15508828550163242,
    "training_time_seconds": 13.54772162437439
  },
  "training_history": {
    "train_loss": [
      0.24977236270435213,
      0.13904237623993806,
      0.11394040796935088,
      0.09136262707142746,
      0.08173050651763104,
      0.06478624253746444,
      0.05950376792940564,
      0.048213660023101845,
      0.038047583304404275,
      0.03309645247576927,
      0.030488369597752734,
      0.023309686015679513,
      0.03218917156235997,
      0.02295107203139282,
      0.018133626431930262,
      0.04695118012727838,
      0.014884322604295563,
      0.01290530808083839
    ],
    "val_loss": [
      0.16098682989676794,
      0.11809046167466375,
      0.1081686058971617,
      0.16011013434992896,
      0.10844987110959159,
      0.11444959263006846,
      0.10258916583326128,
      0.0965175375673506,
      0.10329727402577797,
      0.11591556280437443,
      0.14425252518720097,
      0.13796874838984674,
      0.1132413667274846,
      0.12921295547030037,
      0.16655428083406554,
      0.11426084546372295,
      0.14267412210090294,
      0.15508828550163242
    ],
    "val_accuracy": [
      0.955,
      0.9633333333333334,
      0.9616666666666667,
      0.95,
      0.9644444444444444,
      0.96,
      0.9638888888888889,
      0.9672222222222222,
      0.9683333333333334,
      0.9688888888888889,
      0.9672222222222222,
      0.9655555555555555,
      0.9677777777777777,
      0.9688888888888889,
      0.9627777777777777,
      0.9683333333333334,
      0.9633333333333334,
      0.9655555555555555
    ]
  },
  "global_metrics": {
    "accuracy": 0.9696,
    "balanced_accuracy": 0.9696,
    "top_3_accuracy": 0.9982,
    "top_5_accuracy": 1.0,
    "log_loss": 0.10886253458906388,
    "mcc": 0.9620229445208436,
    "cohens_kappa": 0.962,
    "precision_macro": 0.9696697231410148,
    "precision_micro": 0.9696,
    "precision_weighted": 0.9696697231410147,
    "recall_macro": 0.9696,
    "recall_micro": 0.9696,
    "recall_weighted": 0.9696,
    "f1_macro": 0.9695890747802807,
    "f1_micro": 0.9696,
    "f1_weighted": 0.9695890747802804,
    "auroc_macro": 0.9978218999999999,
    "auroc_weighted": 0.9978219000000002,
    "auprc_macro": 0.9922247939737565
  },
  "per_class_metrics": {
    "0": {
      "precision": 0.9580777096114519,
      "recall": 0.937,
      "f1": 0.9474216380182002,
      "specificity": 0.98975,
      "fpr": 0.01025,
      "fnr": 0.063,
      "auroc": 0.9955492499999999,
      "auprc": 0.9847035389492655,
      "support": 1000,
      "tp": 937,
      "tn": 3959,
      "fp": 41,
      "fn": 63
    },
    "1": {
      "precision": 0.9909456740442656,
      "recall": 0.985,
      "f1": 0.9879638916750251,
      "specificity": 0.99775,
      "fpr": 0.00225,
      "fnr": 0.015,
      "auroc": 0.999768,
      "auprc": 0.9992039326780701,
      "support": 1000,
      "tp": 985,
      "tn": 3991,
      "fp": 9,
      "fn": 15
    },
    "2": {
      "precision": 0.9557522123893806,
      "recall": 0.972,
      "f1": 0.9638076351016361,
      "specificity": 0.98875,
      "fpr": 0.01125,
      "fnr": 0.028,
      "auroc": 0.99685175,
      "auprc": 0.9911846964415512,
      "support": 1000,
      "tp": 972,
      "tn": 3955,
      "fp": 45,
      "fn": 28
    },
    "3": {
      "precision": 0.9515810276679841,
      "recall": 0.963,
      "f1": 0.9572564612326044,
      "specificity": 0.98775,
      "fpr": 0.01225,
      "fnr": 0.037,
      "auroc": 0.9972464999999999,
      "auprc": 0.9870334378100691,
      "support": 1000,
      "tp": 963,
      "tn": 3951,
      "fp": 49,
      "fn": 37
    },
    "4": {
      "precision": 0.991991991991992,
      "recall": 0.991,
      "f1": 0.991495747873937,
      "specificity": 0.998,
      "fpr": 0.002,
      "fnr": 0.009,
      "auroc": 0.999694,
      "auprc": 0.9989983639898263,
      "support": 1000,
      "tp": 991,
      "tn": 3992,
      "fp": 8,
      "fn": 9
    }
  },
  "confusion_matrix": [
    [
      937,
      1,
      28,
      27,
      7
    ],
    [
      2,
      985,
      2,
      10,
      1
    ],
    [
      17,
      1,
      972,
      10,
      0
    ],
    [
      19,
      6,
      12,
      963,
      0
    ],
    [
      3,
      1,
      3,
      2,
      991
    ]
  ]
}