{
  "experiment": "exp3",
  "condition": {
    "num_classes": 7,
    "class_list": [
      0,
      1,
      2,
      3,
      4,
      6,
      8
    ],
    "class_names": [
      "T-shirt/top",
      "Trouser",
      "Pullover",
      "Dress",
      "Coat",
      "Shirt",
      "Bag"
    ],
    "combo_idx": 0,
    "subset_pct": 20,
    "num_samples": 8400,
    "samples_per_class": 1200,
    "train_samples": 7560,
    "val_samples": 840,
    "test_samples": 7000
  },
  "seed": 99719928,
  "timestamp": "2026-01-18T02:46:51.135344",
  "training_dynamics": {
    "epochs_trained": 19,
    "best_epoch": 9,
    "best_val_accuracy": 0.8845238095238095,
    "final_train_loss": 0.056318974218276495,
    "final_val_loss": 0.4493571590809595,
    "training_time_seconds": 6.274756669998169
  },
  "training_history": {
    "train_loss": [
      0.7424364878850824,
      0.49809676508943573,
      0.42045896619307893,
      0.36964814753091635,
      0.31634086620907825,
      0.2792380741413902,
      0.23729554272624626,
      0.21402761715800822,
      0.19298284344312525,
      0.14385368743864427,
      0.1343345041347652,
      0.13582878961705236,
      0.0869358197087422,
      0.07243404076473803,
      0.07620596175841174,
      0.053531324428294884,
      0.05754070753278602,
      0.044413817514266284,
      0.056318974218276495
    ],
    "val_loss": [
      0.6236018572534834,
      0.4622345555396307,
      0.3822053035100301,
      0.3794638426530929,
      0.4132193792433966,
      0.35326925218105315,
      0.4640949120124181,
      0.4392434791440055,
      0.3518326789140701,
      0.4076802866799491,
      0.3732159620239621,
      0.4416389967714037,
      0.46970514768645877,
      0.4394399650040127,
      0.42697079337778543,
      0.46564158981754666,
      0.4681882557414827,
      0.4945888133276077,
      0.4493571590809595
    ],
    "val_accuracy": [
      0.7976190476190477,
      0.8333333333333334,
      0.8535714285714285,
      0.8547619047619047,
      0.844047619047619,
      0.8630952380952381,
      0.8547619047619047,
      0.8428571428571429,
      0.8797619047619047,
      0.8642857142857143,
      0.8714285714285714,
      0.8571428571428571,
      0.8607142857142858,
      0.8726190476190476,
      0.8702380952380953,
      0.8845238095238095,
      0.8607142857142858,
      0.8773809523809524,
      0.8797619047619047
    ]
  },
  "global_metrics": {
    "accuracy": 0.8717142857142857,
    "balanced_accuracy": 0.8717142857142858,
    "top_3_accuracy": 0.9851428571428571,
    "top_5_accuracy": 0.9967142857142857,
    "log_loss": 0.4105968178920635,
    "mcc": 0.8509138546074798,
    "cohens_kappa": 0.8503333333333334,
    "precision_macro": 0.8707179169280572,
    "precision_micro": 0.8717142857142857,
    "precision_weighted": 0.8707179169280572,
    "recall_macro": 0.8717142857142858,
    "recall_micro": 0.8717142857142857,
    "recall_weighted": 0.8717142857142857,
    "f1_macro": 0.8694028056246036,
    "f1_micro": 0.8717142857142857,
    "f1_weighted": 0.8694028056246035,
    "auroc_macro": 0.9841575714285715,
    "auroc_weighted": 0.9841575714285714,
    "auprc_macro": 0.9325103871342054
  },
  "per_class_metrics": {
    "0": {
      "precision": 0.8322147651006712,
      "recall": 0.868,
      "f1": 0.8497307880567793,
      "specificity": 0.9708333333333333,
      "fpr": 0.029166666666666667,
      "fnr": 0.132,
      "auroc": 0.9828544166666667,
      "auprc": 0.9287920252592664,
      "support": 1000,
      "tp": 868,
      "tn": 5825,
      "fp": 175,
      "fn": 132
    },
    "1": {
      "precision": 0.99079754601227,
      "recall": 0.969,
      "f1": 0.9797775530839231,
      "specificity": 0.9985,
      "fpr": 0.0015,
      "fnr": 0.031,
      "auroc": 0.9985598333333334,
      "auprc": 0.9962285949301996,
      "support": 1000,
      "tp": 969,
      "tn": 5991,
      "fp": 9,
      "fn": 31
    },
    "2": {
      "precision": 0.8183503243744208,
      "recall": 0.883,
      "f1": 0.8494468494468495,
      "specificity": 0.9673333333333334,
      "fpr": 0.03266666666666666,
      "fnr": 0.117,
      "auroc": 0.9824158333333333,
      "auprc": 0.9282259772920525,
      "support": 1000,
      "tp": 883,
      "tn": 5804,
      "fp": 196,
      "fn": 117
    },
    "3": {
      "precision": 0.869942196531792,
      "recall": 0.903,
      "f1": 0.8861629048086359,
      "specificity": 0.9775,
      "fpr": 0.0225,
      "fnr": 0.097,
      "auroc": 0.9927302499999999,
      "auprc": 0.9590277782121402,
      "support": 1000,
      "tp": 903,
      "tn": 5865,
      "fp": 135,
      "fn": 97
    },
    "4": {
      "precision": 0.8271844660194175,
      "recall": 0.852,
      "f1": 0.8394088669950739,
      "specificity": 0.9703333333333334,
      "fpr": 0.029666666666666668,
      "fnr": 0.148,
      "auroc": 0.9821053333333333,
      "auprc": 0.908554068884012,
      "support": 1000,
      "tp": 852,
      "tn": 5822,
      "fp": 178,
      "fn": 148
    },
    "5": {
      "precision": 0.8073510773130546,
      "recall": 0.637,
      "f1": 0.7121296813862493,
      "specificity": 0.9746666666666667,
      "fpr": 0.025333333333333333,
      "fnr": 0.363,
      "auroc": 0.9509924999999999,
      "auprc": 0.8095884698113633,
      "support": 1000,
      "tp": 637,
      "tn": 5848,
      "fp": 152,
      "fn": 363
    },
    "6": {
      "precision": 0.9491850431447747,
      "recall": 0.99,
      "f1": 0.9691629955947137,
      "specificity": 0.9911666666666666,
      "fpr": 0.008833333333333334,
      "fnr": 0.01,
      "auroc": 0.9994448333333333,
      "auprc": 0.997155795550404,
      "support": 1000,
      "tp": 990,
      "tn": 5947,
      "fp": 53,
      "fn": 10
    }
  },
  "confusion_matrix": [
    [
      868,
      0,
      21,
      34,
      8,
      48,
      21
    ],
    [
      1,
      969,
      0,
      21,
      5,
      2,
      2
    ],
    [
      15,
      1,
      883,
      12,
      51,
      34,
      4
    ],
    [
      23,
      4,
      11,
      903,
      34,
      17,
      8
    ],
    [
      0,
      1,
      67,
      27,
      852,
      49,
      4
    ],
    [
      135,
      2,
      96,
      38,
      78,
      637,
      14
    ],
    [
      1,
      1,
      1,
      3,
      2,
      2,
      990
    ]
  ]
}