{
  "experiment": "exp3",
  "condition": {
    "num_classes": 7,
    "class_list": [
      0,
      1,
      2,
      3,
      4,
      6,
      8
    ],
    "class_names": [
      "T-shirt/top",
      "Trouser",
      "Pullover",
      "Dress",
      "Coat",
      "Shirt",
      "Bag"
    ],
    "combo_idx": 0,
    "subset_pct": 30,
    "num_samples": 12600,
    "samples_per_class": 1800,
    "train_samples": 11340,
    "val_samples": 1260,
    "test_samples": 7000
  },
  "seed": 99719928,
  "timestamp": "2026-01-18T02:47:00.473886",
  "training_dynamics": {
    "epochs_trained": 18,
    "best_epoch": 8,
    "best_val_accuracy": 0.8968253968253969,
    "final_train_loss": 0.05052546812535337,
    "final_val_loss": 0.5220764563197181,
    "training_time_seconds": 9.032212257385254
  },
  "training_history": {
    "train_loss": [
      0.6910558004727524,
      0.45321072968706655,
      0.39003043864550213,
      0.3420726597476541,
      0.29199594276004964,
      0.26094740068309763,
      0.2283881838234623,
      0.21289347846772563,
      0.1876170752632819,
      0.15268224629500274,
      0.12350061869907998,
      0.10711002742264712,
      0.10498399406755238,
      0.08521643303481213,
      0.07377767545600118,
      0.06277057616134289,
      0.07365613665661952,
      0.05052546812535337
    ],
    "val_loss": [
      0.49581653816359383,
      0.48920022258682855,
      0.3869658030214764,
      0.3389629746240283,
      0.3283961382177141,
      0.34064351064818243,
      0.3677409366955833,
      0.3108375990201557,
      0.3489346099278284,
      0.3255178695633298,
      0.3703449198177883,
      0.4171493657051571,
      0.38806849566716994,
      0.3718767394149114,
      0.41893163399090844,
      0.4220002413742126,
      0.4172569613608103,
      0.5220764563197181
    ],
    "val_accuracy": [
      0.8047619047619048,
      0.8071428571428572,
      0.8436507936507937,
      0.8761904761904762,
      0.8761904761904762,
      0.8722222222222222,
      0.8682539682539683,
      0.8968253968253969,
      0.8809523809523809,
      0.8857142857142857,
      0.8825396825396825,
      0.8825396825396825,
      0.8777777777777778,
      0.8865079365079365,
      0.8825396825396825,
      0.8920634920634921,
      0.8817460317460317,
      0.876984126984127
    ]
  },
  "global_metrics": {
    "accuracy": 0.8782857142857143,
    "balanced_accuracy": 0.8782857142857143,
    "top_3_accuracy": 0.988,
    "top_5_accuracy": 0.9974285714285714,
    "log_loss": 0.35748709469271955,
    "mcc": 0.8584844240907036,
    "cohens_kappa": 0.858,
    "precision_macro": 0.8788596257902788,
    "precision_micro": 0.8782857142857143,
    "precision_weighted": 0.878859625790279,
    "recall_macro": 0.8782857142857143,
    "recall_micro": 0.8782857142857143,
    "recall_weighted": 0.8782857142857143,
    "f1_macro": 0.8772068424934731,
    "f1_micro": 0.8782857142857143,
    "f1_weighted": 0.877206842493473,
    "auroc_macro": 0.9865907976190478,
    "auroc_weighted": 0.9865907976190477,
    "auprc_macro": 0.9400361291559008
  },
  "per_class_metrics": {
    "0": {
      "precision": 0.8336501901140685,
      "recall": 0.877,
      "f1": 0.8547758284600391,
      "specificity": 0.9708333333333333,
      "fpr": 0.029166666666666667,
      "fnr": 0.123,
      "auroc": 0.9860773333333334,
      "auprc": 0.9354181071164346,
      "support": 1000,
      "tp": 877,
      "tn": 5825,
      "fp": 175,
      "fn": 123
    },
    "1": {
      "precision": 0.9887869520897044,
      "recall": 0.97,
      "f1": 0.9793033821302373,
      "specificity": 0.9981666666666666,
      "fpr": 0.0018333333333333333,
      "fnr": 0.03,
      "auroc": 0.9985471666666668,
      "auprc": 0.9967563274348238,
      "support": 1000,
      "tp": 970,
      "tn": 5989,
      "fp": 11,
      "fn": 30
    },
    "2": {
      "precision": 0.878475798146241,
      "recall": 0.853,
      "f1": 0.8655504819888381,
      "specificity": 0.9803333333333333,
      "fpr": 0.019666666666666666,
      "fnr": 0.147,
      "auroc": 0.9855036666666667,
      "auprc": 0.9386697766690741,
      "support": 1000,
      "tp": 853,
      "tn": 5882,
      "fp": 118,
      "fn": 147
    },
    "3": {
      "precision": 0.9213836477987422,
      "recall": 0.879,
      "f1": 0.8996929375639714,
      "specificity": 0.9875,
      "fpr": 0.0125,
      "fnr": 0.121,
      "auroc": 0.99369925,
      "auprc": 0.964082854487127,
      "support": 1000,
      "tp": 879,
      "tn": 5925,
      "fp": 75,
      "fn": 121
    },
    "4": {
      "precision": 0.7863397548161121,
      "recall": 0.898,
      "f1": 0.8384687208216619,
      "specificity": 0.9593333333333334,
      "fpr": 0.04066666666666666,
      "fnr": 0.102,
      "auroc": 0.9848738333333334,
      "auprc": 0.9181865138360494,
      "support": 1000,
      "tp": 898,
      "tn": 5756,
      "fp": 244,
      "fn": 102
    },
    "5": {
      "precision": 0.7895348837209303,
      "recall": 0.679,
      "f1": 0.7301075268817205,
      "specificity": 0.9698333333333333,
      "fpr": 0.030166666666666668,
      "fnr": 0.321,
      "auroc": 0.9581879999999999,
      "auprc": 0.8297568799651711,
      "support": 1000,
      "tp": 679,
      "tn": 5819,
      "fp": 181,
      "fn": 321
    },
    "6": {
      "precision": 0.9538461538461539,
      "recall": 0.992,
      "f1": 0.9725490196078431,
      "specificity": 0.992,
      "fpr": 0.008,
      "fnr": 0.008,
      "auroc": 0.9992463333333333,
      "auprc": 0.997382444582626,
      "support": 1000,
      "tp": 992,
      "tn": 5952,
      "fp": 48,
      "fn": 8
    }
  },
  "confusion_matrix": [
    [
      877,
      1,
      10,
      12,
      2,
      81,
      17
    ],
    [
      4,
      970,
      0,
      18,
      4,
      1,
      3
    ],
    [
      22,
      1,
      853,
      5,
      81,
      36,
      2
    ],
    [
      26,
      7,
      5,
      879,
      43,
      32,
      8
    ],
    [
      1,
      1,
      49,
      19,
      898,
      29,
      3
    ],
    [
      120,
      0,
      53,
      20,
      113,
      679,
      15
    ],
    [
      2,
      1,
      1,
      1,
      1,
      2,
      992
    ]
  ]
}