{
  "experiment": "exp3",
  "condition": {
    "num_classes": 2,
    "class_list": [
      7,
      9
    ],
    "class_names": [
      "Sneaker",
      "Ankle boot"
    ],
    "combo_idx": 4,
    "subset_pct": 70,
    "num_samples": 8400,
    "samples_per_class": 4200,
    "train_samples": 7560,
    "val_samples": 840,
    "test_samples": 2000
  },
  "seed": 99719928,
  "timestamp": "2026-01-18T02:07:03.461377",
  "training_dynamics": {
    "epochs_trained": 14,
    "best_epoch": 4,
    "best_val_accuracy": 0.9857142857142858,
    "final_train_loss": 0.003914288005281386,
    "final_val_loss": 0.13224527701839697,
    "training_time_seconds": 5.315628290176392
  },
  "training_history": {
    "train_loss": [
      0.14548686209346065,
      0.08668510495692867,
      0.06405949496914547,
      0.05338654903002365,
      0.05075717081135812,
      0.04296744801495381,
      0.030795078065261997,
      0.028591565252183898,
      0.02344523659763474,
      0.017350109635354334,
      0.018197776173767753,
      0.017486828513479668,
      0.008382159363692677,
      0.003914288005281386
    ],
    "val_loss": [
      0.09339372438511678,
      0.08677002076236974,
      0.07026274112008866,
      0.06028199445046041,
      0.06794250318447927,
      0.06491010307910897,
      0.07817476307418907,
      0.09397865507330391,
      0.08561398537297334,
      0.08461164928421135,
      0.09497353661212228,
      0.10137170553540013,
      0.09583440115065536,
      0.13224527701839697
    ],
    "val_accuracy": [
      0.9678571428571429,
      0.9654761904761905,
      0.9761904761904762,
      0.9845238095238096,
      0.9761904761904762,
      0.9773809523809524,
      0.9809523809523809,
      0.9714285714285714,
      0.9738095238095238,
      0.9809523809523809,
      0.975,
      0.9726190476190476,
      0.9857142857142858,
      0.9809523809523809
    ]
  },
  "global_metrics": {
    "accuracy": 0.973,
    "balanced_accuracy": 0.973,
    "top_3_accuracy": 1.0,
    "top_5_accuracy": 1.0,
    "log_loss": 0.0819404795857616,
    "mcc": 0.9460473035477956,
    "cohens_kappa": 0.946,
    "precision_macro": 0.9730473047304731,
    "precision_micro": 0.973,
    "precision_weighted": 0.973047304730473,
    "recall_macro": 0.973,
    "recall_micro": 0.973,
    "recall_weighted": 0.973,
    "f1_macro": 0.9729993249831246,
    "f1_micro": 0.973,
    "f1_weighted": 0.9729993249831246,
    "auroc_macro": 0.996346,
    "auroc_weighted": 0.996346,
    "auprc_macro": 0.9964222882621476
  },
  "per_class_metrics": {
    "0": {
      "precision": 0.9683168316831683,
      "recall": 0.978,
      "f1": 0.9731343283582089,
      "specificity": 0.968,
      "fpr": 0.032,
      "fnr": 0.022,
      "auroc": 0.9963460000000001,
      "auprc": 0.9964566337882109,
      "support": 1000,
      "tp": 978,
      "tn": 968,
      "fp": 32,
      "fn": 22
    },
    "1": {
      "precision": 0.9777777777777777,
      "recall": 0.968,
      "f1": 0.9728643216080402,
      "specificity": 0.978,
      "fpr": 0.022,
      "fnr": 0.032,
      "auroc": 0.996346,
      "auprc": 0.9963879427360843,
      "support": 1000,
      "tp": 968,
      "tn": 978,
      "fp": 22,
      "fn": 32
    }
  },
  "confusion_matrix": [
    [
      978,
      22
    ],
    [
      32,
      968
    ]
  ]
}