{
  "experiment": "exp1",
  "condition": {
    "subset_pct": 50,
    "num_samples": 30000,
    "train_samples": 27000,
    "val_samples": 3000
  },
  "seed": 31380194,
  "timestamp": "2026-01-06T21:21:15.715719",
  "training_dynamics": {
    "epochs_trained": 17,
    "best_epoch": 7,
    "best_val_accuracy": 0.9153333333333333,
    "final_train_loss": 0.061610538352466236,
    "final_val_loss": 0.3281103657881419,
    "training_time_seconds": 30.57401418685913
  },
  "training_history": {
    "train_loss": [
      0.5405624533575293,
      0.34390965010529445,
      0.2909420205553844,
      0.2542154195131425,
      0.2229086057022567,
      0.200709859244702,
      0.18032324741378214,
      0.16004575015668054,
      0.14775016220613113,
      0.13463925868184504,
      0.11790053463006896,
      0.10354208509256772,
      0.09743134338978095,
      0.09194555336839003,
      0.07675471923852525,
      0.07183688622789007,
      0.061610538352466236
    ],
    "val_loss": [
      0.3372415308952332,
      0.28385616453488666,
      0.2774869318008423,
      0.2761055548985799,
      0.24477298080921173,
      0.24115473639965057,
      0.2403794529438019,
      0.27357937081654865,
      0.2571516966819763,
      0.28398670236269635,
      0.29326995452245075,
      0.29506563997268676,
      0.2755012406508128,
      0.2822731168270111,
      0.3060091522534688,
      0.28638740376631416,
      0.3281103657881419
    ],
    "val_accuracy": [
      0.8743333333333333,
      0.891,
      0.9016666666666666,
      0.8923333333333333,
      0.9083333333333333,
      0.9086666666666666,
      0.9106666666666666,
      0.8986666666666666,
      0.9113333333333333,
      0.9,
      0.9006666666666666,
      0.9043333333333333,
      0.913,
      0.9123333333333333,
      0.9063333333333333,
      0.9153333333333333,
      0.906
    ]
  },
  "global_metrics": {
    "accuracy": 0.9029,
    "balanced_accuracy": 0.9029,
    "top_3_accuracy": 0.9926,
    "top_5_accuracy": 0.9983,
    "log_loss": 0.2805664775270564,
    "mcc": 0.892384807841877,
    "cohens_kappa": 0.8921111111111111,
    "precision_macro": 0.9027376189401239,
    "precision_micro": 0.9029,
    "precision_weighted": 0.902737618940124,
    "recall_macro": 0.9029,
    "recall_micro": 0.9029,
    "recall_weighted": 0.9029,
    "f1_macro": 0.9016630332966177,
    "f1_micro": 0.9029,
    "f1_weighted": 0.9016630332966175,
    "auroc_macro": 0.9935943666666667,
    "auroc_weighted": 0.9935943666666666,
    "auprc_macro": 0.956353452939755
  },
  "per_class_metrics": {
    "0": {
      "precision": 0.8639593908629442,
      "recall": 0.851,
      "f1": 0.8574307304785894,
      "specificity": 0.9851111111111112,
      "fpr": 0.01488888888888884,
      "fnr": 0.14900000000000002,
      "auroc": 0.9913995555555555,
      "auprc": 0.9414716226051795,
      "support": 1000,
      "tp": 851,
      "tn": 8866,
      "fp": 134,
      "fn": 149
    },
    "1": {
      "precision": 0.9929078014184397,
      "recall": 0.98,
      "f1": 0.9864116758933064,
      "specificity": 0.9992222222222222,
      "fpr": 0.0007777777777777661,
      "fnr": 0.020000000000000018,
      "auroc": 0.9994876666666668,
      "auprc": 0.9975987322998633,
      "support": 1000,
      "tp": 980,
      "tn": 8993,
      "fp": 7,
      "fn": 20
    },
    "2": {
      "precision": 0.8148487626031164,
      "recall": 0.889,
      "f1": 0.850310856049737,
      "specificity": 0.9775555555555555,
      "fpr": 0.02244444444444449,
      "fnr": 0.11099999999999999,
      "auroc": 0.990451,
      "auprc": 0.9384412297448138,
      "support": 1000,
      "tp": 889,
      "tn": 8798,
      "fp": 202,
      "fn": 111
    },
    "3": {
      "precision": 0.8893129770992366,
      "recall": 0.932,
      "f1": 0.91015625,
      "specificity": 0.9871111111111112,
      "fpr": 0.012888888888888839,
      "fnr": 0.06799999999999995,
      "auroc": 0.9957998888888889,
      "auprc": 0.9645010271690168,
      "support": 1000,
      "tp": 932,
      "tn": 8884,
      "fp": 116,
      "fn": 68
    },
    "4": {
      "precision": 0.8012879484820608,
      "recall": 0.871,
      "f1": 0.8346909439386679,
      "specificity": 0.976,
      "fpr": 0.02400000000000002,
      "fnr": 0.129,
      "auroc": 0.9896352222222221,
      "auprc": 0.9206705634313712,
      "support": 1000,
      "tp": 871,
      "tn": 8784,
      "fp": 216,
      "fn": 129
    },
    "5": {
      "precision": 0.9907597535934292,
      "recall": 0.965,
      "f1": 0.977710233029382,
      "specificity": 0.999,
      "fpr": 0.0010000000000000009,
      "fnr": 0.03500000000000003,
      "auroc": 0.999634,
      "auprc": 0.9974853522349335,
      "support": 1000,
      "tp": 965,
      "tn": 8991,
      "fp": 9,
      "fn": 35
    },
    "6": {
      "precision": 0.7760097919216646,
      "recall": 0.634,
      "f1": 0.697853604843148,
      "specificity": 0.9796666666666667,
      "fpr": 0.020333333333333314,
      "fnr": 0.366,
      "auroc": 0.9726374444444444,
      "auprc": 0.8218394841104844,
      "support": 1000,
      "tp": 634,
      "tn": 8817,
      "fp": 183,
      "fn": 366
    },
    "7": {
      "precision": 0.9348659003831418,
      "recall": 0.976,
      "f1": 0.9549902152641879,
      "specificity": 0.9924444444444445,
      "fpr": 0.007555555555555538,
      "fnr": 0.02400000000000002,
      "auroc": 0.9990074444444443,
      "auprc": 0.990976501278468,
      "support": 1000,
      "tp": 976,
      "tn": 8932,
      "fp": 68,
      "fn": 24
    },
    "8": {
      "precision": 0.9908350305498982,
      "recall": 0.973,
      "f1": 0.9818365287588294,
      "specificity": 0.999,
      "fpr": 0.0010000000000000009,
      "fnr": 0.027000000000000024,
      "auroc": 0.9985703333333333,
      "auprc": 0.9961784835957992,
      "support": 1000,
      "tp": 973,
      "tn": 8991,
      "fp": 9,
      "fn": 27
    },
    "9": {
      "precision": 0.9725888324873097,
      "recall": 0.958,
      "f1": 0.9652392947103274,
      "specificity": 0.997,
      "fpr": 0.0030000000000000027,
      "fnr": 0.04200000000000004,
      "auroc": 0.9993211111111111,
      "auprc": 0.9943715329276211,
      "support": 1000,
      "tp": 958,
      "tn": 8973,
      "fp": 27,
      "fn": 42
    }
  },
  "confusion_matrix": [
    [
      851,
      0,
      25,
      22,
      5,
      1,
      94,
      0,
      2,
      0
    ],
    [
      2,
      980,
      0,
      16,
      0,
      0,
      2,
      0,
      0,
      0
    ],
    [
      10,
      2,
      889,
      8,
      55,
      0,
      36,
      0,
      0,
      0
    ],
    [
      11,
      1,
      14,
      932,
      18,
      0,
      24,
      0,
      0,
      0
    ],
    [
      1,
      1,
      73,
      29,
      871,
      0,
      25,
      0,
      0,
      0
    ],
    [
      1,
      0,
      0,
      0,
      0,
      965,
      0,
      26,
      0,
      8
    ],
    [
      108,
      1,
      86,
      35,
      129,
      0,
      634,
      0,
      7,
      0
    ],
    [
      0,
      0,
      0,
      0,
      0,
      5,
      0,
      976,
      0,
      19
    ],
    [
      1,
      2,
      3,
      6,
      9,
      1,
      2,
      3,
      973,
      0
    ],
    [
      0,
      0,
      1,
      0,
      0,
      2,
      0,
      39,
      0,
      958
    ]
  ]
}