{
  "experiment": "exp1",
  "condition": {
    "subset_pct": 95,
    "num_samples": 57000,
    "train_samples": 51300,
    "val_samples": 5700
  },
  "seed": 31380194,
  "timestamp": "2026-01-06T21:30:46.031094",
  "training_dynamics": {
    "epochs_trained": 19,
    "best_epoch": 9,
    "best_val_accuracy": 0.9263157894736842,
    "final_train_loss": 0.0692220058215508,
    "final_val_loss": 0.2874884046561885,
    "training_time_seconds": 57.38489508628845
  },
  "training_history": {
    "train_loss": [
      0.45291647149663317,
      0.30268304132649726,
      0.25674690949983725,
      0.22574827275668594,
      0.2016374258710039,
      0.18405181900632947,
      0.16834377523330493,
      0.15257938864856885,
      0.1410629665943564,
      0.12651045031687638,
      0.11862281662994935,
      0.11175201662079874,
      0.09797327301843542,
      0.09305051164446106,
      0.08776615646335661,
      0.082111687868592,
      0.07607611218476645,
      0.0725991069182447,
      0.0692220058215508
    ],
    "val_loss": [
      0.2943914001029834,
      0.2528429233609584,
      0.23580813336790654,
      0.2375262569544608,
      0.21763966884529382,
      0.21871434075790538,
      0.21532653465344195,
      0.2301662129895729,
      0.2124268936169775,
      0.23126264928791085,
      0.2289962903867688,
      0.24092532982951717,
      0.24762337118387223,
      0.24092354932767257,
      0.26687646433155526,
      0.3008831785880683,
      0.26956257758171936,
      0.28947058706952816,
      0.2874884046561885
    ],
    "val_accuracy": [
      0.8863157894736842,
      0.9075438596491228,
      0.9089473684210526,
      0.91,
      0.9156140350877193,
      0.9173684210526316,
      0.9263157894736842,
      0.9222807017543859,
      0.9231578947368421,
      0.9256140350877193,
      0.9217543859649123,
      0.9219298245614035,
      0.9191228070175439,
      0.9233333333333333,
      0.9180701754385965,
      0.9203508771929825,
      0.9245614035087719,
      0.9170175438596492,
      0.9170175438596492
    ]
  },
  "global_metrics": {
    "accuracy": 0.92,
    "balanced_accuracy": 0.9199999999999999,
    "top_3_accuracy": 0.9942,
    "top_5_accuracy": 0.9995,
    "log_loss": 0.2324821502765881,
    "mcc": 0.9111809811227383,
    "cohens_kappa": 0.9111111111111111,
    "precision_macro": 0.9196216907169731,
    "precision_micro": 0.92,
    "precision_weighted": 0.919621690716973,
    "recall_macro": 0.9199999999999999,
    "recall_micro": 0.92,
    "recall_weighted": 0.92,
    "f1_macro": 0.9195176098012604,
    "f1_micro": 0.92,
    "f1_weighted": 0.9195176098012605,
    "auroc_macro": 0.9951407333333334,
    "auroc_weighted": 0.9951407333333334,
    "auprc_macro": 0.966073679108541
  },
  "per_class_metrics": {
    "0": {
      "precision": 0.8472352389878163,
      "recall": 0.904,
      "f1": 0.8746976294146105,
      "specificity": 0.9818888888888889,
      "fpr": 0.018111111111111078,
      "fnr": 0.09599999999999997,
      "auroc": 0.9929794444444444,
      "auprc": 0.950518715118592,
      "support": 1000,
      "tp": 904,
      "tn": 8837,
      "fp": 163,
      "fn": 96
    },
    "1": {
      "precision": 0.9879396984924623,
      "recall": 0.983,
      "f1": 0.9854636591478697,
      "specificity": 0.9986666666666667,
      "fpr": 0.0013333333333332975,
      "fnr": 0.017000000000000015,
      "auroc": 0.999800888888889,
      "auprc": 0.998759905899923,
      "support": 1000,
      "tp": 983,
      "tn": 8988,
      "fp": 12,
      "fn": 17
    },
    "2": {
      "precision": 0.8806875631951466,
      "recall": 0.871,
      "f1": 0.8758169934640524,
      "specificity": 0.9868888888888889,
      "fpr": 0.013111111111111073,
      "fnr": 0.129,
      "auroc": 0.992343,
      "auprc": 0.9489991653576734,
      "support": 1000,
      "tp": 871,
      "tn": 8882,
      "fp": 118,
      "fn": 129
    },
    "3": {
      "precision": 0.9209486166007905,
      "recall": 0.932,
      "f1": 0.926441351888668,
      "specificity": 0.9911111111111112,
      "fpr": 0.008888888888888835,
      "fnr": 0.06799999999999995,
      "auroc": 0.9969328888888889,
      "auprc": 0.972387614065696,
      "support": 1000,
      "tp": 932,
      "tn": 8920,
      "fp": 80,
      "fn": 68
    },
    "4": {
      "precision": 0.8756218905472637,
      "recall": 0.88,
      "f1": 0.8778054862842893,
      "specificity": 0.9861111111111112,
      "fpr": 0.01388888888888884,
      "fnr": 0.12,
      "auroc": 0.9932781111111111,
      "auprc": 0.9438399981222576,
      "support": 1000,
      "tp": 880,
      "tn": 8875,
      "fp": 125,
      "fn": 120
    },
    "5": {
      "precision": 0.9897435897435898,
      "recall": 0.965,
      "f1": 0.9772151898734178,
      "specificity": 0.9988888888888889,
      "fpr": 0.0011111111111110628,
      "fnr": 0.03500000000000003,
      "auroc": 0.9996717777777778,
      "auprc": 0.9976226263084402,
      "support": 1000,
      "tp": 965,
      "tn": 8990,
      "fp": 10,
      "fn": 35
    },
    "6": {
      "precision": 0.7906724511930586,
      "recall": 0.729,
      "f1": 0.7585848074921957,
      "specificity": 0.9785555555555555,
      "fpr": 0.021444444444444488,
      "fnr": 0.271,
      "auroc": 0.9782751111111111,
      "auprc": 0.8623097150711435,
      "support": 1000,
      "tp": 729,
      "tn": 8807,
      "fp": 193,
      "fn": 271
    },
    "7": {
      "precision": 0.9415708812260536,
      "recall": 0.983,
      "f1": 0.961839530332681,
      "specificity": 0.9932222222222222,
      "fpr": 0.0067777777777777715,
      "fnr": 0.017000000000000015,
      "auroc": 0.9991414444444444,
      "auprc": 0.9930896329097503,
      "support": 1000,
      "tp": 983,
      "tn": 8939,
      "fp": 61,
      "fn": 17
    },
    "8": {
      "precision": 0.9821428571428571,
      "recall": 0.99,
      "f1": 0.9860557768924304,
      "specificity": 0.998,
      "fpr": 0.0020000000000000018,
      "fnr": 0.010000000000000009,
      "auroc": 0.9995477777777778,
      "auprc": 0.998330129004806,
      "support": 1000,
      "tp": 990,
      "tn": 8982,
      "fp": 18,
      "fn": 10
    },
    "9": {
      "precision": 0.9796541200406917,
      "recall": 0.963,
      "f1": 0.9712556732223904,
      "specificity": 0.9977777777777778,
      "fpr": 0.0022222222222222365,
      "fnr": 0.03700000000000003,
      "auroc": 0.9994368888888888,
      "auprc": 0.9948792892271285,
      "support": 1000,
      "tp": 963,
      "tn": 8980,
      "fp": 20,
      "fn": 37
    }
  },
  "confusion_matrix": [
    [
      904,
      0,
      9,
      9,
      1,
      1,
      71,
      0,
      5,
      0
    ],
    [
      1,
      983,
      0,
      11,
      2,
      0,
      2,
      0,
      1,
      0
    ],
    [
      20,
      2,
      871,
      10,
      39,
      0,
      57,
      0,
      1,
      0
    ],
    [
      23,
      6,
      5,
      932,
      19,
      0,
      15,
      0,
      0,
      0
    ],
    [
      0,
      0,
      49,
      23,
      880,
      0,
      48,
      0,
      0,
      0
    ],
    [
      0,
      0,
      0,
      0,
      0,
      965,
      0,
      30,
      1,
      4
    ],
    [
      118,
      2,
      53,
      24,
      64,
      0,
      729,
      0,
      10,
      0
    ],
    [
      0,
      0,
      0,
      0,
      0,
      1,
      0,
      983,
      0,
      16
    ],
    [
      1,
      2,
      1,
      3,
      0,
      1,
      0,
      2,
      990,
      0
    ],
    [
      0,
      0,
      1,
      0,
      0,
      7,
      0,
      29,
      0,
      963
    ]
  ]
}