{
  "experiment": "exp1",
  "condition": {
    "subset_pct": 65,
    "num_samples": 39000,
    "train_samples": 35100,
    "val_samples": 3900
  },
  "seed": 31380194,
  "timestamp": "2026-01-06T21:22:59.772424",
  "training_dynamics": {
    "epochs_trained": 18,
    "best_epoch": 8,
    "best_val_accuracy": 0.9261538461538461,
    "final_train_loss": 0.06482874808827914,
    "final_val_loss": 0.32822518481658053,
    "training_time_seconds": 37.280863523483276
  },
  "training_history": {
    "train_loss": [
      0.5039556426265852,
      0.3319262229516858,
      0.2773317155887955,
      0.24275782738281296,
      0.21798184987680075,
      0.19469886889956037,
      0.1749075422426499,
      0.15682117208390614,
      0.14247462278968215,
      0.12892875671454573,
      0.11601467075874734,
      0.10567151487572543,
      0.09668709827291835,
      0.08948965448859014,
      0.08029560302341787,
      0.06999423485274726,
      0.07272818085240482,
      0.06482874808827914
    ],
    "val_loss": [
      0.31945167801319024,
      0.3001831963734749,
      0.25806108662715327,
      0.25031597478267475,
      0.25804482829876435,
      0.24771871297787398,
      0.24237948037110843,
      0.2395316539055262,
      0.25208660640777686,
      0.26488619497189153,
      0.25472303667129614,
      0.2658604281529402,
      0.2706501855300023,
      0.29641563178637087,
      0.2875678822168937,
      0.3118194943360793,
      0.342373424585049,
      0.32822518481658053
    ],
    "val_accuracy": [
      0.8810256410256411,
      0.8887179487179487,
      0.9058974358974359,
      0.9082051282051282,
      0.9002564102564102,
      0.9156410256410257,
      0.9151282051282051,
      0.9192307692307692,
      0.916923076923077,
      0.9164102564102564,
      0.9179487179487179,
      0.9148717948717948,
      0.9115384615384615,
      0.9166666666666666,
      0.9261538461538461,
      0.9223076923076923,
      0.9176923076923077,
      0.9184615384615384
    ]
  },
  "global_metrics": {
    "accuracy": 0.9125,
    "balanced_accuracy": 0.9125,
    "top_3_accuracy": 0.9931,
    "top_5_accuracy": 0.9985,
    "log_loss": 0.2521874364359272,
    "mcc": 0.9028647980742635,
    "cohens_kappa": 0.9027777777777778,
    "precision_macro": 0.9126621505892208,
    "precision_micro": 0.9125,
    "precision_weighted": 0.9126621505892208,
    "recall_macro": 0.9125,
    "recall_micro": 0.9125,
    "recall_weighted": 0.9125,
    "f1_macro": 0.9122095599858909,
    "f1_micro": 0.9125,
    "f1_weighted": 0.9122095599858909,
    "auroc_macro": 0.9945247777777777,
    "auroc_weighted": 0.9945247777777778,
    "auprc_macro": 0.9624623880740609
  },
  "per_class_metrics": {
    "0": {
      "precision": 0.8764643237486688,
      "recall": 0.823,
      "f1": 0.8488911810211449,
      "specificity": 0.9871111111111112,
      "fpr": 0.012888888888888839,
      "fnr": 0.17700000000000005,
      "auroc": 0.9920745555555556,
      "auprc": 0.9455966487495455,
      "support": 1000,
      "tp": 823,
      "tn": 8884,
      "fp": 116,
      "fn": 177
    },
    "1": {
      "precision": 0.9959636730575177,
      "recall": 0.987,
      "f1": 0.9914615770969363,
      "specificity": 0.9995555555555555,
      "fpr": 0.0004444444444444695,
      "fnr": 0.013000000000000012,
      "auroc": 0.9997167777777778,
      "auprc": 0.9985169031561726,
      "support": 1000,
      "tp": 987,
      "tn": 8996,
      "fp": 4,
      "fn": 13
    },
    "2": {
      "precision": 0.8876050420168067,
      "recall": 0.845,
      "f1": 0.8657786885245902,
      "specificity": 0.9881111111111112,
      "fpr": 0.011888888888888838,
      "fnr": 0.15500000000000003,
      "auroc": 0.9917072222222223,
      "auprc": 0.9462973785664156,
      "support": 1000,
      "tp": 845,
      "tn": 8893,
      "fp": 107,
      "fn": 155
    },
    "3": {
      "precision": 0.8822975517890772,
      "recall": 0.937,
      "f1": 0.9088263821532493,
      "specificity": 0.9861111111111112,
      "fpr": 0.01388888888888884,
      "fnr": 0.06299999999999994,
      "auroc": 0.9966013888888888,
      "auprc": 0.9716672531646042,
      "support": 1000,
      "tp": 937,
      "tn": 8875,
      "fp": 125,
      "fn": 63
    },
    "4": {
      "precision": 0.8348794063079777,
      "recall": 0.9,
      "f1": 0.8662175168431183,
      "specificity": 0.9802222222222222,
      "fpr": 0.019777777777777783,
      "fnr": 0.09999999999999998,
      "auroc": 0.9925801111111111,
      "auprc": 0.9380604974361579,
      "support": 1000,
      "tp": 900,
      "tn": 8822,
      "fp": 178,
      "fn": 100
    },
    "5": {
      "precision": 0.9928644240570846,
      "recall": 0.974,
      "f1": 0.98334174659263,
      "specificity": 0.9992222222222222,
      "fpr": 0.0007777777777777661,
      "fnr": 0.026000000000000023,
      "auroc": 0.9994583333333333,
      "auprc": 0.9971435033784422,
      "support": 1000,
      "tp": 974,
      "tn": 8993,
      "fp": 7,
      "fn": 26
    },
    "6": {
      "precision": 0.7535934291581109,
      "recall": 0.734,
      "f1": 0.7436676798378926,
      "specificity": 0.9733333333333334,
      "fpr": 0.026666666666666616,
      "fnr": 0.266,
      "auroc": 0.9753847777777777,
      "auprc": 0.8444373507673617,
      "support": 1000,
      "tp": 734,
      "tn": 8760,
      "fp": 240,
      "fn": 266
    },
    "7": {
      "precision": 0.9554013875123885,
      "recall": 0.964,
      "f1": 0.9596814335490292,
      "specificity": 0.995,
      "fpr": 0.0050000000000000044,
      "fnr": 0.03600000000000003,
      "auroc": 0.9987834444444443,
      "auprc": 0.9909579086005069,
      "support": 1000,
      "tp": 964,
      "tn": 8955,
      "fp": 45,
      "fn": 36
    },
    "8": {
      "precision": 0.987,
      "recall": 0.987,
      "f1": 0.987,
      "specificity": 0.9985555555555555,
      "fpr": 0.0014444444444444704,
      "fnr": 0.013000000000000012,
      "auroc": 0.9995524444444445,
      "auprc": 0.9974299709382437,
      "support": 1000,
      "tp": 987,
      "tn": 8987,
      "fp": 13,
      "fn": 13
    },
    "9": {
      "precision": 0.960552268244576,
      "recall": 0.974,
      "f1": 0.9672293942403178,
      "specificity": 0.9955555555555555,
      "fpr": 0.004444444444444473,
      "fnr": 0.026000000000000023,
      "auroc": 0.9993887222222222,
      "auprc": 0.9945164659831593,
      "support": 1000,
      "tp": 974,
      "tn": 8960,
      "fp": 40,
      "fn": 26
    }
  },
  "confusion_matrix": [
    [
      823,
      0,
      21,
      34,
      9,
      1,
      107,
      0,
      4,
      1
    ],
    [
      0,
      987,
      0,
      12,
      0,
      0,
      0,
      0,
      1,
      0
    ],
    [
      11,
      1,
      845,
      8,
      67,
      0,
      68,
      0,
      0,
      0
    ],
    [
      12,
      1,
      11,
      937,
      19,
      0,
      19,
      0,
      0,
      1
    ],
    [
      0,
      0,
      28,
      28,
      900,
      0,
      44,
      0,
      0,
      0
    ],
    [
      0,
      0,
      0,
      0,
      0,
      974,
      0,
      21,
      0,
      5
    ],
    [
      91,
      0,
      47,
      40,
      81,
      0,
      734,
      0,
      7,
      0
    ],
    [
      0,
      0,
      0,
      0,
      0,
      3,
      0,
      964,
      0,
      33
    ],
    [
      2,
      2,
      0,
      3,
      2,
      0,
      2,
      2,
      987,
      0
    ],
    [
      0,
      0,
      0,
      0,
      0,
      3,
      0,
      22,
      1,
      974
    ]
  ]
}