{
  "experiment": "exp1",
  "condition": {
    "subset_pct": 100,
    "num_samples": 60000,
    "train_samples": 54000,
    "val_samples": 6000
  },
  "seed": 31380194,
  "timestamp": "2026-01-06T21:32:06.352549",
  "training_dynamics": {
    "epochs_trained": 16,
    "best_epoch": 6,
    "best_val_accuracy": 0.9291666666666667,
    "final_train_loss": 0.0813791068167077,
    "final_val_loss": 0.2600568283001582,
    "training_time_seconds": 78.60242342948914
  },
  "training_history": {
    "train_loss": [
      0.4483033000045761,
      0.29375307302551246,
      0.2520986293482272,
      0.22292427651990224,
      0.1997900595579526,
      0.18158322585949682,
      0.16656313543053458,
      0.14855468789362725,
      0.13826098759830774,
      0.12772024820571967,
      0.1182109081248148,
      0.1067439200614813,
      0.09897434493853441,
      0.09330929042517662,
      0.08908797489143731,
      0.0813791068167077
    ],
    "val_loss": [
      0.30966690198580427,
      0.2650144149462382,
      0.24258846767743428,
      0.21327909044424692,
      0.21616133884588878,
      0.20703616472085318,
      0.20982142635186513,
      0.21119775114456812,
      0.2345277582804362,
      0.21914653527736663,
      0.21460811515649159,
      0.2397414908806483,
      0.2272894143263499,
      0.24070280782381692,
      0.26346534546216327,
      0.2600568283001582
    ],
    "val_accuracy": [
      0.888,
      0.9038333333333334,
      0.9126666666666666,
      0.9235,
      0.9211666666666667,
      0.9245,
      0.9236666666666666,
      0.9285,
      0.9216666666666666,
      0.9268333333333333,
      0.9281666666666667,
      0.926,
      0.9261666666666667,
      0.928,
      0.9236666666666666,
      0.9291666666666667
    ]
  },
  "global_metrics": {
    "accuracy": 0.918,
    "balanced_accuracy": 0.9179999999999999,
    "top_3_accuracy": 0.994,
    "top_5_accuracy": 0.9987,
    "log_loss": 0.23395607348971306,
    "mcc": 0.9090640824190943,
    "cohens_kappa": 0.9088888888888889,
    "precision_macro": 0.9175644269076442,
    "precision_micro": 0.918,
    "precision_weighted": 0.9175644269076442,
    "recall_macro": 0.9179999999999999,
    "recall_micro": 0.918,
    "recall_weighted": 0.918,
    "f1_macro": 0.917041534203392,
    "f1_micro": 0.918,
    "f1_weighted": 0.9170415342033919,
    "auroc_macro": 0.9949973333333334,
    "auroc_weighted": 0.9949973333333333,
    "auprc_macro": 0.9659267610570336
  },
  "per_class_metrics": {
    "0": {
      "precision": 0.8524904214559387,
      "recall": 0.89,
      "f1": 0.8708414872798435,
      "specificity": 0.9828888888888889,
      "fpr": 0.017111111111111077,
      "fnr": 0.10999999999999999,
      "auroc": 0.9925438888888889,
      "auprc": 0.946857612913578,
      "support": 1000,
      "tp": 890,
      "tn": 8846,
      "fp": 154,
      "fn": 110
    },
    "1": {
      "precision": 0.9860279441117764,
      "recall": 0.988,
      "f1": 0.987012987012987,
      "specificity": 0.9984444444444445,
      "fpr": 0.0015555555555555323,
      "fnr": 0.01200000000000001,
      "auroc": 0.9998843333333334,
      "auprc": 0.9990562866741753,
      "support": 1000,
      "tp": 988,
      "tn": 8986,
      "fp": 14,
      "fn": 12
    },
    "2": {
      "precision": 0.906951871657754,
      "recall": 0.848,
      "f1": 0.876485788113695,
      "specificity": 0.9903333333333333,
      "fpr": 0.009666666666666712,
      "fnr": 0.15200000000000002,
      "auroc": 0.9922492222222221,
      "auprc": 0.9509439929114332,
      "support": 1000,
      "tp": 848,
      "tn": 8913,
      "fp": 87,
      "fn": 152
    },
    "3": {
      "precision": 0.9110251450676983,
      "recall": 0.942,
      "f1": 0.9262536873156342,
      "specificity": 0.9897777777777778,
      "fpr": 0.010222222222222244,
      "fnr": 0.05800000000000005,
      "auroc": 0.9974406666666668,
      "auprc": 0.9757352022555581,
      "support": 1000,
      "tp": 942,
      "tn": 8908,
      "fp": 92,
      "fn": 58
    },
    "4": {
      "precision": 0.8275547445255474,
      "recall": 0.907,
      "f1": 0.8654580152671755,
      "specificity": 0.979,
      "fpr": 0.02100000000000002,
      "fnr": 0.09299999999999997,
      "auroc": 0.9929332222222222,
      "auprc": 0.9438433138987369,
      "support": 1000,
      "tp": 907,
      "tn": 8811,
      "fp": 189,
      "fn": 93
    },
    "5": {
      "precision": 0.9819095477386934,
      "recall": 0.977,
      "f1": 0.9794486215538847,
      "specificity": 0.998,
      "fpr": 0.0020000000000000018,
      "fnr": 0.02300000000000002,
      "auroc": 0.9997354444444444,
      "auprc": 0.9978089558030848,
      "support": 1000,
      "tp": 977,
      "tn": 8982,
      "fp": 18,
      "fn": 23
    },
    "6": {
      "precision": 0.8055235903337169,
      "recall": 0.7,
      "f1": 0.7490636704119851,
      "specificity": 0.9812222222222222,
      "fpr": 0.018777777777777782,
      "fnr": 0.30000000000000004,
      "auroc": 0.9768076666666666,
      "auprc": 0.8570474439539295,
      "support": 1000,
      "tp": 700,
      "tn": 8831,
      "fp": 169,
      "fn": 300
    },
    "7": {
      "precision": 0.9521951219512195,
      "recall": 0.976,
      "f1": 0.9639506172839506,
      "specificity": 0.9945555555555555,
      "fpr": 0.005444444444444474,
      "fnr": 0.02400000000000002,
      "auroc": 0.9993605555555556,
      "auprc": 0.9949358389990284,
      "support": 1000,
      "tp": 976,
      "tn": 8951,
      "fp": 49,
      "fn": 24
    },
    "8": {
      "precision": 0.9772951628825272,
      "recall": 0.99,
      "f1": 0.9836065573770492,
      "specificity": 0.9974444444444445,
      "fpr": 0.002555555555555533,
      "fnr": 0.010000000000000009,
      "auroc": 0.9996337777777777,
      "auprc": 0.9979827277166998,
      "support": 1000,
      "tp": 990,
      "tn": 8977,
      "fp": 23,
      "fn": 10
    },
    "9": {
      "precision": 0.9746707193515705,
      "recall": 0.962,
      "f1": 0.9682939104177152,
      "specificity": 0.9972222222222222,
      "fpr": 0.002777777777777768,
      "fnr": 0.038000000000000034,
      "auroc": 0.9993845555555555,
      "auprc": 0.9950562354441107,
      "support": 1000,
      "tp": 962,
      "tn": 8975,
      "fp": 25,
      "fn": 38
    }
  },
  "confusion_matrix": [
    [
      890,
      0,
      13,
      12,
      5,
      2,
      72,
      0,
      6,
      0
    ],
    [
      2,
      988,
      0,
      6,
      0,
      1,
      1,
      0,
      2,
      0
    ],
    [
      18,
      1,
      848,
      10,
      68,
      1,
      54,
      0,
      0,
      0
    ],
    [
      13,
      7,
      7,
      942,
      18,
      0,
      13,
      0,
      0,
      0
    ],
    [
      1,
      0,
      25,
      34,
      907,
      1,
      29,
      0,
      3,
      0
    ],
    [
      0,
      0,
      0,
      0,
      0,
      977,
      0,
      16,
      1,
      6
    ],
    [
      119,
      5,
      42,
      27,
      96,
      0,
      700,
      0,
      11,
      0
    ],
    [
      0,
      0,
      0,
      0,
      0,
      5,
      0,
      976,
      0,
      19
    ],
    [
      1,
      1,
      0,
      3,
      2,
      2,
      0,
      1,
      990,
      0
    ],
    [
      0,
      0,
      0,
      0,
      0,
      6,
      0,
      32,
      0,
      962
    ]
  ]
}