{
  "experiment": "exp3",
  "condition": {
    "num_classes": 7,
    "class_list": [
      0,
      1,
      3,
      4,
      6,
      8,
      9
    ],
    "class_names": [
      "T-shirt/top",
      "Trouser",
      "Dress",
      "Coat",
      "Shirt",
      "Bag",
      "Ankle boot"
    ],
    "combo_idx": 2,
    "subset_pct": 30,
    "num_samples": 12600,
    "samples_per_class": 1800,
    "train_samples": 11340,
    "val_samples": 1260,
    "test_samples": 7000
  },
  "seed": 31380194,
  "timestamp": "2026-01-17T23:37:49.229418",
  "training_dynamics": {
    "epochs_trained": 15,
    "best_epoch": 5,
    "best_val_accuracy": 0.9111111111111111,
    "final_train_loss": 0.05079888029212362,
    "final_val_loss": 0.4389530328531114,
    "training_time_seconds": 9.68804669380188
  },
  "training_history": {
    "train_loss": [
      0.5213391249266903,
      0.32824200450369484,
      0.2753821292452598,
      0.2439164723154534,
      0.20459574678640688,
      0.1833520772630804,
      0.16211493717234457,
      0.1307148297076647,
      0.11634632601831736,
      0.0985988944538691,
      0.0892239912632811,
      0.07574818921641688,
      0.08033454449052053,
      0.07193740012432878,
      0.05079888029212362
    ],
    "val_loss": [
      0.3641837366989681,
      0.3066458717698143,
      0.26752328404358455,
      0.2503250008064603,
      0.23995896185201313,
      0.24645818888194979,
      0.26428744963237216,
      0.28613096267457994,
      0.2668371630093408,
      0.3201443480120765,
      0.27708871449743,
      0.31502932556091795,
      0.3446393512544178,
      0.4099244621064928,
      0.4389530328531114
    ],
    "val_accuracy": [
      0.8666666666666667,
      0.8833333333333333,
      0.903968253968254,
      0.9103174603174603,
      0.9095238095238095,
      0.9095238095238095,
      0.9055555555555556,
      0.9055555555555556,
      0.9047619047619048,
      0.9015873015873016,
      0.9111111111111111,
      0.9111111111111111,
      0.8944444444444445,
      0.9023809523809524,
      0.8777777777777778
    ]
  },
  "global_metrics": {
    "accuracy": 0.9032857142857142,
    "balanced_accuracy": 0.9032857142857142,
    "top_3_accuracy": 0.9922857142857143,
    "top_5_accuracy": 0.9995714285714286,
    "log_loss": 0.2603858128667758,
    "mcc": 0.8877349354996944,
    "cohens_kappa": 0.8871666666666667,
    "precision_macro": 0.9038166956659914,
    "precision_micro": 0.9032857142857142,
    "precision_weighted": 0.9038166956659914,
    "recall_macro": 0.9032857142857142,
    "recall_micro": 0.9032857142857142,
    "recall_weighted": 0.9032857142857142,
    "f1_macro": 0.9019601748944123,
    "f1_micro": 0.9032857142857142,
    "f1_weighted": 0.9019601748944123,
    "auroc_macro": 0.9906303333333334,
    "auroc_weighted": 0.9906303333333334,
    "auprc_macro": 0.954805313632089
  },
  "per_class_metrics": {
    "0": {
      "precision": 0.8201107011070111,
      "recall": 0.889,
      "f1": 0.8531669865642996,
      "specificity": 0.9675,
      "fpr": 0.0325,
      "fnr": 0.111,
      "auroc": 0.9869315000000001,
      "auprc": 0.9285491145164387,
      "support": 1000,
      "tp": 889,
      "tn": 5805,
      "fp": 195,
      "fn": 111
    },
    "1": {
      "precision": 0.9819639278557114,
      "recall": 0.98,
      "f1": 0.9809809809809811,
      "specificity": 0.997,
      "fpr": 0.003,
      "fnr": 0.02,
      "auroc": 0.9994091666666667,
      "auprc": 0.9975172428844584,
      "support": 1000,
      "tp": 980,
      "tn": 5982,
      "fp": 18,
      "fn": 20
    },
    "2": {
      "precision": 0.9253731343283582,
      "recall": 0.868,
      "f1": 0.8957688338493293,
      "specificity": 0.9883333333333333,
      "fpr": 0.011666666666666667,
      "fnr": 0.132,
      "auroc": 0.9931238333333334,
      "auprc": 0.9620177334508797,
      "support": 1000,
      "tp": 868,
      "tn": 5930,
      "fp": 70,
      "fn": 132
    },
    "3": {
      "precision": 0.8195422535211268,
      "recall": 0.931,
      "f1": 0.8717228464419475,
      "specificity": 0.9658333333333333,
      "fpr": 0.034166666666666665,
      "fnr": 0.069,
      "auroc": 0.9916101666666667,
      "auprc": 0.9532999900321261,
      "support": 1000,
      "tp": 931,
      "tn": 5795,
      "fp": 205,
      "fn": 69
    },
    "4": {
      "precision": 0.7997630331753555,
      "recall": 0.675,
      "f1": 0.7321041214750542,
      "specificity": 0.9718333333333333,
      "fpr": 0.028166666666666666,
      "fnr": 0.325,
      "auroc": 0.9641636666666666,
      "auprc": 0.8461207572878742,
      "support": 1000,
      "tp": 675,
      "tn": 5831,
      "fp": 169,
      "fn": 325
    },
    "5": {
      "precision": 0.9839518555667001,
      "recall": 0.981,
      "f1": 0.9824737105658488,
      "specificity": 0.9973333333333333,
      "fpr": 0.0026666666666666666,
      "fnr": 0.019,
      "auroc": 0.9992645,
      "auprc": 0.9964900466012352,
      "support": 1000,
      "tp": 981,
      "tn": 5984,
      "fp": 16,
      "fn": 19
    },
    "6": {
      "precision": 0.996011964107677,
      "recall": 0.999,
      "f1": 0.9975037443834248,
      "specificity": 0.9993333333333333,
      "fpr": 0.0006666666666666666,
      "fnr": 0.001,
      "auroc": 0.9999095,
      "auprc": 0.9996423106516109,
      "support": 1000,
      "tp": 999,
      "tn": 5996,
      "fp": 4,
      "fn": 1
    }
  },
  "confusion_matrix": [
    [
      889,
      0,
      17,
      11,
      79,
      4,
      0
    ],
    [
      1,
      980,
      12,
      5,
      0,
      2,
      0
    ],
    [
      26,
      11,
      868,
      60,
      34,
      0,
      1
    ],
    [
      2,
      2,
      12,
      931,
      52,
      1,
      0
    ],
    [
      163,
      2,
      28,
      124,
      675,
      8,
      0
    ],
    [
      3,
      3,
      1,
      5,
      4,
      981,
      3
    ],
    [
      0,
      0,
      0,
      0,
      0,
      1,
      999
    ]
  ]
}