{
  "experiment": "exp3",
  "condition": {
    "num_classes": 6,
    "class_list": [
      1,
      2,
      3,
      4,
      6,
      7
    ],
    "class_names": [
      "Trouser",
      "Pullover",
      "Dress",
      "Coat",
      "Shirt",
      "Sneaker"
    ],
    "combo_idx": 3,
    "subset_pct": 60,
    "num_samples": 21600,
    "samples_per_class": 3600,
    "train_samples": 19440,
    "val_samples": 2160,
    "test_samples": 6000
  },
  "seed": 31380194,
  "timestamp": "2026-01-17T23:27:53.091493",
  "training_dynamics": {
    "epochs_trained": 15,
    "best_epoch": 5,
    "best_val_accuracy": 0.9259259259259259,
    "final_train_loss": 0.05709785180730059,
    "final_val_loss": 0.3194388615864295,
    "training_time_seconds": 13.889312267303467
  },
  "training_history": {
    "train_loss": [
      0.47362129944131565,
      0.30455650036272247,
      0.2620103650383259,
      0.2276456139638628,
      0.20118877987720465,
      0.17479882992215848,
      0.1555705114243258,
      0.13645292328376518,
      0.12013267665660303,
      0.10023196804104373,
      0.08907423647561748,
      0.08011264570584324,
      0.071945787015322,
      0.06312920114540152,
      0.05709785180730059
    ],
    "val_loss": [
      0.3004625928622705,
      0.23241526423781006,
      0.21471667736768724,
      0.20741667339095363,
      0.20401416685846116,
      0.2236145821986375,
      0.22832554391136875,
      0.20906567761191616,
      0.21420040445195304,
      0.25188161029859824,
      0.25111546792365885,
      0.25264878074328107,
      0.28231039223847565,
      0.2627107732825809,
      0.3194388615864295
    ],
    "val_accuracy": [
      0.8907407407407407,
      0.9152777777777777,
      0.9212962962962963,
      0.9212962962962963,
      0.9259259259259259,
      0.9203703703703704,
      0.9203703703703704,
      0.9259259259259259,
      0.924537037037037,
      0.9217592592592593,
      0.9143518518518519,
      0.9222222222222223,
      0.9231481481481482,
      0.9226851851851852,
      0.912962962962963
    ]
  },
  "global_metrics": {
    "accuracy": 0.909,
    "balanced_accuracy": 0.9090000000000001,
    "top_3_accuracy": 0.9958333333333333,
    "top_5_accuracy": 1.0,
    "log_loss": 0.24688494315962478,
    "mcc": 0.8910169593434347,
    "cohens_kappa": 0.8908,
    "precision_macro": 0.9108529653801326,
    "precision_micro": 0.909,
    "precision_weighted": 0.9108529653801327,
    "recall_macro": 0.9090000000000001,
    "recall_micro": 0.909,
    "recall_weighted": 0.909,
    "f1_macro": 0.9093801060470619,
    "f1_micro": 0.909,
    "f1_weighted": 0.9093801060470619,
    "auroc_macro": 0.9908972,
    "auroc_weighted": 0.9908972,
    "auprc_macro": 0.9625910070876843
  },
  "per_class_metrics": {
    "0": {
      "precision": 0.9969418960244648,
      "recall": 0.978,
      "f1": 0.9873801110550228,
      "specificity": 0.9994,
      "fpr": 0.0006,
      "fnr": 0.022,
      "auroc": 0.9996064,
      "auprc": 0.9987480977195836,
      "support": 1000,
      "tp": 978,
      "tn": 4997,
      "fp": 3,
      "fn": 22
    },
    "1": {
      "precision": 0.9116997792494481,
      "recall": 0.826,
      "f1": 0.8667366211962223,
      "specificity": 0.984,
      "fpr": 0.016,
      "fnr": 0.174,
      "auroc": 0.9866811999999999,
      "auprc": 0.9467577524308459,
      "support": 1000,
      "tp": 826,
      "tn": 4920,
      "fp": 80,
      "fn": 174
    },
    "2": {
      "precision": 0.9131293188548865,
      "recall": 0.925,
      "f1": 0.9190263288623944,
      "specificity": 0.9824,
      "fpr": 0.0176,
      "fnr": 0.075,
      "auroc": 0.9952094,
      "auprc": 0.9756994347644563,
      "support": 1000,
      "tp": 925,
      "tn": 4912,
      "fp": 88,
      "fn": 75
    },
    "3": {
      "precision": 0.8450433108758422,
      "recall": 0.878,
      "f1": 0.8612064737616479,
      "specificity": 0.9678,
      "fpr": 0.0322,
      "fnr": 0.122,
      "auroc": 0.9858761999999999,
      "auprc": 0.9368232522317832,
      "support": 1000,
      "tp": 878,
      "tn": 4839,
      "fp": 161,
      "fn": 122
    },
    "4": {
      "precision": 0.7983034872761545,
      "recall": 0.847,
      "f1": 0.8219311014070839,
      "specificity": 0.9572,
      "fpr": 0.0428,
      "fnr": 0.153,
      "auroc": 0.97801,
      "auprc": 0.9175175053794365,
      "support": 1000,
      "tp": 847,
      "tn": 4786,
      "fp": 214,
      "fn": 153
    },
    "5": {
      "precision": 1.0,
      "recall": 1.0,
      "f1": 1.0,
      "specificity": 1.0,
      "fpr": 0.0,
      "fnr": 0.0,
      "auroc": 1.0,
      "auprc": 1.0,
      "support": 1000,
      "tp": 1000,
      "tn": 5000,
      "fp": 0,
      "fn": 0
    }
  },
  "confusion_matrix": [
    [
      978,
      0,
      15,
      5,
      2,
      0
    ],
    [
      1,
      826,
      10,
      58,
      105,
      0
    ],
    [
      2,
      6,
      925,
      29,
      38,
      0
    ],
    [
      0,
      25,
      28,
      878,
      69,
      0
    ],
    [
      0,
      49,
      35,
      69,
      847,
      0
    ],
    [
      0,
      0,
      0,
      0,
      0,
      1000
    ]
  ]
}