{
  "experiment": "exp3",
  "condition": {
    "num_classes": 7,
    "class_list": [
      0,
      1,
      2,
      3,
      5,
      7,
      8
    ],
    "class_names": [
      "T-shirt/top",
      "Trouser",
      "Pullover",
      "Dress",
      "Sandal",
      "Sneaker",
      "Bag"
    ],
    "combo_idx": 1,
    "subset_pct": 40,
    "num_samples": 16800,
    "samples_per_class": 2400,
    "train_samples": 15120,
    "val_samples": 1680,
    "test_samples": 7000
  },
  "seed": 31380194,
  "timestamp": "2026-01-17T23:34:58.826588",
  "training_dynamics": {
    "epochs_trained": 16,
    "best_epoch": 6,
    "best_val_accuracy": 0.9744047619047619,
    "final_train_loss": 0.016432728208719365,
    "final_val_loss": 0.12998223359740915,
    "training_time_seconds": 10.916279792785645
  },
  "training_history": {
    "train_loss": [
      0.2802955952437618,
      0.14420156051180785,
      0.1138929928366079,
      0.0880952610040893,
      0.07703050899511903,
      0.06091025965248985,
      0.04845075717270531,
      0.04311009479749492,
      0.042348044854687045,
      0.03095133405707812,
      0.02963162719712687,
      0.02849430327165188,
      0.021041122244161117,
      0.025028675830459323,
      0.02136026006457219,
      0.016432728208719365
    ],
    "val_loss": [
      0.1775215310709817,
      0.1226291590503284,
      0.10714230977353595,
      0.09671127491054081,
      0.10147837350765863,
      0.09289421907493046,
      0.11000669293460391,
      0.11892879551187867,
      0.11764714082791691,
      0.1255234080411139,
      0.11854701923827331,
      0.12183719554117747,
      0.121416110199477,
      0.13953977216567312,
      0.11208442754688717,
      0.12998223359740915
    ],
    "val_accuracy": [
      0.9380952380952381,
      0.9625,
      0.9702380952380952,
      0.9714285714285714,
      0.968452380952381,
      0.9648809523809524,
      0.9708333333333333,
      0.9708333333333333,
      0.9696428571428571,
      0.9678571428571429,
      0.9744047619047619,
      0.9672619047619048,
      0.9702380952380952,
      0.9630952380952381,
      0.9738095238095238,
      0.9708333333333333
    ]
  },
  "global_metrics": {
    "accuracy": 0.9665714285714285,
    "balanced_accuracy": 0.9665714285714285,
    "top_3_accuracy": 0.9975714285714286,
    "top_5_accuracy": 1.0,
    "log_loss": 0.10038244938343716,
    "mcc": 0.9610270006616999,
    "cohens_kappa": 0.961,
    "precision_macro": 0.9667685183785565,
    "precision_micro": 0.9665714285714285,
    "precision_weighted": 0.9667685183785566,
    "recall_macro": 0.9665714285714285,
    "recall_micro": 0.9665714285714285,
    "recall_weighted": 0.9665714285714285,
    "f1_macro": 0.966590454398611,
    "f1_micro": 0.9665714285714285,
    "f1_weighted": 0.966590454398611,
    "auroc_macro": 0.9987176666666665,
    "auroc_weighted": 0.9987176666666666,
    "auprc_macro": 0.993387290164395
  },
  "per_class_metrics": {
    "0": {
      "precision": 0.942713567839196,
      "recall": 0.938,
      "f1": 0.9403508771929825,
      "specificity": 0.9905,
      "fpr": 0.0095,
      "fnr": 0.062,
      "auroc": 0.9965856666666666,
      "auprc": 0.9844748432577602,
      "support": 1000,
      "tp": 938,
      "tn": 5943,
      "fp": 57,
      "fn": 62
    },
    "1": {
      "precision": 0.9879275653923542,
      "recall": 0.982,
      "f1": 0.9849548645937813,
      "specificity": 0.998,
      "fpr": 0.002,
      "fnr": 0.018,
      "auroc": 0.999657,
      "auprc": 0.9983847441055478,
      "support": 1000,
      "tp": 982,
      "tn": 5988,
      "fp": 12,
      "fn": 18
    },
    "2": {
      "precision": 0.9333333333333333,
      "recall": 0.966,
      "f1": 0.9493857493857494,
      "specificity": 0.9885,
      "fpr": 0.0115,
      "fnr": 0.034,
      "auroc": 0.9979251666666666,
      "auprc": 0.9904034138369643,
      "support": 1000,
      "tp": 966,
      "tn": 5931,
      "fp": 69,
      "fn": 34
    },
    "3": {
      "precision": 0.9520897043832823,
      "recall": 0.934,
      "f1": 0.9429581019687027,
      "specificity": 0.9921666666666666,
      "fpr": 0.007833333333333333,
      "fnr": 0.066,
      "auroc": 0.9976634999999999,
      "auprc": 0.9847670072862286,
      "support": 1000,
      "tp": 934,
      "tn": 5953,
      "fp": 47,
      "fn": 66
    },
    "4": {
      "precision": 0.9715686274509804,
      "recall": 0.991,
      "f1": 0.9811881188118812,
      "specificity": 0.9951666666666666,
      "fpr": 0.004833333333333334,
      "fnr": 0.009,
      "auroc": 0.9998086666666667,
      "auprc": 0.9988567597418124,
      "support": 1000,
      "tp": 991,
      "tn": 5971,
      "fp": 29,
      "fn": 9
    },
    "5": {
      "precision": 0.9898682877406282,
      "recall": 0.977,
      "f1": 0.9833920483140414,
      "specificity": 0.9983333333333333,
      "fpr": 0.0016666666666666668,
      "fnr": 0.023,
      "auroc": 0.9998119999999999,
      "auprc": 0.9989404327559042,
      "support": 1000,
      "tp": 977,
      "tn": 5990,
      "fp": 10,
      "fn": 23
    },
    "6": {
      "precision": 0.9898785425101214,
      "recall": 0.978,
      "f1": 0.9839034205231387,
      "specificity": 0.9983333333333333,
      "fpr": 0.0016666666666666668,
      "fnr": 0.022,
      "auroc": 0.9995716666666666,
      "auprc": 0.9978838301665469,
      "support": 1000,
      "tp": 978,
      "tn": 5990,
      "fp": 10,
      "fn": 22
    }
  },
  "confusion_matrix": [
    [
      938,
      0,
      35,
      22,
      1,
      0,
      4
    ],
    [
      4,
      982,
      1,
      10,
      0,
      0,
      3
    ],
    [
      21,
      1,
      966,
      10,
      0,
      0,
      2
    ],
    [
      32,
      9,
      24,
      934,
      0,
      0,
      1
    ],
    [
      0,
      0,
      0,
      0,
      991,
      9,
      0
    ],
    [
      0,
      0,
      0,
      0,
      23,
      977,
      0
    ],
    [
      0,
      2,
      9,
      5,
      5,
      1,
      978
    ]
  ]
}