{
  "experiment": "exp3",
  "condition": {
    "num_classes": 5,
    "class_list": [
      1,
      2,
      3,
      5,
      7
    ],
    "class_names": [
      "Trouser",
      "Pullover",
      "Dress",
      "Sandal",
      "Sneaker"
    ],
    "combo_idx": 3,
    "subset_pct": 70,
    "num_samples": 21000,
    "samples_per_class": 4200,
    "train_samples": 18900,
    "val_samples": 2100,
    "test_samples": 5000
  },
  "seed": 31380194,
  "timestamp": "2026-01-17T23:16:46.034981",
  "training_dynamics": {
    "epochs_trained": 17,
    "best_epoch": 7,
    "best_val_accuracy": 0.9880952380952381,
    "final_train_loss": 0.003981357240976453,
    "final_val_loss": 0.06729660067529905,
    "training_time_seconds": 15.377874374389648
  },
  "training_history": {
    "train_loss": [
      0.14316057980475896,
      0.07015936881558642,
      0.050734386216956064,
      0.04029356692036664,
      0.034421671163432324,
      0.025821315221578146,
      0.02346175667549392,
      0.019608029329557776,
      0.018570647668823496,
      0.01705495650192559,
      0.01757725816476621,
      0.010904112036400506,
      0.010949052819870377,
      0.010681267628287233,
      0.012654748220852894,
      0.008739836686259337,
      0.003981357240976453
    ],
    "val_loss": [
      0.06635548692019212,
      0.0544465480088478,
      0.04991225013065906,
      0.0719157832577115,
      0.052944629958697725,
      0.04731942775526217,
      0.044903539777511645,
      0.04962292459704692,
      0.05717814118035936,
      0.05321108571298066,
      0.050454089619064085,
      0.045373341661124,
      0.06877678784586135,
      0.05972977061534212,
      0.045889342097742924,
      0.06151775181487513,
      0.06729660067529905
    ],
    "val_accuracy": [
      0.9776190476190476,
      0.9823809523809524,
      0.9823809523809524,
      0.9733333333333334,
      0.9804761904761905,
      0.9828571428571429,
      0.9866666666666667,
      0.9823809523809524,
      0.9814285714285714,
      0.9814285714285714,
      0.9871428571428571,
      0.9880952380952381,
      0.9804761904761905,
      0.9852380952380952,
      0.9876190476190476,
      0.9828571428571429,
      0.9842857142857143
    ]
  },
  "global_metrics": {
    "accuracy": 0.9866,
    "balanced_accuracy": 0.9865999999999999,
    "top_3_accuracy": 1.0,
    "top_5_accuracy": 1.0,
    "log_loss": 0.05269744429972382,
    "mcc": 0.9832607667643444,
    "cohens_kappa": 0.98325,
    "precision_macro": 0.9866679962113549,
    "precision_micro": 0.9866,
    "precision_weighted": 0.986667996211355,
    "recall_macro": 0.9865999999999999,
    "recall_micro": 0.9866,
    "recall_weighted": 0.9866,
    "f1_macro": 0.9866122790721347,
    "f1_micro": 0.9866,
    "f1_weighted": 0.9866122790721347,
    "auroc_macro": 0.9995706,
    "auroc_weighted": 0.9995706,
    "auprc_macro": 0.9982770196165927
  },
  "per_class_metrics": {
    "0": {
      "precision": 0.996969696969697,
      "recall": 0.987,
      "f1": 0.9919597989949748,
      "specificity": 0.99925,
      "fpr": 0.00075,
      "fnr": 0.013,
      "auroc": 0.99987425,
      "auprc": 0.9995522307428096,
      "support": 1000,
      "tp": 987,
      "tn": 3997,
      "fp": 3,
      "fn": 13
    },
    "1": {
      "precision": 0.9800995024875622,
      "recall": 0.985,
      "f1": 0.9825436408977556,
      "specificity": 0.995,
      "fpr": 0.005,
      "fnr": 0.015,
      "auroc": 0.99928825,
      "auprc": 0.997824611637469,
      "support": 1000,
      "tp": 985,
      "tn": 3980,
      "fp": 20,
      "fn": 15
    },
    "2": {
      "precision": 0.9741293532338309,
      "recall": 0.979,
      "f1": 0.9765586034912719,
      "specificity": 0.9935,
      "fpr": 0.0065,
      "fnr": 0.021,
      "auroc": 0.99902875,
      "auprc": 0.9953142443303631,
      "support": 1000,
      "tp": 979,
      "tn": 3974,
      "fp": 26,
      "fn": 21
    },
    "3": {
      "precision": 0.9969635627530364,
      "recall": 0.985,
      "f1": 0.9909456740442656,
      "specificity": 0.99925,
      "fpr": 0.00075,
      "fnr": 0.015,
      "auroc": 0.9998137500000001,
      "auprc": 0.9993224066952788,
      "support": 1000,
      "tp": 985,
      "tn": 3997,
      "fp": 3,
      "fn": 15
    },
    "4": {
      "precision": 0.9851778656126482,
      "recall": 0.997,
      "f1": 0.9910536779324055,
      "specificity": 0.99625,
      "fpr": 0.00375,
      "fnr": 0.003,
      "auroc": 0.999848,
      "auprc": 0.9993716046770426,
      "support": 1000,
      "tp": 997,
      "tn": 3985,
      "fp": 15,
      "fn": 3
    }
  },
  "confusion_matrix": [
    [
      987,
      1,
      12,
      0,
      0
    ],
    [
      1,
      985,
      14,
      0,
      0
    ],
    [
      2,
      19,
      979,
      0,
      0
    ],
    [
      0,
      0,
      0,
      985,
      15
    ],
    [
      0,
      0,
      0,
      3,
      997
    ]
  ]
}