{
  "experiment": "exp3",
  "condition": {
    "num_classes": 3,
    "class_list": [
      1,
      5,
      9
    ],
    "class_names": [
      "Trouser",
      "Sandal",
      "Ankle boot"
    ],
    "combo_idx": 3,
    "subset_pct": 20,
    "num_samples": 3600,
    "samples_per_class": 1200,
    "train_samples": 3240,
    "val_samples": 360,
    "test_samples": 3000
  },
  "seed": 31380194,
  "timestamp": "2026-01-17T22:56:10.194702",
  "training_dynamics": {
    "epochs_trained": 25,
    "best_epoch": 15,
    "best_val_accuracy": 0.9972222222222222,
    "final_train_loss": 5.364596197122249e-05,
    "final_val_loss": 0.03424324675425699,
    "training_time_seconds": 3.950824737548828
  },
  "training_history": {
    "train_loss": [
      0.11079827022245702,
      0.030702859106217967,
      0.011010177853498972,
      0.012131227115306127,
      0.012212458151671123,
      0.006842129580606935,
      0.0013011484939745382,
      0.0013678034087135137,
      0.0021218054773235765,
      0.004042688779865035,
      0.009154413483438296,
      0.0035258614610243324,
      0.0005879159326762901,
      0.002218460160070119,
      0.001069287810156204,
      0.0007664960699582711,
      0.00010537615497808064,
      5.4756918596949085e-05,
      3.743615648469737e-05,
      3.161635994256714e-05,
      3.0291688673577144e-05,
      6.44158344607158e-05,
      3.8447778822456694e-05,
      4.2576507149872255e-05,
      5.364596197122249e-05
    ],
    "val_loss": [
      0.08504773541871044,
      0.02752652642213636,
      0.03924509382292551,
      0.08166335094138048,
      0.04590346524823367,
      0.018535820346894778,
      0.03267889745705664,
      0.06916950000724885,
      0.030635619644696514,
      0.08335455302658375,
      0.04246804165894799,
      0.05712526528303796,
      0.0189610122137108,
      0.05812176128363515,
      0.00815134781419652,
      0.055689281596439995,
      0.039278996175030695,
      0.042925993319148384,
      0.03824606349121874,
      0.034848674990071986,
      0.034391256921531346,
      0.02833278848876388,
      0.034206347813920325,
      0.03564045351402001,
      0.03424324675425699
    ],
    "val_accuracy": [
      0.975,
      0.9944444444444445,
      0.9888888888888889,
      0.9805555555555555,
      0.9861111111111112,
      0.9972222222222222,
      0.9888888888888889,
      0.9861111111111112,
      0.9944444444444445,
      0.9833333333333333,
      0.9916666666666667,
      0.9888888888888889,
      0.9916666666666667,
      0.9888888888888889,
      0.9972222222222222,
      0.9916666666666667,
      0.9916666666666667,
      0.9916666666666667,
      0.9916666666666667,
      0.9916666666666667,
      0.9916666666666667,
      0.9916666666666667,
      0.9916666666666667,
      0.9916666666666667,
      0.9916666666666667
    ]
  },
  "global_metrics": {
    "accuracy": 0.9896666666666667,
    "balanced_accuracy": 0.9896666666666666,
    "top_3_accuracy": 1.0,
    "top_5_accuracy": 1.0,
    "log_loss": 0.047444305313558574,
    "mcc": 0.9845625217052554,
    "cohens_kappa": 0.9845,
    "precision_macro": 0.9897844597610743,
    "precision_micro": 0.9896666666666667,
    "precision_weighted": 0.9897844597610742,
    "recall_macro": 0.9896666666666666,
    "recall_micro": 0.9896666666666667,
    "recall_weighted": 0.9896666666666667,
    "f1_macro": 0.9896630670648089,
    "f1_micro": 0.9896666666666667,
    "f1_weighted": 0.9896630670648089,
    "auroc_macro": 0.99953025,
    "auroc_weighted": 0.9995302500000001,
    "auprc_macro": 0.9989482590133494
  },
  "per_class_metrics": {
    "0": {
      "precision": 0.998998998998999,
      "recall": 0.998,
      "f1": 0.9984992496248123,
      "specificity": 0.9995,
      "fpr": 0.0005,
      "fnr": 0.002,
      "auroc": 0.999998,
      "auprc": 0.999995997993992,
      "support": 1000,
      "tp": 998,
      "tn": 1999,
      "fp": 1,
      "fn": 2
    },
    "1": {
      "precision": 0.9938837920489296,
      "recall": 0.975,
      "f1": 0.9843513377082281,
      "specificity": 0.997,
      "fpr": 0.003,
      "fnr": 0.025,
      "auroc": 0.9993179999999999,
      "auprc": 0.9977126446278027,
      "support": 1000,
      "tp": 975,
      "tn": 1994,
      "fp": 6,
      "fn": 25
    },
    "2": {
      "precision": 0.9764705882352941,
      "recall": 0.996,
      "f1": 0.986138613861386,
      "specificity": 0.988,
      "fpr": 0.012,
      "fnr": 0.004,
      "auroc": 0.99927475,
      "auprc": 0.9991361344182536,
      "support": 1000,
      "tp": 996,
      "tn": 1976,
      "fp": 24,
      "fn": 4
    }
  },
  "confusion_matrix": [
    [
      998,
      2,
      0
    ],
    [
      1,
      975,
      24
    ],
    [
      0,
      4,
      996
    ]
  ]
}