{
  "experiment": "exp3",
  "condition": {
    "num_classes": 5,
    "class_list": [
      0,
      1,
      2,
      3,
      8
    ],
    "class_names": [
      "T-shirt/top",
      "Trouser",
      "Pullover",
      "Dress",
      "Bag"
    ],
    "combo_idx": 0,
    "subset_pct": 60,
    "num_samples": 18000,
    "samples_per_class": 3600,
    "train_samples": 16200,
    "val_samples": 1800,
    "test_samples": 5000
  },
  "seed": 31380194,
  "timestamp": "2026-01-17T23:09:46.161120",
  "training_dynamics": {
    "epochs_trained": 15,
    "best_epoch": 5,
    "best_val_accuracy": 0.9711111111111111,
    "final_train_loss": 0.018204731227435662,
    "final_val_loss": 0.13947387839033681,
    "training_time_seconds": 13.269554376602173
  },
  "training_history": {
    "train_loss": [
      0.24963968342507448,
      0.14381728135416005,
      0.1150494669820732,
      0.0954752907002946,
      0.08373066211324626,
      0.06430311128222127,
      0.057641294356765536,
      0.049002463751982195,
      0.045581279776249754,
      0.04770275892040832,
      0.03019799207823945,
      0.022944591498996064,
      0.024633559123127112,
      0.024220595260448757,
      0.018204731227435662
    ],
    "val_loss": [
      0.1355920598904292,
      0.10712533374523951,
      0.10778814209728606,
      0.11186683524710436,
      0.08721460552756778,
      0.0876101511142527,
      0.09784689213136315,
      0.10926315168255112,
      0.12137669340707362,
      0.11304681727598008,
      0.09443045769718689,
      0.12632255891922492,
      0.15309310768126225,
      0.12317008162537654,
      0.13947387839033681
    ],
    "val_accuracy": [
      0.9566666666666667,
      0.9644444444444444,
      0.9622222222222222,
      0.9605555555555556,
      0.9694444444444444,
      0.9688888888888889,
      0.9661111111111111,
      0.9688888888888889,
      0.9622222222222222,
      0.9644444444444444,
      0.9711111111111111,
      0.9644444444444444,
      0.955,
      0.9677777777777777,
      0.9638888888888889
    ]
  },
  "global_metrics": {
    "accuracy": 0.967,
    "balanced_accuracy": 0.967,
    "top_3_accuracy": 0.998,
    "top_5_accuracy": 1.0,
    "log_loss": 0.10808947856243262,
    "mcc": 0.9587705658492086,
    "cohens_kappa": 0.95875,
    "precision_macro": 0.9671245205752106,
    "precision_micro": 0.967,
    "precision_weighted": 0.9671245205752106,
    "recall_macro": 0.967,
    "recall_micro": 0.967,
    "recall_weighted": 0.967,
    "f1_macro": 0.9670214434847264,
    "f1_micro": 0.967,
    "f1_weighted": 0.9670214434847263,
    "auroc_macro": 0.9977385499999999,
    "auroc_weighted": 0.99773855,
    "auprc_macro": 0.9919468358302573
  },
  "per_class_metrics": {
    "0": {
      "precision": 0.9496475327291037,
      "recall": 0.943,
      "f1": 0.946312092323131,
      "specificity": 0.9875,
      "fpr": 0.0125,
      "fnr": 0.057,
      "auroc": 0.9956852500000001,
      "auprc": 0.9826880347701206,
      "support": 1000,
      "tp": 943,
      "tn": 3950,
      "fp": 50,
      "fn": 57
    },
    "1": {
      "precision": 0.9949392712550608,
      "recall": 0.983,
      "f1": 0.988933601609658,
      "specificity": 0.99875,
      "fpr": 0.00125,
      "fnr": 0.017,
      "auroc": 0.9997267499999999,
      "auprc": 0.999026511291838,
      "support": 1000,
      "tp": 983,
      "tn": 3995,
      "fp": 5,
      "fn": 17
    },
    "2": {
      "precision": 0.9636363636363636,
      "recall": 0.954,
      "f1": 0.9587939698492463,
      "specificity": 0.991,
      "fpr": 0.009,
      "fnr": 0.046,
      "auroc": 0.9965835000000001,
      "auprc": 0.9907699615792832,
      "support": 1000,
      "tp": 954,
      "tn": 3964,
      "fp": 36,
      "fn": 46
    },
    "3": {
      "precision": 0.9433040078201369,
      "recall": 0.965,
      "f1": 0.9540286702916461,
      "specificity": 0.9855,
      "fpr": 0.0145,
      "fnr": 0.035,
      "auroc": 0.997022,
      "auprc": 0.9883181206342723,
      "support": 1000,
      "tp": 965,
      "tn": 3942,
      "fp": 58,
      "fn": 35
    },
    "4": {
      "precision": 0.9840954274353877,
      "recall": 0.99,
      "f1": 0.9870388833499502,
      "specificity": 0.996,
      "fpr": 0.004,
      "fnr": 0.01,
      "auroc": 0.99967525,
      "auprc": 0.998931550875773,
      "support": 1000,
      "tp": 990,
      "tn": 3984,
      "fp": 16,
      "fn": 10
    }
  },
  "confusion_matrix": [
    [
      943,
      0,
      21,
      27,
      9
    ],
    [
      1,
      983,
      1,
      14,
      1
    ],
    [
      29,
      1,
      954,
      13,
      3
    ],
    [
      19,
      3,
      10,
      965,
      3
    ],
    [
      1,
      1,
      4,
      4,
      990
    ]
  ]
}