{
  "experiment": "exp3",
  "condition": {
    "num_classes": 3,
    "class_list": [
      1,
      5,
      9
    ],
    "class_names": [
      "Trouser",
      "Sandal",
      "Ankle boot"
    ],
    "combo_idx": 3,
    "subset_pct": 80,
    "num_samples": 14400,
    "samples_per_class": 4800,
    "train_samples": 12960,
    "val_samples": 1440,
    "test_samples": 3000
  },
  "seed": 31380194,
  "timestamp": "2026-01-17T22:56:59.148916",
  "training_dynamics": {
    "epochs_trained": 19,
    "best_epoch": 9,
    "best_val_accuracy": 0.9986111111111111,
    "final_train_loss": 0.009593957824562564,
    "final_val_loss": 0.011787902328769128,
    "training_time_seconds": 11.639532327651978
  },
  "training_history": {
    "train_loss": [
      0.05319873906908272,
      0.023563871121583414,
      0.01558571007812976,
      0.010407553561290025,
      0.00869948554972876,
      0.008227778633996477,
      0.005248479713617119,
      0.004731417213135474,
      0.0023314278570324668,
      0.004277417712084454,
      0.005831913437486499,
      0.001225305644670429,
      0.005600490883004983,
      0.0028289114367816754,
      0.003164416815283842,
      0.003960649315748901,
      0.0018528663219670894,
      0.0012857851515542871,
      0.009593957824562564
    ],
    "val_loss": [
      0.016538136616388026,
      0.01256876782540025,
      0.0164802408261797,
      0.014535173603346468,
      0.007360281005046292,
      0.01252922347591468,
      0.007629571984610569,
      0.007746299021382836,
      0.0033994856404749247,
      0.012758002698514145,
      0.0034841814006073136,
      0.007481622830325879,
      0.006522899000740128,
      0.013738113143525273,
      0.007361825358822531,
      0.016068318594239076,
      0.020834630327738385,
      0.032690340555745934,
      0.011787902328769128
    ],
    "val_accuracy": [
      0.9951388888888889,
      0.99375,
      0.9923611111111111,
      0.9930555555555556,
      0.9972222222222222,
      0.9958333333333333,
      0.9972222222222222,
      0.9972222222222222,
      0.9986111111111111,
      0.9951388888888889,
      0.9986111111111111,
      0.9972222222222222,
      0.9979166666666667,
      0.9958333333333333,
      0.9986111111111111,
      0.9972222222222222,
      0.9965277777777778,
      0.9923611111111111,
      0.9972222222222222
    ]
  },
  "global_metrics": {
    "accuracy": 0.996,
    "balanced_accuracy": 0.996,
    "top_3_accuracy": 1.0,
    "top_5_accuracy": 1.0,
    "log_loss": 0.025858536884059424,
    "mcc": 0.9940094431345649,
    "cohens_kappa": 0.994,
    "precision_macro": 0.996015810678094,
    "precision_micro": 0.996,
    "precision_weighted": 0.9960158106780941,
    "recall_macro": 0.996,
    "recall_micro": 0.996,
    "recall_weighted": 0.996,
    "f1_macro": 0.9959984454498367,
    "f1_micro": 0.996,
    "f1_weighted": 0.9959984454498368,
    "auroc_macro": 0.9998185,
    "auroc_weighted": 0.9998185,
    "auprc_macro": 0.9996205547560084
  },
  "per_class_metrics": {
    "0": {
      "precision": 0.999000999000999,
      "recall": 1.0,
      "f1": 0.9995002498750626,
      "specificity": 0.9995,
      "fpr": 0.0005,
      "fnr": 0.0,
      "auroc": 0.9999990000000001,
      "auprc": 0.999998000999001,
      "support": 1000,
      "tp": 1000,
      "tn": 1999,
      "fp": 1,
      "fn": 0
    },
    "1": {
      "precision": 0.9910625620655412,
      "recall": 0.998,
      "f1": 0.99451918285999,
      "specificity": 0.9955,
      "fpr": 0.0045,
      "fnr": 0.002,
      "auroc": 0.9997355,
      "auprc": 0.9993345078075943,
      "support": 1000,
      "tp": 998,
      "tn": 1991,
      "fp": 9,
      "fn": 2
    },
    "2": {
      "precision": 0.9979838709677419,
      "recall": 0.99,
      "f1": 0.9939759036144579,
      "specificity": 0.999,
      "fpr": 0.001,
      "fnr": 0.01,
      "auroc": 0.999721,
      "auprc": 0.9995291554614297,
      "support": 1000,
      "tp": 990,
      "tn": 1998,
      "fp": 2,
      "fn": 10
    }
  },
  "confusion_matrix": [
    [
      1000,
      0,
      0
    ],
    [
      0,
      998,
      2
    ],
    [
      1,
      9,
      990
    ]
  ]
}