{
  "experiment": "exp3",
  "condition": {
    "num_classes": 3,
    "class_list": [
      0,
      6,
      8
    ],
    "class_names": [
      "T-shirt/top",
      "Shirt",
      "Bag"
    ],
    "combo_idx": 1,
    "subset_pct": 60,
    "num_samples": 10800,
    "samples_per_class": 3600,
    "train_samples": 9720,
    "val_samples": 1080,
    "test_samples": 3000
  },
  "seed": 31380194,
  "timestamp": "2026-01-17T22:53:59.301099",
  "training_dynamics": {
    "epochs_trained": 14,
    "best_epoch": 4,
    "best_val_accuracy": 0.9194444444444444,
    "final_train_loss": 0.0472215902118478,
    "final_val_loss": 0.29089420548191774,
    "training_time_seconds": 6.340380907058716
  },
  "training_history": {
    "train_loss": [
      0.3548838665806933,
      0.2474487681726092,
      0.20692280905419275,
      0.17931743169595538,
      0.15806860148318505,
      0.13896946229138657,
      0.12118810721624054,
      0.10848389322085208,
      0.09339113005338923,
      0.08529586609649031,
      0.06654965008094318,
      0.06039302604959199,
      0.05378692710196207,
      0.0472215902118478
    ],
    "val_loss": [
      0.25736398542368855,
      0.22451909990222366,
      0.21486687428421444,
      0.20128269052063977,
      0.2138760173762286,
      0.21530165672302246,
      0.21976273865611465,
      0.21377097688339375,
      0.26110148915538084,
      0.2772675218405547,
      0.22701221031171304,
      0.29837467560061703,
      0.3250073315920653,
      0.29089420548191774
    ],
    "val_accuracy": [
      0.8925925925925926,
      0.9074074074074074,
      0.9120370370370371,
      0.9037037037037037,
      0.9064814814814814,
      0.912962962962963,
      0.9148148148148149,
      0.9046296296296297,
      0.9083333333333333,
      0.9166666666666666,
      0.9194444444444444,
      0.9092592592592592,
      0.9,
      0.9157407407407407
    ]
  },
  "global_metrics": {
    "accuracy": 0.9066666666666666,
    "balanced_accuracy": 0.9066666666666667,
    "top_3_accuracy": 1.0,
    "top_5_accuracy": 1.0,
    "log_loss": 0.22063490643585348,
    "mcc": 0.8612026480293211,
    "cohens_kappa": 0.86,
    "precision_macro": 0.9085866281917676,
    "precision_micro": 0.9066666666666666,
    "precision_weighted": 0.9085866281917676,
    "recall_macro": 0.9066666666666667,
    "recall_micro": 0.9066666666666666,
    "recall_weighted": 0.9066666666666666,
    "f1_macro": 0.9064067241800267,
    "f1_micro": 0.9066666666666666,
    "f1_weighted": 0.9064067241800267,
    "auroc_macro": 0.9820803333333332,
    "auroc_weighted": 0.9820803333333333,
    "auprc_macro": 0.9656834053706529
  },
  "per_class_metrics": {
    "0": {
      "precision": 0.8377635197066912,
      "recall": 0.914,
      "f1": 0.8742228598756577,
      "specificity": 0.9115,
      "fpr": 0.0885,
      "fnr": 0.086,
      "auroc": 0.9740799999999998,
      "auprc": 0.9457855361843042,
      "support": 1000,
      "tp": 914,
      "tn": 1823,
      "fp": 177,
      "fn": 86
    },
    "1": {
      "precision": 0.9019823788546255,
      "recall": 0.819,
      "f1": 0.8584905660377359,
      "specificity": 0.9555,
      "fpr": 0.0445,
      "fnr": 0.181,
      "auroc": 0.9729345,
      "auprc": 0.9524757151966894,
      "support": 1000,
      "tp": 819,
      "tn": 1911,
      "fp": 89,
      "fn": 181
    },
    "2": {
      "precision": 0.986013986013986,
      "recall": 0.987,
      "f1": 0.9865067466266867,
      "specificity": 0.993,
      "fpr": 0.007,
      "fnr": 0.013,
      "auroc": 0.9992265,
      "auprc": 0.9987889647309651,
      "support": 1000,
      "tp": 987,
      "tn": 1986,
      "fp": 14,
      "fn": 13
    }
  },
  "confusion_matrix": [
    [
      914,
      80,
      6
    ],
    [
      173,
      819,
      8
    ],
    [
      4,
      9,
      987
    ]
  ]
}