{
  "experiment": "exp3",
  "condition": {
    "num_classes": 4,
    "class_list": [
      1,
      5,
      6,
      9
    ],
    "class_names": [
      "Trouser",
      "Sandal",
      "Shirt",
      "Ankle boot"
    ],
    "combo_idx": 3,
    "subset_pct": 100,
    "num_samples": 24000,
    "samples_per_class": 6000,
    "train_samples": 21600,
    "val_samples": 2400,
    "test_samples": 4000
  },
  "seed": 31380194,
  "timestamp": "2026-01-17T23:06:57.082145",
  "training_dynamics": {
    "epochs_trained": 34,
    "best_epoch": 24,
    "best_val_accuracy": 0.9979166666666667,
    "final_train_loss": 0.004077930910071275,
    "final_val_loss": 0.015109752955710671,
    "training_time_seconds": 34.481345891952515
  },
  "training_history": {
    "train_loss": [
      0.0684465335543576,
      0.02626526548126293,
      0.01925553104569157,
      0.014960701579345837,
      0.012618683296190843,
      0.008302340416429018,
      0.00818794437301496,
      0.00866461389690161,
      0.007217519357949689,
      0.006353081068512023,
      0.006308658314465773,
      0.004355317978768023,
      0.008091291555751385,
      0.006482524013789335,
      0.0025295868107276923,
      0.00043499204499704514,
      0.00018854645864251334,
      0.002978343911683607,
      0.015472298171398344,
      0.0063952642909651915,
      0.0027194641053155514,
      0.0020485372467418093,
      0.0037653092714947096,
      0.002882491324188126,
      0.005133432555057288,
      0.005935618620422451,
      0.002070402672137595,
      0.0019355665230221526,
      0.003045085220983929,
      0.0013345534867525292,
      0.002451242289710121,
      0.0033190361963306714,
      0.0048741739798500855,
      0.004077930910071275
    ],
    "val_loss": [
      0.019473119461908935,
      0.018674906265999502,
      0.018803363241119465,
      0.011231887992762495,
      0.011716138462264401,
      0.017453826117465116,
      0.028557776789724206,
      0.024137708289490547,
      0.015168827773692706,
      0.009820859899840191,
      0.020862651072790565,
      0.013814768431784615,
      0.02484042237247195,
      0.012312491545841719,
      0.013760003592272672,
      0.009017726840520482,
      0.008874275912523141,
      0.04042410546137641,
      0.010993901191444213,
      0.013917796369314601,
      0.009211352226363184,
      0.014078972841111863,
      0.008698847143917495,
      0.008216803404931548,
      0.020617430403945036,
      0.017683280805916485,
      0.009069196718561823,
      0.014960189981599873,
      0.011500978804388069,
      0.01162048094459654,
      0.012788656946277115,
      0.014426634699993883,
      0.013139528604212197,
      0.015109752955710671
    ],
    "val_accuracy": [
      0.99375,
      0.9933333333333333,
      0.9920833333333333,
      0.9958333333333333,
      0.9966666666666667,
      0.9929166666666667,
      0.99,
      0.9933333333333333,
      0.9958333333333333,
      0.9975,
      0.9920833333333333,
      0.9954166666666666,
      0.99375,
      0.9970833333333333,
      0.9966666666666667,
      0.9979166666666667,
      0.9979166666666667,
      0.9875,
      0.9966666666666667,
      0.9970833333333333,
      0.9966666666666667,
      0.99625,
      0.9970833333333333,
      0.9975,
      0.9929166666666667,
      0.9941666666666666,
      0.9975,
      0.9966666666666667,
      0.9970833333333333,
      0.9975,
      0.9970833333333333,
      0.9966666666666667,
      0.995,
      0.995
    ]
  },
  "global_metrics": {
    "accuracy": 0.99375,
    "balanced_accuracy": 0.99375,
    "top_3_accuracy": 0.99975,
    "top_5_accuracy": 1.0,
    "log_loss": 0.02543769557362515,
    "mcc": 0.9916677409739679,
    "cohens_kappa": 0.9916666666666667,
    "precision_macro": 0.9937524604750158,
    "precision_micro": 0.99375,
    "precision_weighted": 0.9937524604750158,
    "recall_macro": 0.99375,
    "recall_micro": 0.99375,
    "recall_weighted": 0.99375,
    "f1_macro": 0.99374961399162,
    "f1_micro": 0.99375,
    "f1_weighted": 0.9937496139916199,
    "auroc_macro": 0.9998292916666667,
    "auroc_weighted": 0.9998292916666667,
    "auprc_macro": 0.9993976452981607
  },
  "per_class_metrics": {
    "0": {
      "precision": 0.994005994005994,
      "recall": 0.995,
      "f1": 0.9945027486256871,
      "specificity": 0.998,
      "fpr": 0.002,
      "fnr": 0.005,
      "auroc": 0.999972,
      "auprc": 0.9999161644188098,
      "support": 1000,
      "tp": 995,
      "tn": 2994,
      "fp": 6,
      "fn": 5
    },
    "1": {
      "precision": 0.9920239282153539,
      "recall": 0.995,
      "f1": 0.9935097353969046,
      "specificity": 0.9973333333333333,
      "fpr": 0.0026666666666666666,
      "fnr": 0.005,
      "auroc": 0.9997398333333333,
      "auprc": 0.9984844595226454,
      "support": 1000,
      "tp": 995,
      "tn": 2992,
      "fp": 8,
      "fn": 5
    },
    "2": {
      "precision": 0.994,
      "recall": 0.994,
      "f1": 0.994,
      "specificity": 0.998,
      "fpr": 0.002,
      "fnr": 0.006,
      "auroc": 0.9999633333333333,
      "auprc": 0.9998912453578112,
      "support": 1000,
      "tp": 994,
      "tn": 2994,
      "fp": 6,
      "fn": 6
    },
    "3": {
      "precision": 0.9949799196787149,
      "recall": 0.991,
      "f1": 0.9929859719438878,
      "specificity": 0.9983333333333333,
      "fpr": 0.0016666666666666668,
      "fnr": 0.009,
      "auroc": 0.9996419999999999,
      "auprc": 0.9992987118933763,
      "support": 1000,
      "tp": 991,
      "tn": 2995,
      "fp": 5,
      "fn": 9
    }
  },
  "confusion_matrix": [
    [
      995,
      0,
      5,
      0
    ],
    [
      0,
      995,
      0,
      5
    ],
    [
      6,
      0,
      994,
      0
    ],
    [
      0,
      8,
      1,
      991
    ]
  ]
}