{
  "experiment": "exp3",
  "condition": {
    "num_classes": 6,
    "class_list": [
      2,
      3,
      5,
      6,
      8,
      9
    ],
    "class_names": [
      "Pullover",
      "Dress",
      "Sandal",
      "Shirt",
      "Bag",
      "Ankle boot"
    ],
    "combo_idx": 4,
    "subset_pct": 70,
    "num_samples": 25200,
    "samples_per_class": 4200,
    "train_samples": 22680,
    "val_samples": 2520,
    "test_samples": 6000
  },
  "seed": 31380194,
  "timestamp": "2026-01-17T23:30:37.553827",
  "training_dynamics": {
    "epochs_trained": 16,
    "best_epoch": 6,
    "best_val_accuracy": 0.9642857142857143,
    "final_train_loss": 0.029629971275467206,
    "final_val_loss": 0.1466751662393411,
    "training_time_seconds": 17.639110326766968
  },
  "training_history": {
    "train_loss": [
      0.2865582321941013,
      0.16911624333703182,
      0.13719127587449384,
      0.12167787551355194,
      0.10391338991237359,
      0.0947310480157989,
      0.07683599659333556,
      0.06865239824024094,
      0.059425200726574576,
      0.05246241909163204,
      0.05247123968052927,
      0.04501235210861434,
      0.039635213865885435,
      0.03564362048145226,
      0.02917971886964154,
      0.029629971275467206
    ],
    "val_loss": [
      0.15648463907695953,
      0.13264659401916323,
      0.17618860536151462,
      0.13941894419609555,
      0.1594982082408572,
      0.10910926454123997,
      0.13040969012275574,
      0.1097951865385449,
      0.1463898897998863,
      0.15589565568500094,
      0.1642430594043126,
      0.12669227181209458,
      0.13237061247466103,
      0.13648985342846975,
      0.14354954798306738,
      0.1466751662393411
    ],
    "val_accuracy": [
      0.9384920634920635,
      0.9468253968253968,
      0.9373015873015873,
      0.9468253968253968,
      0.9349206349206349,
      0.9619047619047619,
      0.9535714285714286,
      0.9567460317460318,
      0.9543650793650794,
      0.9496031746031746,
      0.9519841269841269,
      0.9619047619047619,
      0.9563492063492064,
      0.9571428571428572,
      0.9642857142857143,
      0.9615079365079365
    ]
  },
  "global_metrics": {
    "accuracy": 0.9556666666666667,
    "balanced_accuracy": 0.9556666666666667,
    "top_3_accuracy": 0.999,
    "top_5_accuracy": 1.0,
    "log_loss": 0.13299864009233728,
    "mcc": 0.9468025563703533,
    "cohens_kappa": 0.9468,
    "precision_macro": 0.9557138696355372,
    "precision_micro": 0.9556666666666667,
    "precision_weighted": 0.9557138696355373,
    "recall_macro": 0.9556666666666667,
    "recall_micro": 0.9556666666666667,
    "recall_weighted": 0.9556666666666667,
    "f1_macro": 0.9556838021579527,
    "f1_micro": 0.9556666666666667,
    "f1_weighted": 0.9556838021579529,
    "auroc_macro": 0.9968758666666667,
    "auroc_weighted": 0.9968758666666667,
    "auprc_macro": 0.9861334688264263
  },
  "per_class_metrics": {
    "0": {
      "precision": 0.9186507936507936,
      "recall": 0.926,
      "f1": 0.9223107569721115,
      "specificity": 0.9836,
      "fpr": 0.0164,
      "fnr": 0.074,
      "auroc": 0.9940926,
      "auprc": 0.9730714884147695,
      "support": 1000,
      "tp": 926,
      "tn": 4918,
      "fp": 82,
      "fn": 74
    },
    "1": {
      "precision": 0.9488977955911824,
      "recall": 0.947,
      "f1": 0.9479479479479478,
      "specificity": 0.9898,
      "fpr": 0.0102,
      "fnr": 0.053,
      "auroc": 0.9977814,
      "auprc": 0.9891278363087934,
      "support": 1000,
      "tp": 947,
      "tn": 4949,
      "fp": 51,
      "fn": 53
    },
    "2": {
      "precision": 0.991044776119403,
      "recall": 0.996,
      "f1": 0.9935162094763091,
      "specificity": 0.9982,
      "fpr": 0.0018,
      "fnr": 0.004,
      "auroc": 0.9999098000000001,
      "auprc": 0.9995580031839603,
      "support": 1000,
      "tp": 996,
      "tn": 4991,
      "fp": 9,
      "fn": 4
    },
    "3": {
      "precision": 0.8917835671342685,
      "recall": 0.89,
      "f1": 0.8908908908908909,
      "specificity": 0.9784,
      "fpr": 0.0216,
      "fnr": 0.11,
      "auroc": 0.9899786000000002,
      "auprc": 0.9572637150048344,
      "support": 1000,
      "tp": 890,
      "tn": 4892,
      "fp": 108,
      "fn": 110
    },
    "4": {
      "precision": 0.9889112903225806,
      "recall": 0.981,
      "f1": 0.9849397590361445,
      "specificity": 0.9978,
      "fpr": 0.0022,
      "fnr": 0.019,
      "auroc": 0.9996276,
      "auprc": 0.998371262799814,
      "support": 1000,
      "tp": 981,
      "tn": 4989,
      "fp": 11,
      "fn": 19
    },
    "5": {
      "precision": 0.994994994994995,
      "recall": 0.994,
      "f1": 0.9944972486243121,
      "specificity": 0.999,
      "fpr": 0.001,
      "fnr": 0.006,
      "auroc": 0.9998652,
      "auprc": 0.9994085072463863,
      "support": 1000,
      "tp": 994,
      "tn": 4995,
      "fp": 5,
      "fn": 6
    }
  },
  "confusion_matrix": [
    [
      926,
      13,
      0,
      59,
      2,
      0
    ],
    [
      10,
      947,
      0,
      42,
      1,
      0
    ],
    [
      0,
      0,
      996,
      0,
      0,
      4
    ],
    [
      69,
      33,
      0,
      890,
      8,
      0
    ],
    [
      3,
      5,
      4,
      6,
      981,
      1
    ],
    [
      0,
      0,
      5,
      1,
      0,
      994
    ]
  ]
}