{
  "experiment": "exp3",
  "condition": {
    "num_classes": 4,
    "class_list": [
      0,
      1,
      2,
      4
    ],
    "class_names": [
      "T-shirt/top",
      "Trouser",
      "Pullover",
      "Coat"
    ],
    "combo_idx": 0,
    "subset_pct": 30,
    "num_samples": 7200,
    "samples_per_class": 1800,
    "train_samples": 6480,
    "val_samples": 720,
    "test_samples": 4000
  },
  "seed": 31380194,
  "timestamp": "2026-01-17T22:59:03.824032",
  "training_dynamics": {
    "epochs_trained": 16,
    "best_epoch": 6,
    "best_val_accuracy": 0.9416666666666667,
    "final_train_loss": 0.015842947055752316,
    "final_val_loss": 0.4156234343846639,
    "training_time_seconds": 4.931976795196533
  },
  "training_history": {
    "train_loss": [
      0.4039733119893308,
      0.22644623325151556,
      0.17558496985949723,
      0.15019108117649368,
      0.11442472966497436,
      0.10623370967440161,
      0.08026098042233464,
      0.07139571064023995,
      0.051100190395635424,
      0.04574311016510953,
      0.05223334077791329,
      0.0357487031085161,
      0.031024508554871905,
      0.022545478904765902,
      0.01563785667302927,
      0.015842947055752316
    ],
    "val_loss": [
      0.24567983945210775,
      0.22120666752258936,
      0.2185974892642763,
      0.19970897088448206,
      0.20199128654268053,
      0.17859887580076853,
      0.21232152349419064,
      0.2312602761718962,
      0.2209604925579495,
      0.3244498332341512,
      0.2570581807030572,
      0.2834750963581933,
      0.2391959860920906,
      0.2430557840400272,
      0.29359819864233333,
      0.4156234343846639
    ],
    "val_accuracy": [
      0.9125,
      0.9222222222222223,
      0.9194444444444444,
      0.9305555555555556,
      0.9319444444444445,
      0.9416666666666667,
      0.9305555555555556,
      0.9291666666666667,
      0.9319444444444445,
      0.9069444444444444,
      0.9291666666666667,
      0.9291666666666667,
      0.9375,
      0.9388888888888889,
      0.9375,
      0.9055555555555556
    ]
  },
  "global_metrics": {
    "accuracy": 0.9385,
    "balanced_accuracy": 0.9385,
    "top_3_accuracy": 0.998,
    "top_5_accuracy": 1.0,
    "log_loss": 0.1620098038811982,
    "mcc": 0.9180622008212298,
    "cohens_kappa": 0.918,
    "precision_macro": 0.9392958672699535,
    "precision_micro": 0.9385,
    "precision_weighted": 0.9392958672699535,
    "recall_macro": 0.9385,
    "recall_micro": 0.9385,
    "recall_weighted": 0.9385,
    "f1_macro": 0.9388037618293129,
    "f1_micro": 0.9385,
    "f1_weighted": 0.9388037618293129,
    "auroc_macro": 0.9934147499999999,
    "auroc_weighted": 0.9934147499999999,
    "auprc_macro": 0.9822523136818515
  },
  "per_class_metrics": {
    "0": {
      "precision": 0.9722507708119219,
      "recall": 0.946,
      "f1": 0.9589457678661937,
      "specificity": 0.991,
      "fpr": 0.009,
      "fnr": 0.054,
      "auroc": 0.9972843333333333,
      "auprc": 0.9924000732647585,
      "support": 1000,
      "tp": 946,
      "tn": 2973,
      "fp": 27,
      "fn": 54
    },
    "1": {
      "precision": 0.9929435483870968,
      "recall": 0.985,
      "f1": 0.9889558232931727,
      "specificity": 0.9976666666666667,
      "fpr": 0.0023333333333333335,
      "fnr": 0.015,
      "auroc": 0.9999053333333333,
      "auprc": 0.9997216087409018,
      "support": 1000,
      "tp": 985,
      "tn": 2993,
      "fp": 7,
      "fn": 15
    },
    "2": {
      "precision": 0.8793774319066148,
      "recall": 0.904,
      "f1": 0.8915187376725839,
      "specificity": 0.9586666666666667,
      "fpr": 0.04133333333333333,
      "fnr": 0.096,
      "auroc": 0.9851686666666666,
      "auprc": 0.9635581206831928,
      "support": 1000,
      "tp": 904,
      "tn": 2876,
      "fp": 124,
      "fn": 96
    },
    "3": {
      "precision": 0.9126117179741807,
      "recall": 0.919,
      "f1": 0.9157947184853015,
      "specificity": 0.9706666666666667,
      "fpr": 0.029333333333333333,
      "fnr": 0.081,
      "auroc": 0.9913006666666666,
      "auprc": 0.9733294520385528,
      "support": 1000,
      "tp": 919,
      "tn": 2912,
      "fp": 88,
      "fn": 81
    }
  },
  "confusion_matrix": [
    [
      946,
      4,
      42,
      8
    ],
    [
      5,
      985,
      4,
      6
    ],
    [
      20,
      2,
      904,
      74
    ],
    [
      2,
      1,
      78,
      919
    ]
  ]
}