{
  "experiment": "exp3",
  "condition": {
    "num_classes": 7,
    "class_list": [
      1,
      2,
      3,
      5,
      6,
      8,
      9
    ],
    "class_names": [
      "Trouser",
      "Pullover",
      "Dress",
      "Sandal",
      "Shirt",
      "Bag",
      "Ankle boot"
    ],
    "combo_idx": 3,
    "subset_pct": 60,
    "num_samples": 25200,
    "samples_per_class": 3600,
    "train_samples": 22680,
    "val_samples": 2520,
    "test_samples": 7000
  },
  "seed": 31380194,
  "timestamp": "2026-01-17T23:41:39.256614",
  "training_dynamics": {
    "epochs_trained": 17,
    "best_epoch": 7,
    "best_val_accuracy": 0.9626984126984127,
    "final_train_loss": 0.02840637721057365,
    "final_val_loss": 0.1334512057758513,
    "training_time_seconds": 18.764389991760254
  },
  "training_history": {
    "train_loss": [
      0.2971659950807061,
      0.17151790005220494,
      0.13755725642115296,
      0.11970469528468142,
      0.09803492949724617,
      0.08735912191143758,
      0.07362009860627668,
      0.06281457084401602,
      0.0575205960875036,
      0.048750724203714076,
      0.04435539578979599,
      0.042820234257321226,
      0.03708871761714043,
      0.03645428997025051,
      0.02975963627686724,
      0.027404165668019526,
      0.02840637721057365
    ],
    "val_loss": [
      0.18739085419783516,
      0.12009092325729037,
      0.14960124350729442,
      0.10939808173312081,
      0.12116671164357473,
      0.16488716379990653,
      0.10145028122360744,
      0.11872611199579541,
      0.1129342372928347,
      0.14264971864601922,
      0.12879147416069395,
      0.12498043546127895,
      0.15351741744412317,
      0.13784553435823274,
      0.14282407230801053,
      0.15210601985454558,
      0.1334512057758513
    ],
    "val_accuracy": [
      0.932936507936508,
      0.9567460317460318,
      0.942063492063492,
      0.959920634920635,
      0.9571428571428572,
      0.9444444444444444,
      0.9626984126984127,
      0.959920634920635,
      0.9626984126984127,
      0.9531746031746032,
      0.9611111111111111,
      0.9619047619047619,
      0.9571428571428572,
      0.957936507936508,
      0.959920634920635,
      0.9575396825396826,
      0.9607142857142857
    ]
  },
  "global_metrics": {
    "accuracy": 0.9531428571428572,
    "balanced_accuracy": 0.9531428571428571,
    "top_3_accuracy": 0.9985714285714286,
    "top_5_accuracy": 1.0,
    "log_loss": 0.14458497530690778,
    "mcc": 0.9453890904246233,
    "cohens_kappa": 0.9453333333333334,
    "precision_macro": 0.9535256213206217,
    "precision_micro": 0.9531428571428572,
    "precision_weighted": 0.9535256213206216,
    "recall_macro": 0.9531428571428571,
    "recall_micro": 0.9531428571428572,
    "recall_weighted": 0.9531428571428572,
    "f1_macro": 0.9531685782012965,
    "f1_micro": 0.9531428571428572,
    "f1_weighted": 0.9531685782012965,
    "auroc_macro": 0.9972750357142857,
    "auroc_weighted": 0.9972750357142858,
    "auprc_macro": 0.9858797799648277
  },
  "per_class_metrics": {
    "0": {
      "precision": 0.9959100204498977,
      "recall": 0.974,
      "f1": 0.9848331648129423,
      "specificity": 0.9993333333333333,
      "fpr": 0.0006666666666666666,
      "fnr": 0.026,
      "auroc": 0.9998231666666666,
      "auprc": 0.9991285970124018,
      "support": 1000,
      "tp": 974,
      "tn": 5996,
      "fp": 4,
      "fn": 26
    },
    "1": {
      "precision": 0.9327731092436975,
      "recall": 0.888,
      "f1": 0.9098360655737705,
      "specificity": 0.9893333333333333,
      "fpr": 0.010666666666666666,
      "fnr": 0.112,
      "auroc": 0.9940535,
      "auprc": 0.970059346790048,
      "support": 1000,
      "tp": 888,
      "tn": 5936,
      "fp": 64,
      "fn": 112
    },
    "2": {
      "precision": 0.9183477425552353,
      "recall": 0.956,
      "f1": 0.9367956883880451,
      "specificity": 0.9858333333333333,
      "fpr": 0.014166666666666666,
      "fnr": 0.044,
      "auroc": 0.997669,
      "auprc": 0.9859534292528492,
      "support": 1000,
      "tp": 956,
      "tn": 5915,
      "fp": 85,
      "fn": 44
    },
    "3": {
      "precision": 0.9861386138613861,
      "recall": 0.996,
      "f1": 0.991044776119403,
      "specificity": 0.9976666666666667,
      "fpr": 0.0023333333333333335,
      "fnr": 0.004,
      "auroc": 0.99988275,
      "auprc": 0.9991799138516602,
      "support": 1000,
      "tp": 996,
      "tn": 5986,
      "fp": 14,
      "fn": 4
    },
    "4": {
      "precision": 0.8664047151277013,
      "recall": 0.882,
      "f1": 0.8741328047571854,
      "specificity": 0.9773333333333334,
      "fpr": 0.02266666666666667,
      "fnr": 0.118,
      "auroc": 0.9899913333333333,
      "auprc": 0.9491590265052399,
      "support": 1000,
      "tp": 882,
      "tn": 5864,
      "fp": 136,
      "fn": 118
    },
    "5": {
      "precision": 0.9791252485089463,
      "recall": 0.985,
      "f1": 0.9820538384845463,
      "specificity": 0.9965,
      "fpr": 0.0035,
      "fnr": 0.015,
      "auroc": 0.9997478333333334,
      "auprc": 0.998578482442171,
      "support": 1000,
      "tp": 985,
      "tn": 5979,
      "fp": 21,
      "fn": 15
    },
    "6": {
      "precision": 0.9959798994974874,
      "recall": 0.991,
      "f1": 0.993483709273183,
      "specificity": 0.9993333333333333,
      "fpr": 0.0006666666666666666,
      "fnr": 0.009,
      "auroc": 0.9997576666666667,
      "auprc": 0.9990996638994243,
      "support": 1000,
      "tp": 991,
      "tn": 5996,
      "fp": 4,
      "fn": 9
    }
  },
  "confusion_matrix": [
    [
      974,
      0,
      21,
      0,
      1,
      4,
      0
    ],
    [
      1,
      888,
      12,
      0,
      98,
      1,
      0
    ],
    [
      1,
      7,
      956,
      0,
      34,
      2,
      0
    ],
    [
      0,
      0,
      0,
      996,
      0,
      0,
      4
    ],
    [
      2,
      55,
      47,
      0,
      882,
      14,
      0
    ],
    [
      0,
      1,
      5,
      6,
      3,
      985,
      0
    ],
    [
      0,
      1,
      0,
      8,
      0,
      0,
      991
    ]
  ]
}