{
  "experiment": "exp3",
  "condition": {
    "num_classes": 7,
    "class_list": [
      0,
      1,
      2,
      3,
      5,
      7,
      8
    ],
    "class_names": [
      "T-shirt/top",
      "Trouser",
      "Pullover",
      "Dress",
      "Sandal",
      "Sneaker",
      "Bag"
    ],
    "combo_idx": 1,
    "subset_pct": 90,
    "num_samples": 37800,
    "samples_per_class": 5400,
    "train_samples": 34020,
    "val_samples": 3780,
    "test_samples": 7000
  },
  "seed": 31380194,
  "timestamp": "2026-01-17T23:36:57.351492",
  "training_dynamics": {
    "epochs_trained": 16,
    "best_epoch": 6,
    "best_val_accuracy": 0.9783068783068783,
    "final_train_loss": 0.021719261384867804,
    "final_val_loss": 0.1111478907134995,
    "training_time_seconds": 27.49436378479004
  },
  "training_history": {
    "train_loss": [
      0.22102450677438787,
      0.11520981608847983,
      0.09254659428541318,
      0.07645521988073378,
      0.06394230586711205,
      0.0552715227371992,
      0.04837780450256296,
      0.042774566806129816,
      0.039587500243433715,
      0.034435067413798426,
      0.033125643236444444,
      0.029160085423441194,
      0.02676519679483963,
      0.022739519906561572,
      0.02240108433865576,
      0.021719261384867804
    ],
    "val_loss": [
      0.1256762126411395,
      0.10681451170720042,
      0.10858145913296434,
      0.07821993343384256,
      0.09290628335463307,
      0.07307193632873278,
      0.07876218962298322,
      0.07589923255046997,
      0.08653096057789982,
      0.08555632376641148,
      0.09836545949118093,
      0.09695170067211308,
      0.09161716091826007,
      0.08572006791473734,
      0.09994829993438784,
      0.1111478907134995
    ],
    "val_accuracy": [
      0.9582010582010582,
      0.967989417989418,
      0.9664021164021164,
      0.9732804232804233,
      0.9695767195767195,
      0.9764550264550265,
      0.9753968253968254,
      0.9783068783068783,
      0.9732804232804233,
      0.9756613756613757,
      0.9735449735449735,
      0.9735449735449735,
      0.9746031746031746,
      0.9761904761904762,
      0.9703703703703703,
      0.9738095238095238
    ]
  },
  "global_metrics": {
    "accuracy": 0.9725714285714285,
    "balanced_accuracy": 0.9725714285714285,
    "top_3_accuracy": 0.9985714285714286,
    "top_5_accuracy": 1.0,
    "log_loss": 0.08633784361944422,
    "mcc": 0.9680063151094169,
    "cohens_kappa": 0.968,
    "precision_macro": 0.972612083413841,
    "precision_micro": 0.9725714285714285,
    "precision_weighted": 0.9726120834138409,
    "recall_macro": 0.9725714285714285,
    "recall_micro": 0.9725714285714285,
    "recall_weighted": 0.9725714285714285,
    "f1_macro": 0.9725727779697465,
    "f1_micro": 0.9725714285714285,
    "f1_weighted": 0.9725727779697466,
    "auroc_macro": 0.9988906309523811,
    "auroc_weighted": 0.9988906309523811,
    "auprc_macro": 0.9944208659596939
  },
  "per_class_metrics": {
    "0": {
      "precision": 0.9384309831181727,
      "recall": 0.945,
      "f1": 0.9417040358744393,
      "specificity": 0.9896666666666667,
      "fpr": 0.010333333333333333,
      "fnr": 0.055,
      "auroc": 0.9969725,
      "auprc": 0.9849214182316189,
      "support": 1000,
      "tp": 945,
      "tn": 5938,
      "fp": 62,
      "fn": 55
    },
    "1": {
      "precision": 0.991,
      "recall": 0.991,
      "f1": 0.991,
      "specificity": 0.9985,
      "fpr": 0.0015,
      "fnr": 0.009,
      "auroc": 0.9998545,
      "auprc": 0.9992784926499275,
      "support": 1000,
      "tp": 991,
      "tn": 5991,
      "fp": 9,
      "fn": 9
    },
    "2": {
      "precision": 0.9582504970178927,
      "recall": 0.964,
      "f1": 0.9611166500498505,
      "specificity": 0.993,
      "fpr": 0.007,
      "fnr": 0.036,
      "auroc": 0.9978443333333333,
      "auprc": 0.9919062245339361,
      "support": 1000,
      "tp": 964,
      "tn": 5958,
      "fp": 42,
      "fn": 36
    },
    "3": {
      "precision": 0.9574468085106383,
      "recall": 0.945,
      "f1": 0.9511826874685456,
      "specificity": 0.993,
      "fpr": 0.007,
      "fnr": 0.055,
      "auroc": 0.9980285833333334,
      "auprc": 0.9874175442595371,
      "support": 1000,
      "tp": 945,
      "tn": 5958,
      "fp": 42,
      "fn": 55
    },
    "4": {
      "precision": 0.980276134122288,
      "recall": 0.994,
      "f1": 0.9870903674280039,
      "specificity": 0.9966666666666667,
      "fpr": 0.0033333333333333335,
      "fnr": 0.006,
      "auroc": 0.999894,
      "auprc": 0.9993677092492667,
      "support": 1000,
      "tp": 994,
      "tn": 5980,
      "fp": 20,
      "fn": 6
    },
    "5": {
      "precision": 0.9909365558912386,
      "recall": 0.984,
      "f1": 0.9874560963371801,
      "specificity": 0.9985,
      "fpr": 0.0015,
      "fnr": 0.016,
      "auroc": 0.9998859999999999,
      "auprc": 0.9993396059265807,
      "support": 1000,
      "tp": 984,
      "tn": 5991,
      "fp": 9,
      "fn": 16
    },
    "6": {
      "precision": 0.9919436052366566,
      "recall": 0.985,
      "f1": 0.9884596086302057,
      "specificity": 0.9986666666666667,
      "fpr": 0.0013333333333333333,
      "fnr": 0.015,
      "auroc": 0.9997545,
      "auprc": 0.9987150668669899,
      "support": 1000,
      "tp": 985,
      "tn": 5992,
      "fp": 8,
      "fn": 15
    }
  },
  "confusion_matrix": [
    [
      945,
      0,
      26,
      24,
      1,
      0,
      4
    ],
    [
      2,
      991,
      1,
      5,
      0,
      0,
      1
    ],
    [
      23,
      1,
      964,
      11,
      0,
      0,
      1
    ],
    [
      34,
      7,
      12,
      945,
      0,
      0,
      2
    ],
    [
      0,
      0,
      0,
      0,
      994,
      6,
      0
    ],
    [
      0,
      0,
      0,
      0,
      16,
      984,
      0
    ],
    [
      3,
      1,
      3,
      2,
      3,
      3,
      985
    ]
  ]
}