{
  "experiment": "exp3",
  "condition": {
    "num_classes": 4,
    "class_list": [
      1,
      4,
      5,
      9
    ],
    "class_names": [
      "Trouser",
      "Coat",
      "Sandal",
      "Ankle boot"
    ],
    "combo_idx": 2,
    "subset_pct": 20,
    "num_samples": 4800,
    "samples_per_class": 1200,
    "train_samples": 4320,
    "val_samples": 480,
    "test_samples": 4000
  },
  "seed": 31380194,
  "timestamp": "2026-01-17T23:02:57.549445",
  "training_dynamics": {
    "epochs_trained": 14,
    "best_epoch": 4,
    "best_val_accuracy": 0.99375,
    "final_train_loss": 0.0008944003337239123,
    "final_val_loss": 0.07927869705784664,
    "training_time_seconds": 3.0560715198516846
  },
  "training_history": {
    "train_loss": [
      0.14019239358330035,
      0.04303137890939765,
      0.0234984791604802,
      0.028311645760207765,
      0.012308192969238222,
      0.012418576082863557,
      0.005607915102754144,
      0.0075385446839123585,
      0.0049420421362489884,
      0.0055388420340237,
      0.010852446129480513,
      0.004970005401326168,
      0.005368739634350812,
      0.0008944003337239123
    ],
    "val_loss": [
      0.03421651795506477,
      0.030438371124910192,
      0.0663166752201505,
      0.019313940914192546,
      0.0443172929881257,
      0.031066139158792794,
      0.07070461430033295,
      0.03823678629454055,
      0.03570926961904964,
      0.032685636385940596,
      0.04126207218411461,
      0.04684015363018261,
      0.04743674203411198,
      0.07927869705784664
    ],
    "val_accuracy": [
      0.9854166666666667,
      0.99375,
      0.975,
      0.99375,
      0.9854166666666667,
      0.9916666666666667,
      0.9854166666666667,
      0.98125,
      0.9875,
      0.9895833333333334,
      0.9916666666666667,
      0.9895833333333334,
      0.9875,
      0.9854166666666667
    ]
  },
  "global_metrics": {
    "accuracy": 0.991,
    "balanced_accuracy": 0.991,
    "top_3_accuracy": 1.0,
    "top_5_accuracy": 1.0,
    "log_loss": 0.03014782887832734,
    "mcc": 0.9880161377287087,
    "cohens_kappa": 0.988,
    "precision_macro": 0.9910492768121528,
    "precision_micro": 0.991,
    "precision_weighted": 0.9910492768121528,
    "recall_macro": 0.991,
    "recall_micro": 0.991,
    "recall_weighted": 0.991,
    "f1_macro": 0.9910004690437341,
    "f1_micro": 0.991,
    "f1_weighted": 0.9910004690437342,
    "auroc_macro": 0.9997950833333333,
    "auroc_weighted": 0.9997950833333333,
    "auprc_macro": 0.9994174260699726
  },
  "per_class_metrics": {
    "0": {
      "precision": 0.9979879275653923,
      "recall": 0.992,
      "f1": 0.9949849548645938,
      "specificity": 0.9993333333333333,
      "fpr": 0.0006666666666666666,
      "fnr": 0.008,
      "auroc": 0.9999516666666667,
      "auprc": 0.9998600558369312,
      "support": 1000,
      "tp": 992,
      "tn": 2998,
      "fp": 2,
      "fn": 8
    },
    "1": {
      "precision": 0.9920318725099602,
      "recall": 0.996,
      "f1": 0.9940119760479043,
      "specificity": 0.9973333333333333,
      "fpr": 0.0026666666666666666,
      "fnr": 0.004,
      "auroc": 0.9999263333333334,
      "auprc": 0.9997758842402309,
      "support": 1000,
      "tp": 996,
      "tn": 2992,
      "fp": 8,
      "fn": 4
    },
    "2": {
      "precision": 0.992914979757085,
      "recall": 0.981,
      "f1": 0.9869215291750503,
      "specificity": 0.9976666666666667,
      "fpr": 0.0023333333333333335,
      "fnr": 0.019,
      "auroc": 0.99964,
      "auprc": 0.9989368106062373,
      "support": 1000,
      "tp": 981,
      "tn": 2993,
      "fp": 7,
      "fn": 19
    },
    "3": {
      "precision": 0.9812623274161736,
      "recall": 0.995,
      "f1": 0.9880834160873884,
      "specificity": 0.9936666666666667,
      "fpr": 0.006333333333333333,
      "fnr": 0.005,
      "auroc": 0.9996623333333333,
      "auprc": 0.9990969535964915,
      "support": 1000,
      "tp": 995,
      "tn": 2981,
      "fp": 19,
      "fn": 5
    }
  },
  "confusion_matrix": [
    [
      992,
      8,
      0,
      0
    ],
    [
      2,
      996,
      2,
      0
    ],
    [
      0,
      0,
      981,
      19
    ],
    [
      0,
      0,
      5,
      995
    ]
  ]
}