{
  "experiment": "exp3",
  "condition": {
    "num_classes": 8,
    "class_list": [
      0,
      1,
      3,
      4,
      5,
      7,
      8,
      9
    ],
    "class_names": [
      "T-shirt/top",
      "Trouser",
      "Dress",
      "Coat",
      "Sandal",
      "Sneaker",
      "Bag",
      "Ankle boot"
    ],
    "combo_idx": 2,
    "subset_pct": 10,
    "num_samples": 4800,
    "samples_per_class": 600,
    "train_samples": 4320,
    "val_samples": 480,
    "test_samples": 8000
  },
  "seed": 31380194,
  "timestamp": "2026-01-17T23:52:27.926087",
  "training_dynamics": {
    "epochs_trained": 22,
    "best_epoch": 12,
    "best_val_accuracy": 0.9666666666666667,
    "final_train_loss": 0.008833522473437102,
    "final_val_loss": 0.24285344779491425,
    "training_time_seconds": 4.939459562301636
  },
  "training_history": {
    "train_loss": [
      0.5194978126708198,
      0.24075834968072526,
      0.18752883161034653,
      0.1252862132866593,
      0.11346526180996615,
      0.08547252375522957,
      0.07833578752572923,
      0.07114425483022761,
      0.046804675688583625,
      0.03507426079116104,
      0.044027903346646136,
      0.03004802338546142,
      0.012036440899143653,
      0.02010437921682537,
      0.022630831998814008,
      0.019847788497024926,
      0.014372260449282989,
      0.010228298398193574,
      0.010785226948107319,
      0.025968941192010844,
      0.015587181049768868,
      0.008833522473437102
    ],
    "val_loss": [
      0.2494551251331965,
      0.2119604597489039,
      0.15443647354841233,
      0.16262112359205882,
      0.21581426958243052,
      0.1586250990629196,
      0.138663320740064,
      0.22157306919495265,
      0.13202675084273022,
      0.10145681649446488,
      0.1748014618953069,
      0.1003305397927761,
      0.11366173028945922,
      0.16249142040808995,
      0.10341607431570689,
      0.1362502140303453,
      0.16848332037528355,
      0.1441758503516515,
      0.16150826215744019,
      0.16735891550779342,
      0.2022467662890752,
      0.24285344779491425
    ],
    "val_accuracy": [
      0.9166666666666666,
      0.9354166666666667,
      0.93125,
      0.9395833333333333,
      0.925,
      0.9354166666666667,
      0.9583333333333334,
      0.9208333333333333,
      0.9625,
      0.95625,
      0.9458333333333333,
      0.9666666666666667,
      0.9541666666666667,
      0.9479166666666666,
      0.9666666666666667,
      0.9625,
      0.9458333333333333,
      0.9625,
      0.9479166666666666,
      0.9541666666666667,
      0.9520833333333333,
      0.9416666666666667
    ]
  },
  "global_metrics": {
    "accuracy": 0.95075,
    "balanced_accuracy": 0.95075,
    "top_3_accuracy": 0.9965,
    "top_5_accuracy": 0.999375,
    "log_loss": 0.18393178383593348,
    "mcc": 0.9437436770464717,
    "cohens_kappa": 0.9437142857142857,
    "precision_macro": 0.9510140774740852,
    "precision_micro": 0.95075,
    "precision_weighted": 0.9510140774740852,
    "recall_macro": 0.95075,
    "recall_micro": 0.95075,
    "recall_weighted": 0.95075,
    "f1_macro": 0.950781974671181,
    "f1_micro": 0.95075,
    "f1_weighted": 0.950781974671181,
    "auroc_macro": 0.9977203482142858,
    "auroc_weighted": 0.9977203482142858,
    "auprc_macro": 0.9873541644050314
  },
  "per_class_metrics": {
    "0": {
      "precision": 0.9121298949379179,
      "recall": 0.955,
      "f1": 0.9330727894479727,
      "specificity": 0.9868571428571429,
      "fpr": 0.013142857142857144,
      "fnr": 0.045,
      "auroc": 0.9962462142857142,
      "auprc": 0.9827066713218527,
      "support": 1000,
      "tp": 955,
      "tn": 6908,
      "fp": 92,
      "fn": 45
    },
    "1": {
      "precision": 0.9847405900305188,
      "recall": 0.968,
      "f1": 0.9762985375693394,
      "specificity": 0.9978571428571429,
      "fpr": 0.002142857142857143,
      "fnr": 0.032,
      "auroc": 0.9993804285714286,
      "auprc": 0.9970369183059877,
      "support": 1000,
      "tp": 968,
      "tn": 6985,
      "fp": 15,
      "fn": 32
    },
    "2": {
      "precision": 0.906060606060606,
      "recall": 0.897,
      "f1": 0.9015075376884422,
      "specificity": 0.9867142857142858,
      "fpr": 0.013285714285714286,
      "fnr": 0.103,
      "auroc": 0.9942557142857142,
      "auprc": 0.9620726066495534,
      "support": 1000,
      "tp": 897,
      "tn": 6907,
      "fp": 93,
      "fn": 103
    },
    "3": {
      "precision": 0.9542217700915565,
      "recall": 0.938,
      "f1": 0.946041351487645,
      "specificity": 0.9935714285714285,
      "fpr": 0.0064285714285714285,
      "fnr": 0.062,
      "auroc": 0.9976285714285714,
      "auprc": 0.9887441607101712,
      "support": 1000,
      "tp": 938,
      "tn": 6955,
      "fp": 45,
      "fn": 62
    },
    "4": {
      "precision": 0.9616519174041298,
      "recall": 0.978,
      "f1": 0.9697570649479424,
      "specificity": 0.9944285714285714,
      "fpr": 0.005571428571428572,
      "fnr": 0.022,
      "auroc": 0.9993597857142857,
      "auprc": 0.9950334368848603,
      "support": 1000,
      "tp": 978,
      "tn": 6961,
      "fp": 39,
      "fn": 22
    },
    "5": {
      "precision": 0.9503042596348884,
      "recall": 0.937,
      "f1": 0.9436052366565961,
      "specificity": 0.993,
      "fpr": 0.007,
      "fnr": 0.063,
      "auroc": 0.9978585714285714,
      "auprc": 0.9870157412259373,
      "support": 1000,
      "tp": 937,
      "tn": 6951,
      "fp": 49,
      "fn": 63
    },
    "6": {
      "precision": 0.9828282828282828,
      "recall": 0.973,
      "f1": 0.9778894472361808,
      "specificity": 0.9975714285714286,
      "fpr": 0.0024285714285714284,
      "fnr": 0.027,
      "auroc": 0.9989194285714285,
      "auprc": 0.9957920878415576,
      "support": 1000,
      "tp": 973,
      "tn": 6983,
      "fp": 17,
      "fn": 27
    },
    "7": {
      "precision": 0.9561752988047809,
      "recall": 0.96,
      "f1": 0.9580838323353293,
      "specificity": 0.9937142857142857,
      "fpr": 0.006285714285714286,
      "fnr": 0.04,
      "auroc": 0.9981140714285716,
      "auprc": 0.9904316923003305,
      "support": 1000,
      "tp": 960,
      "tn": 6956,
      "fp": 44,
      "fn": 40
    }
  },
  "confusion_matrix": [
    [
      955,
      3,
      22,
      9,
      1,
      0,
      10,
      0
    ],
    [
      7,
      968,
      19,
      4,
      0,
      0,
      2,
      0
    ],
    [
      65,
      9,
      897,
      28,
      0,
      0,
      1,
      0
    ],
    [
      10,
      3,
      46,
      938,
      0,
      0,
      3,
      0
    ],
    [
      1,
      0,
      0,
      0,
      978,
      13,
      0,
      8
    ],
    [
      0,
      0,
      0,
      0,
      29,
      937,
      0,
      34
    ],
    [
      9,
      0,
      6,
      4,
      5,
      1,
      973,
      2
    ],
    [
      0,
      0,
      0,
      0,
      4,
      35,
      1,
      960
    ]
  ]
}