{
  "experiment": "exp3",
  "condition": {
    "num_classes": 8,
    "class_list": [
      0,
      1,
      3,
      4,
      5,
      6,
      7,
      8
    ],
    "class_names": [
      "T-shirt/top",
      "Trouser",
      "Dress",
      "Coat",
      "Sandal",
      "Shirt",
      "Sneaker",
      "Bag"
    ],
    "combo_idx": 1,
    "subset_pct": 30,
    "num_samples": 14400,
    "samples_per_class": 1800,
    "train_samples": 12960,
    "val_samples": 1440,
    "test_samples": 8000
  },
  "seed": 31380194,
  "timestamp": "2026-01-17T23:49:33.610547",
  "training_dynamics": {
    "epochs_trained": 19,
    "best_epoch": 9,
    "best_val_accuracy": 0.9298611111111111,
    "final_train_loss": 0.029342777377884523,
    "final_val_loss": 0.34170082575745053,
    "training_time_seconds": 11.539771556854248
  },
  "training_history": {
    "train_loss": [
      0.5276392671128212,
      0.32092324046078574,
      0.26203927599590987,
      0.22958477755338688,
      0.19697876373682116,
      0.1632408249591078,
      0.14268093747018007,
      0.1231961923701863,
      0.11027607288707066,
      0.10031012981542813,
      0.08468155615637309,
      0.06814955492169032,
      0.05714756665921086,
      0.06333200375232938,
      0.049152163517996304,
      0.0374900743865931,
      0.04769307620114569,
      0.03607586141689474,
      0.029342777377884523
    ],
    "val_loss": [
      0.3078110410107507,
      0.26825340853797064,
      0.2550292008452945,
      0.2219350884358088,
      0.2381227907207277,
      0.24492171108722688,
      0.26833137803607515,
      0.21951266030470531,
      0.19680716511276033,
      0.24203461938434176,
      0.2527258124616411,
      0.29835329155127205,
      0.30515216489632924,
      0.2660033706161711,
      0.31181725958983103,
      0.35663484070036144,
      0.28456308080090414,
      0.3390141839782397,
      0.34170082575745053
    ],
    "val_accuracy": [
      0.8888888888888888,
      0.8958333333333334,
      0.9048611111111111,
      0.9229166666666667,
      0.9111111111111111,
      0.9131944444444444,
      0.8986111111111111,
      0.9236111111111112,
      0.9298611111111111,
      0.9166666666666666,
      0.9194444444444444,
      0.9180555555555555,
      0.9131944444444444,
      0.9159722222222222,
      0.9236111111111112,
      0.9243055555555556,
      0.9173611111111111,
      0.9125,
      0.9083333333333333
    ]
  },
  "global_metrics": {
    "accuracy": 0.91575,
    "balanced_accuracy": 0.9157500000000001,
    "top_3_accuracy": 0.994125,
    "top_5_accuracy": 0.998875,
    "log_loss": 0.24069886088652037,
    "mcc": 0.9037985365761773,
    "cohens_kappa": 0.9037142857142857,
    "precision_macro": 0.9147551783048998,
    "precision_micro": 0.91575,
    "precision_weighted": 0.9147551783048998,
    "recall_macro": 0.9157500000000001,
    "recall_micro": 0.91575,
    "recall_weighted": 0.91575,
    "f1_macro": 0.9149789801633985,
    "f1_micro": 0.91575,
    "f1_weighted": 0.9149789801633985,
    "auroc_macro": 0.9936364732142857,
    "auroc_weighted": 0.9936364732142856,
    "auprc_macro": 0.9646858098924993
  },
  "per_class_metrics": {
    "0": {
      "precision": 0.8514056224899599,
      "recall": 0.848,
      "f1": 0.8496993987975953,
      "specificity": 0.9788571428571429,
      "fpr": 0.021142857142857144,
      "fnr": 0.152,
      "auroc": 0.9896845714285714,
      "auprc": 0.9372044230679776,
      "support": 1000,
      "tp": 848,
      "tn": 6852,
      "fp": 148,
      "fn": 152
    },
    "1": {
      "precision": 0.9782178217821782,
      "recall": 0.988,
      "f1": 0.9830845771144278,
      "specificity": 0.9968571428571429,
      "fpr": 0.003142857142857143,
      "fnr": 0.012,
      "auroc": 0.9994245714285714,
      "auprc": 0.998080166821163,
      "support": 1000,
      "tp": 988,
      "tn": 6978,
      "fp": 22,
      "fn": 12
    },
    "2": {
      "precision": 0.8767638758231421,
      "recall": 0.932,
      "f1": 0.9035385361124576,
      "specificity": 0.9812857142857143,
      "fpr": 0.018714285714285715,
      "fnr": 0.068,
      "auroc": 0.9946025,
      "auprc": 0.962609561862274,
      "support": 1000,
      "tp": 932,
      "tn": 6869,
      "fp": 131,
      "fn": 68
    },
    "3": {
      "precision": 0.8838133068520357,
      "recall": 0.89,
      "f1": 0.8868958644743398,
      "specificity": 0.9832857142857143,
      "fpr": 0.016714285714285713,
      "fnr": 0.11,
      "auroc": 0.9930748571428571,
      "auprc": 0.9599685794770257,
      "support": 1000,
      "tp": 890,
      "tn": 6883,
      "fp": 117,
      "fn": 110
    },
    "4": {
      "precision": 0.9790419161676647,
      "recall": 0.981,
      "f1": 0.98001998001998,
      "specificity": 0.997,
      "fpr": 0.003,
      "fnr": 0.019,
      "auroc": 0.9996731428571428,
      "auprc": 0.997968446505751,
      "support": 1000,
      "tp": 981,
      "tn": 6979,
      "fp": 21,
      "fn": 19
    },
    "5": {
      "precision": 0.7947882736156352,
      "recall": 0.732,
      "f1": 0.7621030713170223,
      "specificity": 0.973,
      "fpr": 0.027,
      "fnr": 0.268,
      "auroc": 0.9742242857142857,
      "auprc": 0.8688246236111896,
      "support": 1000,
      "tp": 732,
      "tn": 6811,
      "fp": 189,
      "fn": 268
    },
    "6": {
      "precision": 0.9781312127236581,
      "recall": 0.984,
      "f1": 0.9810568295114657,
      "specificity": 0.9968571428571429,
      "fpr": 0.003142857142857143,
      "fnr": 0.016,
      "auroc": 0.999749,
      "auprc": 0.9982574131583569,
      "support": 1000,
      "tp": 984,
      "tn": 6978,
      "fp": 22,
      "fn": 16
    },
    "7": {
      "precision": 0.9758793969849247,
      "recall": 0.971,
      "f1": 0.9734335839598998,
      "specificity": 0.9965714285714286,
      "fpr": 0.0034285714285714284,
      "fnr": 0.029,
      "auroc": 0.9986588571428572,
      "auprc": 0.9945732646362571,
      "support": 1000,
      "tp": 971,
      "tn": 6976,
      "fp": 24,
      "fn": 29
    }
  },
  "confusion_matrix": [
    [
      848,
      1,
      35,
      4,
      1,
      105,
      0,
      6
    ],
    [
      0,
      988,
      8,
      2,
      0,
      0,
      0,
      2
    ],
    [
      14,
      11,
      932,
      17,
      0,
      25,
      0,
      1
    ],
    [
      1,
      2,
      46,
      890,
      0,
      58,
      0,
      3
    ],
    [
      0,
      0,
      1,
      0,
      981,
      0,
      18,
      0
    ],
    [
      123,
      4,
      38,
      91,
      0,
      732,
      0,
      12
    ],
    [
      0,
      0,
      0,
      0,
      16,
      0,
      984,
      0
    ],
    [
      10,
      4,
      3,
      3,
      4,
      1,
      4,
      971
    ]
  ]
}