{
  "experiment": "exp3",
  "condition": {
    "num_classes": 10,
    "class_list": [
      0,
      1,
      2,
      3,
      4,
      5,
      6,
      7,
      8,
      9
    ],
    "class_names": [
      "T-shirt/top",
      "Trouser",
      "Pullover",
      "Dress",
      "Coat",
      "Sandal",
      "Shirt",
      "Sneaker",
      "Bag",
      "Ankle boot"
    ],
    "combo_idx": 0,
    "subset_pct": 20,
    "num_samples": 12000,
    "samples_per_class": 1200,
    "train_samples": 10800,
    "val_samples": 1200,
    "test_samples": 10000
  },
  "seed": 31380194,
  "timestamp": "2026-01-18T00:21:46.390772",
  "training_dynamics": {
    "epochs_trained": 19,
    "best_epoch": 9,
    "best_val_accuracy": 0.9058333333333334,
    "final_train_loss": 0.05294312496763274,
    "final_val_loss": 0.42491334994633995,
    "training_time_seconds": 9.584118604660034
  },
  "training_history": {
    "train_loss": [
      0.7048332941602673,
      0.43500831502781817,
      0.35942780759912973,
      0.3197210131753126,
      0.2658669149734565,
      0.23961687293013878,
      0.20956052480452864,
      0.18686161538552956,
      0.1621518740595798,
      0.13341633589750918,
      0.11550540601581159,
      0.10949476541587587,
      0.096753065893151,
      0.06324509679499639,
      0.07128972211885734,
      0.058557807688309246,
      0.04316160015309968,
      0.05029959581136571,
      0.05294312496763274
    ],
    "val_loss": [
      0.4423044757048289,
      0.34775919079780576,
      0.37270218968391416,
      0.33593326608339946,
      0.3158357055981954,
      0.3229160225391388,
      0.3227393047014872,
      0.33237197359402976,
      0.30486684044202167,
      0.3166374983390172,
      0.3565025562047958,
      0.3721972628434499,
      0.3576046395301819,
      0.3842965449889501,
      0.3928475244839986,
      0.37440542578697206,
      0.42458835323651634,
      0.45963444471359255,
      0.42491334994633995
    ],
    "val_accuracy": [
      0.845,
      0.875,
      0.8716666666666667,
      0.8866666666666667,
      0.8866666666666667,
      0.8966666666666666,
      0.8866666666666667,
      0.8933333333333333,
      0.8983333333333333,
      0.8958333333333334,
      0.8891666666666667,
      0.8866666666666667,
      0.9008333333333334,
      0.8975,
      0.8883333333333333,
      0.8991666666666667,
      0.9058333333333334,
      0.9016666666666666,
      0.8958333333333334
    ]
  },
  "global_metrics": {
    "accuracy": 0.8911,
    "balanced_accuracy": 0.8911,
    "top_3_accuracy": 0.9903,
    "top_5_accuracy": 0.9987,
    "log_loss": 0.32798291964084075,
    "mcc": 0.8791697449902354,
    "cohens_kappa": 0.879,
    "precision_macro": 0.8925150139497017,
    "precision_micro": 0.8911,
    "precision_weighted": 0.8925150139497015,
    "recall_macro": 0.8911,
    "recall_micro": 0.8911,
    "recall_weighted": 0.8911,
    "f1_macro": 0.8911455839684622,
    "f1_micro": 0.8911,
    "f1_weighted": 0.891145583968462,
    "auroc_macro": 0.9918531944444446,
    "auroc_weighted": 0.9918531944444445,
    "auprc_macro": 0.9451698865565069
  },
  "per_class_metrics": {
    "0": {
      "precision": 0.7708333333333334,
      "recall": 0.888,
      "f1": 0.8252788104089219,
      "specificity": 0.9706666666666667,
      "fpr": 0.029333333333333333,
      "fnr": 0.112,
      "auroc": 0.9886734444444445,
      "auprc": 0.9194264598661817,
      "support": 1000,
      "tp": 888,
      "tn": 8736,
      "fp": 264,
      "fn": 112
    },
    "1": {
      "precision": 0.9877675840978594,
      "recall": 0.969,
      "f1": 0.9782937910146391,
      "specificity": 0.9986666666666667,
      "fpr": 0.0013333333333333333,
      "fnr": 0.031,
      "auroc": 0.9994572222222222,
      "auprc": 0.9971682193721781,
      "support": 1000,
      "tp": 969,
      "tn": 8988,
      "fp": 12,
      "fn": 31
    },
    "2": {
      "precision": 0.8232468780019212,
      "recall": 0.857,
      "f1": 0.8397844194022537,
      "specificity": 0.9795555555555555,
      "fpr": 0.020444444444444446,
      "fnr": 0.143,
      "auroc": 0.9874858888888889,
      "auprc": 0.9193250194404122,
      "support": 1000,
      "tp": 857,
      "tn": 8816,
      "fp": 184,
      "fn": 143
    },
    "3": {
      "precision": 0.8990731204943357,
      "recall": 0.873,
      "f1": 0.8858447488584476,
      "specificity": 0.9891111111111112,
      "fpr": 0.010888888888888889,
      "fnr": 0.127,
      "auroc": 0.9939294444444444,
      "auprc": 0.9552228539243126,
      "support": 1000,
      "tp": 873,
      "tn": 8902,
      "fp": 98,
      "fn": 127
    },
    "4": {
      "precision": 0.8604898828541001,
      "recall": 0.808,
      "f1": 0.8334192882929345,
      "specificity": 0.9854444444444445,
      "fpr": 0.014555555555555556,
      "fnr": 0.192,
      "auroc": 0.9888844444444443,
      "auprc": 0.909632544421789,
      "support": 1000,
      "tp": 808,
      "tn": 8869,
      "fp": 131,
      "fn": 192
    },
    "5": {
      "precision": 0.974974974974975,
      "recall": 0.974,
      "f1": 0.9744872436218108,
      "specificity": 0.9972222222222222,
      "fpr": 0.002777777777777778,
      "fnr": 0.026,
      "auroc": 0.9994516666666666,
      "auprc": 0.9951589311290425,
      "support": 1000,
      "tp": 974,
      "tn": 8975,
      "fp": 25,
      "fn": 26
    },
    "6": {
      "precision": 0.6991525423728814,
      "recall": 0.66,
      "f1": 0.6790123456790124,
      "specificity": 0.9684444444444444,
      "fpr": 0.03155555555555556,
      "fnr": 0.34,
      "auroc": 0.9638653333333332,
      "auprc": 0.7777972289670415,
      "support": 1000,
      "tp": 660,
      "tn": 8716,
      "fp": 284,
      "fn": 340
    },
    "7": {
      "precision": 0.9442270058708415,
      "recall": 0.965,
      "f1": 0.9545004945598417,
      "specificity": 0.9936666666666667,
      "fpr": 0.006333333333333333,
      "fnr": 0.035,
      "auroc": 0.9987666666666667,
      "auprc": 0.9900807788569551,
      "support": 1000,
      "tp": 965,
      "tn": 8943,
      "fp": 57,
      "fn": 35
    },
    "8": {
      "precision": 0.9937823834196892,
      "recall": 0.959,
      "f1": 0.9760814249363867,
      "specificity": 0.9993333333333333,
      "fpr": 0.0006666666666666666,
      "fnr": 0.041,
      "auroc": 0.9992517777777777,
      "auprc": 0.9957295596390225,
      "support": 1000,
      "tp": 959,
      "tn": 8994,
      "fp": 6,
      "fn": 41
    },
    "9": {
      "precision": 0.9716024340770791,
      "recall": 0.958,
      "f1": 0.9647532729103725,
      "specificity": 0.9968888888888889,
      "fpr": 0.003111111111111111,
      "fnr": 0.042,
      "auroc": 0.9987660555555556,
      "auprc": 0.9921572699481341,
      "support": 1000,
      "tp": 958,
      "tn": 8972,
      "fp": 28,
      "fn": 42
    }
  },
  "confusion_matrix": [
    [
      888,
      1,
      15,
      12,
      2,
      2,
      78,
      0,
      2,
      0
    ],
    [
      11,
      969,
      0,
      14,
      2,
      0,
      4,
      0,
      0,
      0
    ],
    [
      19,
      1,
      857,
      10,
      49,
      0,
      64,
      0,
      0,
      0
    ],
    [
      49,
      7,
      15,
      873,
      13,
      0,
      43,
      0,
      0,
      0
    ],
    [
      3,
      1,
      73,
      35,
      808,
      0,
      80,
      0,
      0,
      0
    ],
    [
      0,
      0,
      0,
      0,
      0,
      974,
      0,
      23,
      0,
      3
    ],
    [
      175,
      1,
      75,
      22,
      63,
      0,
      660,
      0,
      4,
      0
    ],
    [
      0,
      0,
      0,
      0,
      0,
      10,
      0,
      965,
      0,
      25
    ],
    [
      7,
      1,
      5,
      5,
      2,
      5,
      14,
      2,
      959,
      0
    ],
    [
      0,
      0,
      1,
      0,
      0,
      8,
      1,
      32,
      0,
      958
    ]
  ]
}