{
  "experiment": "exp3",
  "condition": {
    "num_classes": 6,
    "class_list": [
      2,
      3,
      5,
      6,
      8,
      9
    ],
    "class_names": [
      "Pullover",
      "Dress",
      "Sandal",
      "Shirt",
      "Bag",
      "Ankle boot"
    ],
    "combo_idx": 4,
    "subset_pct": 90,
    "num_samples": 32400,
    "samples_per_class": 5400,
    "train_samples": 29160,
    "val_samples": 3240,
    "test_samples": 6000
  },
  "seed": 31380194,
  "timestamp": "2026-01-17T23:31:25.607311",
  "training_dynamics": {
    "epochs_trained": 17,
    "best_epoch": 7,
    "best_val_accuracy": 0.9614197530864198,
    "final_train_loss": 0.029922606090271107,
    "final_val_loss": 0.19630293987898362,
    "training_time_seconds": 23.985623598098755
  },
  "training_history": {
    "train_loss": [
      0.265152250106136,
      0.1629412881498993,
      0.13083767560474052,
      0.11527968866427903,
      0.09749510941573565,
      0.08250189129581773,
      0.07453513508019234,
      0.06713798947391313,
      0.06042520125220906,
      0.05546993024344964,
      0.043504053227687176,
      0.038906438531213144,
      0.04004740692062912,
      0.03612260338439611,
      0.033412041445364846,
      0.02995203593047591,
      0.029922606090271107
    ],
    "val_loss": [
      0.17454213860594195,
      0.14083215253956524,
      0.13638418085045284,
      0.12051607681277357,
      0.12826991782144265,
      0.1250715505009816,
      0.1195280594314322,
      0.16563158719627946,
      0.12858931087417366,
      0.16858796876981672,
      0.16216958219898336,
      0.1641498996151818,
      0.17404840469912247,
      0.1677966556477326,
      0.16235717214919904,
      0.18356494506200155,
      0.19630293987898362
    ],
    "val_accuracy": [
      0.9317901234567901,
      0.9493827160493827,
      0.9515432098765432,
      0.9558641975308642,
      0.9552469135802469,
      0.9546296296296296,
      0.9614197530864198,
      0.9481481481481482,
      0.9592592592592593,
      0.9521604938271605,
      0.9543209876543209,
      0.9570987654320988,
      0.9546296296296296,
      0.9570987654320988,
      0.9546296296296296,
      0.9453703703703704,
      0.9552469135802469
    ]
  },
  "global_metrics": {
    "accuracy": 0.9551666666666667,
    "balanced_accuracy": 0.9551666666666666,
    "top_3_accuracy": 0.999,
    "top_5_accuracy": 1.0,
    "log_loss": 0.13893561140494803,
    "mcc": 0.9463058660046467,
    "cohens_kappa": 0.9462,
    "precision_macro": 0.9550822342654999,
    "precision_micro": 0.9551666666666667,
    "precision_weighted": 0.9550822342654998,
    "recall_macro": 0.9551666666666666,
    "recall_micro": 0.9551666666666667,
    "recall_weighted": 0.9551666666666667,
    "f1_macro": 0.9548598618393932,
    "f1_micro": 0.9551666666666667,
    "f1_weighted": 0.9548598618393932,
    "auroc_macro": 0.9967028666666667,
    "auroc_weighted": 0.9967028666666666,
    "auprc_macro": 0.9857431895786642
  },
  "per_class_metrics": {
    "0": {
      "precision": 0.906886517943744,
      "recall": 0.935,
      "f1": 0.9207287050713935,
      "specificity": 0.9808,
      "fpr": 0.0192,
      "fnr": 0.065,
      "auroc": 0.9937982,
      "auprc": 0.9714872278838902,
      "support": 1000,
      "tp": 935,
      "tn": 4904,
      "fp": 96,
      "fn": 65
    },
    "1": {
      "precision": 0.9415204678362573,
      "recall": 0.966,
      "f1": 0.9536031589338598,
      "specificity": 0.988,
      "fpr": 0.012,
      "fnr": 0.034,
      "auroc": 0.9979507999999999,
      "auprc": 0.989580875792375,
      "support": 1000,
      "tp": 966,
      "tn": 4940,
      "fp": 60,
      "fn": 34
    },
    "2": {
      "precision": 0.9959636730575177,
      "recall": 0.987,
      "f1": 0.9914615770969363,
      "specificity": 0.9992,
      "fpr": 0.0008,
      "fnr": 0.013,
      "auroc": 0.9998706,
      "auprc": 0.9994105749553248,
      "support": 1000,
      "tp": 987,
      "tn": 4996,
      "fp": 4,
      "fn": 13
    },
    "3": {
      "precision": 0.9237379162191193,
      "recall": 0.86,
      "f1": 0.8907301916105645,
      "specificity": 0.9858,
      "fpr": 0.0142,
      "fnr": 0.14,
      "auroc": 0.989115,
      "auprc": 0.9561937933775013,
      "support": 1000,
      "tp": 860,
      "tn": 4929,
      "fp": 71,
      "fn": 140
    },
    "4": {
      "precision": 0.9791666666666666,
      "recall": 0.987,
      "f1": 0.9830677290836654,
      "specificity": 0.9958,
      "fpr": 0.0042,
      "fnr": 0.013,
      "auroc": 0.9996130000000001,
      "auprc": 0.9983408932911747,
      "support": 1000,
      "tp": 987,
      "tn": 4979,
      "fp": 21,
      "fn": 13
    },
    "5": {
      "precision": 0.983218163869694,
      "recall": 0.996,
      "f1": 0.9895678092399404,
      "specificity": 0.9966,
      "fpr": 0.0034,
      "fnr": 0.004,
      "auroc": 0.9998696,
      "auprc": 0.9994457721717194,
      "support": 1000,
      "tp": 996,
      "tn": 4983,
      "fp": 17,
      "fn": 4
    }
  },
  "confusion_matrix": [
    [
      935,
      12,
      0,
      51,
      2,
      0
    ],
    [
      12,
      966,
      0,
      20,
      1,
      1
    ],
    [
      0,
      0,
      987,
      0,
      1,
      12
    ],
    [
      84,
      40,
      0,
      860,
      16,
      0
    ],
    [
      0,
      8,
      1,
      0,
      987,
      4
    ],
    [
      0,
      0,
      3,
      0,
      1,
      996
    ]
  ]
}