{
  "experiment": "exp3",
  "condition": {
    "num_classes": 2,
    "class_list": [
      7,
      9
    ],
    "class_names": [
      "Sneaker",
      "Ankle boot"
    ],
    "combo_idx": 4,
    "subset_pct": 50,
    "num_samples": 6000,
    "samples_per_class": 3000,
    "train_samples": 5400,
    "val_samples": 600,
    "test_samples": 2000
  },
  "seed": 31380194,
  "timestamp": "2026-01-17T22:51:58.794381",
  "training_dynamics": {
    "epochs_trained": 13,
    "best_epoch": 3,
    "best_val_accuracy": 0.985,
    "final_train_loss": 0.012095922723186532,
    "final_val_loss": 0.07761800326406956,
    "training_time_seconds": 3.3589797019958496
  },
  "training_history": {
    "train_loss": [
      0.20098836505237747,
      0.0982933860272169,
      0.07969886004815206,
      0.06375997270293096,
      0.05107739124556675,
      0.037486853861414336,
      0.04213667638353346,
      0.02845801051486941,
      0.020230135899927358,
      0.011683372728122563,
      0.019439172118333826,
      0.021127544523915277,
      0.012095922723186532
    ],
    "val_loss": [
      0.1089940083026886,
      0.10859492262204488,
      0.059535989662011464,
      0.14456804235776266,
      0.08123909105857213,
      0.06262726287047068,
      0.10318960030873617,
      0.06527948300043741,
      0.07424276828765869,
      0.08378028810024261,
      0.12306326722105344,
      0.0967677327990532,
      0.07761800326406956
    ],
    "val_accuracy": [
      0.9483333333333334,
      0.9633333333333334,
      0.985,
      0.9516666666666667,
      0.9716666666666667,
      0.98,
      0.9683333333333334,
      0.9816666666666667,
      0.9816666666666667,
      0.9766666666666667,
      0.9666666666666667,
      0.97,
      0.9816666666666667
    ]
  },
  "global_metrics": {
    "accuracy": 0.9715,
    "balanced_accuracy": 0.9715,
    "top_3_accuracy": 1.0,
    "top_5_accuracy": 1.0,
    "log_loss": 0.07577222878797434,
    "mcc": 0.9430004715003536,
    "cohens_kappa": 0.943,
    "precision_macro": 0.9715004715004715,
    "precision_micro": 0.9715,
    "precision_weighted": 0.9715004715004715,
    "recall_macro": 0.9715,
    "recall_micro": 0.9715,
    "recall_weighted": 0.9715,
    "f1_macro": 0.9714999928749982,
    "f1_micro": 0.9715,
    "f1_weighted": 0.9714999928749982,
    "auroc_macro": 0.9962829999999999,
    "auroc_weighted": 0.9962829999999999,
    "auprc_macro": 0.9963483777265392
  },
  "per_class_metrics": {
    "0": {
      "precision": 0.9719719719719719,
      "recall": 0.971,
      "f1": 0.9714857428714359,
      "specificity": 0.972,
      "fpr": 0.028,
      "fnr": 0.029,
      "auroc": 0.9962829999999999,
      "auprc": 0.9964649576300375,
      "support": 1000,
      "tp": 971,
      "tn": 972,
      "fp": 28,
      "fn": 29
    },
    "1": {
      "precision": 0.971028971028971,
      "recall": 0.972,
      "f1": 0.9715142428785607,
      "specificity": 0.971,
      "fpr": 0.029,
      "fnr": 0.028,
      "auroc": 0.9962829999999999,
      "auprc": 0.9962317978230409,
      "support": 1000,
      "tp": 972,
      "tn": 971,
      "fp": 29,
      "fn": 28
    }
  },
  "confusion_matrix": [
    [
      971,
      29
    ],
    [
      28,
      972
    ]
  ]
}