{
  "experiment": "exp3",
  "condition": {
    "num_classes": 6,
    "class_list": [
      1,
      2,
      3,
      4,
      6,
      7
    ],
    "class_names": [
      "Trouser",
      "Pullover",
      "Dress",
      "Coat",
      "Shirt",
      "Sneaker"
    ],
    "combo_idx": 3,
    "subset_pct": 100,
    "num_samples": 36000,
    "samples_per_class": 6000,
    "train_samples": 32400,
    "val_samples": 3600,
    "test_samples": 6000
  },
  "seed": 31380194,
  "timestamp": "2026-01-17T23:29:25.909749",
  "training_dynamics": {
    "epochs_trained": 18,
    "best_epoch": 8,
    "best_val_accuracy": 0.9247222222222222,
    "final_train_loss": 0.05073143094612737,
    "final_val_loss": 0.34370153289702204,
    "training_time_seconds": 27.871145725250244
  },
  "training_history": {
    "train_loss": [
      0.4114526606640637,
      0.28027609353646254,
      0.233481703660427,
      0.2057515203188627,
      0.18227073280563252,
      0.1559074982060248,
      0.14007618197072774,
      0.12290420477633057,
      0.10768752807064287,
      0.09789633981541858,
      0.08537033857149486,
      0.07787777065745825,
      0.0706974846541448,
      0.06261925059747267,
      0.06047446840154319,
      0.056900488670559,
      0.05148034106069327,
      0.05073143094612737
    ],
    "val_loss": [
      0.3085429376363754,
      0.2403156229522493,
      0.2548291639155812,
      0.22541597737206354,
      0.2259868654029237,
      0.24916738820986614,
      0.24756850441296896,
      0.21352632969617844,
      0.23212559577491548,
      0.2582164584928089,
      0.22942051594456037,
      0.274220762319035,
      0.25601875984006456,
      0.29119738035731846,
      0.3073807582921452,
      0.2807072682181994,
      0.30139207071728175,
      0.34370153289702204
    ],
    "val_accuracy": [
      0.8822222222222222,
      0.9047222222222222,
      0.9005555555555556,
      0.9175,
      0.92,
      0.9138888888888889,
      0.9127777777777778,
      0.9247222222222222,
      0.9211111111111111,
      0.9216666666666666,
      0.9211111111111111,
      0.9155555555555556,
      0.9230555555555555,
      0.9219444444444445,
      0.9191666666666667,
      0.9230555555555555,
      0.9127777777777778,
      0.9175
    ]
  },
  "global_metrics": {
    "accuracy": 0.9186666666666666,
    "balanced_accuracy": 0.9186666666666666,
    "top_3_accuracy": 0.9966666666666667,
    "top_5_accuracy": 1.0,
    "log_loss": 0.2329794442678076,
    "mcc": 0.9025780360336924,
    "cohens_kappa": 0.9024,
    "precision_macro": 0.9196997905528129,
    "precision_micro": 0.9186666666666666,
    "precision_weighted": 0.919699790552813,
    "recall_macro": 0.9186666666666666,
    "recall_micro": 0.9186666666666666,
    "recall_weighted": 0.9186666666666666,
    "f1_macro": 0.9187551157347883,
    "f1_micro": 0.9186666666666666,
    "f1_weighted": 0.9187551157347881,
    "auroc_macro": 0.9926832333333334,
    "auroc_weighted": 0.9926832333333333,
    "auprc_macro": 0.9691616451311629
  },
  "per_class_metrics": {
    "0": {
      "precision": 0.9909365558912386,
      "recall": 0.984,
      "f1": 0.9874560963371801,
      "specificity": 0.9982,
      "fpr": 0.0018,
      "fnr": 0.016,
      "auroc": 0.9996486,
      "auprc": 0.9987639333526693,
      "support": 1000,
      "tp": 984,
      "tn": 4991,
      "fp": 9,
      "fn": 16
    },
    "1": {
      "precision": 0.8444444444444444,
      "recall": 0.912,
      "f1": 0.8769230769230769,
      "specificity": 0.9664,
      "fpr": 0.0336,
      "fnr": 0.088,
      "auroc": 0.9889946000000002,
      "auprc": 0.958753035553848,
      "support": 1000,
      "tp": 912,
      "tn": 4832,
      "fp": 168,
      "fn": 88
    },
    "2": {
      "precision": 0.9343434343434344,
      "recall": 0.925,
      "f1": 0.9296482412060301,
      "specificity": 0.987,
      "fpr": 0.013,
      "fnr": 0.075,
      "auroc": 0.9956632999999999,
      "auprc": 0.9797108478535829,
      "support": 1000,
      "tp": 925,
      "tn": 4935,
      "fp": 65,
      "fn": 75
    },
    "3": {
      "precision": 0.9019396551724138,
      "recall": 0.837,
      "f1": 0.8682572614107884,
      "specificity": 0.9818,
      "fpr": 0.0182,
      "fnr": 0.163,
      "auroc": 0.9881074,
      "auprc": 0.9472544539005725,
      "support": 1000,
      "tp": 837,
      "tn": 4909,
      "fp": 91,
      "fn": 163
    },
    "4": {
      "precision": 0.8465346534653465,
      "recall": 0.855,
      "f1": 0.8507462686567164,
      "specificity": 0.969,
      "fpr": 0.031,
      "fnr": 0.145,
      "auroc": 0.9836855,
      "auprc": 0.9304876001263047,
      "support": 1000,
      "tp": 855,
      "tn": 4845,
      "fp": 155,
      "fn": 145
    },
    "5": {
      "precision": 1.0,
      "recall": 0.999,
      "f1": 0.9994997498749374,
      "specificity": 1.0,
      "fpr": 0.0,
      "fnr": 0.001,
      "auroc": 1.0,
      "auprc": 1.0,
      "support": 1000,
      "tp": 999,
      "tn": 5000,
      "fp": 0,
      "fn": 1
    }
  },
  "confusion_matrix": [
    [
      984,
      0,
      12,
      0,
      4,
      0
    ],
    [
      1,
      912,
      4,
      27,
      56,
      0
    ],
    [
      5,
      17,
      925,
      16,
      37,
      0
    ],
    [
      0,
      87,
      19,
      837,
      57,
      0
    ],
    [
      3,
      64,
      30,
      48,
      855,
      0
    ],
    [
      0,
      0,
      0,
      0,
      1,
      999
    ]
  ]
}