{
  "experiment": "exp3",
  "condition": {
    "num_classes": 4,
    "class_list": [
      1,
      4,
      5,
      9
    ],
    "class_names": [
      "Trouser",
      "Coat",
      "Sandal",
      "Ankle boot"
    ],
    "combo_idx": 2,
    "subset_pct": 100,
    "num_samples": 24000,
    "samples_per_class": 6000,
    "train_samples": 21600,
    "val_samples": 2400,
    "test_samples": 4000
  },
  "seed": 31380194,
  "timestamp": "2026-01-17T23:04:51.701054",
  "training_dynamics": {
    "epochs_trained": 20,
    "best_epoch": 10,
    "best_val_accuracy": 0.9954166666666666,
    "final_train_loss": 0.0015253619121063046,
    "final_val_loss": 0.05708799463366934,
    "training_time_seconds": 20.42887282371521
  },
  "training_history": {
    "train_loss": [
      0.06073140403784167,
      0.022191749498847054,
      0.016231606142231528,
      0.01219785108486786,
      0.008934445290359954,
      0.007452424166056721,
      0.007297732618279919,
      0.006795666243954672,
      0.004987592303595887,
      0.006789199699575267,
      0.005067511631568373,
      0.0020804448661466703,
      0.0043479280424133905,
      0.00659489865312246,
      0.004689541015911141,
      0.0031429836834533796,
      0.00273874369872324,
      0.0027876150665863153,
      0.004507675009117843,
      0.0015253619121063046
    ],
    "val_loss": [
      0.03859517591694991,
      0.022587057831697167,
      0.02097698042363239,
      0.024068561395591437,
      0.02355898462497862,
      0.015756009964291783,
      0.021860986903775484,
      0.0276627957970292,
      0.019844113101135007,
      0.015467948159590985,
      0.024705969484845505,
      0.033142765713855625,
      0.029350859189386635,
      0.033725175419919345,
      0.02624962933594361,
      0.02200745842596613,
      0.022501559568157366,
      0.130437200552163,
      0.0241173137081023,
      0.05708799463366934
    ],
    "val_accuracy": [
      0.9866666666666667,
      0.9933333333333333,
      0.9920833333333333,
      0.9920833333333333,
      0.9920833333333333,
      0.9945833333333334,
      0.9916666666666667,
      0.9908333333333333,
      0.9925,
      0.9954166666666666,
      0.9920833333333333,
      0.9904166666666666,
      0.9916666666666667,
      0.99125,
      0.9929166666666667,
      0.9941666666666666,
      0.9933333333333333,
      0.9775,
      0.9925,
      0.9875
    ]
  },
  "global_metrics": {
    "accuracy": 0.99575,
    "balanced_accuracy": 0.9957499999999999,
    "top_3_accuracy": 0.99975,
    "top_5_accuracy": 1.0,
    "log_loss": 0.016481492855910537,
    "mcc": 0.9943344105295282,
    "cohens_kappa": 0.9943333333333333,
    "precision_macro": 0.9957532242740685,
    "precision_micro": 0.99575,
    "precision_weighted": 0.9957532242740684,
    "recall_macro": 0.9957499999999999,
    "recall_micro": 0.99575,
    "recall_weighted": 0.99575,
    "f1_macro": 0.9957499935624886,
    "f1_micro": 0.99575,
    "f1_weighted": 0.9957499935624887,
    "auroc_macro": 0.99995025,
    "auroc_weighted": 0.9999502499999999,
    "auprc_macro": 0.9998547687218964
  },
  "per_class_metrics": {
    "0": {
      "precision": 0.9979939819458375,
      "recall": 0.995,
      "f1": 0.9964947421131698,
      "specificity": 0.9993333333333333,
      "fpr": 0.0006666666666666666,
      "fnr": 0.005,
      "auroc": 0.9999956666666666,
      "auprc": 0.9999869989430106,
      "support": 1000,
      "tp": 995,
      "tn": 2998,
      "fp": 2,
      "fn": 5
    },
    "1": {
      "precision": 0.9950149551345963,
      "recall": 0.998,
      "f1": 0.9965052421367948,
      "specificity": 0.9983333333333333,
      "fpr": 0.0016666666666666668,
      "fnr": 0.002,
      "auroc": 0.9999923333333334,
      "auprc": 0.9999770655658535,
      "support": 1000,
      "tp": 998,
      "tn": 2995,
      "fp": 5,
      "fn": 2
    },
    "2": {
      "precision": 0.9940119760479041,
      "recall": 0.996,
      "f1": 0.995004995004995,
      "specificity": 0.998,
      "fpr": 0.002,
      "fnr": 0.004,
      "auroc": 0.9999176666666667,
      "auprc": 0.9997481611599945,
      "support": 1000,
      "tp": 996,
      "tn": 2994,
      "fp": 6,
      "fn": 4
    },
    "3": {
      "precision": 0.9959919839679359,
      "recall": 0.994,
      "f1": 0.994994994994995,
      "specificity": 0.9986666666666667,
      "fpr": 0.0013333333333333333,
      "fnr": 0.006,
      "auroc": 0.9998953333333334,
      "auprc": 0.9997068492187271,
      "support": 1000,
      "tp": 994,
      "tn": 2996,
      "fp": 4,
      "fn": 6
    }
  },
  "confusion_matrix": [
    [
      995,
      5,
      0,
      0
    ],
    [
      2,
      998,
      0,
      0
    ],
    [
      0,
      0,
      996,
      4
    ],
    [
      0,
      0,
      6,
      994
    ]
  ]
}