{
  "experiment": "exp3",
  "condition": {
    "num_classes": 2,
    "class_list": [
      2,
      3
    ],
    "class_names": [
      "Pullover",
      "Dress"
    ],
    "combo_idx": 0,
    "subset_pct": 60,
    "num_samples": 7200,
    "samples_per_class": 3600,
    "train_samples": 6480,
    "val_samples": 720,
    "test_samples": 2000
  },
  "seed": 31380194,
  "timestamp": "2026-01-17T22:48:08.199365",
  "training_dynamics": {
    "epochs_trained": 19,
    "best_epoch": 9,
    "best_val_accuracy": 0.9930555555555556,
    "final_train_loss": 0.00878029724026419,
    "final_val_loss": 0.034789967123005125,
    "training_time_seconds": 6.348442316055298
  },
  "training_history": {
    "train_loss": [
      0.1273443199073275,
      0.0653630480690695,
      0.04752746099542242,
      0.04346086226367191,
      0.03549630529539404,
      0.03334257350070402,
      0.026237500730762715,
      0.02449733840830067,
      0.01614688103604838,
      0.021072461373941954,
      0.011241049575248468,
      0.00555113161962985,
      0.002027648746117812,
      0.0015660902800070343,
      0.013921948312938684,
      0.009603343420416886,
      0.0054984832506092705,
      0.010019693541960127,
      0.00878029724026419
    ],
    "val_loss": [
      0.061629882703224816,
      0.05204807197054227,
      0.029361214043779504,
      0.04220712201462851,
      0.051503797268701926,
      0.03405307919407884,
      0.032211732553939026,
      0.029106468676278988,
      0.025678023613161512,
      0.07352375288804372,
      0.025714874804382108,
      0.0330947018124991,
      0.03141211313583578,
      0.03826318219588656,
      0.06559462374490169,
      0.037031955225393175,
      0.0694692617903153,
      0.04120626865963762,
      0.034789967123005125
    ],
    "val_accuracy": [
      0.9736111111111111,
      0.9805555555555555,
      0.9888888888888889,
      0.9805555555555555,
      0.9819444444444444,
      0.9819444444444444,
      0.9916666666666667,
      0.9847222222222223,
      0.9888888888888889,
      0.9777777777777777,
      0.9930555555555556,
      0.9875,
      0.9875,
      0.9861111111111112,
      0.9763888888888889,
      0.9875,
      0.975,
      0.9847222222222223,
      0.9861111111111112
    ]
  },
  "global_metrics": {
    "accuracy": 0.98,
    "balanced_accuracy": 0.98,
    "top_3_accuracy": 1.0,
    "top_5_accuracy": 1.0,
    "log_loss": 0.08117269776505431,
    "mcc": 0.96000192000576,
    "cohens_kappa": 0.96,
    "precision_macro": 0.98000192000768,
    "precision_micro": 0.98,
    "precision_weighted": 0.98000192000768,
    "recall_macro": 0.98,
    "recall_micro": 0.98,
    "recall_weighted": 0.98,
    "f1_macro": 0.97999997999998,
    "f1_micro": 0.98,
    "f1_weighted": 0.97999997999998,
    "auroc_macro": 0.996934,
    "auroc_weighted": 0.996934,
    "auprc_macro": 0.9969697829580313
  },
  "per_class_metrics": {
    "0": {
      "precision": 0.9790419161676647,
      "recall": 0.981,
      "f1": 0.98001998001998,
      "specificity": 0.979,
      "fpr": 0.021,
      "fnr": 0.019,
      "auroc": 0.9969334999999999,
      "auprc": 0.9974260965888452,
      "support": 1000,
      "tp": 981,
      "tn": 979,
      "fp": 21,
      "fn": 19
    },
    "1": {
      "precision": 0.9809619238476954,
      "recall": 0.979,
      "f1": 0.97997997997998,
      "specificity": 0.981,
      "fpr": 0.019,
      "fnr": 0.021,
      "auroc": 0.996934,
      "auprc": 0.9965134693272175,
      "support": 1000,
      "tp": 979,
      "tn": 981,
      "fp": 19,
      "fn": 21
    }
  },
  "confusion_matrix": [
    [
      981,
      19
    ],
    [
      21,
      979
    ]
  ]
}