{
  "experiment": "exp3",
  "condition": {
    "num_classes": 5,
    "class_list": [
      0,
      1,
      2,
      6,
      8
    ],
    "class_names": [
      "T-shirt/top",
      "Trouser",
      "Pullover",
      "Shirt",
      "Bag"
    ],
    "combo_idx": 1,
    "subset_pct": 50,
    "num_samples": 15000,
    "samples_per_class": 3000,
    "train_samples": 13500,
    "val_samples": 1500,
    "test_samples": 5000
  },
  "seed": 31380194,
  "timestamp": "2026-01-17T23:11:48.539048",
  "training_dynamics": {
    "epochs_trained": 16,
    "best_epoch": 6,
    "best_val_accuracy": 0.9286666666666666,
    "final_train_loss": 0.045110315446393184,
    "final_val_loss": 0.2899092001914978,
    "training_time_seconds": 10.652412414550781
  },
  "training_history": {
    "train_loss": [
      0.43405682187509764,
      0.2878798645395803,
      0.24294276129436718,
      0.20985923785168978,
      0.1879786986557511,
      0.16778359929390993,
      0.14888775292166037,
      0.12186906808519392,
      0.10753769835377756,
      0.09692060279602546,
      0.08624879140142017,
      0.06906895092313324,
      0.06073646347139967,
      0.05246483005905497,
      0.04934172841424555,
      0.045110315446393184
    ],
    "val_loss": [
      0.2827013404369354,
      0.22443936562538147,
      0.26441750407218934,
      0.21955622080961862,
      0.25364391684532167,
      0.18792515722910563,
      0.20905739172299703,
      0.21314150774478913,
      0.2188757046063741,
      0.2607352260351181,
      0.22022835751374562,
      0.2815380789041519,
      0.26393805038928986,
      0.26120098809401193,
      0.25348755486806235,
      0.2899092001914978
    ],
    "val_accuracy": [
      0.892,
      0.9113333333333333,
      0.8946666666666667,
      0.9206666666666666,
      0.8793333333333333,
      0.9286666666666666,
      0.9213333333333333,
      0.9286666666666666,
      0.924,
      0.9206666666666666,
      0.9273333333333333,
      0.9206666666666666,
      0.918,
      0.9193333333333333,
      0.9273333333333333,
      0.9213333333333333
    ]
  },
  "global_metrics": {
    "accuracy": 0.913,
    "balanced_accuracy": 0.9129999999999999,
    "top_3_accuracy": 0.999,
    "top_5_accuracy": 1.0,
    "log_loss": 0.22268738102711422,
    "mcc": 0.89176884828857,
    "cohens_kappa": 0.89125,
    "precision_macro": 0.9140429040815465,
    "precision_micro": 0.913,
    "precision_weighted": 0.9140429040815464,
    "recall_macro": 0.9129999999999999,
    "recall_micro": 0.913,
    "recall_weighted": 0.913,
    "f1_macro": 0.9125674433653026,
    "f1_micro": 0.913,
    "f1_weighted": 0.9125674433653026,
    "auroc_macro": 0.9899957,
    "auroc_weighted": 0.9899957,
    "auprc_macro": 0.9656927214508139
  },
  "per_class_metrics": {
    "0": {
      "precision": 0.8203753351206434,
      "recall": 0.918,
      "f1": 0.8664464369985843,
      "specificity": 0.94975,
      "fpr": 0.05025,
      "fnr": 0.082,
      "auroc": 0.9858877500000001,
      "auprc": 0.9491652060932437,
      "support": 1000,
      "tp": 918,
      "tn": 3799,
      "fp": 201,
      "fn": 82
    },
    "1": {
      "precision": 0.9959758551307847,
      "recall": 0.99,
      "f1": 0.9929789368104314,
      "specificity": 0.999,
      "fpr": 0.001,
      "fnr": 0.01,
      "auroc": 0.9997185000000001,
      "auprc": 0.9991675989497332,
      "support": 1000,
      "tp": 990,
      "tn": 3996,
      "fp": 4,
      "fn": 10
    },
    "2": {
      "precision": 0.9305699481865285,
      "recall": 0.898,
      "f1": 0.9139949109414759,
      "specificity": 0.98325,
      "fpr": 0.01675,
      "fnr": 0.102,
      "auroc": 0.992302,
      "auprc": 0.9722389650497505,
      "support": 1000,
      "tp": 898,
      "tn": 3933,
      "fp": 67,
      "fn": 102
    },
    "3": {
      "precision": 0.8421052631578947,
      "recall": 0.768,
      "f1": 0.803347280334728,
      "specificity": 0.964,
      "fpr": 0.036,
      "fnr": 0.232,
      "auroc": 0.9722877500000001,
      "auprc": 0.9087386862028367,
      "support": 1000,
      "tp": 768,
      "tn": 3856,
      "fp": 144,
      "fn": 232
    },
    "4": {
      "precision": 0.9811881188118812,
      "recall": 0.991,
      "f1": 0.9860696517412935,
      "specificity": 0.99525,
      "fpr": 0.00475,
      "fnr": 0.009,
      "auroc": 0.9997825,
      "auprc": 0.9991531509585053,
      "support": 1000,
      "tp": 991,
      "tn": 3981,
      "fp": 19,
      "fn": 9
    }
  },
  "confusion_matrix": [
    [
      918,
      1,
      11,
      61,
      9
    ],
    [
      6,
      990,
      1,
      3,
      0
    ],
    [
      21,
      1,
      898,
      77,
      3
    ],
    [
      171,
      1,
      53,
      768,
      7
    ],
    [
      3,
      1,
      2,
      3,
      991
    ]
  ]
}