{
  "experiment": "exp3",
  "condition": {
    "num_classes": 8,
    "class_list": [
      1,
      2,
      4,
      5,
      6,
      7,
      8,
      9
    ],
    "class_names": [
      "Trouser",
      "Pullover",
      "Coat",
      "Sandal",
      "Shirt",
      "Sneaker",
      "Bag",
      "Ankle boot"
    ],
    "combo_idx": 4,
    "subset_pct": 30,
    "num_samples": 14400,
    "samples_per_class": 1800,
    "train_samples": 12960,
    "val_samples": 1440,
    "test_samples": 8000
  },
  "seed": 31380194,
  "timestamp": "2026-01-17T23:59:57.730324",
  "training_dynamics": {
    "epochs_trained": 17,
    "best_epoch": 7,
    "best_val_accuracy": 0.9326388888888889,
    "final_train_loss": 0.044580255597520144,
    "final_val_loss": 0.31053973101079463,
    "training_time_seconds": 10.712672472000122
  },
  "training_history": {
    "train_loss": [
      0.4931239380771891,
      0.296729176135486,
      0.23015436684263163,
      0.19590640027681594,
      0.17143958458319086,
      0.14655682868484793,
      0.1230890772080627,
      0.1152247766886145,
      0.09722836114686405,
      0.08778776989543233,
      0.07512943926060875,
      0.06610025000285927,
      0.05436117517339809,
      0.047424251863559745,
      0.042839500788149645,
      0.03814567426125533,
      0.044580255597520144
    ],
    "val_loss": [
      0.31675737566418116,
      0.24081026944849226,
      0.26757310363981457,
      0.23622510648436015,
      0.21551457130246693,
      0.23243846595287324,
      0.20117971822619438,
      0.2240052793588903,
      0.22969553901089562,
      0.27081018851863015,
      0.2591604812277688,
      0.2806959228797091,
      0.2577517256140709,
      0.29323489492138227,
      0.2845820157064332,
      0.3365190628502104,
      0.31053973101079463
    ],
    "val_accuracy": [
      0.8833333333333333,
      0.9041666666666667,
      0.8951388888888889,
      0.9125,
      0.9215277777777777,
      0.9208333333333333,
      0.9270833333333334,
      0.9243055555555556,
      0.925,
      0.9166666666666666,
      0.9298611111111111,
      0.9256944444444445,
      0.9326388888888889,
      0.9256944444444445,
      0.9263888888888889,
      0.9152777777777777,
      0.925
    ]
  },
  "global_metrics": {
    "accuracy": 0.924375,
    "balanced_accuracy": 0.924375,
    "top_3_accuracy": 0.997125,
    "top_5_accuracy": 0.999875,
    "log_loss": 0.21432698351594198,
    "mcc": 0.913941715259134,
    "cohens_kappa": 0.9135714285714286,
    "precision_macro": 0.9263420501644182,
    "precision_micro": 0.924375,
    "precision_weighted": 0.9263420501644182,
    "recall_macro": 0.924375,
    "recall_micro": 0.924375,
    "recall_weighted": 0.924375,
    "f1_macro": 0.9240572446447146,
    "f1_micro": 0.924375,
    "f1_weighted": 0.9240572446447145,
    "auroc_macro": 0.9950773928571428,
    "auroc_weighted": 0.9950773928571428,
    "auprc_macro": 0.9696574753078253
  },
  "per_class_metrics": {
    "0": {
      "precision": 0.9939516129032258,
      "recall": 0.986,
      "f1": 0.9899598393574297,
      "specificity": 0.9991428571428571,
      "fpr": 0.0008571428571428571,
      "fnr": 0.014,
      "auroc": 0.9999201428571429,
      "auprc": 0.9994632021958615,
      "support": 1000,
      "tp": 986,
      "tn": 6994,
      "fp": 6,
      "fn": 14
    },
    "1": {
      "precision": 0.8319327731092437,
      "recall": 0.891,
      "f1": 0.8604538870111057,
      "specificity": 0.9742857142857143,
      "fpr": 0.025714285714285714,
      "fnr": 0.109,
      "auroc": 0.9894342857142856,
      "auprc": 0.9354224083223677,
      "support": 1000,
      "tp": 891,
      "tn": 6820,
      "fp": 180,
      "fn": 109
    },
    "2": {
      "precision": 0.8068902991840435,
      "recall": 0.89,
      "f1": 0.8464098906324299,
      "specificity": 0.9695714285714285,
      "fpr": 0.03042857142857143,
      "fnr": 0.11,
      "auroc": 0.988585,
      "auprc": 0.9186524978521414,
      "support": 1000,
      "tp": 890,
      "tn": 6787,
      "fp": 213,
      "fn": 110
    },
    "3": {
      "precision": 0.9741293532338309,
      "recall": 0.979,
      "f1": 0.9765586034912719,
      "specificity": 0.9962857142857143,
      "fpr": 0.0037142857142857142,
      "fnr": 0.021,
      "auroc": 0.9994832857142858,
      "auprc": 0.996404856543661,
      "support": 1000,
      "tp": 979,
      "tn": 6974,
      "fp": 26,
      "fn": 21
    },
    "4": {
      "precision": 0.9057971014492754,
      "recall": 0.75,
      "f1": 0.8205689277899344,
      "specificity": 0.9888571428571429,
      "fpr": 0.011142857142857144,
      "fnr": 0.25,
      "auroc": 0.986346142857143,
      "auprc": 0.9248677492215692,
      "support": 1000,
      "tp": 750,
      "tn": 6922,
      "fp": 78,
      "fn": 250
    },
    "5": {
      "precision": 0.954183266932271,
      "recall": 0.958,
      "f1": 0.9560878243512974,
      "specificity": 0.9934285714285714,
      "fpr": 0.006571428571428572,
      "fnr": 0.042,
      "auroc": 0.9986729999999999,
      "auprc": 0.9914385925784928,
      "support": 1000,
      "tp": 958,
      "tn": 6954,
      "fp": 46,
      "fn": 42
    },
    "6": {
      "precision": 0.9810379241516967,
      "recall": 0.983,
      "f1": 0.982017982017982,
      "specificity": 0.9972857142857143,
      "fpr": 0.0027142857142857142,
      "fnr": 0.017,
      "auroc": 0.9995672857142857,
      "auprc": 0.9976234971959236,
      "support": 1000,
      "tp": 983,
      "tn": 6981,
      "fp": 19,
      "fn": 17
    },
    "7": {
      "precision": 0.9628140703517588,
      "recall": 0.958,
      "f1": 0.9604010025062658,
      "specificity": 0.9947142857142857,
      "fpr": 0.005285714285714286,
      "fnr": 0.042,
      "auroc": 0.99861,
      "auprc": 0.9933869985525853,
      "support": 1000,
      "tp": 958,
      "tn": 6963,
      "fp": 37,
      "fn": 42
    }
  },
  "confusion_matrix": [
    [
      986,
      1,
      5,
      0,
      6,
      0,
      2,
      0
    ],
    [
      1,
      891,
      66,
      0,
      40,
      0,
      2,
      0
    ],
    [
      0,
      79,
      890,
      0,
      27,
      0,
      3,
      1
    ],
    [
      0,
      0,
      0,
      979,
      0,
      8,
      0,
      13
    ],
    [
      3,
      97,
      139,
      0,
      750,
      0,
      11,
      0
    ],
    [
      0,
      0,
      0,
      19,
      0,
      958,
      0,
      23
    ],
    [
      2,
      3,
      3,
      3,
      5,
      1,
      983,
      0
    ],
    [
      0,
      0,
      0,
      4,
      0,
      37,
      1,
      958
    ]
  ]
}