{
  "experiment": "exp3",
  "condition": {
    "num_classes": 9,
    "class_list": [
      0,
      1,
      3,
      4,
      5,
      6,
      7,
      8,
      9
    ],
    "class_names": [
      "T-shirt/top",
      "Trouser",
      "Dress",
      "Coat",
      "Sandal",
      "Shirt",
      "Sneaker",
      "Bag",
      "Ankle boot"
    ],
    "combo_idx": 3,
    "subset_pct": 40,
    "num_samples": 21600,
    "samples_per_class": 2400,
    "train_samples": 19440,
    "val_samples": 2160,
    "test_samples": 9000
  },
  "seed": 31380194,
  "timestamp": "2026-01-18T00:14:54.324924",
  "training_dynamics": {
    "epochs_trained": 15,
    "best_epoch": 5,
    "best_val_accuracy": 0.9324074074074075,
    "final_train_loss": 0.04879422054325819,
    "final_val_loss": 0.2908065442685728,
    "training_time_seconds": 13.729223012924194
  },
  "training_history": {
    "train_loss": [
      0.47311465020634624,
      0.2984357549269733,
      0.2498473992424184,
      0.21422704958700037,
      0.18400422589069135,
      0.1622639172955563,
      0.14145508236374313,
      0.12168665719218552,
      0.10960243778964995,
      0.09822935821782601,
      0.08353290062759218,
      0.0695659918189784,
      0.06538366061852828,
      0.06561201371981665,
      0.04879422054325819
    ],
    "val_loss": [
      0.28029096832981815,
      0.263017538189888,
      0.24571245307171785,
      0.20849630876823708,
      0.2019867952775072,
      0.22963173632268552,
      0.24159140023920272,
      0.21393649412526025,
      0.24367361968314205,
      0.2304719469613499,
      0.2288866099384096,
      0.22095309551115389,
      0.2754168705807792,
      0.22680843748428203,
      0.2908065442685728
    ],
    "val_accuracy": [
      0.8921296296296296,
      0.8976851851851851,
      0.899074074074074,
      0.9222222222222223,
      0.9287037037037037,
      0.913425925925926,
      0.9175925925925926,
      0.9277777777777778,
      0.9203703703703704,
      0.925,
      0.9268518518518518,
      0.9273148148148148,
      0.9194444444444444,
      0.9324074074074075,
      0.9254629629629629
    ]
  },
  "global_metrics": {
    "accuracy": 0.9163333333333333,
    "balanced_accuracy": 0.9163333333333333,
    "top_3_accuracy": 0.9941111111111111,
    "top_5_accuracy": 0.9992222222222222,
    "log_loss": 0.23609133131139243,
    "mcc": 0.9059169751256272,
    "cohens_kappa": 0.905875,
    "precision_macro": 0.9167448436320371,
    "precision_micro": 0.9163333333333333,
    "precision_weighted": 0.9167448436320371,
    "recall_macro": 0.9163333333333333,
    "recall_micro": 0.9163333333333333,
    "recall_weighted": 0.9163333333333333,
    "f1_macro": 0.9163684835469775,
    "f1_micro": 0.9163333333333333,
    "f1_weighted": 0.9163684835469776,
    "auroc_macro": 0.9946843125,
    "auroc_weighted": 0.9946843125,
    "auprc_macro": 0.9656433433595942
  },
  "per_class_metrics": {
    "0": {
      "precision": 0.8717683557394003,
      "recall": 0.843,
      "f1": 0.8571428571428572,
      "specificity": 0.9845,
      "fpr": 0.0155,
      "fnr": 0.157,
      "auroc": 0.990808375,
      "auprc": 0.9342855345837346,
      "support": 1000,
      "tp": 843,
      "tn": 7876,
      "fp": 124,
      "fn": 157
    },
    "1": {
      "precision": 0.9989594172736732,
      "recall": 0.96,
      "f1": 0.9790922998470168,
      "specificity": 0.999875,
      "fpr": 0.000125,
      "fnr": 0.04,
      "auroc": 0.99954475,
      "auprc": 0.9975773457424636,
      "support": 1000,
      "tp": 960,
      "tn": 7999,
      "fp": 1,
      "fn": 40
    },
    "2": {
      "precision": 0.8773946360153256,
      "recall": 0.916,
      "f1": 0.8962818003913895,
      "specificity": 0.984,
      "fpr": 0.016,
      "fnr": 0.084,
      "auroc": 0.9954003125,
      "auprc": 0.9657114046286718,
      "support": 1000,
      "tp": 916,
      "tn": 7872,
      "fp": 128,
      "fn": 84
    },
    "3": {
      "precision": 0.8732943469785575,
      "recall": 0.896,
      "f1": 0.8845014807502469,
      "specificity": 0.98375,
      "fpr": 0.01625,
      "fnr": 0.104,
      "auroc": 0.994049375,
      "auprc": 0.9573821701454002,
      "support": 1000,
      "tp": 896,
      "tn": 7870,
      "fp": 130,
      "fn": 104
    },
    "4": {
      "precision": 0.9856410256410256,
      "recall": 0.961,
      "f1": 0.9731645569620253,
      "specificity": 0.99825,
      "fpr": 0.00175,
      "fnr": 0.039,
      "auroc": 0.99943675,
      "auprc": 0.9962298653567123,
      "support": 1000,
      "tp": 961,
      "tn": 7986,
      "fp": 14,
      "fn": 39
    },
    "5": {
      "precision": 0.7707070707070707,
      "recall": 0.763,
      "f1": 0.7668341708542715,
      "specificity": 0.971625,
      "fpr": 0.028375,
      "fnr": 0.237,
      "auroc": 0.97608375,
      "auprc": 0.861587070804729,
      "support": 1000,
      "tp": 763,
      "tn": 7773,
      "fp": 227,
      "fn": 237
    },
    "6": {
      "precision": 0.9418145956607495,
      "recall": 0.955,
      "f1": 0.9483614697120158,
      "specificity": 0.992625,
      "fpr": 0.007375,
      "fnr": 0.045,
      "auroc": 0.998388375,
      "auprc": 0.9881937802267377,
      "support": 1000,
      "tp": 955,
      "tn": 7941,
      "fp": 59,
      "fn": 45
    },
    "7": {
      "precision": 0.98,
      "recall": 0.98,
      "f1": 0.98,
      "specificity": 0.9975,
      "fpr": 0.0025,
      "fnr": 0.02,
      "auroc": 0.9993955,
      "auprc": 0.9965358978261155,
      "support": 1000,
      "tp": 980,
      "tn": 7980,
      "fp": 20,
      "fn": 20
    },
    "8": {
      "precision": 0.9511241446725318,
      "recall": 0.973,
      "f1": 0.9619377162629759,
      "specificity": 0.99375,
      "fpr": 0.00625,
      "fnr": 0.027,
      "auroc": 0.9990516250000001,
      "auprc": 0.9932870209217838,
      "support": 1000,
      "tp": 973,
      "tn": 7950,
      "fp": 50,
      "fn": 27
    }
  },
  "confusion_matrix": [
    [
      843,
      0,
      33,
      5,
      3,
      109,
      1,
      6,
      0
    ],
    [
      3,
      960,
      26,
      3,
      0,
      5,
      0,
      3,
      0
    ],
    [
      14,
      0,
      916,
      32,
      0,
      37,
      0,
      1,
      0
    ],
    [
      0,
      1,
      30,
      896,
      1,
      71,
      0,
      1,
      0
    ],
    [
      0,
      0,
      0,
      0,
      961,
      0,
      31,
      0,
      8
    ],
    [
      107,
      0,
      33,
      88,
      0,
      763,
      0,
      9,
      0
    ],
    [
      0,
      0,
      0,
      0,
      4,
      0,
      955,
      0,
      41
    ],
    [
      0,
      0,
      6,
      2,
      2,
      4,
      5,
      980,
      1
    ],
    [
      0,
      0,
      0,
      0,
      4,
      1,
      22,
      0,
      973
    ]
  ]
}