{
  "experiment": "exp3",
  "condition": {
    "num_classes": 3,
    "class_list": [
      1,
      5,
      9
    ],
    "class_names": [
      "Trouser",
      "Sandal",
      "Ankle boot"
    ],
    "combo_idx": 3,
    "subset_pct": 100,
    "num_samples": 18000,
    "samples_per_class": 6000,
    "train_samples": 16200,
    "val_samples": 1800,
    "test_samples": 3000
  },
  "seed": 31380194,
  "timestamp": "2026-01-17T22:57:23.876315",
  "training_dynamics": {
    "epochs_trained": 16,
    "best_epoch": 6,
    "best_val_accuracy": 0.9972222222222222,
    "final_train_loss": 0.005035470704961751,
    "final_val_loss": 0.012358010536390098,
    "training_time_seconds": 12.549928903579712
  },
  "training_history": {
    "train_loss": [
      0.049407648486149404,
      0.018111288790143273,
      0.012262688440186619,
      0.009917407596616627,
      0.0069255121238496736,
      0.005854812281352958,
      0.009818077996673252,
      0.003730444733994014,
      0.004665505902289266,
      0.0017272260600120753,
      0.001904722902654782,
      0.005000135738325229,
      0.0053490517007666995,
      0.004293986344126054,
      0.001491218553523676,
      0.005035470704961751
    ],
    "val_loss": [
      0.02364682340528816,
      0.04099813446299069,
      0.019295501792688203,
      0.020022575195568302,
      0.024045518169538507,
      0.010719768805720377,
      0.012041344162037811,
      0.016485600229306226,
      0.014087094722974345,
      0.016223271527962595,
      0.02214911308042954,
      0.01173764868662627,
      0.012730089027010965,
      0.024022333952222332,
      0.014637471059887604,
      0.012358010536390098
    ],
    "val_accuracy": [
      0.9916666666666667,
      0.9838888888888889,
      0.9938888888888889,
      0.9933333333333333,
      0.995,
      0.995,
      0.9972222222222222,
      0.9938888888888889,
      0.9966666666666667,
      0.9966666666666667,
      0.995,
      0.9972222222222222,
      0.9966666666666667,
      0.995,
      0.9972222222222222,
      0.9955555555555555
    ]
  },
  "global_metrics": {
    "accuracy": 0.997,
    "balanced_accuracy": 0.9969999999999999,
    "top_3_accuracy": 1.0,
    "top_5_accuracy": 1.0,
    "log_loss": 0.01743863514988038,
    "mcc": 0.9955014932533599,
    "cohens_kappa": 0.9955,
    "precision_macro": 0.9970029730267572,
    "precision_micro": 0.997,
    "precision_weighted": 0.9970029730267573,
    "recall_macro": 0.9969999999999999,
    "recall_micro": 0.997,
    "recall_weighted": 0.997,
    "f1_macro": 0.9969999932499848,
    "f1_micro": 0.997,
    "f1_weighted": 0.9969999932499848,
    "auroc_macro": 0.999854,
    "auroc_weighted": 0.999854,
    "auprc_macro": 0.9997181813958728
  },
  "per_class_metrics": {
    "0": {
      "precision": 1.0,
      "recall": 1.0,
      "f1": 1.0,
      "specificity": 1.0,
      "fpr": 0.0,
      "fnr": 0.0,
      "auroc": 1.0,
      "auprc": 1.0,
      "support": 1000,
      "tp": 1000,
      "tn": 2000,
      "fp": 0,
      "fn": 0
    },
    "1": {
      "precision": 0.9940179461615155,
      "recall": 0.997,
      "f1": 0.9955067398901647,
      "specificity": 0.997,
      "fpr": 0.003,
      "fnr": 0.003,
      "auroc": 0.9998135,
      "auprc": 0.9996016567769095,
      "support": 1000,
      "tp": 997,
      "tn": 1994,
      "fp": 6,
      "fn": 3
    },
    "2": {
      "precision": 0.9969909729187563,
      "recall": 0.994,
      "f1": 0.9954932398597897,
      "specificity": 0.9985,
      "fpr": 0.0015,
      "fnr": 0.006,
      "auroc": 0.9997485,
      "auprc": 0.9995528874107091,
      "support": 1000,
      "tp": 994,
      "tn": 1997,
      "fp": 3,
      "fn": 6
    }
  },
  "confusion_matrix": [
    [
      1000,
      0,
      0
    ],
    [
      0,
      997,
      3
    ],
    [
      0,
      6,
      994
    ]
  ]
}