{
  "experiment": "exp3",
  "condition": {
    "num_classes": 9,
    "class_list": [
      0,
      1,
      3,
      4,
      5,
      6,
      7,
      8,
      9
    ],
    "class_names": [
      "T-shirt/top",
      "Trouser",
      "Dress",
      "Coat",
      "Sandal",
      "Shirt",
      "Sneaker",
      "Bag",
      "Ankle boot"
    ],
    "combo_idx": 3,
    "subset_pct": 50,
    "num_samples": 27000,
    "samples_per_class": 3000,
    "train_samples": 24300,
    "val_samples": 2700,
    "test_samples": 9000
  },
  "seed": 31380194,
  "timestamp": "2026-01-18T00:15:17.386211",
  "training_dynamics": {
    "epochs_trained": 20,
    "best_epoch": 10,
    "best_val_accuracy": 0.9303703703703704,
    "final_train_loss": 0.03689615050174516,
    "final_val_loss": 0.3627011859858478,
    "training_time_seconds": 22.655916213989258
  },
  "training_history": {
    "train_loss": [
      0.44815088757558874,
      0.2831718820294267,
      0.23050512200907658,
      0.19871860657279428,
      0.17759614670159002,
      0.15407632207497954,
      0.13276589577037254,
      0.11936432720946247,
      0.10351662179945331,
      0.0929112417991028,
      0.08186943567554025,
      0.06908604936968339,
      0.06557445641680572,
      0.058491219600392996,
      0.053946257733715405,
      0.046659604003530385,
      0.046836724895432495,
      0.03922837695511254,
      0.04081511505769173,
      0.03689615050174516
    ],
    "val_loss": [
      0.2744153461412147,
      0.26466624048021103,
      0.2336978852528113,
      0.20545198833500897,
      0.22626214685263457,
      0.21464140406361332,
      0.2081322060470228,
      0.2120953192755028,
      0.21395195060306124,
      0.1997663629717297,
      0.24061456788469243,
      0.25675394113417027,
      0.2686114402060156,
      0.2856675592285615,
      0.30831757334647353,
      0.28148838467620035,
      0.2939815699612653,
      0.316260690678049,
      0.30570179438149486,
      0.3627011859858478
    ],
    "val_accuracy": [
      0.8955555555555555,
      0.8977777777777778,
      0.9111111111111111,
      0.9218518518518518,
      0.9162962962962963,
      0.9233333333333333,
      0.9251851851851852,
      0.924074074074074,
      0.9251851851851852,
      0.9303703703703704,
      0.9303703703703704,
      0.9203703703703704,
      0.9255555555555556,
      0.9248148148148149,
      0.9259259259259259,
      0.9177777777777778,
      0.9244444444444444,
      0.9185185185185185,
      0.92,
      0.9177777777777778
    ]
  },
  "global_metrics": {
    "accuracy": 0.9231111111111111,
    "balanced_accuracy": 0.9231111111111111,
    "top_3_accuracy": 0.9945555555555555,
    "top_5_accuracy": 0.9994444444444445,
    "log_loss": 0.237967385931953,
    "mcc": 0.9135701826496917,
    "cohens_kappa": 0.9135,
    "precision_macro": 0.9238513952551861,
    "precision_micro": 0.9231111111111111,
    "precision_weighted": 0.9238513952551859,
    "recall_macro": 0.9231111111111111,
    "recall_micro": 0.9231111111111111,
    "recall_weighted": 0.9231111111111111,
    "f1_macro": 0.9232123271088386,
    "f1_micro": 0.9231111111111111,
    "f1_weighted": 0.9232123271088385,
    "auroc_macro": 0.9953171458333334,
    "auroc_weighted": 0.9953171458333333,
    "auprc_macro": 0.9697428665193034
  },
  "per_class_metrics": {
    "0": {
      "precision": 0.8348880597014925,
      "recall": 0.895,
      "f1": 0.8638996138996138,
      "specificity": 0.977875,
      "fpr": 0.022125,
      "fnr": 0.105,
      "auroc": 0.9917431250000001,
      "auprc": 0.944076133910427,
      "support": 1000,
      "tp": 895,
      "tn": 7823,
      "fp": 177,
      "fn": 105
    },
    "1": {
      "precision": 0.996900826446281,
      "recall": 0.965,
      "f1": 0.9806910569105691,
      "specificity": 0.999625,
      "fpr": 0.000375,
      "fnr": 0.035,
      "auroc": 0.999525,
      "auprc": 0.9976077294060188,
      "support": 1000,
      "tp": 965,
      "tn": 7997,
      "fp": 3,
      "fn": 35
    },
    "2": {
      "precision": 0.9063414634146342,
      "recall": 0.929,
      "f1": 0.9175308641975309,
      "specificity": 0.988,
      "fpr": 0.012,
      "fnr": 0.071,
      "auroc": 0.9960535,
      "auprc": 0.9716386098545226,
      "support": 1000,
      "tp": 929,
      "tn": 7904,
      "fp": 96,
      "fn": 71
    },
    "3": {
      "precision": 0.9127234490010515,
      "recall": 0.868,
      "f1": 0.8898001025115325,
      "specificity": 0.989625,
      "fpr": 0.010375,
      "fnr": 0.132,
      "auroc": 0.994769,
      "auprc": 0.9611285519323316,
      "support": 1000,
      "tp": 868,
      "tn": 7917,
      "fp": 83,
      "fn": 132
    },
    "4": {
      "precision": 0.9788306451612904,
      "recall": 0.971,
      "f1": 0.9748995983935743,
      "specificity": 0.997375,
      "fpr": 0.002625,
      "fnr": 0.029,
      "auroc": 0.9994465625,
      "auprc": 0.9967266817591304,
      "support": 1000,
      "tp": 971,
      "tn": 7979,
      "fp": 21,
      "fn": 29
    },
    "5": {
      "precision": 0.7885597548518897,
      "recall": 0.772,
      "f1": 0.7801920161697827,
      "specificity": 0.974125,
      "fpr": 0.025875,
      "fnr": 0.228,
      "auroc": 0.9790829375000001,
      "auprc": 0.8744752264421028,
      "support": 1000,
      "tp": 772,
      "tn": 7793,
      "fp": 207,
      "fn": 228
    },
    "6": {
      "precision": 0.9398642095053347,
      "recall": 0.969,
      "f1": 0.9542097488921713,
      "specificity": 0.99225,
      "fpr": 0.00775,
      "fnr": 0.031,
      "auroc": 0.9987815624999999,
      "auprc": 0.9908759416214885,
      "support": 1000,
      "tp": 969,
      "tn": 7938,
      "fp": 62,
      "fn": 31
    },
    "7": {
      "precision": 0.981018981018981,
      "recall": 0.982,
      "f1": 0.9815092453773112,
      "specificity": 0.997625,
      "fpr": 0.002375,
      "fnr": 0.018,
      "auroc": 0.9994753749999999,
      "auprc": 0.9973637047134855,
      "support": 1000,
      "tp": 982,
      "tn": 7981,
      "fp": 19,
      "fn": 18
    },
    "8": {
      "precision": 0.9755351681957186,
      "recall": 0.957,
      "f1": 0.9661786976274608,
      "specificity": 0.997,
      "fpr": 0.003,
      "fnr": 0.043,
      "auroc": 0.99897725,
      "auprc": 0.9937932190342244,
      "support": 1000,
      "tp": 957,
      "tn": 7976,
      "fp": 24,
      "fn": 43
    }
  },
  "confusion_matrix": [
    [
      895,
      0,
      16,
      3,
      1,
      83,
      0,
      2,
      0
    ],
    [
      6,
      965,
      21,
      4,
      0,
      1,
      0,
      3,
      0
    ],
    [
      23,
      1,
      929,
      13,
      0,
      33,
      0,
      1,
      0
    ],
    [
      4,
      1,
      35,
      868,
      1,
      89,
      0,
      2,
      0
    ],
    [
      0,
      0,
      0,
      0,
      971,
      0,
      24,
      0,
      5
    ],
    [
      137,
      0,
      19,
      62,
      0,
      772,
      0,
      10,
      0
    ],
    [
      0,
      0,
      0,
      0,
      12,
      0,
      969,
      0,
      19
    ],
    [
      7,
      1,
      5,
      1,
      1,
      1,
      2,
      982,
      0
    ],
    [
      0,
      0,
      0,
      0,
      6,
      0,
      36,
      1,
      957
    ]
  ]
}