{
  "experiment": "exp3",
  "condition": {
    "num_classes": 8,
    "class_list": [
      0,
      1,
      3,
      4,
      5,
      6,
      7,
      8
    ],
    "class_names": [
      "T-shirt/top",
      "Trouser",
      "Dress",
      "Coat",
      "Sandal",
      "Shirt",
      "Sneaker",
      "Bag"
    ],
    "combo_idx": 1,
    "subset_pct": 10,
    "num_samples": 4800,
    "samples_per_class": 600,
    "train_samples": 4320,
    "val_samples": 480,
    "test_samples": 8000
  },
  "seed": 31380194,
  "timestamp": "2026-01-17T23:49:14.046696",
  "training_dynamics": {
    "epochs_trained": 15,
    "best_epoch": 5,
    "best_val_accuracy": 0.9083333333333333,
    "final_train_loss": 0.050030139370766634,
    "final_val_loss": 0.35509050587813057,
    "training_time_seconds": 3.025160312652588
  },
  "training_history": {
    "train_loss": [
      0.6973204397979904,
      0.3968741637380684,
      0.33218376053606763,
      0.25911829248070717,
      0.2206992796238731,
      0.1897149289793828,
      0.1590496705406729,
      0.14586327931679346,
      0.11806222769048284,
      0.0802448983578121,
      0.07302737378460519,
      0.06020664187449524,
      0.04828784238848397,
      0.05352709179415422,
      0.050030139370766634
    ],
    "val_loss": [
      0.4017384767532349,
      0.33327786723772684,
      0.42638108134269714,
      0.29843521416187285,
      0.2963414470354716,
      0.31849276820818584,
      0.3648183604081472,
      0.390660297870636,
      0.30314506193002067,
      0.43115005095799763,
      0.3771446843942006,
      0.32790659765402475,
      0.3028518160184224,
      0.3990817089875539,
      0.35509050587813057
    ],
    "val_accuracy": [
      0.8458333333333333,
      0.8708333333333333,
      0.8375,
      0.8791666666666667,
      0.8854166666666666,
      0.8791666666666667,
      0.8458333333333333,
      0.8583333333333333,
      0.8833333333333333,
      0.875,
      0.8833333333333333,
      0.9,
      0.9083333333333333,
      0.8875,
      0.8895833333333333
    ]
  },
  "global_metrics": {
    "accuracy": 0.88325,
    "balanced_accuracy": 0.88325,
    "top_3_accuracy": 0.991375,
    "top_5_accuracy": 0.99875,
    "log_loss": 0.3098442298542432,
    "mcc": 0.8669017810941742,
    "cohens_kappa": 0.8665714285714285,
    "precision_macro": 0.8852490778038431,
    "precision_micro": 0.88325,
    "precision_weighted": 0.8852490778038432,
    "recall_macro": 0.88325,
    "recall_micro": 0.88325,
    "recall_weighted": 0.88325,
    "f1_macro": 0.8830785575353151,
    "f1_micro": 0.88325,
    "f1_weighted": 0.883078557535315,
    "auroc_macro": 0.9890720178571428,
    "auroc_weighted": 0.9890720178571428,
    "auprc_macro": 0.9403150643795899
  },
  "per_class_metrics": {
    "0": {
      "precision": 0.8511137162954279,
      "recall": 0.726,
      "f1": 0.7835941716135996,
      "specificity": 0.9818571428571429,
      "fpr": 0.01814285714285714,
      "fnr": 0.274,
      "auroc": 0.9820232857142859,
      "auprc": 0.885214219587492,
      "support": 1000,
      "tp": 726,
      "tn": 6873,
      "fp": 127,
      "fn": 274
    },
    "1": {
      "precision": 0.9947534102833159,
      "recall": 0.948,
      "f1": 0.9708141321044547,
      "specificity": 0.9992857142857143,
      "fpr": 0.0007142857142857143,
      "fnr": 0.052,
      "auroc": 0.9986991428571429,
      "auprc": 0.9948119160455358,
      "support": 1000,
      "tp": 948,
      "tn": 6995,
      "fp": 5,
      "fn": 52
    },
    "2": {
      "precision": 0.8341013824884793,
      "recall": 0.905,
      "f1": 0.86810551558753,
      "specificity": 0.9742857142857143,
      "fpr": 0.025714285714285714,
      "fnr": 0.095,
      "auroc": 0.991495,
      "auprc": 0.9460816126836035,
      "support": 1000,
      "tp": 905,
      "tn": 6820,
      "fp": 180,
      "fn": 95
    },
    "3": {
      "precision": 0.8139321723189734,
      "recall": 0.888,
      "f1": 0.8493543758967002,
      "specificity": 0.971,
      "fpr": 0.029,
      "fnr": 0.112,
      "auroc": 0.9892751428571428,
      "auprc": 0.928131624160378,
      "support": 1000,
      "tp": 888,
      "tn": 6797,
      "fp": 203,
      "fn": 112
    },
    "4": {
      "precision": 0.94716618635927,
      "recall": 0.986,
      "f1": 0.9661930426261637,
      "specificity": 0.9921428571428571,
      "fpr": 0.007857142857142858,
      "fnr": 0.014,
      "auroc": 0.999358,
      "auprc": 0.9953405559421027,
      "support": 1000,
      "tp": 986,
      "tn": 6945,
      "fp": 55,
      "fn": 14
    },
    "5": {
      "precision": 0.6804326450344149,
      "recall": 0.692,
      "f1": 0.6861675756073375,
      "specificity": 0.9535714285714286,
      "fpr": 0.04642857142857143,
      "fnr": 0.308,
      "auroc": 0.9539871428571429,
      "auprc": 0.7840684399915919,
      "support": 1000,
      "tp": 692,
      "tn": 6675,
      "fp": 325,
      "fn": 308
    },
    "6": {
      "precision": 0.9885773624091381,
      "recall": 0.952,
      "f1": 0.9699439633214467,
      "specificity": 0.9984285714285714,
      "fpr": 0.0015714285714285715,
      "fnr": 0.048,
      "auroc": 0.9994152857142857,
      "auprc": 0.996622673333346,
      "support": 1000,
      "tp": 952,
      "tn": 6989,
      "fp": 11,
      "fn": 48
    },
    "7": {
      "precision": 0.9719157472417251,
      "recall": 0.969,
      "f1": 0.9704556835252879,
      "specificity": 0.996,
      "fpr": 0.004,
      "fnr": 0.031,
      "auroc": 0.9983231428571427,
      "auprc": 0.9922494732926687,
      "support": 1000,
      "tp": 969,
      "tn": 6972,
      "fp": 28,
      "fn": 31
    }
  },
  "confusion_matrix": [
    [
      726,
      0,
      54,
      16,
      3,
      192,
      0,
      9
    ],
    [
      0,
      948,
      36,
      10,
      0,
      4,
      0,
      2
    ],
    [
      9,
      4,
      905,
      39,
      0,
      42,
      0,
      1
    ],
    [
      0,
      1,
      29,
      888,
      0,
      81,
      0,
      1
    ],
    [
      0,
      0,
      2,
      0,
      986,
      1,
      10,
      1
    ],
    [
      114,
      0,
      53,
      128,
      0,
      692,
      0,
      13
    ],
    [
      0,
      0,
      0,
      0,
      47,
      0,
      952,
      1
    ],
    [
      4,
      0,
      6,
      10,
      5,
      5,
      1,
      969
    ]
  ]
}