{
  "experiment": "exp3",
  "condition": {
    "num_classes": 9,
    "class_list": [
      0,
      1,
      2,
      3,
      4,
      5,
      6,
      7,
      9
    ],
    "class_names": [
      "T-shirt/top",
      "Trouser",
      "Pullover",
      "Dress",
      "Coat",
      "Sandal",
      "Shirt",
      "Sneaker",
      "Ankle boot"
    ],
    "combo_idx": 1,
    "subset_pct": 20,
    "num_samples": 10800,
    "samples_per_class": 1200,
    "train_samples": 9720,
    "val_samples": 1080,
    "test_samples": 9000
  },
  "seed": 31380194,
  "timestamp": "2026-01-18T00:06:45.927804",
  "training_dynamics": {
    "epochs_trained": 15,
    "best_epoch": 5,
    "best_val_accuracy": 0.8981481481481481,
    "final_train_loss": 0.06808389320749005,
    "final_val_loss": 0.42928996174423784,
    "training_time_seconds": 7.1432788372039795
  },
  "training_history": {
    "train_loss": [
      0.7063558772206306,
      0.45074073088012245,
      0.37216411030998353,
      0.3314978751893106,
      0.28781167309927314,
      0.25086104467903314,
      0.2229603284381722,
      0.20149705098255685,
      0.17058900084444567,
      0.15030267873876973,
      0.13065242598225413,
      0.1144331248207508,
      0.09236333222667638,
      0.08418512687479195,
      0.06808389320749005
    ],
    "val_loss": [
      0.46866536780639934,
      0.3683216826783286,
      0.40761267057171574,
      0.3473344749874539,
      0.31383660899268256,
      0.32922771330232975,
      0.35112692912419635,
      0.3960377706421746,
      0.3440346678098043,
      0.3468819801454191,
      0.34727972944577534,
      0.3966740177737342,
      0.37783703053439105,
      0.41490530636575484,
      0.42928996174423784
    ],
    "val_accuracy": [
      0.8268518518518518,
      0.8611111111111112,
      0.8555555555555555,
      0.8694444444444445,
      0.8824074074074074,
      0.8824074074074074,
      0.875,
      0.8740740740740741,
      0.8833333333333333,
      0.8870370370370371,
      0.8851851851851852,
      0.8888888888888888,
      0.8981481481481481,
      0.8851851851851852,
      0.8898148148148148
    ]
  },
  "global_metrics": {
    "accuracy": 0.8797777777777778,
    "balanced_accuracy": 0.8797777777777777,
    "top_3_accuracy": 0.9901111111111112,
    "top_5_accuracy": 0.999,
    "log_loss": 0.33151754587855703,
    "mcc": 0.8648510733634968,
    "cohens_kappa": 0.86475,
    "precision_macro": 0.8801894777832876,
    "precision_micro": 0.8797777777777778,
    "precision_weighted": 0.8801894777832875,
    "recall_macro": 0.8797777777777777,
    "recall_micro": 0.8797777777777778,
    "recall_weighted": 0.8797777777777778,
    "f1_macro": 0.8795972735464241,
    "f1_micro": 0.8797777777777778,
    "f1_weighted": 0.8795972735464243,
    "auroc_macro": 0.9894972222222221,
    "auroc_weighted": 0.9894972222222223,
    "auprc_macro": 0.9354109782683447
  },
  "per_class_metrics": {
    "0": {
      "precision": 0.796688132474701,
      "recall": 0.866,
      "f1": 0.8298993770963105,
      "specificity": 0.972375,
      "fpr": 0.027625,
      "fnr": 0.134,
      "auroc": 0.9874412499999999,
      "auprc": 0.9124666179937075,
      "support": 1000,
      "tp": 866,
      "tn": 7779,
      "fp": 221,
      "fn": 134
    },
    "1": {
      "precision": 0.986734693877551,
      "recall": 0.967,
      "f1": 0.9767676767676767,
      "specificity": 0.998375,
      "fpr": 0.001625,
      "fnr": 0.033,
      "auroc": 0.9995771250000001,
      "auprc": 0.9972861102345852,
      "support": 1000,
      "tp": 967,
      "tn": 7987,
      "fp": 13,
      "fn": 33
    },
    "2": {
      "precision": 0.8382804503582395,
      "recall": 0.819,
      "f1": 0.8285280728376327,
      "specificity": 0.98025,
      "fpr": 0.01975,
      "fnr": 0.181,
      "auroc": 0.98471875,
      "auprc": 0.9074935036291002,
      "support": 1000,
      "tp": 819,
      "tn": 7842,
      "fp": 158,
      "fn": 181
    },
    "3": {
      "precision": 0.8711538461538462,
      "recall": 0.906,
      "f1": 0.888235294117647,
      "specificity": 0.98325,
      "fpr": 0.01675,
      "fnr": 0.094,
      "auroc": 0.9937234999999999,
      "auprc": 0.9555154831782859,
      "support": 1000,
      "tp": 906,
      "tn": 7866,
      "fp": 134,
      "fn": 94
    },
    "4": {
      "precision": 0.8347547974413646,
      "recall": 0.783,
      "f1": 0.8080495356037152,
      "specificity": 0.980625,
      "fpr": 0.019375,
      "fnr": 0.217,
      "auroc": 0.9844065,
      "auprc": 0.8886348860919575,
      "support": 1000,
      "tp": 783,
      "tn": 7845,
      "fp": 155,
      "fn": 217
    },
    "5": {
      "precision": 0.9877425944841676,
      "recall": 0.967,
      "f1": 0.9772612430520464,
      "specificity": 0.9985,
      "fpr": 0.0015,
      "fnr": 0.033,
      "auroc": 0.999390125,
      "auprc": 0.9955386469861286,
      "support": 1000,
      "tp": 967,
      "tn": 7988,
      "fp": 12,
      "fn": 33
    },
    "6": {
      "precision": 0.6952965235173824,
      "recall": 0.68,
      "f1": 0.6875631951466127,
      "specificity": 0.96275,
      "fpr": 0.03725,
      "fnr": 0.32,
      "auroc": 0.958892125,
      "auprc": 0.7813817096252353,
      "support": 1000,
      "tp": 680,
      "tn": 7702,
      "fp": 298,
      "fn": 320
    },
    "7": {
      "precision": 0.9365384615384615,
      "recall": 0.974,
      "f1": 0.9549019607843138,
      "specificity": 0.99175,
      "fpr": 0.00825,
      "fnr": 0.026,
      "auroc": 0.9985697499999999,
      "auprc": 0.9884105054063678,
      "support": 1000,
      "tp": 974,
      "tn": 7934,
      "fp": 66,
      "fn": 26
    },
    "8": {
      "precision": 0.9745158002038736,
      "recall": 0.956,
      "f1": 0.9651691065118627,
      "specificity": 0.996875,
      "fpr": 0.003125,
      "fnr": 0.044,
      "auroc": 0.9987558750000001,
      "auprc": 0.9919713412697331,
      "support": 1000,
      "tp": 956,
      "tn": 7975,
      "fp": 25,
      "fn": 44
    }
  },
  "confusion_matrix": [
    [
      866,
      1,
      14,
      33,
      3,
      2,
      81,
      0,
      0
    ],
    [
      2,
      967,
      1,
      23,
      4,
      0,
      3,
      0,
      0
    ],
    [
      19,
      2,
      819,
      10,
      71,
      0,
      79,
      0,
      0
    ],
    [
      24,
      8,
      8,
      906,
      13,
      0,
      41,
      0,
      0
    ],
    [
      2,
      1,
      79,
      41,
      783,
      0,
      94,
      0,
      0
    ],
    [
      1,
      0,
      0,
      0,
      0,
      967,
      0,
      27,
      5
    ],
    [
      172,
      1,
      56,
      27,
      64,
      0,
      680,
      0,
      0
    ],
    [
      0,
      0,
      0,
      0,
      0,
      6,
      0,
      974,
      20
    ],
    [
      1,
      0,
      0,
      0,
      0,
      4,
      0,
      39,
      956
    ]
  ]
}