{
  "experiment": "exp3",
  "condition": {
    "num_classes": 9,
    "class_list": [
      0,
      2,
      3,
      4,
      5,
      6,
      7,
      8,
      9
    ],
    "class_names": [
      "T-shirt/top",
      "Pullover",
      "Dress",
      "Coat",
      "Sandal",
      "Shirt",
      "Sneaker",
      "Bag",
      "Ankle boot"
    ],
    "combo_idx": 4,
    "subset_pct": 60,
    "num_samples": 32400,
    "samples_per_class": 3600,
    "train_samples": 29160,
    "val_samples": 3240,
    "test_samples": 9000
  },
  "seed": 31380194,
  "timestamp": "2026-01-18T00:19:15.934899",
  "training_dynamics": {
    "epochs_trained": 18,
    "best_epoch": 8,
    "best_val_accuracy": 0.9209876543209876,
    "final_train_loss": 0.06929633562685922,
    "final_val_loss": 0.29979540904362995,
    "training_time_seconds": 24.65766191482544
  },
  "training_history": {
    "train_loss": [
      0.5450063719691938,
      0.35585886824941426,
      0.2995558255597165,
      0.26087237892901166,
      0.23196864566814743,
      0.20850096105418184,
      0.18684472039080502,
      0.16468767812802343,
      0.15033146796192517,
      0.13641501873682596,
      0.12040263430721927,
      0.11050527041630917,
      0.1003950171768992,
      0.08854315078841817,
      0.08159977524222709,
      0.07383997096034714,
      0.07173032162653838,
      0.06929633562685922
    ],
    "val_loss": [
      0.3256277046085876,
      0.3259097738030516,
      0.25598385120615547,
      0.260215507686874,
      0.23752699888046877,
      0.2500144013284165,
      0.2373620495752052,
      0.2372783659416952,
      0.2422612077292101,
      0.2685765368702971,
      0.2828108240056921,
      0.25678941824553925,
      0.2406949480374654,
      0.2621791496688937,
      0.31579950437133697,
      0.32131896294929363,
      0.2988288365764382,
      0.29979540904362995
    ],
    "val_accuracy": [
      0.8777777777777778,
      0.8746913580246913,
      0.903395061728395,
      0.9117283950617284,
      0.9175925925925926,
      0.9108024691358024,
      0.9108024691358024,
      0.9148148148148149,
      0.9151234567901234,
      0.9104938271604939,
      0.9080246913580247,
      0.9209876543209876,
      0.9166666666666666,
      0.9166666666666666,
      0.9111111111111111,
      0.9117283950617284,
      0.9166666666666666,
      0.9138888888888889
    ]
  },
  "global_metrics": {
    "accuracy": 0.9004444444444445,
    "balanced_accuracy": 0.9004444444444444,
    "top_3_accuracy": 0.9924444444444445,
    "top_5_accuracy": 0.9991111111111111,
    "log_loss": 0.2805225960870679,
    "mcc": 0.8881735191797238,
    "cohens_kappa": 0.888,
    "precision_macro": 0.9022140855616296,
    "precision_micro": 0.9004444444444445,
    "precision_weighted": 0.9022140855616295,
    "recall_macro": 0.9004444444444444,
    "recall_micro": 0.9004444444444445,
    "recall_weighted": 0.9004444444444445,
    "f1_macro": 0.900628090969826,
    "f1_micro": 0.9004444444444445,
    "f1_weighted": 0.900628090969826,
    "auroc_macro": 0.9929871249999999,
    "auroc_weighted": 0.9929871249999999,
    "auprc_macro": 0.9574510307743493
  },
  "per_class_metrics": {
    "0": {
      "precision": 0.8283858998144712,
      "recall": 0.893,
      "f1": 0.8594802694898942,
      "specificity": 0.976875,
      "fpr": 0.023125,
      "fnr": 0.107,
      "auroc": 0.9903989999999999,
      "auprc": 0.9422868144146928,
      "support": 1000,
      "tp": 893,
      "tn": 7815,
      "fp": 185,
      "fn": 107
    },
    "1": {
      "precision": 0.8230414746543778,
      "recall": 0.893,
      "f1": 0.8565947242206234,
      "specificity": 0.976,
      "fpr": 0.024,
      "fnr": 0.107,
      "auroc": 0.9905372499999999,
      "auprc": 0.9440198799258754,
      "support": 1000,
      "tp": 893,
      "tn": 7808,
      "fp": 192,
      "fn": 107
    },
    "2": {
      "precision": 0.9642058165548099,
      "recall": 0.862,
      "f1": 0.9102428722280888,
      "specificity": 0.996,
      "fpr": 0.004,
      "fnr": 0.138,
      "auroc": 0.996294625,
      "auprc": 0.972359455102349,
      "support": 1000,
      "tp": 862,
      "tn": 7968,
      "fp": 32,
      "fn": 138
    },
    "3": {
      "precision": 0.8712041884816754,
      "recall": 0.832,
      "f1": 0.8511508951406649,
      "specificity": 0.984625,
      "fpr": 0.015375,
      "fnr": 0.168,
      "auroc": 0.990787625,
      "auprc": 0.935667821686909,
      "support": 1000,
      "tp": 832,
      "tn": 7877,
      "fp": 123,
      "fn": 168
    },
    "4": {
      "precision": 0.9819458375125376,
      "recall": 0.979,
      "f1": 0.9804707060590886,
      "specificity": 0.99775,
      "fpr": 0.00225,
      "fnr": 0.021,
      "auroc": 0.99974725,
      "auprc": 0.9979816697520364,
      "support": 1000,
      "tp": 979,
      "tn": 7982,
      "fp": 18,
      "fn": 21
    },
    "5": {
      "precision": 0.7360406091370558,
      "recall": 0.725,
      "f1": 0.7304785894206549,
      "specificity": 0.9675,
      "fpr": 0.0325,
      "fnr": 0.275,
      "auroc": 0.9712965,
      "auprc": 0.8392010944775055,
      "support": 1000,
      "tp": 725,
      "tn": 7740,
      "fp": 260,
      "fn": 275
    },
    "6": {
      "precision": 0.9475218658892128,
      "recall": 0.975,
      "f1": 0.9610645638245441,
      "specificity": 0.99325,
      "fpr": 0.00675,
      "fnr": 0.025,
      "auroc": 0.99913625,
      "auprc": 0.99350356721109,
      "support": 1000,
      "tp": 975,
      "tn": 7946,
      "fp": 54,
      "fn": 25
    },
    "7": {
      "precision": 0.985985985985986,
      "recall": 0.985,
      "f1": 0.9854927463731865,
      "specificity": 0.99825,
      "fpr": 0.00175,
      "fnr": 0.015,
      "auroc": 0.999590625,
      "auprc": 0.9978560546550067,
      "support": 1000,
      "tp": 985,
      "tn": 7986,
      "fp": 14,
      "fn": 15
    },
    "8": {
      "precision": 0.9815950920245399,
      "recall": 0.96,
      "f1": 0.9706774519716885,
      "specificity": 0.99775,
      "fpr": 0.00225,
      "fnr": 0.04,
      "auroc": 0.9990950000000001,
      "auprc": 0.9941829197436785,
      "support": 1000,
      "tp": 960,
      "tn": 7982,
      "fp": 18,
      "fn": 40
    }
  },
  "confusion_matrix": [
    [
      893,
      30,
      4,
      2,
      1,
      66,
      0,
      4,
      0
    ],
    [
      14,
      893,
      4,
      34,
      0,
      55,
      0,
      0,
      0
    ],
    [
      37,
      23,
      862,
      30,
      0,
      45,
      0,
      2,
      1
    ],
    [
      1,
      67,
      7,
      832,
      0,
      92,
      0,
      1,
      0
    ],
    [
      0,
      0,
      0,
      0,
      979,
      0,
      19,
      0,
      2
    ],
    [
      130,
      67,
      14,
      57,
      0,
      725,
      0,
      7,
      0
    ],
    [
      0,
      0,
      0,
      0,
      10,
      0,
      975,
      0,
      15
    ],
    [
      3,
      4,
      3,
      0,
      2,
      2,
      1,
      985,
      0
    ],
    [
      0,
      1,
      0,
      0,
      5,
      0,
      34,
      0,
      960
    ]
  ]
}