{
  "experiment": "exp3",
  "condition": {
    "num_classes": 4,
    "class_list": [
      1,
      5,
      6,
      9
    ],
    "class_names": [
      "Trouser",
      "Sandal",
      "Shirt",
      "Ankle boot"
    ],
    "combo_idx": 3,
    "subset_pct": 40,
    "num_samples": 9600,
    "samples_per_class": 2400,
    "train_samples": 8640,
    "val_samples": 960,
    "test_samples": 4000
  },
  "seed": 31380194,
  "timestamp": "2026-01-17T23:05:10.964168",
  "training_dynamics": {
    "epochs_trained": 17,
    "best_epoch": 7,
    "best_val_accuracy": 0.99375,
    "final_train_loss": 0.005281060528199709,
    "final_val_loss": 0.061998878802599695,
    "training_time_seconds": 7.260937213897705
  },
  "training_history": {
    "train_loss": [
      0.10003413023530609,
      0.039510588234945854,
      0.021813527064579022,
      0.015518539933341177,
      0.017981718353931447,
      0.011149850962748233,
      0.011105957521660322,
      0.00579643554194465,
      0.004427729424983058,
      0.0014635736645585793,
      0.00039386947651152054,
      0.00015371360281051237,
      0.0002398873377943447,
      0.002224163531880347,
      0.02353194333446919,
      0.008261924180395133,
      0.005281060528199709
    ],
    "val_loss": [
      0.04157709089340642,
      0.03263520027200381,
      0.04432002207225499,
      0.028156982860915985,
      0.05434407875679123,
      0.05820568739242541,
      0.02161235742902742,
      0.032882482263539715,
      0.051024334765437135,
      0.028646424177365286,
      0.03234510632732205,
      0.030470331478682056,
      0.028400702891053696,
      0.0357633818208645,
      0.07394710312170598,
      0.04087471819899899,
      0.061998878802599695
    ],
    "val_accuracy": [
      0.9833333333333333,
      0.9895833333333334,
      0.9802083333333333,
      0.9895833333333334,
      0.98125,
      0.984375,
      0.9927083333333333,
      0.9916666666666667,
      0.984375,
      0.99375,
      0.99375,
      0.9927083333333333,
      0.99375,
      0.990625,
      0.9760416666666667,
      0.9875,
      0.9833333333333333
    ]
  },
  "global_metrics": {
    "accuracy": 0.9935,
    "balanced_accuracy": 0.9935,
    "top_3_accuracy": 1.0,
    "top_5_accuracy": 1.0,
    "log_loss": 0.02545248976550527,
    "mcc": 0.9913368856302048,
    "cohens_kappa": 0.9913333333333333,
    "precision_macro": 0.9935123077492163,
    "precision_micro": 0.9935,
    "precision_weighted": 0.9935123077492163,
    "recall_macro": 0.9935,
    "recall_micro": 0.9935,
    "recall_weighted": 0.9935,
    "f1_macro": 0.9935008307239884,
    "f1_micro": 0.9935,
    "f1_weighted": 0.9935008307239884,
    "auroc_macro": 0.9997370000000001,
    "auroc_weighted": 0.9997370000000001,
    "auprc_macro": 0.999352126873286
  },
  "per_class_metrics": {
    "0": {
      "precision": 0.9949698189134809,
      "recall": 0.989,
      "f1": 0.9919759277833501,
      "specificity": 0.9983333333333333,
      "fpr": 0.0016666666666666668,
      "fnr": 0.011,
      "auroc": 0.999937,
      "auprc": 0.9998164873747171,
      "support": 1000,
      "tp": 989,
      "tn": 2995,
      "fp": 5,
      "fn": 11
    },
    "1": {
      "precision": 0.995995995995996,
      "recall": 0.995,
      "f1": 0.9954977488744372,
      "specificity": 0.9986666666666667,
      "fpr": 0.0013333333333333333,
      "fnr": 0.005,
      "auroc": 0.999764,
      "auprc": 0.9990550550081138,
      "support": 1000,
      "tp": 995,
      "tn": 2996,
      "fp": 4,
      "fn": 5
    },
    "2": {
      "precision": 0.9880834160873883,
      "recall": 0.995,
      "f1": 0.9915296462381664,
      "specificity": 0.996,
      "fpr": 0.004,
      "fnr": 0.005,
      "auroc": 0.9998926666666667,
      "auprc": 0.9996686372429404,
      "support": 1000,
      "tp": 995,
      "tn": 2988,
      "fp": 12,
      "fn": 5
    },
    "3": {
      "precision": 0.995,
      "recall": 0.995,
      "f1": 0.995,
      "specificity": 0.9983333333333333,
      "fpr": 0.0016666666666666668,
      "fnr": 0.005,
      "auroc": 0.9993543333333335,
      "auprc": 0.9988683278673728,
      "support": 1000,
      "tp": 995,
      "tn": 2995,
      "fp": 5,
      "fn": 5
    }
  },
  "confusion_matrix": [
    [
      989,
      0,
      11,
      0
    ],
    [
      0,
      995,
      0,
      5
    ],
    [
      5,
      0,
      995,
      0
    ],
    [
      0,
      4,
      1,
      995
    ]
  ]
}