{
  "experiment": "exp3",
  "condition": {
    "num_classes": 10,
    "class_list": [
      0,
      1,
      2,
      3,
      4,
      5,
      6,
      7,
      8,
      9
    ],
    "class_names": [
      "T-shirt/top",
      "Trouser",
      "Pullover",
      "Dress",
      "Coat",
      "Sandal",
      "Shirt",
      "Sneaker",
      "Bag",
      "Ankle boot"
    ],
    "combo_idx": 0,
    "subset_pct": 40,
    "num_samples": 24000,
    "samples_per_class": 2400,
    "train_samples": 21600,
    "val_samples": 2400,
    "test_samples": 10000
  },
  "seed": 31380194,
  "timestamp": "2026-01-18T00:22:20.971045",
  "training_dynamics": {
    "epochs_trained": 20,
    "best_epoch": 10,
    "best_val_accuracy": 0.9329166666666666,
    "final_train_loss": 0.04791112631743983,
    "final_val_loss": 0.2799693301320076,
    "training_time_seconds": 20.595352172851562
  },
  "training_history": {
    "train_loss": [
      0.5774503971433499,
      0.37707264051282197,
      0.31804129093356387,
      0.2761979019104024,
      0.23927301664412373,
      0.2218098339773494,
      0.1907612131192134,
      0.16996096508830963,
      0.15672354294350865,
      0.13507184684386797,
      0.1166065988962996,
      0.10729435965633737,
      0.0932932482156131,
      0.08547999987037048,
      0.07996295560041122,
      0.07298036800840726,
      0.060535974053875403,
      0.05641677966837347,
      0.056609412496110435,
      0.04791112631743983
    ],
    "val_loss": [
      0.37568635066350303,
      0.2842348114649455,
      0.23877593298753103,
      0.23212607324123383,
      0.23250719288984933,
      0.21559345066547395,
      0.22989231263597806,
      0.2221154906352361,
      0.21574230521917342,
      0.20975747833649316,
      0.24548570096492767,
      0.22072698565820853,
      0.24205353170633315,
      0.2607911397020022,
      0.24120122072597344,
      0.23027156551678976,
      0.2716538023948669,
      0.30100411355495454,
      0.2703916931649049,
      0.2799693301320076
    ],
    "val_accuracy": [
      0.8595833333333334,
      0.8966666666666666,
      0.9183333333333333,
      0.9170833333333334,
      0.91375,
      0.9245833333333333,
      0.9229166666666667,
      0.92375,
      0.9216666666666666,
      0.92125,
      0.9208333333333333,
      0.9275,
      0.9270833333333334,
      0.9216666666666666,
      0.9316666666666666,
      0.9291666666666667,
      0.9245833333333333,
      0.9208333333333333,
      0.9233333333333333,
      0.9329166666666666
    ]
  },
  "global_metrics": {
    "accuracy": 0.8967,
    "balanced_accuracy": 0.8966999999999998,
    "top_3_accuracy": 0.9911,
    "top_5_accuracy": 0.9987,
    "log_loss": 0.2898262253201823,
    "mcc": 0.8854100277690702,
    "cohens_kappa": 0.8852222222222222,
    "precision_macro": 0.9003099739616157,
    "precision_micro": 0.8967,
    "precision_weighted": 0.9003099739616156,
    "recall_macro": 0.8966999999999998,
    "recall_micro": 0.8967,
    "recall_weighted": 0.8967,
    "f1_macro": 0.8977487868301811,
    "f1_micro": 0.8967,
    "f1_weighted": 0.897748786830181,
    "auroc_macro": 0.9933810444444445,
    "auroc_weighted": 0.9933810444444443,
    "auprc_macro": 0.9552498554075918
  },
  "per_class_metrics": {
    "0": {
      "precision": 0.8333333333333334,
      "recall": 0.86,
      "f1": 0.8464566929133859,
      "specificity": 0.9808888888888889,
      "fpr": 0.01911111111111111,
      "fnr": 0.14,
      "auroc": 0.9907201111111111,
      "auprc": 0.9378611260914546,
      "support": 1000,
      "tp": 860,
      "tn": 8828,
      "fp": 172,
      "fn": 140
    },
    "1": {
      "precision": 0.9898373983739838,
      "recall": 0.974,
      "f1": 0.9818548387096774,
      "specificity": 0.9988888888888889,
      "fpr": 0.0011111111111111111,
      "fnr": 0.026,
      "auroc": 0.9993732222222222,
      "auprc": 0.9967856067226181,
      "support": 1000,
      "tp": 974,
      "tn": 8990,
      "fp": 10,
      "fn": 26
    },
    "2": {
      "precision": 0.8405940594059406,
      "recall": 0.849,
      "f1": 0.844776119402985,
      "specificity": 0.9821111111111112,
      "fpr": 0.017888888888888888,
      "fnr": 0.151,
      "auroc": 0.9886318888888889,
      "auprc": 0.9276200310320135,
      "support": 1000,
      "tp": 849,
      "tn": 8839,
      "fp": 161,
      "fn": 151
    },
    "3": {
      "precision": 0.9246284501061571,
      "recall": 0.871,
      "f1": 0.8970133882595264,
      "specificity": 0.9921111111111112,
      "fpr": 0.00788888888888889,
      "fnr": 0.129,
      "auroc": 0.9955113333333332,
      "auprc": 0.9650201205210783,
      "support": 1000,
      "tp": 871,
      "tn": 8929,
      "fp": 71,
      "fn": 129
    },
    "4": {
      "precision": 0.8682170542635659,
      "recall": 0.784,
      "f1": 0.8239621650026274,
      "specificity": 0.9867777777777778,
      "fpr": 0.013222222222222222,
      "fnr": 0.216,
      "auroc": 0.9898225555555555,
      "auprc": 0.9168077409906298,
      "support": 1000,
      "tp": 784,
      "tn": 8881,
      "fp": 119,
      "fn": 216
    },
    "5": {
      "precision": 0.9838546922300706,
      "recall": 0.975,
      "f1": 0.9794073329984931,
      "specificity": 0.9982222222222222,
      "fpr": 0.0017777777777777779,
      "fnr": 0.025,
      "auroc": 0.9997522222222222,
      "auprc": 0.9979854410049014,
      "support": 1000,
      "tp": 975,
      "tn": 8984,
      "fp": 16,
      "fn": 25
    },
    "6": {
      "precision": 0.6755083996463307,
      "recall": 0.764,
      "f1": 0.7170342562177382,
      "specificity": 0.9592222222222222,
      "fpr": 0.04077777777777778,
      "fnr": 0.236,
      "auroc": 0.9720085555555555,
      "auprc": 0.8260040044471838,
      "support": 1000,
      "tp": 764,
      "tn": 8633,
      "fp": 367,
      "fn": 236
    },
    "7": {
      "precision": 0.9212007504690432,
      "recall": 0.982,
      "f1": 0.9506292352371732,
      "specificity": 0.9906666666666667,
      "fpr": 0.009333333333333334,
      "fnr": 0.018,
      "auroc": 0.999092,
      "auprc": 0.992949587278442,
      "support": 1000,
      "tp": 982,
      "tn": 8916,
      "fp": 84,
      "fn": 18
    },
    "8": {
      "precision": 0.9848331648129424,
      "recall": 0.974,
      "f1": 0.97938662644545,
      "specificity": 0.9983333333333333,
      "fpr": 0.0016666666666666668,
      "fnr": 0.026,
      "auroc": 0.9996466666666667,
      "auprc": 0.9977142108209831,
      "support": 1000,
      "tp": 974,
      "tn": 8985,
      "fp": 15,
      "fn": 26
    },
    "9": {
      "precision": 0.9810924369747899,
      "recall": 0.934,
      "f1": 0.9569672131147541,
      "specificity": 0.998,
      "fpr": 0.002,
      "fnr": 0.066,
      "auroc": 0.9992518888888888,
      "auprc": 0.9937506851666141,
      "support": 1000,
      "tp": 934,
      "tn": 8982,
      "fp": 18,
      "fn": 66
    }
  },
  "confusion_matrix": [
    [
      860,
      0,
      13,
      12,
      3,
      2,
      107,
      0,
      3,
      0
    ],
    [
      1,
      974,
      1,
      15,
      3,
      0,
      4,
      0,
      2,
      0
    ],
    [
      23,
      1,
      849,
      6,
      38,
      0,
      83,
      0,
      0,
      0
    ],
    [
      30,
      7,
      9,
      871,
      36,
      0,
      45,
      0,
      1,
      1
    ],
    [
      0,
      1,
      77,
      14,
      784,
      0,
      123,
      0,
      1,
      0
    ],
    [
      0,
      0,
      0,
      0,
      0,
      975,
      0,
      20,
      0,
      5
    ],
    [
      114,
      0,
      58,
      22,
      34,
      1,
      764,
      0,
      7,
      0
    ],
    [
      0,
      0,
      0,
      0,
      0,
      6,
      0,
      982,
      0,
      12
    ],
    [
      4,
      1,
      3,
      2,
      5,
      2,
      5,
      4,
      974,
      0
    ],
    [
      0,
      0,
      0,
      0,
      0,
      5,
      0,
      60,
      1,
      934
    ]
  ]
}