{
  "experiment": "exp3",
  "condition": {
    "num_classes": 7,
    "class_list": [
      0,
      1,
      2,
      3,
      5,
      7,
      8
    ],
    "class_names": [
      "T-shirt/top",
      "Trouser",
      "Pullover",
      "Dress",
      "Sandal",
      "Sneaker",
      "Bag"
    ],
    "combo_idx": 1,
    "subset_pct": 30,
    "num_samples": 12600,
    "samples_per_class": 1800,
    "train_samples": 11340,
    "val_samples": 1260,
    "test_samples": 7000
  },
  "seed": 31380194,
  "timestamp": "2026-01-17T23:34:47.580268",
  "training_dynamics": {
    "epochs_trained": 13,
    "best_epoch": 3,
    "best_val_accuracy": 0.9682539682539683,
    "final_train_loss": 0.017004319315163413,
    "final_val_loss": 0.1701578740326185,
    "training_time_seconds": 6.739855527877808
  },
  "training_history": {
    "train_loss": [
      0.33578596938024746,
      0.15506336971949997,
      0.11687924973457382,
      0.09849314494163133,
      0.08347396832482701,
      0.08101985013384498,
      0.055515854327424084,
      0.044910837091725275,
      0.05116309565648939,
      0.03738851500792806,
      0.03437383162783814,
      0.02143610063959907,
      0.017004319315163413
    ],
    "val_loss": [
      0.20213867596217563,
      0.18022371712658142,
      0.13231335782579012,
      0.14598711622612817,
      0.15449079166329097,
      0.13683128818160012,
      0.13542754230281664,
      0.14216186685694587,
      0.135542855636468,
      0.1532036699709438,
      0.14227890322605768,
      0.16881787541603285,
      0.1701578740326185
    ],
    "val_accuracy": [
      0.9380952380952381,
      0.9436507936507936,
      0.9611111111111111,
      0.9547619047619048,
      0.9523809523809523,
      0.9571428571428572,
      0.9595238095238096,
      0.9658730158730159,
      0.9595238095238096,
      0.9619047619047619,
      0.9666666666666667,
      0.9682539682539683,
      0.9642857142857143
    ]
  },
  "global_metrics": {
    "accuracy": 0.9621428571428572,
    "balanced_accuracy": 0.9621428571428572,
    "top_3_accuracy": 0.9975714285714286,
    "top_5_accuracy": 0.9994285714285714,
    "log_loss": 0.12050736800246897,
    "mcc": 0.9558809920165992,
    "cohens_kappa": 0.9558333333333333,
    "precision_macro": 0.9626225961298251,
    "precision_micro": 0.9621428571428572,
    "precision_weighted": 0.962622596129825,
    "recall_macro": 0.9621428571428572,
    "recall_micro": 0.9621428571428572,
    "recall_weighted": 0.9621428571428572,
    "f1_macro": 0.9622428389865029,
    "f1_micro": 0.9621428571428572,
    "f1_weighted": 0.9622428389865028,
    "auroc_macro": 0.9983059047619047,
    "auroc_weighted": 0.9983059047619047,
    "auprc_macro": 0.9916574724818942
  },
  "per_class_metrics": {
    "0": {
      "precision": 0.9138755980861244,
      "recall": 0.955,
      "f1": 0.9339853300733496,
      "specificity": 0.985,
      "fpr": 0.015,
      "fnr": 0.045,
      "auroc": 0.995787,
      "auprc": 0.9813251765148788,
      "support": 1000,
      "tp": 955,
      "tn": 5910,
      "fp": 90,
      "fn": 45
    },
    "1": {
      "precision": 0.9859013091641491,
      "recall": 0.979,
      "f1": 0.9824385348720522,
      "specificity": 0.9976666666666667,
      "fpr": 0.0023333333333333335,
      "fnr": 0.021,
      "auroc": 0.999587,
      "auprc": 0.9981285273640756,
      "support": 1000,
      "tp": 979,
      "tn": 5986,
      "fp": 14,
      "fn": 21
    },
    "2": {
      "precision": 0.9644308943089431,
      "recall": 0.949,
      "f1": 0.9566532258064516,
      "specificity": 0.9941666666666666,
      "fpr": 0.005833333333333334,
      "fnr": 0.051,
      "auroc": 0.9977175,
      "auprc": 0.9896508518720032,
      "support": 1000,
      "tp": 949,
      "tn": 5965,
      "fp": 35,
      "fn": 51
    },
    "3": {
      "precision": 0.9375629405840886,
      "recall": 0.931,
      "f1": 0.9342699448068239,
      "specificity": 0.9896666666666667,
      "fpr": 0.010333333333333333,
      "fnr": 0.069,
      "auroc": 0.9966405,
      "auprc": 0.9801400790788246,
      "support": 1000,
      "tp": 931,
      "tn": 5938,
      "fp": 62,
      "fn": 69
    },
    "4": {
      "precision": 0.9846625766871165,
      "recall": 0.963,
      "f1": 0.9737108190091001,
      "specificity": 0.9975,
      "fpr": 0.0025,
      "fnr": 0.037,
      "auroc": 0.9995283333333334,
      "auprc": 0.997410715892837,
      "support": 1000,
      "tp": 963,
      "tn": 5985,
      "fp": 15,
      "fn": 37
    },
    "5": {
      "precision": 0.9611273080660836,
      "recall": 0.989,
      "f1": 0.9748644652538196,
      "specificity": 0.9933333333333333,
      "fpr": 0.006666666666666667,
      "fnr": 0.011,
      "auroc": 0.999682,
      "auprc": 0.9980848731269184,
      "support": 1000,
      "tp": 989,
      "tn": 5960,
      "fp": 40,
      "fn": 11
    },
    "6": {
      "precision": 0.99079754601227,
      "recall": 0.969,
      "f1": 0.9797775530839231,
      "specificity": 0.9985,
      "fpr": 0.0015,
      "fnr": 0.031,
      "auroc": 0.999199,
      "auprc": 0.9968620835237209,
      "support": 1000,
      "tp": 969,
      "tn": 5991,
      "fp": 9,
      "fn": 31
    }
  },
  "confusion_matrix": [
    [
      955,
      0,
      18,
      22,
      1,
      0,
      4
    ],
    [
      5,
      979,
      1,
      13,
      0,
      0,
      2
    ],
    [
      30,
      1,
      949,
      18,
      0,
      0,
      2
    ],
    [
      47,
      10,
      11,
      931,
      0,
      0,
      1
    ],
    [
      1,
      0,
      0,
      0,
      963,
      36,
      0
    ],
    [
      0,
      0,
      0,
      0,
      11,
      989,
      0
    ],
    [
      7,
      3,
      5,
      9,
      3,
      4,
      969
    ]
  ]
}