{
  "experiment": "exp3",
  "condition": {
    "num_classes": 4,
    "class_list": [
      0,
      1,
      2,
      4
    ],
    "class_names": [
      "T-shirt/top",
      "Trouser",
      "Pullover",
      "Coat"
    ],
    "combo_idx": 0,
    "subset_pct": 40,
    "num_samples": 9600,
    "samples_per_class": 2400,
    "train_samples": 8640,
    "val_samples": 960,
    "test_samples": 4000
  },
  "seed": 31380194,
  "timestamp": "2026-01-17T22:59:11.356924",
  "training_dynamics": {
    "epochs_trained": 18,
    "best_epoch": 8,
    "best_val_accuracy": 0.9604166666666667,
    "final_train_loss": 0.021534969497480672,
    "final_val_loss": 0.18587475741902987,
    "training_time_seconds": 7.312152862548828
  },
  "training_history": {
    "train_loss": [
      0.36443981732483266,
      0.21792512834072114,
      0.17197916498062787,
      0.14157900992367004,
      0.12183111605268937,
      0.10416121477330173,
      0.08959828979439205,
      0.08147382223633705,
      0.06330345325102961,
      0.05240976384461478,
      0.04166741046571621,
      0.03968708230941384,
      0.034340849260075225,
      0.03377626870275924,
      0.02887607186222104,
      0.026819976848653622,
      0.020724816125369184,
      0.021534969497480672
    ],
    "val_loss": [
      0.19265177647272747,
      0.16638425787289937,
      0.1437773736814658,
      0.15000615840156872,
      0.14304722075661022,
      0.13608190963665645,
      0.13839557096362115,
      0.12302209436893463,
      0.15855477849642435,
      0.16871249961356322,
      0.22019120355447133,
      0.12873741475244363,
      0.15156582991282144,
      0.14718034540613492,
      0.16609423371652762,
      0.15618516467511653,
      0.24163407273590565,
      0.18587475741902987
    ],
    "val_accuracy": [
      0.9322916666666666,
      0.9458333333333333,
      0.9489583333333333,
      0.9479166666666666,
      0.95,
      0.9489583333333333,
      0.95625,
      0.9552083333333333,
      0.9479166666666666,
      0.94375,
      0.9364583333333333,
      0.95625,
      0.95625,
      0.9604166666666667,
      0.9541666666666667,
      0.9520833333333333,
      0.9322916666666666,
      0.9541666666666667
    ]
  },
  "global_metrics": {
    "accuracy": 0.9445,
    "balanced_accuracy": 0.9445,
    "top_3_accuracy": 0.999,
    "top_5_accuracy": 1.0,
    "log_loss": 0.16031124761822582,
    "mcc": 0.9260996382460769,
    "cohens_kappa": 0.926,
    "precision_macro": 0.9445238955832841,
    "precision_micro": 0.9445,
    "precision_weighted": 0.9445238955832842,
    "recall_macro": 0.9445,
    "recall_micro": 0.9445,
    "recall_weighted": 0.9445,
    "f1_macro": 0.9443608190677808,
    "f1_micro": 0.9445,
    "f1_weighted": 0.9443608190677809,
    "auroc_macro": 0.9940242499999999,
    "auroc_weighted": 0.99402425,
    "auprc_macro": 0.9837285412617968
  },
  "per_class_metrics": {
    "0": {
      "precision": 0.9514091350826045,
      "recall": 0.979,
      "f1": 0.9650073928043371,
      "specificity": 0.9833333333333333,
      "fpr": 0.016666666666666666,
      "fnr": 0.021,
      "auroc": 0.9977535,
      "auprc": 0.9935748147133485,
      "support": 1000,
      "tp": 979,
      "tn": 2950,
      "fp": 50,
      "fn": 21
    },
    "1": {
      "precision": 0.993933265925177,
      "recall": 0.983,
      "f1": 0.9884364002011061,
      "specificity": 0.998,
      "fpr": 0.002,
      "fnr": 0.017,
      "auroc": 0.9998016666666666,
      "auprc": 0.9994417599867806,
      "support": 1000,
      "tp": 983,
      "tn": 2994,
      "fp": 6,
      "fn": 17
    },
    "2": {
      "precision": 0.921161825726141,
      "recall": 0.888,
      "f1": 0.9042769857433809,
      "specificity": 0.9746666666666667,
      "fpr": 0.025333333333333333,
      "fnr": 0.112,
      "auroc": 0.9868603333333333,
      "auprc": 0.9687315605297233,
      "support": 1000,
      "tp": 888,
      "tn": 2924,
      "fp": 76,
      "fn": 112
    },
    "3": {
      "precision": 0.9115913555992141,
      "recall": 0.928,
      "f1": 0.9197224975222994,
      "specificity": 0.97,
      "fpr": 0.03,
      "fnr": 0.072,
      "auroc": 0.9916815,
      "auprc": 0.9731660298173348,
      "support": 1000,
      "tp": 928,
      "tn": 2910,
      "fp": 90,
      "fn": 72
    }
  },
  "confusion_matrix": [
    [
      979,
      2,
      15,
      4
    ],
    [
      9,
      983,
      1,
      7
    ],
    [
      31,
      2,
      888,
      79
    ],
    [
      10,
      2,
      60,
      928
    ]
  ]
}