{
  "experiment": "exp3",
  "condition": {
    "num_classes": 2,
    "class_list": [
      5,
      8
    ],
    "class_names": [
      "Sandal",
      "Bag"
    ],
    "combo_idx": 3,
    "subset_pct": 90,
    "num_samples": 10800,
    "samples_per_class": 5400,
    "train_samples": 9720,
    "val_samples": 1080,
    "test_samples": 2000
  },
  "seed": 31380194,
  "timestamp": "2026-01-17T22:51:37.133530",
  "training_dynamics": {
    "epochs_trained": 37,
    "best_epoch": 27,
    "best_val_accuracy": 0.9990740740740741,
    "final_train_loss": 0.0006096575249210602,
    "final_val_loss": 0.005388088992670722,
    "training_time_seconds": 17.402295351028442
  },
  "training_history": {
    "train_loss": [
      0.040308669811852986,
      0.008951750339771311,
      0.003476682052804024,
      0.003154863395826923,
      0.009339971675438775,
      0.0024402385645264472,
      0.001258556461703177,
      0.00015716564464319269,
      0.00013735699194116155,
      7.248679250250832e-05,
      0.007581880760665396,
      0.006683049974780811,
      0.0007526133748652192,
      0.000914392970450332,
      0.0022166380955184195,
      0.004181830082053376,
      0.0005798918966752652,
      0.00013372122012917113,
      4.457939953717016e-05,
      3.462809815489795e-05,
      3.51111044702628e-05,
      3.990882595192752e-05,
      4.074775996574126e-05,
      6.264788562984187e-05,
      5.4908421309332165e-05,
      9.35912688601691e-05,
      6.813262793209081e-05,
      4.74355195314346e-05,
      4.0506611448539554e-05,
      5.7195490681674766e-05,
      6.046271540215361e-05,
      0.004505543698165208,
      0.01376793340573625,
      0.003156513423355615,
      0.0005574005631447825,
      0.00015306182960503784,
      0.0006096575249210602
    ],
    "val_loss": [
      0.016767658258753794,
      0.008995636399507661,
      0.019644381177904843,
      0.014223258598982554,
      0.009472316968985641,
      0.01683191716897286,
      0.008409509132976651,
      0.007539158564868052,
      0.00885138873951645,
      0.008464884340411219,
      0.01745668335127751,
      0.005799144674879413,
      0.00721326461374432,
      0.01577754336392024,
      0.014831044768302323,
      0.010527480632730726,
      0.008476570503380234,
      0.005552758790285797,
      0.004864663630082255,
      0.0051987708829495174,
      0.004772597062842747,
      0.0044723589785765705,
      0.004208567457856218,
      0.003928727707386349,
      0.004768014526450349,
      0.0054395195500849996,
      0.003087545338786623,
      0.0030881363212082995,
      0.003203340122409928,
      0.0031660967315945998,
      0.0049539357836794,
      0.005867552642289579,
      0.009838197727933422,
      0.0032068456016161317,
      0.004647961879163632,
      0.005620232992711222,
      0.005388088992670722
    ],
    "val_accuracy": [
      0.9953703703703703,
      0.9962962962962963,
      0.9953703703703703,
      0.9972222222222222,
      0.9944444444444445,
      0.9962962962962963,
      0.9981481481481481,
      0.9981481481481481,
      0.9972222222222222,
      0.9981481481481481,
      0.9962962962962963,
      0.9981481481481481,
      0.9981481481481481,
      0.9935185185185185,
      0.9962962962962963,
      0.9981481481481481,
      0.9981481481481481,
      0.9981481481481481,
      0.9981481481481481,
      0.9981481481481481,
      0.9981481481481481,
      0.9981481481481481,
      0.9981481481481481,
      0.9981481481481481,
      0.9981481481481481,
      0.9981481481481481,
      0.9981481481481481,
      0.9981481481481481,
      0.9981481481481481,
      0.9990740740740741,
      0.9990740740740741,
      0.9981481481481481,
      0.9972222222222222,
      0.9990740740740741,
      0.9981481481481481,
      0.9981481481481481,
      0.9981481481481481
    ]
  },
  "global_metrics": {
    "accuracy": 0.998,
    "balanced_accuracy": 0.998,
    "top_3_accuracy": 1.0,
    "top_5_accuracy": 1.0,
    "log_loss": 0.006458926125150912,
    "mcc": 0.9960079680956173,
    "cohens_kappa": 0.996,
    "precision_macro": 0.99800796812749,
    "precision_micro": 0.998,
    "precision_weighted": 0.99800796812749,
    "recall_macro": 0.998,
    "recall_micro": 0.998,
    "recall_weighted": 0.998,
    "f1_macro": 0.997999991999968,
    "f1_micro": 0.998,
    "f1_weighted": 0.9979999919999679,
    "auroc_macro": 0.999996,
    "auroc_weighted": 0.999996,
    "auprc_macro": 0.9999960059820479
  },
  "per_class_metrics": {
    "0": {
      "precision": 0.9960159362549801,
      "recall": 1.0,
      "f1": 0.998003992015968,
      "specificity": 0.996,
      "fpr": 0.004,
      "fnr": 0.0,
      "auroc": 0.999996,
      "auprc": 0.9999960089730807,
      "support": 1000,
      "tp": 1000,
      "tn": 996,
      "fp": 4,
      "fn": 0
    },
    "1": {
      "precision": 1.0,
      "recall": 0.996,
      "f1": 0.9979959919839679,
      "specificity": 1.0,
      "fpr": 0.0,
      "fnr": 0.004,
      "auroc": 0.999996,
      "auprc": 0.999996002991015,
      "support": 1000,
      "tp": 996,
      "tn": 1000,
      "fp": 0,
      "fn": 4
    }
  },
  "confusion_matrix": [
    [
      1000,
      0
    ],
    [
      4,
      996
    ]
  ]
}