{
  "experiment": "exp3",
  "condition": {
    "num_classes": 2,
    "class_list": [
      2,
      3
    ],
    "class_names": [
      "Pullover",
      "Dress"
    ],
    "combo_idx": 0,
    "subset_pct": 70,
    "num_samples": 8400,
    "samples_per_class": 4200,
    "train_samples": 7560,
    "val_samples": 840,
    "test_samples": 2000
  },
  "seed": 31380194,
  "timestamp": "2026-01-17T22:48:17.091548",
  "training_dynamics": {
    "epochs_trained": 23,
    "best_epoch": 13,
    "best_val_accuracy": 0.9880952380952381,
    "final_train_loss": 5.2389396542064846e-05,
    "final_val_loss": 0.06592881304524695,
    "training_time_seconds": 8.723169088363647
  },
  "training_history": {
    "train_loss": [
      0.11495863317958072,
      0.06073199478643281,
      0.04819308682892691,
      0.0379651017734554,
      0.030364540046573265,
      0.029817286410228107,
      0.020970461183294122,
      0.015607060692635044,
      0.01587075756203888,
      0.017485195276216885,
      0.010448442712722604,
      0.00740608458492731,
      0.006171927651042502,
      0.005932482633390097,
      0.008272853040679587,
      0.0067706599326635775,
      0.002106415881860644,
      0.0002597292921969145,
      0.0018153947184377287,
      0.0005418377740831502,
      0.0002688549156799035,
      7.319737903512644e-05,
      5.2389396542064846e-05
    ],
    "val_loss": [
      0.06844808779036006,
      0.06278066055106354,
      0.0627055910127681,
      0.05202926237446567,
      0.05631791250946532,
      0.08561217116103285,
      0.045315812222265994,
      0.03599152333372331,
      0.0987391515634954,
      0.04743025287579734,
      0.055790404522711126,
      0.07099056109741685,
      0.03395595920155756,
      0.04424912708914018,
      0.03849674410490219,
      0.04214022275211305,
      0.06410104304963862,
      0.06712292002490153,
      0.059253486775421714,
      0.06880881571081275,
      0.0652557835078867,
      0.06809640004302028,
      0.06592881304524695
    ],
    "val_accuracy": [
      0.975,
      0.9761904761904762,
      0.9809523809523809,
      0.9773809523809524,
      0.9761904761904762,
      0.9726190476190476,
      0.9797619047619047,
      0.986904761904762,
      0.9726190476190476,
      0.9845238095238096,
      0.9809523809523809,
      0.9833333333333333,
      0.986904761904762,
      0.9857142857142858,
      0.986904761904762,
      0.986904761904762,
      0.9880952380952381,
      0.986904761904762,
      0.9880952380952381,
      0.9880952380952381,
      0.986904761904762,
      0.9857142857142858,
      0.9857142857142858
    ]
  },
  "global_metrics": {
    "accuracy": 0.9745,
    "balanced_accuracy": 0.9744999999999999,
    "top_3_accuracy": 1.0,
    "top_5_accuracy": 1.0,
    "log_loss": 0.10133385337546,
    "mcc": 0.9495817970806675,
    "cohens_kappa": 0.949,
    "precision_macro": 0.9750819754198894,
    "precision_micro": 0.9745,
    "precision_weighted": 0.9750819754198893,
    "recall_macro": 0.9744999999999999,
    "recall_micro": 0.9745,
    "recall_weighted": 0.9745,
    "f1_macro": 0.9744921882326463,
    "f1_micro": 0.9745,
    "f1_weighted": 0.9744921882326462,
    "auroc_macro": 0.997121,
    "auroc_weighted": 0.997121,
    "auprc_macro": 0.9966399214684339
  },
  "per_class_metrics": {
    "0": {
      "precision": 0.9584541062801932,
      "recall": 0.992,
      "f1": 0.9749385749385749,
      "specificity": 0.957,
      "fpr": 0.043,
      "fnr": 0.008,
      "auroc": 0.996926,
      "auprc": 0.9967449346383062,
      "support": 1000,
      "tp": 992,
      "tn": 957,
      "fp": 43,
      "fn": 8
    },
    "1": {
      "precision": 0.9917098445595854,
      "recall": 0.957,
      "f1": 0.9740458015267175,
      "specificity": 0.992,
      "fpr": 0.008,
      "fnr": 0.043,
      "auroc": 0.997121,
      "auprc": 0.9965349082985617,
      "support": 1000,
      "tp": 957,
      "tn": 992,
      "fp": 8,
      "fn": 43
    }
  },
  "confusion_matrix": [
    [
      992,
      8
    ],
    [
      43,
      957
    ]
  ]
}