{
  "experiment": "exp3",
  "condition": {
    "num_classes": 6,
    "class_list": [
      1,
      2,
      3,
      4,
      6,
      7
    ],
    "class_names": [
      "Trouser",
      "Pullover",
      "Dress",
      "Coat",
      "Shirt",
      "Sneaker"
    ],
    "combo_idx": 3,
    "subset_pct": 70,
    "num_samples": 25200,
    "samples_per_class": 4200,
    "train_samples": 22680,
    "val_samples": 2520,
    "test_samples": 6000
  },
  "seed": 31380194,
  "timestamp": "2026-01-17T23:28:09.752724",
  "training_dynamics": {
    "epochs_trained": 15,
    "best_epoch": 5,
    "best_val_accuracy": 0.9242063492063493,
    "final_train_loss": 0.05905194017367149,
    "final_val_loss": 0.32701839780996717,
    "training_time_seconds": 16.349385976791382
  },
  "training_history": {
    "train_loss": [
      0.4389384313998088,
      0.2963804153909146,
      0.24598767362849813,
      0.21398493070417726,
      0.18420932767256884,
      0.16340411847955744,
      0.1380162200562551,
      0.12269530652589361,
      0.10724079743499906,
      0.09149400834256495,
      0.08332936196837207,
      0.07306200075947063,
      0.06828051297728654,
      0.05618246362583948,
      0.05905194017367149
    ],
    "val_loss": [
      0.30331991314888,
      0.27249190637043547,
      0.2602629570733933,
      0.2358802458596608,
      0.22070970062225584,
      0.24461918104262578,
      0.24343382574263073,
      0.2493346859538366,
      0.2720244997077518,
      0.2883629528302995,
      0.27305875184044004,
      0.29762642402497547,
      0.32659868758822247,
      0.30221262072759963,
      0.32701839780996717
    ],
    "val_accuracy": [
      0.8853174603174603,
      0.8948412698412699,
      0.9079365079365079,
      0.9119047619047619,
      0.9194444444444444,
      0.9138888888888889,
      0.919047619047619,
      0.9186507936507936,
      0.9242063492063493,
      0.9186507936507936,
      0.9134920634920635,
      0.9142857142857143,
      0.9111111111111111,
      0.9138888888888889,
      0.9142857142857143
    ]
  },
  "global_metrics": {
    "accuracy": 0.9135,
    "balanced_accuracy": 0.9135,
    "top_3_accuracy": 0.9946666666666667,
    "top_5_accuracy": 1.0,
    "log_loss": 0.24053408089423547,
    "mcc": 0.8963086690752039,
    "cohens_kappa": 0.8962,
    "precision_macro": 0.9143377472662003,
    "precision_micro": 0.9135,
    "precision_weighted": 0.9143377472662005,
    "recall_macro": 0.9135,
    "recall_micro": 0.9135,
    "recall_weighted": 0.9135,
    "f1_macro": 0.9136511529402345,
    "f1_micro": 0.9135,
    "f1_weighted": 0.9136511529402346,
    "auroc_macro": 0.9914822666666666,
    "auroc_weighted": 0.9914822666666667,
    "auprc_macro": 0.9649707488995323
  },
  "per_class_metrics": {
    "0": {
      "precision": 0.9959349593495935,
      "recall": 0.98,
      "f1": 0.9879032258064516,
      "specificity": 0.9992,
      "fpr": 0.0008,
      "fnr": 0.02,
      "auroc": 0.9996719999999999,
      "auprc": 0.9989491603170636,
      "support": 1000,
      "tp": 980,
      "tn": 4996,
      "fp": 4,
      "fn": 20
    },
    "1": {
      "precision": 0.8501908396946565,
      "recall": 0.891,
      "f1": 0.8701171875,
      "specificity": 0.9686,
      "fpr": 0.0314,
      "fnr": 0.109,
      "auroc": 0.9868087999999999,
      "auprc": 0.9498744636536856,
      "support": 1000,
      "tp": 891,
      "tn": 4843,
      "fp": 157,
      "fn": 109
    },
    "2": {
      "precision": 0.9203187250996016,
      "recall": 0.924,
      "f1": 0.9221556886227545,
      "specificity": 0.984,
      "fpr": 0.016,
      "fnr": 0.076,
      "auroc": 0.9945006,
      "auprc": 0.9764396876885336,
      "support": 1000,
      "tp": 924,
      "tn": 4920,
      "fp": 80,
      "fn": 76
    },
    "3": {
      "precision": 0.8890074706510138,
      "recall": 0.833,
      "f1": 0.8600929272070211,
      "specificity": 0.9792,
      "fpr": 0.0208,
      "fnr": 0.167,
      "auroc": 0.987055,
      "auprc": 0.9423951343904106,
      "support": 1000,
      "tp": 833,
      "tn": 4896,
      "fp": 104,
      "fn": 167
    },
    "4": {
      "precision": 0.8305744888023369,
      "recall": 0.853,
      "f1": 0.84163788850518,
      "specificity": 0.9652,
      "fpr": 0.0348,
      "fnr": 0.147,
      "auroc": 0.9808572,
      "auprc": 0.9221660473475002,
      "support": 1000,
      "tp": 853,
      "tn": 4826,
      "fp": 174,
      "fn": 147
    },
    "5": {
      "precision": 1.0,
      "recall": 1.0,
      "f1": 1.0,
      "specificity": 1.0,
      "fpr": 0.0,
      "fnr": 0.0,
      "auroc": 1.0,
      "auprc": 1.0,
      "support": 1000,
      "tp": 1000,
      "tn": 5000,
      "fp": 0,
      "fn": 0
    }
  },
  "confusion_matrix": [
    [
      980,
      1,
      12,
      3,
      4,
      0
    ],
    [
      1,
      891,
      6,
      38,
      64,
      0
    ],
    [
      1,
      13,
      924,
      13,
      49,
      0
    ],
    [
      0,
      74,
      36,
      833,
      57,
      0
    ],
    [
      2,
      69,
      26,
      50,
      853,
      0
    ],
    [
      0,
      0,
      0,
      0,
      0,
      1000
    ]
  ]
}