{
  "experiment": "exp3",
  "condition": {
    "num_classes": 2,
    "class_list": [
      2,
      8
    ],
    "class_names": [
      "Pullover",
      "Bag"
    ],
    "combo_idx": 2,
    "subset_pct": 60,
    "num_samples": 7200,
    "samples_per_class": 3600,
    "train_samples": 6480,
    "val_samples": 720,
    "test_samples": 2000
  },
  "seed": 31380194,
  "timestamp": "2026-01-17T22:49:40.691080",
  "training_dynamics": {
    "epochs_trained": 20,
    "best_epoch": 10,
    "best_val_accuracy": 0.9986111111111111,
    "final_train_loss": 4.437434278445068e-05,
    "final_val_loss": 0.004653013216415679,
    "training_time_seconds": 6.2792439460754395
  },
  "training_history": {
    "train_loss": [
      0.09857537125365115,
      0.03302107065774537,
      0.021642252224196187,
      0.008585325920149427,
      0.01244245773312857,
      0.008952608365956728,
      0.005162421825959837,
      0.003680343306206057,
      0.004155816191372401,
      0.00835215392556825,
      0.0015749364917452095,
      0.00014857628057187884,
      9.617719135931958e-05,
      5.900571649224766e-05,
      4.443575041330619e-05,
      4.31710204626303e-05,
      3.631705663016927e-05,
      4.2764414095753475e-05,
      4.744039249065317e-05,
      4.437434278445068e-05
    ],
    "val_loss": [
      0.03198080845177174,
      0.020581010977427164,
      0.02603206911848651,
      0.02060732222162187,
      0.0066542548625471275,
      0.012091351076701864,
      0.0032212361434681546,
      0.004408112035081204,
      0.011438967000382641,
      0.0028995656304889256,
      0.00798186500113742,
      0.004735190415319974,
      0.006028752640850144,
      0.00445822489786628,
      0.004804256871971625,
      0.005107336283536925,
      0.004336300880944085,
      0.004740782623735463,
      0.0033547405510034878,
      0.004653013216415679
    ],
    "val_accuracy": [
      0.9861111111111112,
      0.9902777777777778,
      0.9902777777777778,
      0.9930555555555556,
      0.9972222222222222,
      0.9930555555555556,
      0.9986111111111111,
      0.9986111111111111,
      0.9944444444444445,
      0.9986111111111111,
      0.9958333333333333,
      0.9958333333333333,
      0.9972222222222222,
      0.9972222222222222,
      0.9972222222222222,
      0.9972222222222222,
      0.9972222222222222,
      0.9972222222222222,
      0.9972222222222222,
      0.9972222222222222
    ]
  },
  "global_metrics": {
    "accuracy": 0.9945,
    "balanced_accuracy": 0.9944999999999999,
    "top_3_accuracy": 1.0,
    "top_5_accuracy": 1.0,
    "log_loss": 0.014663602649850279,
    "mcc": 0.9890123627318017,
    "cohens_kappa": 0.989,
    "precision_macro": 0.9945123628090702,
    "precision_micro": 0.9945,
    "precision_weighted": 0.9945123628090703,
    "recall_macro": 0.9944999999999999,
    "recall_micro": 0.9945,
    "recall_weighted": 0.9945,
    "f1_macro": 0.9944999656247852,
    "f1_micro": 0.9945,
    "f1_weighted": 0.994499965624785,
    "auroc_macro": 0.999943,
    "auroc_weighted": 0.999943,
    "auprc_macro": 0.99994323535208
  },
  "per_class_metrics": {
    "0": {
      "precision": 0.9920398009950249,
      "recall": 0.997,
      "f1": 0.9945137157107232,
      "specificity": 0.992,
      "fpr": 0.008,
      "fnr": 0.003,
      "auroc": 0.999943,
      "auprc": 0.9999432294676105,
      "support": 1000,
      "tp": 997,
      "tn": 992,
      "fp": 8,
      "fn": 3
    },
    "1": {
      "precision": 0.9969849246231156,
      "recall": 0.992,
      "f1": 0.9944862155388471,
      "specificity": 0.997,
      "fpr": 0.003,
      "fnr": 0.008,
      "auroc": 0.999943,
      "auprc": 0.9999432412365494,
      "support": 1000,
      "tp": 992,
      "tn": 997,
      "fp": 3,
      "fn": 8
    }
  },
  "confusion_matrix": [
    [
      997,
      3
    ],
    [
      8,
      992
    ]
  ]
}