{
  "experiment": "exp1",
  "condition": {
    "subset_pct": 20,
    "num_samples": 12000,
    "train_samples": 10800,
    "val_samples": 1200
  },
  "seed": 73962792,
  "timestamp": "2026-01-06T21:33:25.911439",
  "training_dynamics": {
    "epochs_trained": 17,
    "best_epoch": 7,
    "best_val_accuracy": 0.905,
    "final_train_loss": 0.053111948623988756,
    "final_val_loss": 0.45926554401715597,
    "training_time_seconds": 28.977837324142456
  },
  "training_history": {
    "train_loss": [
      0.6767425277882074,
      0.42179975363277117,
      0.3500259264686404,
      0.30440535065690444,
      0.26072793057155325,
      0.22802775150396415,
      0.19889725182624257,
      0.18012336981014387,
      0.15001576940512515,
      0.12879958467767436,
      0.1123796009111422,
      0.10023393650599838,
      0.09041184554504748,
      0.08744688132590443,
      0.06903881104883446,
      0.06407470458611493,
      0.053111948623988756
    ],
    "val_loss": [
      0.44905518730481464,
      0.3902231673399607,
      0.3549661556879679,
      0.32369131485621133,
      0.3067028852303823,
      0.32740338941415154,
      0.30116743644078575,
      0.31227515081564583,
      0.30753583550453184,
      0.33665262202421825,
      0.3377659755945206,
      0.3369417371352514,
      0.4065272422631582,
      0.36478238840897875,
      0.39518440544605254,
      0.41171565930048626,
      0.45926554401715597
    ],
    "val_accuracy": [
      0.8408333333333333,
      0.85,
      0.87,
      0.8808333333333334,
      0.8925,
      0.8766666666666667,
      0.8916666666666667,
      0.8891666666666667,
      0.8933333333333333,
      0.8916666666666667,
      0.8891666666666667,
      0.905,
      0.9008333333333334,
      0.9016666666666666,
      0.8975,
      0.9033333333333333,
      0.8833333333333333
    ]
  },
  "global_metrics": {
    "accuracy": 0.8806,
    "balanced_accuracy": 0.8806,
    "top_3_accuracy": 0.9899,
    "top_5_accuracy": 0.9977,
    "log_loss": 0.3457206916024003,
    "mcc": 0.868101827862241,
    "cohens_kappa": 0.8673333333333333,
    "precision_macro": 0.8915779781286503,
    "precision_micro": 0.8806,
    "precision_weighted": 0.8915779781286503,
    "recall_macro": 0.8806,
    "recall_micro": 0.8806,
    "recall_weighted": 0.8806,
    "f1_macro": 0.8835912435605348,
    "f1_micro": 0.8806,
    "f1_weighted": 0.8835912435605349,
    "auroc_macro": 0.9917895222222223,
    "auroc_weighted": 0.9917895222222222,
    "auprc_macro": 0.9452902753065162
  },
  "per_class_metrics": {
    "0": {
      "precision": 0.8852838933951332,
      "recall": 0.764,
      "f1": 0.8201825013419216,
      "specificity": 0.989,
      "fpr": 0.01100000000000001,
      "fnr": 0.236,
      "auroc": 0.9887014444444444,
      "auprc": 0.9231216784867117,
      "support": 1000,
      "tp": 764,
      "tn": 8901,
      "fp": 99,
      "fn": 236
    },
    "1": {
      "precision": 0.9898373983739838,
      "recall": 0.974,
      "f1": 0.9818548387096774,
      "specificity": 0.9988888888888889,
      "fpr": 0.0011111111111110628,
      "fnr": 0.026000000000000023,
      "auroc": 0.9997564444444444,
      "auprc": 0.9981503320266173,
      "support": 1000,
      "tp": 974,
      "tn": 8990,
      "fp": 10,
      "fn": 26
    },
    "2": {
      "precision": 0.8691891891891892,
      "recall": 0.804,
      "f1": 0.8353246753246754,
      "specificity": 0.9865555555555555,
      "fpr": 0.013444444444444481,
      "fnr": 0.19599999999999995,
      "auroc": 0.9875093333333334,
      "auprc": 0.9160442250856033,
      "support": 1000,
      "tp": 804,
      "tn": 8879,
      "fp": 121,
      "fn": 196
    },
    "3": {
      "precision": 0.9065126050420168,
      "recall": 0.863,
      "f1": 0.8842213114754099,
      "specificity": 0.9901111111111112,
      "fpr": 0.009888888888888836,
      "fnr": 0.137,
      "auroc": 0.9945255555555556,
      "auprc": 0.9578296614011049,
      "support": 1000,
      "tp": 863,
      "tn": 8911,
      "fp": 89,
      "fn": 137
    },
    "4": {
      "precision": 0.8283038501560874,
      "recall": 0.796,
      "f1": 0.8118306986231514,
      "specificity": 0.9816666666666667,
      "fpr": 0.018333333333333313,
      "fnr": 0.20399999999999996,
      "auroc": 0.9873867777777777,
      "auprc": 0.8984356858188378,
      "support": 1000,
      "tp": 796,
      "tn": 8835,
      "fp": 165,
      "fn": 204
    },
    "5": {
      "precision": 0.9924406047516199,
      "recall": 0.919,
      "f1": 0.9543094496365525,
      "specificity": 0.9992222222222222,
      "fpr": 0.0007777777777777661,
      "fnr": 0.08099999999999996,
      "auroc": 0.9991906666666667,
      "auprc": 0.9949140862818995,
      "support": 1000,
      "tp": 919,
      "tn": 8993,
      "fp": 7,
      "fn": 81
    },
    "6": {
      "precision": 0.594170403587444,
      "recall": 0.795,
      "f1": 0.6800684345594527,
      "specificity": 0.9396666666666667,
      "fpr": 0.06033333333333335,
      "fnr": 0.20499999999999996,
      "auroc": 0.9638252222222223,
      "auprc": 0.7891363631103784,
      "support": 1000,
      "tp": 795,
      "tn": 8457,
      "fp": 543,
      "fn": 205
    },
    "7": {
      "precision": 0.8908098271155596,
      "recall": 0.979,
      "f1": 0.9328251548356359,
      "specificity": 0.9866666666666667,
      "fpr": 0.013333333333333308,
      "fnr": 0.02100000000000002,
      "auroc": 0.9985415555555556,
      "auprc": 0.9867416930214732,
      "support": 1000,
      "tp": 979,
      "tn": 8880,
      "fp": 120,
      "fn": 21
    },
    "8": {
      "precision": 0.9927685950413223,
      "recall": 0.961,
      "f1": 0.9766260162601627,
      "specificity": 0.9992222222222222,
      "fpr": 0.0007777777777777661,
      "fnr": 0.039000000000000035,
      "auroc": 0.9994013333333334,
      "auprc": 0.9958898798342882,
      "support": 1000,
      "tp": 961,
      "tn": 8993,
      "fp": 7,
      "fn": 39
    },
    "9": {
      "precision": 0.9664634146341463,
      "recall": 0.951,
      "f1": 0.9586693548387096,
      "specificity": 0.9963333333333333,
      "fpr": 0.003666666666666707,
      "fnr": 0.049000000000000044,
      "auroc": 0.999056888888889,
      "auprc": 0.9926391479982466,
      "support": 1000,
      "tp": 951,
      "tn": 8967,
      "fp": 33,
      "fn": 49
    }
  },
  "confusion_matrix": [
    [
      764,
      2,
      21,
      22,
      3,
      1,
      183,
      2,
      2,
      0
    ],
    [
      1,
      974,
      0,
      10,
      5,
      0,
      10,
      0,
      0,
      0
    ],
    [
      7,
      1,
      804,
      8,
      55,
      0,
      125,
      0,
      0,
      0
    ],
    [
      7,
      5,
      7,
      863,
      40,
      0,
      77,
      0,
      0,
      1
    ],
    [
      0,
      0,
      49,
      22,
      796,
      0,
      133,
      0,
      0,
      0
    ],
    [
      0,
      0,
      0,
      1,
      0,
      919,
      0,
      69,
      0,
      11
    ],
    [
      82,
      0,
      41,
      20,
      57,
      0,
      795,
      0,
      5,
      0
    ],
    [
      0,
      0,
      0,
      0,
      0,
      1,
      0,
      979,
      0,
      20
    ],
    [
      2,
      2,
      3,
      6,
      5,
      2,
      14,
      4,
      961,
      1
    ],
    [
      0,
      0,
      0,
      0,
      0,
      3,
      1,
      45,
      0,
      951
    ]
  ]
}