{
  "experiment": "exp1",
  "condition": {
    "subset_pct": 50,
    "num_samples": 30000,
    "train_samples": 27000,
    "val_samples": 3000
  },
  "seed": 73962792,
  "timestamp": "2026-01-06T21:36:39.017265",
  "training_dynamics": {
    "epochs_trained": 16,
    "best_epoch": 6,
    "best_val_accuracy": 0.9163333333333333,
    "final_train_loss": 0.062301719412251745,
    "final_val_loss": 0.33903810449441274,
    "training_time_seconds": 30.013652324676514
  },
  "training_history": {
    "train_loss": [
      0.5202627476852087,
      0.33111347222780163,
      0.2779196327755237,
      0.24607101269949103,
      0.21417913824249218,
      0.19517297734687397,
      0.1727290922352135,
      0.1553583391875876,
      0.1344444278089144,
      0.12139950351462969,
      0.11367263738948728,
      0.09809636163538525,
      0.08564385240323735,
      0.08200055832414054,
      0.07334370132628387,
      0.062301719412251745
    ],
    "val_loss": [
      0.32912240401903786,
      0.3126828290224075,
      0.27974598260720573,
      0.24975911378860474,
      0.2628949938615163,
      0.23214191246032714,
      0.2504252883195877,
      0.24702422467867532,
      0.2713985614776611,
      0.2641908452510834,
      0.2837908545335134,
      0.2715387798945109,
      0.30091459886233013,
      0.29964243674278257,
      0.30374038366476697,
      0.33903810449441274
    ],
    "val_accuracy": [
      0.881,
      0.8856666666666667,
      0.8953333333333333,
      0.9113333333333333,
      0.9043333333333333,
      0.915,
      0.916,
      0.912,
      0.9136666666666666,
      0.915,
      0.916,
      0.9163333333333333,
      0.908,
      0.9096666666666666,
      0.915,
      0.908
    ]
  },
  "global_metrics": {
    "accuracy": 0.9071,
    "balanced_accuracy": 0.9071,
    "top_3_accuracy": 0.9929,
    "top_5_accuracy": 0.9985,
    "log_loss": 0.2618443633262201,
    "mcc": 0.8970849124877447,
    "cohens_kappa": 0.8967777777777778,
    "precision_macro": 0.9077873373316183,
    "precision_micro": 0.9071,
    "precision_weighted": 0.9077873373316184,
    "recall_macro": 0.9071,
    "recall_micro": 0.9071,
    "recall_weighted": 0.9071,
    "f1_macro": 0.9061979256833771,
    "f1_micro": 0.9071,
    "f1_weighted": 0.9061979256833771,
    "auroc_macro": 0.993968077777778,
    "auroc_weighted": 0.9939680777777777,
    "auprc_macro": 0.9591006317818849
  },
  "per_class_metrics": {
    "0": {
      "precision": 0.857,
      "recall": 0.857,
      "f1": 0.857,
      "specificity": 0.9841111111111112,
      "fpr": 0.01588888888888884,
      "fnr": 0.14300000000000002,
      "auroc": 0.990951888888889,
      "auprc": 0.9372549347951901,
      "support": 1000,
      "tp": 857,
      "tn": 8857,
      "fp": 143,
      "fn": 143
    },
    "1": {
      "precision": 0.9821958456973294,
      "recall": 0.993,
      "f1": 0.9875683739433119,
      "specificity": 0.998,
      "fpr": 0.0020000000000000018,
      "fnr": 0.007000000000000006,
      "auroc": 0.9996311111111111,
      "auprc": 0.9985273003504658,
      "support": 1000,
      "tp": 993,
      "tn": 8982,
      "fp": 18,
      "fn": 7
    },
    "2": {
      "precision": 0.7850467289719626,
      "recall": 0.924,
      "f1": 0.8488745980707396,
      "specificity": 0.9718888888888889,
      "fpr": 0.028111111111111087,
      "fnr": 0.07599999999999996,
      "auroc": 0.9904686666666667,
      "auprc": 0.9354992216385478,
      "support": 1000,
      "tp": 924,
      "tn": 8747,
      "fp": 253,
      "fn": 76
    },
    "3": {
      "precision": 0.8954937679769894,
      "recall": 0.934,
      "f1": 0.9143416544297602,
      "specificity": 0.9878888888888889,
      "fpr": 0.012111111111111073,
      "fnr": 0.06599999999999995,
      "auroc": 0.9962626666666666,
      "auprc": 0.9677790817805014,
      "support": 1000,
      "tp": 934,
      "tn": 8891,
      "fp": 109,
      "fn": 66
    },
    "4": {
      "precision": 0.8859749144811858,
      "recall": 0.777,
      "f1": 0.8279168886521044,
      "specificity": 0.9888888888888889,
      "fpr": 0.011111111111111072,
      "fnr": 0.22299999999999998,
      "auroc": 0.990555,
      "auprc": 0.9256601839224019,
      "support": 1000,
      "tp": 777,
      "tn": 8900,
      "fp": 100,
      "fn": 223
    },
    "5": {
      "precision": 0.9762140733399405,
      "recall": 0.985,
      "f1": 0.9805873568939771,
      "specificity": 0.9973333333333333,
      "fpr": 0.002666666666666706,
      "fnr": 0.015000000000000013,
      "auroc": 0.9997364444444444,
      "auprc": 0.9977993012862979,
      "support": 1000,
      "tp": 985,
      "tn": 8976,
      "fp": 24,
      "fn": 15
    },
    "6": {
      "precision": 0.7872340425531915,
      "recall": 0.703,
      "f1": 0.7427363972530375,
      "specificity": 0.9788888888888889,
      "fpr": 0.02111111111111108,
      "fnr": 0.29700000000000004,
      "auroc": 0.9741223333333334,
      "auprc": 0.8438460938473619,
      "support": 1000,
      "tp": 703,
      "tn": 8810,
      "fp": 190,
      "fn": 297
    },
    "7": {
      "precision": 0.944390243902439,
      "recall": 0.968,
      "f1": 0.9560493827160493,
      "specificity": 0.9936666666666667,
      "fpr": 0.006333333333333302,
      "fnr": 0.03200000000000003,
      "auroc": 0.9991057777777778,
      "auprc": 0.9926101782956899,
      "support": 1000,
      "tp": 968,
      "tn": 8943,
      "fp": 57,
      "fn": 32
    },
    "8": {
      "precision": 0.9839518555667001,
      "recall": 0.981,
      "f1": 0.9824737105658488,
      "specificity": 0.9982222222222222,
      "fpr": 0.001777777777777767,
      "fnr": 0.019000000000000017,
      "auroc": 0.9997163333333333,
      "auprc": 0.997964170949083,
      "support": 1000,
      "tp": 981,
      "tn": 8984,
      "fp": 16,
      "fn": 19
    },
    "9": {
      "precision": 0.9803719008264463,
      "recall": 0.949,
      "f1": 0.9644308943089431,
      "specificity": 0.9978888888888889,
      "fpr": 0.0021111111111110636,
      "fnr": 0.051000000000000045,
      "auroc": 0.9991305555555555,
      "auprc": 0.994065850953308,
      "support": 1000,
      "tp": 949,
      "tn": 8981,
      "fp": 19,
      "fn": 51
    }
  },
  "confusion_matrix": [
    [
      857,
      2,
      17,
      21,
      3,
      1,
      93,
      0,
      6,
      0
    ],
    [
      0,
      993,
      0,
      5,
      0,
      0,
      1,
      0,
      1,
      0
    ],
    [
      16,
      1,
      924,
      9,
      22,
      0,
      27,
      0,
      1,
      0
    ],
    [
      14,
      8,
      10,
      934,
      16,
      0,
      18,
      0,
      0,
      0
    ],
    [
      0,
      1,
      137,
      39,
      777,
      0,
      44,
      0,
      2,
      0
    ],
    [
      0,
      0,
      0,
      0,
      0,
      985,
      0,
      12,
      1,
      2
    ],
    [
      112,
      4,
      86,
      32,
      58,
      0,
      703,
      0,
      5,
      0
    ],
    [
      0,
      0,
      0,
      0,
      0,
      15,
      0,
      968,
      0,
      17
    ],
    [
      1,
      2,
      3,
      3,
      1,
      2,
      6,
      1,
      981,
      0
    ],
    [
      0,
      0,
      0,
      0,
      0,
      6,
      1,
      44,
      0,
      949
    ]
  ]
}