{
  "experiment": "exp1",
  "condition": {
    "subset_pct": 65,
    "num_samples": 39000,
    "train_samples": 35100,
    "val_samples": 3900
  },
  "seed": 73962792,
  "timestamp": "2026-01-06T21:38:40.466492",
  "training_dynamics": {
    "epochs_trained": 16,
    "best_epoch": 6,
    "best_val_accuracy": 0.9228205128205128,
    "final_train_loss": 0.06684169164504211,
    "final_val_loss": 0.26327080586017704,
    "training_time_seconds": 50.09688210487366
  },
  "training_history": {
    "train_loss": [
      0.4916505948903348,
      0.3164174486297727,
      0.267497743929453,
      0.24013808687202265,
      0.20872634908486368,
      0.19054232788813352,
      0.17460291282373916,
      0.15426948460629838,
      0.1375331910825818,
      0.12110921526785756,
      0.1137887395355165,
      0.10067133194273287,
      0.08871025206836683,
      0.08196133365837657,
      0.08105835538673026,
      0.06684169164504211
    ],
    "val_loss": [
      0.3098570229456975,
      0.25889660563224404,
      0.2541960809781001,
      0.22235097811772273,
      0.21683011577679562,
      0.21593084286420774,
      0.22281344276208143,
      0.21634668179047414,
      0.22336751357103005,
      0.24565201713488652,
      0.23654229818246303,
      0.26273882407408494,
      0.2687459285442646,
      0.2642137632614527,
      0.2996256171128689,
      0.26327080586017704
    ],
    "val_accuracy": [
      0.8823076923076923,
      0.9023076923076923,
      0.9,
      0.9187179487179488,
      0.918974358974359,
      0.9225641025641026,
      0.9184615384615384,
      0.9212820512820513,
      0.9225641025641026,
      0.9179487179487179,
      0.9197435897435897,
      0.9179487179487179,
      0.921025641025641,
      0.9220512820512821,
      0.9202564102564103,
      0.9228205128205128
    ]
  },
  "global_metrics": {
    "accuracy": 0.9143,
    "balanced_accuracy": 0.9143000000000001,
    "top_3_accuracy": 0.9927,
    "top_5_accuracy": 0.9993,
    "log_loss": 0.2494293317042303,
    "mcc": 0.9051686637192642,
    "cohens_kappa": 0.9047777777777778,
    "precision_macro": 0.9142708991388439,
    "precision_micro": 0.9143,
    "precision_weighted": 0.914270899138844,
    "recall_macro": 0.9143000000000001,
    "recall_micro": 0.9143,
    "recall_weighted": 0.9143,
    "f1_macro": 0.9126109695923672,
    "f1_micro": 0.9143,
    "f1_weighted": 0.9126109695923671,
    "auroc_macro": 0.9945674833333336,
    "auroc_weighted": 0.9945674833333332,
    "auprc_macro": 0.9628597839230076
  },
  "per_class_metrics": {
    "0": {
      "precision": 0.8115687992988606,
      "recall": 0.926,
      "f1": 0.8650163475011677,
      "specificity": 0.9761111111111112,
      "fpr": 0.02388888888888885,
      "fnr": 0.07399999999999995,
      "auroc": 0.9917617777777777,
      "auprc": 0.9428591508432645,
      "support": 1000,
      "tp": 926,
      "tn": 8785,
      "fp": 215,
      "fn": 74
    },
    "1": {
      "precision": 0.9939455095862765,
      "recall": 0.985,
      "f1": 0.9894525364138623,
      "specificity": 0.9993333333333333,
      "fpr": 0.0006666666666667043,
      "fnr": 0.015000000000000013,
      "auroc": 0.9998574444444445,
      "auprc": 0.9989963874867351,
      "support": 1000,
      "tp": 985,
      "tn": 8994,
      "fp": 6,
      "fn": 15
    },
    "2": {
      "precision": 0.8463661453541859,
      "recall": 0.92,
      "f1": 0.881648298993771,
      "specificity": 0.9814444444444445,
      "fpr": 0.018555555555555547,
      "fnr": 0.07999999999999996,
      "auroc": 0.9920368888888889,
      "auprc": 0.9474278130978188,
      "support": 1000,
      "tp": 920,
      "tn": 8833,
      "fp": 167,
      "fn": 80
    },
    "3": {
      "precision": 0.8953934740882917,
      "recall": 0.933,
      "f1": 0.9138099902056807,
      "specificity": 0.9878888888888889,
      "fpr": 0.012111111111111073,
      "fnr": 0.06699999999999995,
      "auroc": 0.9968726111111111,
      "auprc": 0.9745193749263819,
      "support": 1000,
      "tp": 933,
      "tn": 8891,
      "fp": 109,
      "fn": 67
    },
    "4": {
      "precision": 0.8937768240343348,
      "recall": 0.833,
      "f1": 0.8623188405797102,
      "specificity": 0.989,
      "fpr": 0.01100000000000001,
      "fnr": 0.16700000000000004,
      "auroc": 0.9926055555555556,
      "auprc": 0.9362125793065763,
      "support": 1000,
      "tp": 833,
      "tn": 8901,
      "fp": 99,
      "fn": 167
    },
    "5": {
      "precision": 0.9820538384845464,
      "recall": 0.985,
      "f1": 0.9835247129306042,
      "specificity": 0.998,
      "fpr": 0.0020000000000000018,
      "fnr": 0.015000000000000013,
      "auroc": 0.9997825555555556,
      "auprc": 0.9981562683571022,
      "support": 1000,
      "tp": 985,
      "tn": 8982,
      "fp": 18,
      "fn": 15
    },
    "6": {
      "precision": 0.8148614609571788,
      "recall": 0.647,
      "f1": 0.721293199554069,
      "specificity": 0.9836666666666667,
      "fpr": 0.01633333333333331,
      "fnr": 0.353,
      "auroc": 0.974297,
      "auprc": 0.8431462651606537,
      "support": 1000,
      "tp": 647,
      "tn": 8853,
      "fp": 147,
      "fn": 353
    },
    "7": {
      "precision": 0.9743589743589743,
      "recall": 0.95,
      "f1": 0.9620253164556962,
      "specificity": 0.9972222222222222,
      "fpr": 0.002777777777777768,
      "fnr": 0.050000000000000044,
      "auroc": 0.9992898888888888,
      "auprc": 0.9938759143026178,
      "support": 1000,
      "tp": 950,
      "tn": 8975,
      "fp": 25,
      "fn": 50
    },
    "8": {
      "precision": 0.9762376237623762,
      "recall": 0.986,
      "f1": 0.9810945273631841,
      "specificity": 0.9973333333333333,
      "fpr": 0.002666666666666706,
      "fnr": 0.014000000000000012,
      "auroc": 0.9997371111111111,
      "auprc": 0.998097975311065,
      "support": 1000,
      "tp": 986,
      "tn": 8976,
      "fp": 24,
      "fn": 14
    },
    "9": {
      "precision": 0.9541463414634146,
      "recall": 0.978,
      "f1": 0.9659259259259259,
      "specificity": 0.9947777777777778,
      "fpr": 0.005222222222222239,
      "fnr": 0.02200000000000002,
      "auroc": 0.999434,
      "auprc": 0.9953061104378607,
      "support": 1000,
      "tp": 978,
      "tn": 8953,
      "fp": 47,
      "fn": 22
    }
  },
  "confusion_matrix": [
    [
      926,
      1,
      16,
      8,
      2,
      1,
      40,
      0,
      6,
      0
    ],
    [
      2,
      985,
      1,
      9,
      0,
      0,
      1,
      0,
      2,
      0
    ],
    [
      16,
      1,
      920,
      9,
      27,
      0,
      25,
      0,
      2,
      0
    ],
    [
      23,
      3,
      10,
      933,
      5,
      0,
      24,
      0,
      2,
      0
    ],
    [
      0,
      0,
      61,
      50,
      833,
      0,
      55,
      0,
      1,
      0
    ],
    [
      0,
      0,
      0,
      0,
      0,
      985,
      0,
      7,
      0,
      8
    ],
    [
      173,
      1,
      75,
      29,
      64,
      0,
      647,
      0,
      11,
      0
    ],
    [
      0,
      0,
      0,
      0,
      0,
      11,
      0,
      950,
      0,
      39
    ],
    [
      1,
      0,
      3,
      4,
      1,
      2,
      2,
      1,
      986,
      0
    ],
    [
      0,
      0,
      1,
      0,
      0,
      4,
      0,
      17,
      0,
      978
    ]
  ]
}