{
  "experiment": "exp1",
  "condition": {
    "subset_pct": 85,
    "num_samples": 51000,
    "train_samples": 45900,
    "val_samples": 5100
  },
  "seed": 42,
  "timestamp": "2026-01-06T00:17:35.447570",
  "training_dynamics": {
    "epochs_trained": 16,
    "best_epoch": 6,
    "best_val_accuracy": 0.9225490196078432,
    "final_train_loss": 0.07659768602651255,
    "final_val_loss": 0.2816482149385938,
    "training_time_seconds": 56.883148431777954
  },
  "training_history": {
    "train_loss": [
      0.4694063209806644,
      0.3043029129110837,
      0.2586453178985703,
      0.2311913247549683,
      0.20606204987734472,
      0.1866914792749045,
      0.1687730216968566,
      0.150855029743777,
      0.14038567021644796,
      0.12793049939407405,
      0.1147815609586874,
      0.10425988719915365,
      0.09438966358116825,
      0.09294230672517859,
      0.08133680452229482,
      0.07659768602651255
    ],
    "val_loss": [
      0.31066154561790765,
      0.24964490243032866,
      0.26080627803708994,
      0.24876127121495265,
      0.23620013748898225,
      0.21898220826597775,
      0.2258126314013612,
      0.22984641743641274,
      0.23989204888250312,
      0.24112432966045305,
      0.27211771086150527,
      0.23955531879967334,
      0.2847413477710649,
      0.2723625584677154,
      0.2812135285022212,
      0.2816482149385938
    ],
    "val_accuracy": [
      0.8819607843137255,
      0.9084313725490196,
      0.9043137254901961,
      0.9094117647058824,
      0.9109803921568628,
      0.9170588235294118,
      0.9194117647058824,
      0.9188235294117647,
      0.9170588235294118,
      0.9186274509803921,
      0.9186274509803921,
      0.9225490196078432,
      0.9145098039215687,
      0.9188235294117647,
      0.9198039215686274,
      0.9123529411764706
    ]
  },
  "global_metrics": {
    "accuracy": 0.9179,
    "balanced_accuracy": 0.9179,
    "top_3_accuracy": 0.9931,
    "top_5_accuracy": 0.9994,
    "log_loss": 0.22600594976851898,
    "mcc": 0.9089115289008385,
    "cohens_kappa": 0.9087777777777778,
    "precision_macro": 0.9201646763691638,
    "precision_micro": 0.9179,
    "precision_weighted": 0.9201646763691637,
    "recall_macro": 0.9179,
    "recall_micro": 0.9179,
    "recall_weighted": 0.9179,
    "f1_macro": 0.9185041269494414,
    "f1_micro": 0.9179,
    "f1_weighted": 0.9185041269494414,
    "auroc_macro": 0.9952283888888889,
    "auroc_weighted": 0.9952283888888889,
    "auprc_macro": 0.967415111406708
  },
  "per_class_metrics": {
    "0": {
      "precision": 0.8830897703549061,
      "recall": 0.846,
      "f1": 0.86414708886619,
      "specificity": 0.9875555555555555,
      "fpr": 0.01244444444444448,
      "fnr": 0.15400000000000003,
      "auroc": 0.9925327777777778,
      "auprc": 0.9495045305652888,
      "support": 1000,
      "tp": 846,
      "tn": 8888,
      "fp": 112,
      "fn": 154
    },
    "1": {
      "precision": 0.9959473150962512,
      "recall": 0.983,
      "f1": 0.9894313034725718,
      "specificity": 0.9995555555555555,
      "fpr": 0.0004444444444444695,
      "fnr": 0.017000000000000015,
      "auroc": 0.9998725555555555,
      "auprc": 0.9990935189747171,
      "support": 1000,
      "tp": 983,
      "tn": 8996,
      "fp": 4,
      "fn": 17
    },
    "2": {
      "precision": 0.8941908713692946,
      "recall": 0.862,
      "f1": 0.8778004073319756,
      "specificity": 0.9886666666666667,
      "fpr": 0.011333333333333306,
      "fnr": 0.138,
      "auroc": 0.9920767777777779,
      "auprc": 0.947255983619966,
      "support": 1000,
      "tp": 862,
      "tn": 8898,
      "fp": 102,
      "fn": 138
    },
    "3": {
      "precision": 0.8947368421052632,
      "recall": 0.935,
      "f1": 0.9144254278728606,
      "specificity": 0.9877777777777778,
      "fpr": 0.012222222222222245,
      "fnr": 0.06499999999999995,
      "auroc": 0.9967985555555556,
      "auprc": 0.971926992253755,
      "support": 1000,
      "tp": 935,
      "tn": 8890,
      "fp": 110,
      "fn": 65
    },
    "4": {
      "precision": 0.9090909090909091,
      "recall": 0.84,
      "f1": 0.8731808731808731,
      "specificity": 0.9906666666666667,
      "fpr": 0.009333333333333305,
      "fnr": 0.16000000000000003,
      "auroc": 0.9936712222222223,
      "auprc": 0.9489247053664503,
      "support": 1000,
      "tp": 840,
      "tn": 8916,
      "fp": 84,
      "fn": 160
    },
    "5": {
      "precision": 0.9887869520897044,
      "recall": 0.97,
      "f1": 0.9793033821302373,
      "specificity": 0.9987777777777778,
      "fpr": 0.0012222222222222356,
      "fnr": 0.030000000000000027,
      "auroc": 0.9997833333333332,
      "auprc": 0.9983337849247224,
      "support": 1000,
      "tp": 970,
      "tn": 8989,
      "fp": 11,
      "fn": 30
    },
    "6": {
      "precision": 0.7274352100089365,
      "recall": 0.814,
      "f1": 0.7682869277961303,
      "specificity": 0.9661111111111111,
      "fpr": 0.03388888888888886,
      "fnr": 0.18600000000000005,
      "auroc": 0.9789102222222222,
      "auprc": 0.8703171695028543,
      "support": 1000,
      "tp": 814,
      "tn": 8695,
      "fp": 305,
      "fn": 186
    },
    "7": {
      "precision": 0.9485436893203884,
      "recall": 0.977,
      "f1": 0.9625615763546799,
      "specificity": 0.9941111111111111,
      "fpr": 0.0058888888888889435,
      "fnr": 0.02300000000000002,
      "auroc": 0.9993735555555555,
      "auprc": 0.9944871670852196,
      "support": 1000,
      "tp": 977,
      "tn": 8947,
      "fp": 53,
      "fn": 23
    },
    "8": {
      "precision": 0.9869608826479438,
      "recall": 0.984,
      "f1": 0.985478217325989,
      "specificity": 0.9985555555555555,
      "fpr": 0.0014444444444444704,
      "fnr": 0.016000000000000014,
      "auroc": 0.9997028888888889,
      "auprc": 0.9979887942574979,
      "support": 1000,
      "tp": 984,
      "tn": 8987,
      "fp": 13,
      "fn": 16
    },
    "9": {
      "precision": 0.9728643216080402,
      "recall": 0.968,
      "f1": 0.9704260651629072,
      "specificity": 0.997,
      "fpr": 0.0030000000000000027,
      "fnr": 0.03200000000000003,
      "auroc": 0.9995620000000001,
      "auprc": 0.996318467516607,
      "support": 1000,
      "tp": 968,
      "tn": 8973,
      "fp": 27,
      "fn": 32
    }
  },
  "confusion_matrix": [
    [
      846,
      0,
      9,
      19,
      2,
      1,
      120,
      0,
      3,
      0
    ],
    [
      0,
      983,
      1,
      12,
      0,
      0,
      1,
      0,
      3,
      0
    ],
    [
      11,
      1,
      862,
      11,
      36,
      0,
      78,
      0,
      1,
      0
    ],
    [
      20,
      1,
      7,
      935,
      7,
      0,
      30,
      0,
      0,
      0
    ],
    [
      0,
      0,
      50,
      36,
      840,
      0,
      73,
      0,
      1,
      0
    ],
    [
      0,
      0,
      0,
      0,
      0,
      970,
      0,
      22,
      0,
      8
    ],
    [
      78,
      1,
      34,
      30,
      38,
      0,
      814,
      0,
      5,
      0
    ],
    [
      0,
      0,
      0,
      0,
      0,
      4,
      0,
      977,
      0,
      19
    ],
    [
      3,
      1,
      0,
      2,
      1,
      2,
      3,
      4,
      984,
      0
    ],
    [
      0,
      0,
      1,
      0,
      0,
      4,
      0,
      27,
      0,
      968
    ]
  ]
}