{
  "experiment": "exp1",
  "condition": {
    "subset_pct": 55,
    "num_samples": 33000,
    "train_samples": 29700,
    "val_samples": 3300
  },
  "seed": 14994796,
  "timestamp": "2026-01-06T20:52:37.098384",
  "training_dynamics": {
    "epochs_trained": 17,
    "best_epoch": 7,
    "best_val_accuracy": 0.93,
    "final_train_loss": 0.06455734991919129,
    "final_val_loss": 0.27179033785155327,
    "training_time_seconds": 73.87671494483948
  },
  "training_history": {
    "train_loss": [
      0.5150869447697876,
      0.3377708004687422,
      0.2937575697257955,
      0.24814723677212192,
      0.22275401233665404,
      0.1908428920052385,
      0.1752421128293199,
      0.15799798233214246,
      0.14815134014734016,
      0.12841296092236554,
      0.11186176001905433,
      0.1139583011448223,
      0.0913157430406402,
      0.08721317548745422,
      0.08054843861209128,
      0.06993762875146042,
      0.06455734991919129
    ],
    "val_loss": [
      0.3234796233249433,
      0.3771892122788863,
      0.3073828460050352,
      0.22029383664781396,
      0.2981097305362875,
      0.2385041840509935,
      0.20136371338006223,
      0.24570918556415675,
      0.2324480886892839,
      0.24954999537178965,
      0.2373588220278422,
      0.24298929275888384,
      0.2630691770170674,
      0.2605543963836901,
      0.2824721632943009,
      0.2743727842605475,
      0.27179033785155327
    ],
    "val_accuracy": [
      0.8845454545454545,
      0.8721212121212121,
      0.8884848484848484,
      0.916969696969697,
      0.8884848484848484,
      0.9236363636363636,
      0.93,
      0.9145454545454546,
      0.9221212121212121,
      0.9203030303030303,
      0.923030303030303,
      0.9296969696969697,
      0.9145454545454546,
      0.926060606060606,
      0.9178787878787878,
      0.9284848484848485,
      0.9251515151515152
    ]
  },
  "global_metrics": {
    "accuracy": 0.9135,
    "balanced_accuracy": 0.9134999999999998,
    "top_3_accuracy": 0.993,
    "top_5_accuracy": 0.999,
    "log_loss": 0.25229206671339,
    "mcc": 0.9040230357709431,
    "cohens_kappa": 0.903888888888889,
    "precision_macro": 0.9132957110183098,
    "precision_micro": 0.9135,
    "precision_weighted": 0.9132957110183098,
    "recall_macro": 0.9134999999999998,
    "recall_micro": 0.9135,
    "recall_weighted": 0.9135,
    "f1_macro": 0.9128482578914643,
    "f1_micro": 0.9135,
    "f1_weighted": 0.9128482578914642,
    "auroc_macro": 0.9942762833333333,
    "auroc_weighted": 0.9942762833333334,
    "auprc_macro": 0.9615594477555145
  },
  "per_class_metrics": {
    "0": {
      "precision": 0.8585657370517928,
      "recall": 0.862,
      "f1": 0.8602794411177646,
      "specificity": 0.9842222222222222,
      "fpr": 0.01577777777777778,
      "fnr": 0.138,
      "auroc": 0.9911101111111112,
      "auprc": 0.9397384110938123,
      "support": 1000,
      "tp": 862,
      "tn": 8858,
      "fp": 142,
      "fn": 138
    },
    "1": {
      "precision": 0.9919191919191919,
      "recall": 0.982,
      "f1": 0.9869346733668342,
      "specificity": 0.9991111111111111,
      "fpr": 0.000888888888888939,
      "fnr": 0.018000000000000016,
      "auroc": 0.9996216666666666,
      "auprc": 0.9980977331583535,
      "support": 1000,
      "tp": 982,
      "tn": 8992,
      "fp": 8,
      "fn": 18
    },
    "2": {
      "precision": 0.8748748748748749,
      "recall": 0.874,
      "f1": 0.8744372186093046,
      "specificity": 0.9861111111111112,
      "fpr": 0.01388888888888884,
      "fnr": 0.126,
      "auroc": 0.991128888888889,
      "auprc": 0.9394204519144254,
      "support": 1000,
      "tp": 874,
      "tn": 8875,
      "fp": 125,
      "fn": 126
    },
    "3": {
      "precision": 0.9204892966360856,
      "recall": 0.903,
      "f1": 0.911660777385159,
      "specificity": 0.9913333333333333,
      "fpr": 0.008666666666666711,
      "fnr": 0.09699999999999998,
      "auroc": 0.9963770000000001,
      "auprc": 0.969386298968003,
      "support": 1000,
      "tp": 903,
      "tn": 8922,
      "fp": 78,
      "fn": 97
    },
    "4": {
      "precision": 0.824165915238954,
      "recall": 0.914,
      "f1": 0.8667614983404458,
      "specificity": 0.9783333333333334,
      "fpr": 0.021666666666666612,
      "fnr": 0.08599999999999997,
      "auroc": 0.9924583333333334,
      "auprc": 0.9422535777711166,
      "support": 1000,
      "tp": 914,
      "tn": 8805,
      "fp": 195,
      "fn": 86
    },
    "5": {
      "precision": 0.9899091826437941,
      "recall": 0.981,
      "f1": 0.9854344550477147,
      "specificity": 0.9988888888888889,
      "fpr": 0.0011111111111110628,
      "fnr": 0.019000000000000017,
      "auroc": 0.9997399444444445,
      "auprc": 0.997666752403186,
      "support": 1000,
      "tp": 981,
      "tn": 8990,
      "fp": 10,
      "fn": 19
    },
    "6": {
      "precision": 0.7792642140468228,
      "recall": 0.699,
      "f1": 0.7369530838165524,
      "specificity": 0.978,
      "fpr": 0.02200000000000002,
      "fnr": 0.30100000000000005,
      "auroc": 0.9743384444444444,
      "auprc": 0.8432018865166363,
      "support": 1000,
      "tp": 699,
      "tn": 8802,
      "fp": 198,
      "fn": 301
    },
    "7": {
      "precision": 0.9389895138226882,
      "recall": 0.985,
      "f1": 0.9614446071254271,
      "specificity": 0.9928888888888889,
      "fpr": 0.007111111111111068,
      "fnr": 0.015000000000000013,
      "auroc": 0.9990954444444444,
      "auprc": 0.9937462415091047,
      "support": 1000,
      "tp": 985,
      "tn": 8936,
      "fp": 64,
      "fn": 15
    },
    "8": {
      "precision": 0.9723593287265548,
      "recall": 0.985,
      "f1": 0.9786388474913066,
      "specificity": 0.9968888888888889,
      "fpr": 0.0031111111111110645,
      "fnr": 0.015000000000000013,
      "auroc": 0.9996525555555555,
      "auprc": 0.9976089300475752,
      "support": 1000,
      "tp": 985,
      "tn": 8972,
      "fp": 28,
      "fn": 15
    },
    "9": {
      "precision": 0.9824198552223371,
      "recall": 0.95,
      "f1": 0.9659379766141332,
      "specificity": 0.9981111111111111,
      "fpr": 0.00188888888888894,
      "fnr": 0.050000000000000044,
      "auroc": 0.9992404444444445,
      "auprc": 0.9944741941729328,
      "support": 1000,
      "tp": 950,
      "tn": 8983,
      "fp": 17,
      "fn": 50
    }
  },
  "confusion_matrix": [
    [
      862,
      0,
      19,
      18,
      3,
      2,
      88,
      0,
      8,
      0
    ],
    [
      1,
      982,
      1,
      11,
      2,
      0,
      1,
      0,
      2,
      0
    ],
    [
      9,
      1,
      874,
      8,
      59,
      0,
      47,
      0,
      2,
      0
    ],
    [
      14,
      3,
      12,
      903,
      42,
      0,
      24,
      0,
      2,
      0
    ],
    [
      1,
      1,
      30,
      16,
      914,
      0,
      36,
      0,
      2,
      0
    ],
    [
      0,
      0,
      0,
      0,
      0,
      981,
      0,
      14,
      0,
      5
    ],
    [
      114,
      2,
      62,
      23,
      88,
      0,
      699,
      0,
      12,
      0
    ],
    [
      0,
      0,
      0,
      0,
      0,
      3,
      0,
      985,
      0,
      12
    ],
    [
      3,
      1,
      0,
      2,
      1,
      2,
      2,
      4,
      985,
      0
    ],
    [
      0,
      0,
      1,
      0,
      0,
      3,
      0,
      46,
      0,
      950
    ]
  ]
}