{
  "experiment": "exp1",
  "condition": {
    "subset_pct": 95,
    "num_samples": 57000,
    "train_samples": 51300,
    "val_samples": 5700
  },
  "seed": 14994796,
  "timestamp": "2026-01-06T21:04:04.889025",
  "training_dynamics": {
    "epochs_trained": 15,
    "best_epoch": 5,
    "best_val_accuracy": 0.9240350877192982,
    "final_train_loss": 0.08404953418905728,
    "final_val_loss": 0.29493262863995734,
    "training_time_seconds": 29.16369104385376
  },
  "training_history": {
    "train_loss": [
      0.44744728724855437,
      0.29075697583710763,
      0.24768061128600577,
      0.21979219688943347,
      0.19633286660699698,
      0.17793322544071144,
      0.15910261417007507,
      0.14545660344721226,
      0.13329300424896942,
      0.12317458590251067,
      0.11033039634810421,
      0.10254513432139396,
      0.09522245012913504,
      0.08571046378412411,
      0.08404953418905728
    ],
    "val_loss": [
      0.3254385787144042,
      0.2591182433931451,
      0.24664001561047738,
      0.2495978738550554,
      0.2334172885668905,
      0.24809139874943514,
      0.24484033065929747,
      0.23488989118944134,
      0.24943394991389492,
      0.25823461432206,
      0.2571157181890387,
      0.2704843857413844,
      0.2659955632477476,
      0.2665118416568689,
      0.29493262863995734
    ],
    "val_accuracy": [
      0.8757894736842106,
      0.907719298245614,
      0.9124561403508772,
      0.9122807017543859,
      0.9182456140350878,
      0.9145614035087719,
      0.9131578947368421,
      0.9173684210526316,
      0.9145614035087719,
      0.917719298245614,
      0.9131578947368421,
      0.9173684210526316,
      0.9240350877192982,
      0.9203508771929825,
      0.9143859649122807
    ]
  },
  "global_metrics": {
    "accuracy": 0.914,
    "balanced_accuracy": 0.9139999999999999,
    "top_3_accuracy": 0.9935,
    "top_5_accuracy": 0.9995,
    "log_loss": 0.24106706544068865,
    "mcc": 0.9046336331714265,
    "cohens_kappa": 0.9044444444444445,
    "precision_macro": 0.9149441787077335,
    "precision_micro": 0.914,
    "precision_weighted": 0.9149441787077334,
    "recall_macro": 0.9139999999999999,
    "recall_micro": 0.914,
    "recall_weighted": 0.914,
    "f1_macro": 0.9136792449237063,
    "f1_micro": 0.914,
    "f1_weighted": 0.9136792449237062,
    "auroc_macro": 0.9948986111111111,
    "auroc_weighted": 0.994898611111111,
    "auprc_macro": 0.9647521628973383
  },
  "per_class_metrics": {
    "0": {
      "precision": 0.8405931417979611,
      "recall": 0.907,
      "f1": 0.8725348725348726,
      "specificity": 0.9808888888888889,
      "fpr": 0.01911111111111108,
      "fnr": 0.09299999999999997,
      "auroc": 0.9924974444444445,
      "auprc": 0.9468204106244952,
      "support": 1000,
      "tp": 907,
      "tn": 8828,
      "fp": 172,
      "fn": 93
    },
    "1": {
      "precision": 0.9899799599198397,
      "recall": 0.988,
      "f1": 0.988988988988989,
      "specificity": 0.9988888888888889,
      "fpr": 0.0011111111111110628,
      "fnr": 0.01200000000000001,
      "auroc": 0.9998266666666666,
      "auprc": 0.9988418717133813,
      "support": 1000,
      "tp": 988,
      "tn": 8990,
      "fp": 10,
      "fn": 12
    },
    "2": {
      "precision": 0.8214285714285714,
      "recall": 0.92,
      "f1": 0.8679245283018867,
      "specificity": 0.9777777777777777,
      "fpr": 0.022222222222222254,
      "fnr": 0.07999999999999996,
      "auroc": 0.9917212222222221,
      "auprc": 0.9464985785229365,
      "support": 1000,
      "tp": 920,
      "tn": 8800,
      "fp": 200,
      "fn": 80
    },
    "3": {
      "precision": 0.9354838709677419,
      "recall": 0.899,
      "f1": 0.9168791432942376,
      "specificity": 0.9931111111111111,
      "fpr": 0.006888888888888944,
      "fnr": 0.10099999999999998,
      "auroc": 0.9965272222222222,
      "auprc": 0.9717541533928478,
      "support": 1000,
      "tp": 899,
      "tn": 8938,
      "fp": 62,
      "fn": 101
    },
    "4": {
      "precision": 0.9038674033149171,
      "recall": 0.818,
      "f1": 0.8587926509186352,
      "specificity": 0.9903333333333333,
      "fpr": 0.009666666666666712,
      "fnr": 0.18200000000000005,
      "auroc": 0.993331,
      "auprc": 0.9474297735922846,
      "support": 1000,
      "tp": 818,
      "tn": 8913,
      "fp": 87,
      "fn": 182
    },
    "5": {
      "precision": 0.9918200408997955,
      "recall": 0.97,
      "f1": 0.9807886754297269,
      "specificity": 0.9991111111111111,
      "fpr": 0.000888888888888939,
      "fnr": 0.030000000000000027,
      "auroc": 0.9998217777777778,
      "auprc": 0.9983420330760473,
      "support": 1000,
      "tp": 970,
      "tn": 8992,
      "fp": 8,
      "fn": 30
    },
    "6": {
      "precision": 0.768409818569904,
      "recall": 0.72,
      "f1": 0.7434176561693341,
      "specificity": 0.9758888888888889,
      "fpr": 0.024111111111111083,
      "fnr": 0.28,
      "auroc": 0.9770728888888888,
      "auprc": 0.8514958204845351,
      "support": 1000,
      "tp": 720,
      "tn": 8783,
      "fp": 217,
      "fn": 280
    },
    "7": {
      "precision": 0.9634888438133874,
      "recall": 0.95,
      "f1": 0.9566968781470292,
      "specificity": 0.996,
      "fpr": 0.0040000000000000036,
      "fnr": 0.050000000000000044,
      "auroc": 0.9991347777777778,
      "auprc": 0.9926857961500732,
      "support": 1000,
      "tp": 950,
      "tn": 8964,
      "fp": 36,
      "fn": 50
    },
    "8": {
      "precision": 0.9919517102615694,
      "recall": 0.986,
      "f1": 0.9889669007021062,
      "specificity": 0.9991111111111111,
      "fpr": 0.000888888888888939,
      "fnr": 0.014000000000000012,
      "auroc": 0.999848,
      "auprc": 0.9987698479792758,
      "support": 1000,
      "tp": 986,
      "tn": 8992,
      "fp": 8,
      "fn": 14
    },
    "9": {
      "precision": 0.9424184261036468,
      "recall": 0.982,
      "f1": 0.9618021547502449,
      "specificity": 0.9933333333333333,
      "fpr": 0.00666666666666671,
      "fnr": 0.018000000000000016,
      "auroc": 0.9992051111111111,
      "auprc": 0.9948833434375056,
      "support": 1000,
      "tp": 982,
      "tn": 8940,
      "fp": 60,
      "fn": 18
    }
  },
  "confusion_matrix": [
    [
      907,
      0,
      20,
      9,
      1,
      1,
      59,
      0,
      3,
      0
    ],
    [
      3,
      988,
      0,
      7,
      0,
      0,
      2,
      0,
      0,
      0
    ],
    [
      15,
      1,
      920,
      3,
      22,
      0,
      39,
      0,
      0,
      0
    ],
    [
      20,
      3,
      17,
      899,
      19,
      0,
      41,
      0,
      1,
      0
    ],
    [
      0,
      1,
      87,
      18,
      818,
      0,
      75,
      0,
      1,
      0
    ],
    [
      0,
      0,
      0,
      0,
      0,
      970,
      0,
      19,
      0,
      11
    ],
    [
      131,
      4,
      75,
      23,
      44,
      0,
      720,
      0,
      3,
      0
    ],
    [
      0,
      0,
      0,
      0,
      0,
      2,
      0,
      950,
      0,
      48
    ],
    [
      3,
      1,
      0,
      2,
      1,
      1,
      1,
      4,
      986,
      1
    ],
    [
      0,
      0,
      1,
      0,
      0,
      4,
      0,
      13,
      0,
      982
    ]
  ]
}