{
  "experiment": "exp3",
  "condition": {
    "num_classes": 8,
    "class_list": [
      0,
      1,
      3,
      4,
      5,
      6,
      7,
      8
    ],
    "class_names": [
      "T-shirt/top",
      "Trouser",
      "Dress",
      "Coat",
      "Sandal",
      "Shirt",
      "Sneaker",
      "Bag"
    ],
    "combo_idx": 1,
    "subset_pct": 30,
    "num_samples": 14400,
    "samples_per_class": 1800,
    "train_samples": 12960,
    "val_samples": 1440,
    "test_samples": 8000
  },
  "seed": 73962792,
  "timestamp": "2026-01-18T01:26:13.649228",
  "training_dynamics": {
    "epochs_trained": 18,
    "best_epoch": 8,
    "best_val_accuracy": 0.9229166666666667,
    "final_train_loss": 0.03926715244575785,
    "final_val_loss": 0.3376361190341413,
    "training_time_seconds": 10.48180103302002
  },
  "training_history": {
    "train_loss": [
      0.4949073525044718,
      0.29321883303191276,
      0.24783483114589025,
      0.21759644044297083,
      0.1925171019481908,
      0.16362731008253661,
      0.14564703492989095,
      0.124572234641155,
      0.11640164933254567,
      0.09962142124001322,
      0.09016797651669808,
      0.07735774896837073,
      0.06052088512227013,
      0.05573344590564446,
      0.05296997160288354,
      0.04763686781109132,
      0.04010011880426883,
      0.03926715244575785
    ],
    "val_loss": [
      0.304008287191391,
      0.2712515397204293,
      0.24501946336693234,
      0.2720704313781526,
      0.21308798806534873,
      0.21193500161170958,
      0.20924802132778697,
      0.20848205991917187,
      0.2379566479060385,
      0.21732781285213099,
      0.22486734605497785,
      0.24713703071077664,
      0.2474885328983267,
      0.24968605434728994,
      0.26417800076305864,
      0.28398204758349394,
      0.2703793114879065,
      0.3376361190341413
    ],
    "val_accuracy": [
      0.8791666666666667,
      0.9,
      0.9055555555555556,
      0.8888888888888888,
      0.9166666666666666,
      0.91875,
      0.9208333333333333,
      0.9229166666666667,
      0.9048611111111111,
      0.9208333333333333,
      0.9173611111111111,
      0.9208333333333333,
      0.9194444444444444,
      0.9138888888888889,
      0.9173611111111111,
      0.9125,
      0.9215277777777777,
      0.9173611111111111
    ]
  },
  "global_metrics": {
    "accuracy": 0.91025,
    "balanced_accuracy": 0.91025,
    "top_3_accuracy": 0.99375,
    "top_5_accuracy": 0.999375,
    "log_loss": 0.2510234828304448,
    "mcc": 0.8975288758852763,
    "cohens_kappa": 0.8974285714285715,
    "precision_macro": 0.9123933487187138,
    "precision_micro": 0.91025,
    "precision_weighted": 0.9123933487187138,
    "recall_macro": 0.91025,
    "recall_micro": 0.91025,
    "recall_weighted": 0.91025,
    "f1_macro": 0.9109891804144913,
    "f1_micro": 0.91025,
    "f1_weighted": 0.9109891804144913,
    "auroc_macro": 0.9933353035714286,
    "auroc_weighted": 0.9933353035714285,
    "auprc_macro": 0.9627009553692931
  },
  "per_class_metrics": {
    "0": {
      "precision": 0.8446700507614213,
      "recall": 0.832,
      "f1": 0.8382871536523929,
      "specificity": 0.9781428571428571,
      "fpr": 0.021857142857142856,
      "fnr": 0.168,
      "auroc": 0.9881981428571428,
      "auprc": 0.928844347410972,
      "support": 1000,
      "tp": 832,
      "tn": 6847,
      "fp": 153,
      "fn": 168
    },
    "1": {
      "precision": 0.997946611909651,
      "recall": 0.972,
      "f1": 0.9848024316109422,
      "specificity": 0.9997142857142857,
      "fpr": 0.00028571428571428574,
      "fnr": 0.028,
      "auroc": 0.9995407142857143,
      "auprc": 0.9977690602593916,
      "support": 1000,
      "tp": 972,
      "tn": 6998,
      "fp": 2,
      "fn": 28
    },
    "2": {
      "precision": 0.9271383315733897,
      "recall": 0.878,
      "f1": 0.9019003595274783,
      "specificity": 0.9901428571428571,
      "fpr": 0.009857142857142858,
      "fnr": 0.122,
      "auroc": 0.9947848571428572,
      "auprc": 0.9668419314211192,
      "support": 1000,
      "tp": 878,
      "tn": 6931,
      "fp": 69,
      "fn": 122
    },
    "3": {
      "precision": 0.8761061946902655,
      "recall": 0.891,
      "f1": 0.8834903321764997,
      "specificity": 0.982,
      "fpr": 0.018,
      "fnr": 0.109,
      "auroc": 0.9938065714285714,
      "auprc": 0.9589409339922618,
      "support": 1000,
      "tp": 891,
      "tn": 6874,
      "fp": 126,
      "fn": 109
    },
    "4": {
      "precision": 0.9455587392550143,
      "recall": 0.99,
      "f1": 0.9672691744015632,
      "specificity": 0.9918571428571429,
      "fpr": 0.008142857142857143,
      "fnr": 0.01,
      "auroc": 0.9997317142857143,
      "auprc": 0.9982598287724999,
      "support": 1000,
      "tp": 990,
      "tn": 6943,
      "fp": 57,
      "fn": 10
    },
    "5": {
      "precision": 0.7332089552238806,
      "recall": 0.786,
      "f1": 0.7586872586872586,
      "specificity": 0.9591428571428572,
      "fpr": 0.040857142857142856,
      "fnr": 0.214,
      "auroc": 0.9715501428571429,
      "auprc": 0.8561812381214742,
      "support": 1000,
      "tp": 786,
      "tn": 6714,
      "fp": 286,
      "fn": 214
    },
    "6": {
      "precision": 0.9896694214876033,
      "recall": 0.958,
      "f1": 0.9735772357723577,
      "specificity": 0.9985714285714286,
      "fpr": 0.0014285714285714286,
      "fnr": 0.042,
      "auroc": 0.9995978571428571,
      "auprc": 0.9976663223782054,
      "support": 1000,
      "tp": 958,
      "tn": 6990,
      "fp": 10,
      "fn": 42
    },
    "7": {
      "precision": 0.9848484848484849,
      "recall": 0.975,
      "f1": 0.9798994974874371,
      "specificity": 0.9978571428571429,
      "fpr": 0.002142857142857143,
      "fnr": 0.025,
      "auroc": 0.9994724285714286,
      "auprc": 0.9971039805984214,
      "support": 1000,
      "tp": 975,
      "tn": 6985,
      "fp": 15,
      "fn": 25
    }
  },
  "confusion_matrix": [
    [
      832,
      1,
      13,
      4,
      6,
      141,
      0,
      3
    ],
    [
      4,
      972,
      17,
      3,
      0,
      2,
      0,
      2
    ],
    [
      31,
      0,
      878,
      37,
      1,
      50,
      0,
      3
    ],
    [
      1,
      0,
      18,
      891,
      0,
      88,
      0,
      2
    ],
    [
      0,
      0,
      0,
      0,
      990,
      0,
      10,
      0
    ],
    [
      113,
      0,
      17,
      79,
      0,
      786,
      0,
      5
    ],
    [
      0,
      0,
      0,
      0,
      42,
      0,
      958,
      0
    ],
    [
      4,
      1,
      4,
      3,
      8,
      5,
      0,
      975
    ]
  ]
}