{
  "experiment": "exp3",
  "condition": {
    "num_classes": 10,
    "class_list": [
      0,
      1,
      2,
      3,
      4,
      5,
      6,
      7,
      8,
      9
    ],
    "class_names": [
      "T-shirt/top",
      "Trouser",
      "Pullover",
      "Dress",
      "Coat",
      "Sandal",
      "Shirt",
      "Sneaker",
      "Bag",
      "Ankle boot"
    ],
    "combo_idx": 0,
    "subset_pct": 70,
    "num_samples": 42000,
    "samples_per_class": 4200,
    "train_samples": 37800,
    "val_samples": 4200,
    "test_samples": 10000
  },
  "seed": 73962792,
  "timestamp": "2026-01-18T02:00:53.361372",
  "training_dynamics": {
    "epochs_trained": 16,
    "best_epoch": 6,
    "best_val_accuracy": 0.9233333333333333,
    "final_train_loss": 0.07294598412455743,
    "final_val_loss": 0.29520364091509865,
    "training_time_seconds": 28.486080408096313
  },
  "training_history": {
    "train_loss": [
      0.4761777806352641,
      0.3140346066499926,
      0.266967201507737,
      0.23564427071164304,
      0.20583997356710096,
      0.18732654226411216,
      0.16873361566773729,
      0.1520958387697913,
      0.13732153159611923,
      0.12201238460303009,
      0.11138153154885179,
      0.09907140592727716,
      0.09087239535503379,
      0.08555118108007509,
      0.07442525294278442,
      0.07294598412455743
    ],
    "val_loss": [
      0.31447471752053213,
      0.276252273888815,
      0.24459535425617582,
      0.2353958083618255,
      0.2364266790662493,
      0.22219559419722784,
      0.26832496648743037,
      0.2518396311146872,
      0.25761615906442914,
      0.26759328003440586,
      0.26133970842474985,
      0.26939053441796984,
      0.2953892224459421,
      0.2659822579934483,
      0.29906032482783,
      0.29520364091509865
    ],
    "val_accuracy": [
      0.8869047619047619,
      0.9033333333333333,
      0.9135714285714286,
      0.9138095238095238,
      0.9161904761904762,
      0.9233333333333333,
      0.9014285714285715,
      0.9164285714285715,
      0.9192857142857143,
      0.9142857142857143,
      0.91,
      0.9219047619047619,
      0.9185714285714286,
      0.920952380952381,
      0.9157142857142857,
      0.920952380952381
    ]
  },
  "global_metrics": {
    "accuracy": 0.9134,
    "balanced_accuracy": 0.9133999999999999,
    "top_3_accuracy": 0.9937,
    "top_5_accuracy": 0.9992,
    "log_loss": 0.2360680848209025,
    "mcc": 0.9038452473223353,
    "cohens_kappa": 0.9037777777777778,
    "precision_macro": 0.9130047729811309,
    "precision_micro": 0.9134,
    "precision_weighted": 0.9130047729811309,
    "recall_macro": 0.9133999999999999,
    "recall_micro": 0.9134,
    "recall_weighted": 0.9134,
    "f1_macro": 0.9129160807344524,
    "f1_micro": 0.9134,
    "f1_weighted": 0.9129160807344524,
    "auroc_macro": 0.9947698722222222,
    "auroc_weighted": 0.9947698722222221,
    "auprc_macro": 0.964707425656368
  },
  "per_class_metrics": {
    "0": {
      "precision": 0.8448940269749519,
      "recall": 0.877,
      "f1": 0.8606476938174681,
      "specificity": 0.9821111111111112,
      "fpr": 0.017888888888888888,
      "fnr": 0.123,
      "auroc": 0.9921618888888888,
      "auprc": 0.9436234603024929,
      "support": 1000,
      "tp": 877,
      "tn": 8839,
      "fp": 161,
      "fn": 123
    },
    "1": {
      "precision": 0.9939393939393939,
      "recall": 0.984,
      "f1": 0.9889447236180904,
      "specificity": 0.9993333333333333,
      "fpr": 0.0006666666666666666,
      "fnr": 0.016,
      "auroc": 0.9997223333333334,
      "auprc": 0.9989098006120578,
      "support": 1000,
      "tp": 984,
      "tn": 8994,
      "fp": 6,
      "fn": 16
    },
    "2": {
      "precision": 0.8611925708699902,
      "recall": 0.881,
      "f1": 0.8709836875926842,
      "specificity": 0.9842222222222222,
      "fpr": 0.01577777777777778,
      "fnr": 0.119,
      "auroc": 0.9919411111111112,
      "auprc": 0.9482829227843019,
      "support": 1000,
      "tp": 881,
      "tn": 8858,
      "fp": 142,
      "fn": 119
    },
    "3": {
      "precision": 0.8804143126177024,
      "recall": 0.935,
      "f1": 0.906886517943744,
      "specificity": 0.9858888888888889,
      "fpr": 0.01411111111111111,
      "fnr": 0.065,
      "auroc": 0.9965318333333334,
      "auprc": 0.972877646877346,
      "support": 1000,
      "tp": 935,
      "tn": 8873,
      "fp": 127,
      "fn": 65
    },
    "4": {
      "precision": 0.8850210970464135,
      "recall": 0.839,
      "f1": 0.8613963039014373,
      "specificity": 0.9878888888888889,
      "fpr": 0.01211111111111111,
      "fnr": 0.161,
      "auroc": 0.992759111111111,
      "auprc": 0.9430814842078168,
      "support": 1000,
      "tp": 839,
      "tn": 8891,
      "fp": 109,
      "fn": 161
    },
    "5": {
      "precision": 0.9792079207920792,
      "recall": 0.989,
      "f1": 0.9840796019900497,
      "specificity": 0.9976666666666667,
      "fpr": 0.0023333333333333335,
      "fnr": 0.011,
      "auroc": 0.9997595555555555,
      "auprc": 0.9978960252942519,
      "support": 1000,
      "tp": 989,
      "tn": 8979,
      "fp": 21,
      "fn": 11
    },
    "6": {
      "precision": 0.767342582710779,
      "recall": 0.719,
      "f1": 0.7423851316468766,
      "specificity": 0.9757777777777777,
      "fpr": 0.02422222222222222,
      "fnr": 0.281,
      "auroc": 0.9764663333333334,
      "auprc": 0.8550459158478726,
      "support": 1000,
      "tp": 719,
      "tn": 8782,
      "fp": 218,
      "fn": 281
    },
    "7": {
      "precision": 0.9703779366700716,
      "recall": 0.95,
      "f1": 0.9600808489135927,
      "specificity": 0.9967777777777778,
      "fpr": 0.0032222222222222222,
      "fnr": 0.05,
      "auroc": 0.9993277777777778,
      "auprc": 0.9940967975283811,
      "support": 1000,
      "tp": 950,
      "tn": 8971,
      "fp": 29,
      "fn": 50
    },
    "8": {
      "precision": 0.9889558232931727,
      "recall": 0.985,
      "f1": 0.9869739478957915,
      "specificity": 0.9987777777777778,
      "fpr": 0.0012222222222222222,
      "fnr": 0.015,
      "auroc": 0.9997605555555555,
      "auprc": 0.9983732981749042,
      "support": 1000,
      "tp": 985,
      "tn": 8989,
      "fp": 11,
      "fn": 15
    },
    "9": {
      "precision": 0.9587020648967551,
      "recall": 0.975,
      "f1": 0.9667823500247893,
      "specificity": 0.9953333333333333,
      "fpr": 0.004666666666666667,
      "fnr": 0.025,
      "auroc": 0.9992682222222222,
      "auprc": 0.9948869049342544,
      "support": 1000,
      "tp": 975,
      "tn": 8958,
      "fp": 42,
      "fn": 25
    }
  },
  "confusion_matrix": [
    [
      877,
      0,
      17,
      16,
      1,
      2,
      83,
      0,
      4,
      0
    ],
    [
      2,
      984,
      0,
      13,
      0,
      0,
      0,
      0,
      1,
      0
    ],
    [
      15,
      2,
      881,
      12,
      36,
      0,
      54,
      0,
      0,
      0
    ],
    [
      22,
      0,
      12,
      935,
      8,
      0,
      23,
      0,
      0,
      0
    ],
    [
      0,
      0,
      53,
      51,
      839,
      0,
      56,
      0,
      1,
      0
    ],
    [
      0,
      0,
      0,
      0,
      0,
      989,
      0,
      9,
      0,
      2
    ],
    [
      119,
      3,
      59,
      32,
      63,
      0,
      719,
      0,
      5,
      0
    ],
    [
      0,
      0,
      0,
      0,
      0,
      10,
      0,
      950,
      0,
      40
    ],
    [
      3,
      1,
      1,
      3,
      1,
      2,
      2,
      2,
      985,
      0
    ],
    [
      0,
      0,
      0,
      0,
      0,
      7,
      0,
      18,
      0,
      975
    ]
  ]
}