{
  "experiment": "exp3",
  "condition": {
    "num_classes": 8,
    "class_list": [
      1,
      2,
      4,
      5,
      6,
      7,
      8,
      9
    ],
    "class_names": [
      "Trouser",
      "Pullover",
      "Coat",
      "Sandal",
      "Shirt",
      "Sneaker",
      "Bag",
      "Ankle boot"
    ],
    "combo_idx": 4,
    "subset_pct": 30,
    "num_samples": 14400,
    "samples_per_class": 1800,
    "train_samples": 12960,
    "val_samples": 1440,
    "test_samples": 8000
  },
  "seed": 73962792,
  "timestamp": "2026-01-18T01:36:27.932708",
  "training_dynamics": {
    "epochs_trained": 19,
    "best_epoch": 9,
    "best_val_accuracy": 0.93125,
    "final_train_loss": 0.03567884685448715,
    "final_val_loss": 0.29802803662088184,
    "training_time_seconds": 11.90060305595398
  },
  "training_history": {
    "train_loss": [
      0.5020504772222688,
      0.28824467810210336,
      0.23450815710674952,
      0.1992477798476595,
      0.17182075158862645,
      0.145531388467609,
      0.1360728136754682,
      0.11426571183126842,
      0.09587715576251446,
      0.08183210467451753,
      0.08129099589483492,
      0.06621348736303047,
      0.060249134664781615,
      0.051019896188833444,
      0.04923259005583639,
      0.04180669927455742,
      0.03989591953812598,
      0.033745106197538066,
      0.03567884685448715
    ],
    "val_loss": [
      0.3121081835693783,
      0.2619118587838279,
      0.2576181266042921,
      0.2208863200412856,
      0.21896217068036397,
      0.20633818888001973,
      0.22014691117737029,
      0.21078025235070122,
      0.20609320236576928,
      0.2615923056999842,
      0.2409992429945204,
      0.21486075007253222,
      0.2530947357416153,
      0.2573902125159899,
      0.3590677559375763,
      0.3019962415926986,
      0.2692041946782006,
      0.24446345584260093,
      0.29802803662088184
    ],
    "val_accuracy": [
      0.8875,
      0.9,
      0.9083333333333333,
      0.9125,
      0.9152777777777777,
      0.9243055555555556,
      0.9180555555555555,
      0.9256944444444445,
      0.9236111111111112,
      0.9166666666666666,
      0.9243055555555556,
      0.9291666666666667,
      0.9166666666666666,
      0.9256944444444445,
      0.8979166666666667,
      0.9222222222222223,
      0.9270833333333334,
      0.93125,
      0.9277777777777778
    ]
  },
  "global_metrics": {
    "accuracy": 0.921625,
    "balanced_accuracy": 0.921625,
    "top_3_accuracy": 0.996875,
    "top_5_accuracy": 0.99975,
    "log_loss": 0.23750312116023137,
    "mcc": 0.911242104251635,
    "cohens_kappa": 0.9104285714285715,
    "precision_macro": 0.9258270732849612,
    "precision_micro": 0.921625,
    "precision_weighted": 0.9258270732849612,
    "recall_macro": 0.921625,
    "recall_micro": 0.921625,
    "recall_weighted": 0.921625,
    "f1_macro": 0.920715309670478,
    "f1_micro": 0.921625,
    "f1_weighted": 0.9207153096704781,
    "auroc_macro": 0.9952558928571429,
    "auroc_weighted": 0.995255892857143,
    "auprc_macro": 0.971489753622274
  },
  "per_class_metrics": {
    "0": {
      "precision": 0.9949698189134809,
      "recall": 0.989,
      "f1": 0.9919759277833501,
      "specificity": 0.9992857142857143,
      "fpr": 0.0007142857142857143,
      "fnr": 0.011,
      "auroc": 0.9999024285714285,
      "auprc": 0.9994041090644592,
      "support": 1000,
      "tp": 989,
      "tn": 6995,
      "fp": 5,
      "fn": 11
    },
    "1": {
      "precision": 0.8204895738893926,
      "recall": 0.905,
      "f1": 0.860675225867808,
      "specificity": 0.9717142857142858,
      "fpr": 0.028285714285714286,
      "fnr": 0.095,
      "auroc": 0.9898552857142856,
      "auprc": 0.9425390429899709,
      "support": 1000,
      "tp": 905,
      "tn": 6802,
      "fp": 198,
      "fn": 95
    },
    "2": {
      "precision": 0.8,
      "recall": 0.908,
      "f1": 0.8505854800936767,
      "specificity": 0.9675714285714285,
      "fpr": 0.03242857142857143,
      "fnr": 0.092,
      "auroc": 0.9890040000000001,
      "auprc": 0.9233173638518546,
      "support": 1000,
      "tp": 908,
      "tn": 6773,
      "fp": 227,
      "fn": 92
    },
    "3": {
      "precision": 0.9857723577235772,
      "recall": 0.97,
      "f1": 0.9778225806451614,
      "specificity": 0.998,
      "fpr": 0.002,
      "fnr": 0.03,
      "auroc": 0.9995072857142857,
      "auprc": 0.9970307051547452,
      "support": 1000,
      "tp": 970,
      "tn": 6986,
      "fp": 14,
      "fn": 30
    },
    "4": {
      "precision": 0.9307589880159787,
      "recall": 0.699,
      "f1": 0.7984009137635637,
      "specificity": 0.9925714285714285,
      "fpr": 0.0074285714285714285,
      "fnr": 0.301,
      "auroc": 0.9863027142857144,
      "auprc": 0.925962282983007,
      "support": 1000,
      "tp": 699,
      "tn": 6948,
      "fp": 52,
      "fn": 301
    },
    "5": {
      "precision": 0.9181395348837209,
      "recall": 0.987,
      "f1": 0.9513253012048192,
      "specificity": 0.9874285714285714,
      "fpr": 0.012571428571428572,
      "fnr": 0.013,
      "auroc": 0.9988091428571428,
      "auprc": 0.9916273057977201,
      "support": 1000,
      "tp": 987,
      "tn": 6912,
      "fp": 88,
      "fn": 13
    },
    "6": {
      "precision": 0.9723593287265548,
      "recall": 0.985,
      "f1": 0.9786388474913066,
      "specificity": 0.996,
      "fpr": 0.004,
      "fnr": 0.015,
      "auroc": 0.9996147142857142,
      "auprc": 0.9977001392543068,
      "support": 1000,
      "tp": 985,
      "tn": 6972,
      "fp": 28,
      "fn": 15
    },
    "7": {
      "precision": 0.9841269841269841,
      "recall": 0.93,
      "f1": 0.9562982005141387,
      "specificity": 0.9978571428571429,
      "fpr": 0.002142857142857143,
      "fnr": 0.07,
      "auroc": 0.9990515714285715,
      "auprc": 0.9943370798821279,
      "support": 1000,
      "tp": 930,
      "tn": 6985,
      "fp": 15,
      "fn": 70
    }
  },
  "confusion_matrix": [
    [
      989,
      1,
      4,
      0,
      3,
      0,
      3,
      0
    ],
    [
      1,
      905,
      58,
      0,
      33,
      0,
      3,
      0
    ],
    [
      0,
      75,
      908,
      0,
      16,
      0,
      1,
      0
    ],
    [
      0,
      0,
      0,
      970,
      0,
      23,
      0,
      7
    ],
    [
      2,
      121,
      158,
      0,
      699,
      0,
      20,
      0
    ],
    [
      0,
      0,
      0,
      5,
      0,
      987,
      0,
      8
    ],
    [
      2,
      1,
      7,
      3,
      0,
      2,
      985,
      0
    ],
    [
      0,
      0,
      0,
      6,
      0,
      63,
      1,
      930
    ]
  ]
}