{
  "experiment": "exp3",
  "condition": {
    "num_classes": 7,
    "class_list": [
      0,
      1,
      3,
      4,
      6,
      8,
      9
    ],
    "class_names": [
      "T-shirt/top",
      "Trouser",
      "Dress",
      "Coat",
      "Shirt",
      "Bag",
      "Ankle boot"
    ],
    "combo_idx": 2,
    "subset_pct": 90,
    "num_samples": 37800,
    "samples_per_class": 5400,
    "train_samples": 34020,
    "val_samples": 3780,
    "test_samples": 7000
  },
  "seed": 73962792,
  "timestamp": "2026-01-18T01:16:21.469811",
  "training_dynamics": {
    "epochs_trained": 17,
    "best_epoch": 7,
    "best_val_accuracy": 0.935978835978836,
    "final_train_loss": 0.04694424527646935,
    "final_val_loss": 0.2801203698907682,
    "training_time_seconds": 26.72110939025879
  },
  "training_history": {
    "train_loss": [
      0.3742195845098424,
      0.2501132996766863,
      0.21051744891232566,
      0.1829189618951396,
      0.15916964560186952,
      0.14422158548202282,
      0.12669544680310146,
      0.10882757093470291,
      0.10087141850648126,
      0.08908052674907826,
      0.07585835242661458,
      0.07287526908645728,
      0.0637566946600949,
      0.05918847796326867,
      0.053489079445957634,
      0.04856068096049235,
      0.04694424527646935
    ],
    "val_loss": [
      0.2475298877943445,
      0.22516376921345319,
      0.20651744177771938,
      0.1993615380197606,
      0.19332794818889212,
      0.22979154488103828,
      0.19233629703669558,
      0.20052363130278766,
      0.21559000058905295,
      0.25593340438593515,
      0.23284960025427162,
      0.24114623019678416,
      0.2607689327322607,
      0.23960122665764255,
      0.24785251236039033,
      0.26346031199132397,
      0.2801203698907682
    ],
    "val_accuracy": [
      0.9105820105820106,
      0.9119047619047619,
      0.9235449735449736,
      0.9238095238095239,
      0.9288359788359788,
      0.9206349206349206,
      0.9304232804232804,
      0.9285714285714286,
      0.9322751322751323,
      0.9169312169312169,
      0.9277777777777778,
      0.9264550264550264,
      0.9275132275132275,
      0.9277777777777778,
      0.9312169312169312,
      0.935978835978836,
      0.928042328042328
    ]
  },
  "global_metrics": {
    "accuracy": 0.9252857142857143,
    "balanced_accuracy": 0.9252857142857144,
    "top_3_accuracy": 0.9958571428571429,
    "top_5_accuracy": 0.9997142857142857,
    "log_loss": 0.21238753717363612,
    "mcc": 0.9129373923899267,
    "cohens_kappa": 0.9128333333333334,
    "precision_macro": 0.9253437750362606,
    "precision_micro": 0.9252857142857143,
    "precision_weighted": 0.9253437750362605,
    "recall_macro": 0.9252857142857144,
    "recall_micro": 0.9252857142857143,
    "recall_weighted": 0.9252857142857143,
    "f1_macro": 0.9250257944773901,
    "f1_micro": 0.9252857142857143,
    "f1_weighted": 0.92502579447739,
    "auroc_macro": 0.9941921309523811,
    "auroc_weighted": 0.994192130952381,
    "auprc_macro": 0.9705860351614417
  },
  "per_class_metrics": {
    "0": {
      "precision": 0.8518173345759553,
      "recall": 0.914,
      "f1": 0.8818137964302943,
      "specificity": 0.9735,
      "fpr": 0.0265,
      "fnr": 0.086,
      "auroc": 0.9909468333333334,
      "auprc": 0.9562144603864665,
      "support": 1000,
      "tp": 914,
      "tn": 5841,
      "fp": 159,
      "fn": 86
    },
    "1": {
      "precision": 0.9959349593495935,
      "recall": 0.98,
      "f1": 0.9879032258064516,
      "specificity": 0.9993333333333333,
      "fpr": 0.0006666666666666666,
      "fnr": 0.02,
      "auroc": 0.9998096666666667,
      "auprc": 0.9990026370824685,
      "support": 1000,
      "tp": 980,
      "tn": 5996,
      "fp": 4,
      "fn": 20
    },
    "2": {
      "precision": 0.9174852652259332,
      "recall": 0.934,
      "f1": 0.9256689791873142,
      "specificity": 0.986,
      "fpr": 0.014,
      "fnr": 0.066,
      "auroc": 0.99592125,
      "auprc": 0.9756663550727961,
      "support": 1000,
      "tp": 934,
      "tn": 5916,
      "fp": 84,
      "fn": 66
    },
    "3": {
      "precision": 0.9136690647482014,
      "recall": 0.889,
      "f1": 0.9011657374556513,
      "specificity": 0.986,
      "fpr": 0.014,
      "fnr": 0.111,
      "auroc": 0.9941496666666667,
      "auprc": 0.9684095614669743,
      "support": 1000,
      "tp": 889,
      "tn": 5916,
      "fp": 84,
      "fn": 111
    },
    "4": {
      "precision": 0.8224101479915433,
      "recall": 0.778,
      "f1": 0.7995889003083249,
      "specificity": 0.972,
      "fpr": 0.028,
      "fnr": 0.222,
      "auroc": 0.9789142499999999,
      "auprc": 0.8966603891578395,
      "support": 1000,
      "tp": 778,
      "tn": 5832,
      "fp": 168,
      "fn": 222
    },
    "5": {
      "precision": 0.9790836653386454,
      "recall": 0.983,
      "f1": 0.9810379241516967,
      "specificity": 0.9965,
      "fpr": 0.0035,
      "fnr": 0.017,
      "auroc": 0.9996382500000001,
      "auprc": 0.9983258206466321,
      "support": 1000,
      "tp": 983,
      "tn": 5979,
      "fp": 21,
      "fn": 17
    },
    "6": {
      "precision": 0.9970059880239521,
      "recall": 0.999,
      "f1": 0.998001998001998,
      "specificity": 0.9995,
      "fpr": 0.0005,
      "fnr": 0.001,
      "auroc": 0.999965,
      "auprc": 0.9998230223169159,
      "support": 1000,
      "tp": 999,
      "tn": 5997,
      "fp": 3,
      "fn": 1
    }
  },
  "confusion_matrix": [
    [
      914,
      0,
      12,
      3,
      66,
      5,
      0
    ],
    [
      4,
      980,
      9,
      4,
      1,
      2,
      0
    ],
    [
      22,
      2,
      934,
      16,
      21,
      5,
      0
    ],
    [
      1,
      0,
      33,
      889,
      75,
      2,
      0
    ],
    [
      126,
      1,
      28,
      61,
      778,
      6,
      0
    ],
    [
      6,
      1,
      2,
      0,
      5,
      983,
      3
    ],
    [
      0,
      0,
      0,
      0,
      0,
      1,
      999
    ]
  ]
}