{
  "experiment": "exp3",
  "condition": {
    "num_classes": 4,
    "class_list": [
      1,
      4,
      5,
      9
    ],
    "class_names": [
      "Trouser",
      "Coat",
      "Sandal",
      "Ankle boot"
    ],
    "combo_idx": 2,
    "subset_pct": 10,
    "num_samples": 2400,
    "samples_per_class": 600,
    "train_samples": 2160,
    "val_samples": 240,
    "test_samples": 4000
  },
  "seed": 73962792,
  "timestamp": "2026-01-18T00:40:40.121934",
  "training_dynamics": {
    "epochs_trained": 16,
    "best_epoch": 6,
    "best_val_accuracy": 0.9875,
    "final_train_loss": 0.00017815617828840485,
    "final_val_loss": 0.0852571702756298,
    "training_time_seconds": 1.6524629592895508
  },
  "training_history": {
    "train_loss": [
      0.2251438144594431,
      0.055866804932627606,
      0.033482817604261285,
      0.018280592760728562,
      0.014118387458010521,
      0.015804085788926493,
      0.005024858462788603,
      0.002741557933297693,
      0.0022943720197123613,
      0.0007860620559821494,
      0.0020241615500387576,
      0.0023190653696741827,
      0.001532291153607195,
      0.0005715293779276716,
      0.0003105666910949581,
      0.00017815617828840485
    ],
    "val_loss": [
      0.06257871215542157,
      0.05052929669618607,
      0.09223027763267358,
      0.05365600002308687,
      0.07334754949746032,
      0.045669708012913666,
      0.06010872640957435,
      0.07571511344673733,
      0.06494185541911672,
      0.06264007691740213,
      0.07397629751746232,
      0.09228126428594502,
      0.0699276579747675,
      0.09832955686530719,
      0.08579867758865779,
      0.0852571702756298
    ],
    "val_accuracy": [
      0.975,
      0.9875,
      0.9833333333333333,
      0.9833333333333333,
      0.9875,
      0.9875,
      0.9833333333333333,
      0.9875,
      0.9833333333333333,
      0.9833333333333333,
      0.9833333333333333,
      0.9833333333333333,
      0.9833333333333333,
      0.9875,
      0.9875,
      0.9875
    ]
  },
  "global_metrics": {
    "accuracy": 0.98975,
    "balanced_accuracy": 0.98975,
    "top_3_accuracy": 0.99975,
    "top_5_accuracy": 1.0,
    "log_loss": 0.03358444012298051,
    "mcc": 0.9863479642699836,
    "cohens_kappa": 0.9863333333333333,
    "precision_macro": 0.9898059781971623,
    "precision_micro": 0.98975,
    "precision_weighted": 0.9898059781971624,
    "recall_macro": 0.98975,
    "recall_micro": 0.98975,
    "recall_weighted": 0.98975,
    "f1_macro": 0.9897559038345229,
    "f1_micro": 0.98975,
    "f1_weighted": 0.9897559038345228,
    "auroc_macro": 0.9996847083333333,
    "auroc_weighted": 0.9996847083333332,
    "auprc_macro": 0.999058971953309
  },
  "per_class_metrics": {
    "0": {
      "precision": 0.9979736575481256,
      "recall": 0.985,
      "f1": 0.9914443885254153,
      "specificity": 0.9993333333333333,
      "fpr": 0.0006666666666666666,
      "fnr": 0.015,
      "auroc": 0.9998583333333333,
      "auprc": 0.9996198289242866,
      "support": 1000,
      "tp": 985,
      "tn": 2998,
      "fp": 2,
      "fn": 15
    },
    "1": {
      "precision": 0.9851337958374629,
      "recall": 0.994,
      "f1": 0.9895470383275262,
      "specificity": 0.995,
      "fpr": 0.005,
      "fnr": 0.006,
      "auroc": 0.9998663333333333,
      "auprc": 0.9995938750940352,
      "support": 1000,
      "tp": 994,
      "tn": 2985,
      "fp": 15,
      "fn": 6
    },
    "2": {
      "precision": 0.9831516352824579,
      "recall": 0.992,
      "f1": 0.9875559980089598,
      "specificity": 0.9943333333333333,
      "fpr": 0.005666666666666667,
      "fnr": 0.008,
      "auroc": 0.9994835,
      "auprc": 0.99810823878362,
      "support": 1000,
      "tp": 992,
      "tn": 2983,
      "fp": 17,
      "fn": 8
    },
    "3": {
      "precision": 0.992964824120603,
      "recall": 0.988,
      "f1": 0.9904761904761905,
      "specificity": 0.9976666666666667,
      "fpr": 0.0023333333333333335,
      "fnr": 0.012,
      "auroc": 0.9995306666666667,
      "auprc": 0.9989139450112938,
      "support": 1000,
      "tp": 988,
      "tn": 2993,
      "fp": 7,
      "fn": 12
    }
  },
  "confusion_matrix": [
    [
      985,
      14,
      1,
      0
    ],
    [
      2,
      994,
      4,
      0
    ],
    [
      0,
      1,
      992,
      7
    ],
    [
      0,
      0,
      12,
      988
    ]
  ]
}