{
  "experiment": "exp3",
  "condition": {
    "num_classes": 5,
    "class_list": [
      1,
      2,
      3,
      5,
      9
    ],
    "class_names": [
      "Trouser",
      "Pullover",
      "Dress",
      "Sandal",
      "Ankle boot"
    ],
    "combo_idx": 4,
    "subset_pct": 10,
    "num_samples": 3000,
    "samples_per_class": 600,
    "train_samples": 2700,
    "val_samples": 300,
    "test_samples": 5000
  },
  "seed": 73962792,
  "timestamp": "2026-01-18T00:54:54.133498",
  "training_dynamics": {
    "epochs_trained": 32,
    "best_epoch": 22,
    "best_val_accuracy": 0.9933333333333333,
    "final_train_loss": 0.00020587173880918527,
    "final_val_loss": 0.06734556248566757,
    "training_time_seconds": 4.465372562408447
  },
  "training_history": {
    "train_loss": [
      0.29233356695189033,
      0.0865456978790462,
      0.057996769013359796,
      0.06057324986038513,
      0.04163201177102882,
      0.025729240568051506,
      0.01940653513478072,
      0.033124486344519914,
      0.027179541910976865,
      0.01685769624363761,
      0.01075950801591822,
      0.005061980885139472,
      0.007767178211631903,
      0.006128244101324357,
      0.00404253487541546,
      0.002657212100064837,
      0.002001139108087532,
      0.01212655207352729,
      0.007702966074988538,
      0.01127407118897387,
      0.04188849029353235,
      0.019971358710304334,
      0.0034061942904711115,
      0.001185536521641256,
      0.004739238912724283,
      0.010198867913480405,
      0.001977397450266222,
      0.0011278069483328075,
      0.00044950692608836107,
      0.00047750402689755077,
      0.0003342061382195531,
      0.00020587173880918527
    ],
    "val_loss": [
      0.11229975044727325,
      0.09315283139546712,
      0.06730168851713339,
      0.14169280250867208,
      0.07471608340740205,
      0.07869282493988673,
      0.08243639528751373,
      0.08796109480162462,
      0.11266572902599971,
      0.06524443479099622,
      0.10347507407267888,
      0.08047854671875636,
      0.09726416409015655,
      0.08345797518268228,
      0.05211143285036087,
      0.0659029570966959,
      0.11722189048926035,
      0.11334187616904577,
      0.11050240923961004,
      0.08165149060388406,
      0.07097776754448812,
      0.03826918739825487,
      0.05854561596177518,
      0.07049590427428484,
      0.12998389780521394,
      0.07704669846221805,
      0.06455480739474297,
      0.07221285252210995,
      0.07555458398691069,
      0.07204864219451944,
      0.06703104878698166,
      0.06734556248566757
    ],
    "val_accuracy": [
      0.9633333333333334,
      0.97,
      0.98,
      0.97,
      0.9733333333333334,
      0.97,
      0.9733333333333334,
      0.9766666666666667,
      0.97,
      0.9866666666666667,
      0.97,
      0.9766666666666667,
      0.98,
      0.98,
      0.9866666666666667,
      0.9833333333333333,
      0.9666666666666667,
      0.9733333333333334,
      0.9733333333333334,
      0.9766666666666667,
      0.98,
      0.9866666666666667,
      0.9933333333333333,
      0.99,
      0.9633333333333334,
      0.9833333333333333,
      0.9866666666666667,
      0.9866666666666667,
      0.9833333333333333,
      0.9833333333333333,
      0.9833333333333333,
      0.9866666666666667
    ]
  },
  "global_metrics": {
    "accuracy": 0.9772,
    "balanced_accuracy": 0.9772000000000001,
    "top_3_accuracy": 0.9994,
    "top_5_accuracy": 1.0,
    "log_loss": 0.1000046289578966,
    "mcc": 0.9715805473662035,
    "cohens_kappa": 0.9715,
    "precision_macro": 0.9777139086474882,
    "precision_micro": 0.9772,
    "precision_weighted": 0.9777139086474883,
    "recall_macro": 0.9772000000000001,
    "recall_micro": 0.9772,
    "recall_weighted": 0.9772,
    "f1_macro": 0.9773011361042281,
    "f1_micro": 0.9772,
    "f1_weighted": 0.977301136104228,
    "auroc_macro": 0.9985454749999999,
    "auroc_weighted": 0.9985454750000001,
    "auprc_macro": 0.9947262625394911
  },
  "per_class_metrics": {
    "0": {
      "precision": 0.9917948717948718,
      "recall": 0.967,
      "f1": 0.9792405063291139,
      "specificity": 0.998,
      "fpr": 0.002,
      "fnr": 0.033,
      "auroc": 0.9985740000000001,
      "auprc": 0.9962377380429033,
      "support": 1000,
      "tp": 967,
      "tn": 3992,
      "fp": 8,
      "fn": 33
    },
    "1": {
      "precision": 0.9847094801223242,
      "recall": 0.966,
      "f1": 0.9752650176678445,
      "specificity": 0.99625,
      "fpr": 0.00375,
      "fnr": 0.034,
      "auroc": 0.9983877499999999,
      "auprc": 0.9957734324717767,
      "support": 1000,
      "tp": 966,
      "tn": 3985,
      "fp": 15,
      "fn": 34
    },
    "2": {
      "precision": 0.9351145038167938,
      "recall": 0.98,
      "f1": 0.9570312499999999,
      "specificity": 0.983,
      "fpr": 0.017,
      "fnr": 0.02,
      "auroc": 0.99681975,
      "auprc": 0.9859805332734853,
      "support": 1000,
      "tp": 980,
      "tn": 3932,
      "fp": 68,
      "fn": 20
    },
    "3": {
      "precision": 0.9879396984924623,
      "recall": 0.983,
      "f1": 0.9854636591478697,
      "specificity": 0.997,
      "fpr": 0.003,
      "fnr": 0.017,
      "auroc": 0.9995576250000001,
      "auprc": 0.9969647893629572,
      "support": 1000,
      "tp": 983,
      "tn": 3988,
      "fp": 12,
      "fn": 17
    },
    "4": {
      "precision": 0.989010989010989,
      "recall": 0.99,
      "f1": 0.989505247376312,
      "specificity": 0.99725,
      "fpr": 0.00275,
      "fnr": 0.01,
      "auroc": 0.99938825,
      "auprc": 0.9986748195463336,
      "support": 1000,
      "tp": 990,
      "tn": 3989,
      "fp": 11,
      "fn": 10
    }
  },
  "confusion_matrix": [
    [
      967,
      1,
      32,
      0,
      0
    ],
    [
      1,
      966,
      31,
      2,
      0
    ],
    [
      7,
      13,
      980,
      0,
      0
    ],
    [
      0,
      1,
      5,
      983,
      11
    ],
    [
      0,
      0,
      0,
      10,
      990
    ]
  ]
}