{
  "experiment": "exp3",
  "condition": {
    "num_classes": 8,
    "class_list": [
      1,
      2,
      3,
      4,
      5,
      7,
      8,
      9
    ],
    "class_names": [
      "Trouser",
      "Pullover",
      "Dress",
      "Coat",
      "Sandal",
      "Sneaker",
      "Bag",
      "Ankle boot"
    ],
    "combo_idx": 3,
    "subset_pct": 90,
    "num_samples": 43200,
    "samples_per_class": 5400,
    "train_samples": 38880,
    "val_samples": 4320,
    "test_samples": 8000
  },
  "seed": 73962792,
  "timestamp": "2026-01-18T01:35:23.188496",
  "training_dynamics": {
    "epochs_trained": 21,
    "best_epoch": 11,
    "best_val_accuracy": 0.9678240740740741,
    "final_train_loss": 0.02643195722157543,
    "final_val_loss": 0.12786117464441943,
    "training_time_seconds": 38.71601223945618
  },
  "training_history": {
    "train_loss": [
      0.2753441462991759,
      0.16258904900965526,
      0.12913150868476614,
      0.11190964032797829,
      0.09461561213615105,
      0.08747444677589412,
      0.07823239578819514,
      0.0688228658553654,
      0.059789580934815796,
      0.05541499876964831,
      0.05091967938374422,
      0.047695378302274834,
      0.039847956479206914,
      0.042661667618391984,
      0.03504346020705079,
      0.03533083611125078,
      0.03416070007341133,
      0.031950268908890155,
      0.027398440563142924,
      0.028802593601157195,
      0.02643195722157543
    ],
    "val_loss": [
      0.1747044496514179,
      0.128646641086649,
      0.13832255803324559,
      0.11183021592873114,
      0.14217609807297035,
      0.11285553064059328,
      0.13119337600138453,
      0.10808070130922176,
      0.12342299567190586,
      0.13854927931118893,
      0.1043702060908631,
      0.11798831140622497,
      0.12960399413412368,
      0.11902052493145068,
      0.13102394599053596,
      0.12495676294245102,
      0.14694021115579678,
      0.11853494210927575,
      0.14027831402296823,
      0.13387552834529842,
      0.12786117464441943
    ],
    "val_accuracy": [
      0.9319444444444445,
      0.9567129629629629,
      0.950925925925926,
      0.9618055555555556,
      0.9453703703703704,
      0.9601851851851851,
      0.9541666666666667,
      0.9594907407407407,
      0.9548611111111112,
      0.9534722222222223,
      0.9638888888888889,
      0.9641203703703703,
      0.9564814814814815,
      0.9638888888888889,
      0.9613425925925926,
      0.9638888888888889,
      0.9599537037037037,
      0.9678240740740741,
      0.9611111111111111,
      0.9606481481481481,
      0.9622685185185185
    ]
  },
  "global_metrics": {
    "accuracy": 0.96175,
    "balanced_accuracy": 0.9617499999999999,
    "top_3_accuracy": 0.99875,
    "top_5_accuracy": 0.999875,
    "log_loss": 0.11754666769718787,
    "mcc": 0.9563036109921836,
    "cohens_kappa": 0.9562857142857143,
    "precision_macro": 0.961995676193816,
    "precision_micro": 0.96175,
    "precision_weighted": 0.961995676193816,
    "recall_macro": 0.9617499999999999,
    "recall_micro": 0.96175,
    "recall_weighted": 0.96175,
    "f1_macro": 0.9618093003380894,
    "f1_micro": 0.96175,
    "f1_weighted": 0.9618093003380895,
    "auroc_macro": 0.9985177946428572,
    "auroc_weighted": 0.9985177946428571,
    "auprc_macro": 0.9908807728895448
  },
  "per_class_metrics": {
    "0": {
      "precision": 0.9949290060851927,
      "recall": 0.981,
      "f1": 0.987915407854985,
      "specificity": 0.9992857142857143,
      "fpr": 0.0007142857142857143,
      "fnr": 0.019,
      "auroc": 0.9993491428571429,
      "auprc": 0.9976595862702179,
      "support": 1000,
      "tp": 981,
      "tn": 6995,
      "fp": 5,
      "fn": 19
    },
    "1": {
      "precision": 0.932527693856999,
      "recall": 0.926,
      "f1": 0.9292523833416959,
      "specificity": 0.9904285714285714,
      "fpr": 0.009571428571428571,
      "fnr": 0.074,
      "auroc": 0.9962514285714286,
      "auprc": 0.9788836010248263,
      "support": 1000,
      "tp": 926,
      "tn": 6933,
      "fp": 67,
      "fn": 74
    },
    "2": {
      "precision": 0.9383561643835616,
      "recall": 0.959,
      "f1": 0.9485657764589515,
      "specificity": 0.991,
      "fpr": 0.009,
      "fnr": 0.041,
      "auroc": 0.9982591428571428,
      "auprc": 0.9877429608997568,
      "support": 1000,
      "tp": 959,
      "tn": 6937,
      "fp": 63,
      "fn": 41
    },
    "3": {
      "precision": 0.9176587301587301,
      "recall": 0.925,
      "f1": 0.9213147410358565,
      "specificity": 0.9881428571428571,
      "fpr": 0.011857142857142858,
      "fnr": 0.075,
      "auroc": 0.9962858571428571,
      "auprc": 0.9747706227780346,
      "support": 1000,
      "tp": 925,
      "tn": 6917,
      "fp": 83,
      "fn": 75
    },
    "4": {
      "precision": 0.9744346116027532,
      "recall": 0.991,
      "f1": 0.9826474962816064,
      "specificity": 0.9962857142857143,
      "fpr": 0.0037142857142857142,
      "fnr": 0.009,
      "auroc": 0.9997309285714285,
      "auprc": 0.9983520768262789,
      "support": 1000,
      "tp": 991,
      "tn": 6974,
      "fp": 26,
      "fn": 9
    },
    "5": {
      "precision": 0.9585389930898321,
      "recall": 0.971,
      "f1": 0.9647292598112269,
      "specificity": 0.994,
      "fpr": 0.006,
      "fnr": 0.029,
      "auroc": 0.9990878571428572,
      "auprc": 0.9946079625966783,
      "support": 1000,
      "tp": 971,
      "tn": 6958,
      "fp": 42,
      "fn": 29
    },
    "6": {
      "precision": 0.9959473150962512,
      "recall": 0.983,
      "f1": 0.9894313034725718,
      "specificity": 0.9994285714285714,
      "fpr": 0.0005714285714285715,
      "fnr": 0.017,
      "auroc": 0.999833,
      "auprc": 0.9991756625698754,
      "support": 1000,
      "tp": 983,
      "tn": 6996,
      "fp": 4,
      "fn": 17
    },
    "7": {
      "precision": 0.9835728952772074,
      "recall": 0.958,
      "f1": 0.9706180344478217,
      "specificity": 0.9977142857142857,
      "fpr": 0.002285714285714286,
      "fnr": 0.042,
      "auroc": 0.9993449999999999,
      "auprc": 0.9958537101506899,
      "support": 1000,
      "tp": 958,
      "tn": 6984,
      "fp": 16,
      "fn": 42
    }
  },
  "confusion_matrix": [
    [
      981,
      0,
      18,
      0,
      0,
      0,
      1,
      0
    ],
    [
      2,
      926,
      13,
      59,
      0,
      0,
      0,
      0
    ],
    [
      1,
      18,
      959,
      21,
      0,
      0,
      1,
      0
    ],
    [
      1,
      48,
      25,
      925,
      0,
      0,
      1,
      0
    ],
    [
      0,
      0,
      0,
      0,
      991,
      9,
      0,
      0
    ],
    [
      0,
      0,
      0,
      0,
      13,
      971,
      0,
      16
    ],
    [
      1,
      1,
      7,
      3,
      2,
      3,
      983,
      0
    ],
    [
      0,
      0,
      0,
      0,
      11,
      30,
      1,
      958
    ]
  ]
}