{
  "experiment": "exp3",
  "condition": {
    "num_classes": 9,
    "class_list": [
      0,
      1,
      3,
      4,
      5,
      6,
      7,
      8,
      9
    ],
    "class_names": [
      "T-shirt/top",
      "Trouser",
      "Dress",
      "Coat",
      "Sandal",
      "Shirt",
      "Sneaker",
      "Bag",
      "Ankle boot"
    ],
    "combo_idx": 3,
    "subset_pct": 30,
    "num_samples": 16200,
    "samples_per_class": 1800,
    "train_samples": 14580,
    "val_samples": 1620,
    "test_samples": 9000
  },
  "seed": 73962792,
  "timestamp": "2026-01-18T01:51:47.553665",
  "training_dynamics": {
    "epochs_trained": 18,
    "best_epoch": 8,
    "best_val_accuracy": 0.9290123456790124,
    "final_train_loss": 0.035504927733614876,
    "final_val_loss": 0.2664396362540163,
    "training_time_seconds": 12.411882162094116
  },
  "training_history": {
    "train_loss": [
      0.4952687285186952,
      0.30248015788955646,
      0.24746973835454697,
      0.2144010259786196,
      0.1812759989611151,
      0.15917295704416015,
      0.1414323895352713,
      0.1278851680669999,
      0.10710858776675243,
      0.10036704439686187,
      0.07917530435594942,
      0.06998645328802236,
      0.05992210342083126,
      0.05679347422259876,
      0.05318724281836726,
      0.050171359026551315,
      0.036580370473593735,
      0.035504927733614876
    ],
    "val_loss": [
      0.3006182174623748,
      0.2600940576306096,
      0.2529919332928128,
      0.21115160952379675,
      0.22098262074552935,
      0.212004405407258,
      0.20996573328236004,
      0.20175453420774436,
      0.20194927446636152,
      0.21879419482048648,
      0.24338082730034252,
      0.24740148929902064,
      0.30493764840526344,
      0.2589173759943173,
      0.2539914693361447,
      0.268920432601446,
      0.2829663082405373,
      0.2664396362540163
    ],
    "val_accuracy": [
      0.8932098765432098,
      0.8962962962962963,
      0.9080246913580247,
      0.9179012345679012,
      0.9141975308641975,
      0.9160493827160494,
      0.9160493827160494,
      0.9290123456790124,
      0.9277777777777778,
      0.9179012345679012,
      0.9185185185185185,
      0.9179012345679012,
      0.9055555555555556,
      0.9160493827160494,
      0.9203703703703704,
      0.9203703703703704,
      0.9228395061728395,
      0.9271604938271605
    ]
  },
  "global_metrics": {
    "accuracy": 0.9164444444444444,
    "balanced_accuracy": 0.9164444444444444,
    "top_3_accuracy": 0.9942222222222222,
    "top_5_accuracy": 0.9993333333333333,
    "log_loss": 0.23510982132011293,
    "mcc": 0.9061159776824406,
    "cohens_kappa": 0.906,
    "precision_macro": 0.9181908212192808,
    "precision_micro": 0.9164444444444444,
    "precision_weighted": 0.918190821219281,
    "recall_macro": 0.9164444444444444,
    "recall_micro": 0.9164444444444444,
    "recall_weighted": 0.9164444444444444,
    "f1_macro": 0.9168326403330863,
    "f1_micro": 0.9164444444444444,
    "f1_weighted": 0.9168326403330864,
    "auroc_macro": 0.9945771666666666,
    "auroc_weighted": 0.9945771666666666,
    "auprc_macro": 0.965522327902035
  },
  "per_class_metrics": {
    "0": {
      "precision": 0.8359073359073359,
      "recall": 0.866,
      "f1": 0.8506876227897838,
      "specificity": 0.97875,
      "fpr": 0.02125,
      "fnr": 0.134,
      "auroc": 0.990207625,
      "auprc": 0.9328134776719107,
      "support": 1000,
      "tp": 866,
      "tn": 7830,
      "fp": 170,
      "fn": 134
    },
    "1": {
      "precision": 0.9879518072289156,
      "recall": 0.984,
      "f1": 0.9859719438877755,
      "specificity": 0.9985,
      "fpr": 0.0015,
      "fnr": 0.016,
      "auroc": 0.999764,
      "auprc": 0.9985612427607903,
      "support": 1000,
      "tp": 984,
      "tn": 7988,
      "fp": 12,
      "fn": 16
    },
    "2": {
      "precision": 0.9493243243243243,
      "recall": 0.843,
      "f1": 0.8930084745762711,
      "specificity": 0.994375,
      "fpr": 0.005625,
      "fnr": 0.157,
      "auroc": 0.9958373750000001,
      "auprc": 0.9699877615702085,
      "support": 1000,
      "tp": 843,
      "tn": 7955,
      "fp": 45,
      "fn": 157
    },
    "3": {
      "precision": 0.8471698113207548,
      "recall": 0.898,
      "f1": 0.8718446601941748,
      "specificity": 0.97975,
      "fpr": 0.02025,
      "fnr": 0.102,
      "auroc": 0.99332,
      "auprc": 0.9498439939552498,
      "support": 1000,
      "tp": 898,
      "tn": 7838,
      "fp": 162,
      "fn": 102
    },
    "4": {
      "precision": 0.9751984126984127,
      "recall": 0.983,
      "f1": 0.9790836653386453,
      "specificity": 0.996875,
      "fpr": 0.003125,
      "fnr": 0.017,
      "auroc": 0.999697625,
      "auprc": 0.9976285369211756,
      "support": 1000,
      "tp": 983,
      "tn": 7975,
      "fp": 25,
      "fn": 17
    },
    "5": {
      "precision": 0.7502439024390244,
      "recall": 0.769,
      "f1": 0.7595061728395063,
      "specificity": 0.968,
      "fpr": 0.032,
      "fnr": 0.231,
      "auroc": 0.9749279999999999,
      "auprc": 0.8564705651233494,
      "support": 1000,
      "tp": 769,
      "tn": 7744,
      "fp": 256,
      "fn": 231
    },
    "6": {
      "precision": 0.9573412698412699,
      "recall": 0.965,
      "f1": 0.9611553784860558,
      "specificity": 0.994625,
      "fpr": 0.005375,
      "fnr": 0.035,
      "auroc": 0.999073125,
      "auprc": 0.9932556268513916,
      "support": 1000,
      "tp": 965,
      "tn": 7957,
      "fp": 43,
      "fn": 35
    },
    "7": {
      "precision": 0.9858585858585859,
      "recall": 0.976,
      "f1": 0.9809045226130653,
      "specificity": 0.99825,
      "fpr": 0.00175,
      "fnr": 0.024,
      "auroc": 0.999597875,
      "auprc": 0.997512134080066,
      "support": 1000,
      "tp": 976,
      "tn": 7986,
      "fp": 14,
      "fn": 24
    },
    "8": {
      "precision": 0.974721941354904,
      "recall": 0.964,
      "f1": 0.9693313222724987,
      "specificity": 0.996875,
      "fpr": 0.003125,
      "fnr": 0.036,
      "auroc": 0.998768875,
      "auprc": 0.9936276121841718,
      "support": 1000,
      "tp": 964,
      "tn": 7975,
      "fp": 25,
      "fn": 36
    }
  },
  "confusion_matrix": [
    [
      866,
      1,
      8,
      5,
      1,
      116,
      0,
      3,
      0
    ],
    [
      4,
      984,
      10,
      1,
      0,
      0,
      0,
      1,
      0
    ],
    [
      34,
      7,
      843,
      72,
      0,
      42,
      0,
      2,
      0
    ],
    [
      0,
      1,
      9,
      898,
      0,
      91,
      0,
      1,
      0
    ],
    [
      0,
      0,
      0,
      0,
      983,
      0,
      14,
      0,
      3
    ],
    [
      130,
      1,
      17,
      76,
      0,
      769,
      0,
      7,
      0
    ],
    [
      0,
      0,
      0,
      0,
      13,
      0,
      965,
      0,
      22
    ],
    [
      2,
      2,
      1,
      8,
      3,
      6,
      2,
      976,
      0
    ],
    [
      0,
      0,
      0,
      0,
      8,
      1,
      27,
      0,
      964
    ]
  ]
}