{
  "experiment": "exp3",
  "condition": {
    "num_classes": 5,
    "class_list": [
      0,
      1,
      3,
      5,
      7
    ],
    "class_names": [
      "T-shirt/top",
      "Trouser",
      "Dress",
      "Sandal",
      "Sneaker"
    ],
    "combo_idx": 2,
    "subset_pct": 90,
    "num_samples": 27000,
    "samples_per_class": 5400,
    "train_samples": 24300,
    "val_samples": 2700,
    "test_samples": 5000
  },
  "seed": 73962792,
  "timestamp": "2026-01-18T00:52:02.716748",
  "training_dynamics": {
    "epochs_trained": 18,
    "best_epoch": 8,
    "best_val_accuracy": 0.9796296296296296,
    "final_train_loss": 0.0111954954389531,
    "final_val_loss": 0.09046905598568696,
    "training_time_seconds": 20.681326150894165
  },
  "training_history": {
    "train_loss": [
      0.16616037331497002,
      0.0835095792794355,
      0.059841942871724695,
      0.04661597553609968,
      0.03984621814850375,
      0.03256953464771964,
      0.025854388978462484,
      0.02694091815436351,
      0.02181404237842224,
      0.019069636603250586,
      0.016837834649748785,
      0.01792832949046753,
      0.01521313767578632,
      0.012879210356980988,
      0.013414542563087276,
      0.013548296225297619,
      0.009726562950062974,
      0.0111954954389531
    ],
    "val_loss": [
      0.10047565115822686,
      0.11959908871738999,
      0.10179298590730738,
      0.08215686631423455,
      0.11291618007200735,
      0.09477137439228871,
      0.10488458280762036,
      0.08058416810024667,
      0.09074654198355145,
      0.08826332181692123,
      0.08078165295499343,
      0.09076681905598552,
      0.10156598963119366,
      0.09756770877374543,
      0.09590155283885973,
      0.10596378817740414,
      0.11581583812625872,
      0.09046905598568696
    ],
    "val_accuracy": [
      0.9674074074074074,
      0.9618518518518518,
      0.9655555555555555,
      0.975925925925926,
      0.9662962962962963,
      0.9718518518518519,
      0.9755555555555555,
      0.9748148148148148,
      0.9748148148148148,
      0.9751851851851852,
      0.9762962962962963,
      0.9725925925925926,
      0.9755555555555555,
      0.9751851851851852,
      0.9714814814814815,
      0.9796296296296296,
      0.9748148148148148,
      0.9785185185185186
    ]
  },
  "global_metrics": {
    "accuracy": 0.9772,
    "balanced_accuracy": 0.9772000000000001,
    "top_3_accuracy": 1.0,
    "top_5_accuracy": 1.0,
    "log_loss": 0.07252274540123108,
    "mcc": 0.9715709758522736,
    "cohens_kappa": 0.9715,
    "precision_macro": 0.977497878156701,
    "precision_micro": 0.9772,
    "precision_weighted": 0.977497878156701,
    "recall_macro": 0.9772000000000001,
    "recall_micro": 0.9772,
    "recall_weighted": 0.9772,
    "f1_macro": 0.9772079346727036,
    "f1_micro": 0.9772,
    "f1_weighted": 0.9772079346727036,
    "auroc_macro": 0.9990528999999999,
    "auroc_weighted": 0.9990528999999999,
    "auprc_macro": 0.9959906340325648
  },
  "per_class_metrics": {
    "0": {
      "precision": 0.9468085106382979,
      "recall": 0.979,
      "f1": 0.9626352015732547,
      "specificity": 0.98625,
      "fpr": 0.01375,
      "fnr": 0.021,
      "auroc": 0.9980740000000001,
      "auprc": 0.9935066755192536,
      "support": 1000,
      "tp": 979,
      "tn": 3945,
      "fp": 55,
      "fn": 21
    },
    "1": {
      "precision": 0.9959798994974874,
      "recall": 0.991,
      "f1": 0.993483709273183,
      "specificity": 0.999,
      "fpr": 0.001,
      "fnr": 0.009,
      "auroc": 0.9996972499999999,
      "auprc": 0.9992738286351195,
      "support": 1000,
      "tp": 991,
      "tn": 3996,
      "fp": 4,
      "fn": 9
    },
    "2": {
      "precision": 0.9762886597938144,
      "recall": 0.947,
      "f1": 0.9614213197969542,
      "specificity": 0.99425,
      "fpr": 0.00575,
      "fnr": 0.053,
      "auroc": 0.9978104999999999,
      "auprc": 0.9884156814456615,
      "support": 1000,
      "tp": 947,
      "tn": 3977,
      "fp": 23,
      "fn": 53
    },
    "3": {
      "precision": 0.9938775510204082,
      "recall": 0.974,
      "f1": 0.9838383838383838,
      "specificity": 0.9985,
      "fpr": 0.0015,
      "fnr": 0.026,
      "auroc": 0.9998222499999999,
      "auprc": 0.9993183653529288,
      "support": 1000,
      "tp": 974,
      "tn": 3994,
      "fp": 6,
      "fn": 26
    },
    "4": {
      "precision": 0.9745347698334965,
      "recall": 0.995,
      "f1": 0.9846610588817418,
      "specificity": 0.9935,
      "fpr": 0.0065,
      "fnr": 0.005,
      "auroc": 0.9998605,
      "auprc": 0.9994386192098609,
      "support": 1000,
      "tp": 995,
      "tn": 3974,
      "fp": 26,
      "fn": 5
    }
  },
  "confusion_matrix": [
    [
      979,
      2,
      18,
      1,
      0
    ],
    [
      4,
      991,
      5,
      0,
      0
    ],
    [
      51,
      2,
      947,
      0,
      0
    ],
    [
      0,
      0,
      0,
      974,
      26
    ],
    [
      0,
      0,
      0,
      5,
      995
    ]
  ]
}