{
  "experiment": "exp3",
  "condition": {
    "num_classes": 7,
    "class_list": [
      0,
      1,
      3,
      4,
      6,
      8,
      9
    ],
    "class_names": [
      "T-shirt/top",
      "Trouser",
      "Dress",
      "Coat",
      "Shirt",
      "Bag",
      "Ankle boot"
    ],
    "combo_idx": 2,
    "subset_pct": 70,
    "num_samples": 29399,
    "samples_per_class": 4199,
    "train_samples": 26459,
    "val_samples": 2940,
    "test_samples": 7000
  },
  "seed": 73962792,
  "timestamp": "2026-01-18T01:15:34.638101",
  "training_dynamics": {
    "epochs_trained": 16,
    "best_epoch": 6,
    "best_val_accuracy": 0.9306122448979591,
    "final_train_loss": 0.05098077016747624,
    "final_val_loss": 0.24721977357961694,
    "training_time_seconds": 19.552817344665527
  },
  "training_history": {
    "train_loss": [
      0.40226412352156526,
      0.2662648837203565,
      0.2232412862352991,
      0.19798955622754524,
      0.1691385978643877,
      0.14836239223121014,
      0.13197180515848064,
      0.11596567367522972,
      0.10512436008539752,
      0.09190077611789611,
      0.0797271429547581,
      0.07204558050534396,
      0.06717737525103137,
      0.05808211755286452,
      0.0541164787578428,
      0.05098077016747624
    ],
    "val_loss": [
      0.3018943327624782,
      0.24292660087955242,
      0.20698507991777795,
      0.2055780709600773,
      0.19497753584466013,
      0.19241963791198471,
      0.1965058293066868,
      0.22062761171334455,
      0.23396388904578022,
      0.21575484425843167,
      0.22600192958805837,
      0.25116366111502353,
      0.23990916921978905,
      0.24166991207875363,
      0.27896508404186793,
      0.24721977357961694
    ],
    "val_accuracy": [
      0.886734693877551,
      0.9047619047619048,
      0.922108843537415,
      0.9217687074829932,
      0.9227891156462585,
      0.9224489795918367,
      0.9285714285714286,
      0.9217687074829932,
      0.9200680272108843,
      0.9299319727891157,
      0.9272108843537415,
      0.9217687074829932,
      0.927891156462585,
      0.9306122448979591,
      0.9295918367346939,
      0.9289115646258503
    ]
  },
  "global_metrics": {
    "accuracy": 0.9201428571428572,
    "balanced_accuracy": 0.9201428571428572,
    "top_3_accuracy": 0.996,
    "top_5_accuracy": 0.9995714285714286,
    "log_loss": 0.21237239635730742,
    "mcc": 0.9069180045595612,
    "cohens_kappa": 0.9068333333333334,
    "precision_macro": 0.9208423757421951,
    "precision_micro": 0.9201428571428572,
    "precision_weighted": 0.920842375742195,
    "recall_macro": 0.9201428571428572,
    "recall_micro": 0.9201428571428572,
    "recall_weighted": 0.9201428571428572,
    "f1_macro": 0.9202429590112953,
    "f1_micro": 0.9201428571428572,
    "f1_weighted": 0.9202429590112953,
    "auroc_macro": 0.9933219285714286,
    "auroc_weighted": 0.9933219285714285,
    "auprc_macro": 0.9676781151451163
  },
  "per_class_metrics": {
    "0": {
      "precision": 0.8907922912205567,
      "recall": 0.832,
      "f1": 0.8603929679420889,
      "specificity": 0.983,
      "fpr": 0.017,
      "fnr": 0.168,
      "auroc": 0.9901333333333334,
      "auprc": 0.9480671826657987,
      "support": 1000,
      "tp": 832,
      "tn": 5898,
      "fp": 102,
      "fn": 168
    },
    "1": {
      "precision": 0.9949392712550608,
      "recall": 0.983,
      "f1": 0.988933601609658,
      "specificity": 0.9991666666666666,
      "fpr": 0.0008333333333333334,
      "fnr": 0.017,
      "auroc": 0.999684,
      "auprc": 0.9990630540508781,
      "support": 1000,
      "tp": 983,
      "tn": 5995,
      "fp": 5,
      "fn": 17
    },
    "2": {
      "precision": 0.9118811881188119,
      "recall": 0.921,
      "f1": 0.9164179104477612,
      "specificity": 0.9851666666666666,
      "fpr": 0.014833333333333334,
      "fnr": 0.079,
      "auroc": 0.9953656666666668,
      "auprc": 0.9740746345463374,
      "support": 1000,
      "tp": 921,
      "tn": 5911,
      "fp": 89,
      "fn": 79
    },
    "3": {
      "precision": 0.8810656517602283,
      "recall": 0.926,
      "f1": 0.9029741589468552,
      "specificity": 0.9791666666666666,
      "fpr": 0.020833333333333332,
      "fnr": 0.074,
      "auroc": 0.9939475,
      "auprc": 0.9663125607294918,
      "support": 1000,
      "tp": 926,
      "tn": 5875,
      "fp": 125,
      "fn": 74
    },
    "4": {
      "precision": 0.779296875,
      "recall": 0.798,
      "f1": 0.7885375494071147,
      "specificity": 0.9623333333333334,
      "fpr": 0.03766666666666667,
      "fnr": 0.202,
      "auroc": 0.9744178333333333,
      "auprc": 0.887656817643319,
      "support": 1000,
      "tp": 798,
      "tn": 5774,
      "fp": 226,
      "fn": 202
    },
    "5": {
      "precision": 0.9899193548387096,
      "recall": 0.982,
      "f1": 0.9859437751004014,
      "specificity": 0.9983333333333333,
      "fpr": 0.0016666666666666668,
      "fnr": 0.018,
      "auroc": 0.9998115,
      "auprc": 0.9989626828308138,
      "support": 1000,
      "tp": 982,
      "tn": 5990,
      "fp": 10,
      "fn": 18
    },
    "6": {
      "precision": 0.998001998001998,
      "recall": 0.999,
      "f1": 0.9985007496251873,
      "specificity": 0.9996666666666667,
      "fpr": 0.0003333333333333333,
      "fnr": 0.001,
      "auroc": 0.9998936666666667,
      "auprc": 0.9996098735491753,
      "support": 1000,
      "tp": 999,
      "tn": 5998,
      "fp": 2,
      "fn": 1
    }
  },
  "confusion_matrix": [
    [
      832,
      1,
      33,
      5,
      122,
      7,
      0
    ],
    [
      0,
      983,
      12,
      2,
      3,
      0,
      0
    ],
    [
      10,
      2,
      921,
      32,
      35,
      0,
      0
    ],
    [
      0,
      0,
      17,
      926,
      56,
      1,
      0
    ],
    [
      88,
      2,
      25,
      85,
      798,
      2,
      0
    ],
    [
      4,
      0,
      2,
      1,
      9,
      982,
      2
    ],
    [
      0,
      0,
      0,
      0,
      1,
      0,
      999
    ]
  ]
}