{
  "experiment": "exp3",
  "condition": {
    "num_classes": 10,
    "class_list": [
      0,
      1,
      2,
      3,
      4,
      5,
      6,
      7,
      8,
      9
    ],
    "class_names": [
      "T-shirt/top",
      "Trouser",
      "Pullover",
      "Dress",
      "Coat",
      "Sandal",
      "Shirt",
      "Sneaker",
      "Bag",
      "Ankle boot"
    ],
    "combo_idx": 0,
    "subset_pct": 60,
    "num_samples": 36000,
    "samples_per_class": 3600,
    "train_samples": 32400,
    "val_samples": 3600,
    "test_samples": 10000
  },
  "seed": 73962792,
  "timestamp": "2026-01-18T02:00:24.386844",
  "training_dynamics": {
    "epochs_trained": 17,
    "best_epoch": 7,
    "best_val_accuracy": 0.9216666666666666,
    "final_train_loss": 0.06711018514310614,
    "final_val_loss": 0.3146047029561467,
    "training_time_seconds": 24.9723539352417
  },
  "training_history": {
    "train_loss": [
      0.4991293707366526,
      0.32155326354139185,
      0.27390594881843533,
      0.23909021878001488,
      0.21517151562934209,
      0.19406544003466647,
      0.17415618958939932,
      0.1570631607272157,
      0.1405957007681477,
      0.12810534702088588,
      0.11518133541888739,
      0.10585314098973364,
      0.0928941516525294,
      0.08621922360376788,
      0.07930261079365244,
      0.0772642826448384,
      0.06711018514310614
    ],
    "val_loss": [
      0.31547872291670903,
      0.2576672743757566,
      0.26140990641382006,
      0.277555244035191,
      0.25919113187326326,
      0.24513350513246324,
      0.226260030489001,
      0.25470995518896317,
      0.24536198559734557,
      0.24595314472913743,
      0.2601837665090958,
      0.2520338129914469,
      0.28222161430037684,
      0.28457250244087645,
      0.26881502164734733,
      0.2961500516451067,
      0.3146047029561467
    ],
    "val_accuracy": [
      0.8880555555555556,
      0.9094444444444445,
      0.9033333333333333,
      0.8916666666666667,
      0.9022222222222223,
      0.9052777777777777,
      0.9175,
      0.9080555555555555,
      0.9127777777777778,
      0.9161111111111111,
      0.9088888888888889,
      0.92,
      0.9152777777777777,
      0.9138888888888889,
      0.9216666666666666,
      0.9183333333333333,
      0.9136111111111112
    ]
  },
  "global_metrics": {
    "accuracy": 0.9121,
    "balanced_accuracy": 0.9121,
    "top_3_accuracy": 0.9923,
    "top_5_accuracy": 0.9989,
    "log_loss": 0.25941581399293234,
    "mcc": 0.9023659795197585,
    "cohens_kappa": 0.9023333333333333,
    "precision_macro": 0.9124415562722706,
    "precision_micro": 0.9121,
    "precision_weighted": 0.9124415562722704,
    "recall_macro": 0.9121,
    "recall_micro": 0.9121,
    "recall_weighted": 0.9121,
    "f1_macro": 0.9121209218853601,
    "f1_micro": 0.9121,
    "f1_weighted": 0.9121209218853599,
    "auroc_macro": 0.9943249333333333,
    "auroc_weighted": 0.9943249333333333,
    "auprc_macro": 0.9610317008201715
  },
  "per_class_metrics": {
    "0": {
      "precision": 0.8622754491017964,
      "recall": 0.864,
      "f1": 0.8631368631368632,
      "specificity": 0.9846666666666667,
      "fpr": 0.015333333333333332,
      "fnr": 0.136,
      "auroc": 0.9914002222222222,
      "auprc": 0.9386949011537515,
      "support": 1000,
      "tp": 864,
      "tn": 8862,
      "fp": 138,
      "fn": 136
    },
    "1": {
      "precision": 0.9879518072289156,
      "recall": 0.984,
      "f1": 0.9859719438877755,
      "specificity": 0.9986666666666667,
      "fpr": 0.0013333333333333333,
      "fnr": 0.016,
      "auroc": 0.9997572222222222,
      "auprc": 0.9984962446843382,
      "support": 1000,
      "tp": 984,
      "tn": 8988,
      "fp": 12,
      "fn": 16
    },
    "2": {
      "precision": 0.8795546558704453,
      "recall": 0.869,
      "f1": 0.8742454728370221,
      "specificity": 0.9867777777777778,
      "fpr": 0.013222222222222222,
      "fnr": 0.131,
      "auroc": 0.9911725555555556,
      "auprc": 0.9432883935358204,
      "support": 1000,
      "tp": 869,
      "tn": 8881,
      "fp": 119,
      "fn": 131
    },
    "3": {
      "precision": 0.9078156312625251,
      "recall": 0.906,
      "f1": 0.906906906906907,
      "specificity": 0.9897777777777778,
      "fpr": 0.010222222222222223,
      "fnr": 0.094,
      "auroc": 0.9962575555555555,
      "auprc": 0.9680326300340595,
      "support": 1000,
      "tp": 906,
      "tn": 8908,
      "fp": 92,
      "fn": 94
    },
    "4": {
      "precision": 0.8519607843137255,
      "recall": 0.869,
      "f1": 0.8603960396039605,
      "specificity": 0.9832222222222222,
      "fpr": 0.016777777777777777,
      "fnr": 0.131,
      "auroc": 0.9921307777777779,
      "auprc": 0.9347097518927989,
      "support": 1000,
      "tp": 869,
      "tn": 8849,
      "fp": 151,
      "fn": 131
    },
    "5": {
      "precision": 0.99079754601227,
      "recall": 0.969,
      "f1": 0.9797775530839231,
      "specificity": 0.999,
      "fpr": 0.001,
      "fnr": 0.031,
      "auroc": 0.9995962222222222,
      "auprc": 0.996927981382548,
      "support": 1000,
      "tp": 969,
      "tn": 8991,
      "fp": 9,
      "fn": 31
    },
    "6": {
      "precision": 0.751008064516129,
      "recall": 0.745,
      "f1": 0.7479919678714858,
      "specificity": 0.9725555555555555,
      "fpr": 0.027444444444444445,
      "fnr": 0.255,
      "auroc": 0.9751228888888888,
      "auprc": 0.8460956430930281,
      "support": 1000,
      "tp": 745,
      "tn": 8753,
      "fp": 247,
      "fn": 255
    },
    "7": {
      "precision": 0.9257518796992481,
      "recall": 0.985,
      "f1": 0.9544573643410853,
      "specificity": 0.9912222222222222,
      "fpr": 0.008777777777777778,
      "fnr": 0.015,
      "auroc": 0.9990045555555556,
      "auprc": 0.992196072221869,
      "support": 1000,
      "tp": 985,
      "tn": 8921,
      "fp": 79,
      "fn": 15
    },
    "8": {
      "precision": 0.9859719438877755,
      "recall": 0.984,
      "f1": 0.9849849849849849,
      "specificity": 0.9984444444444445,
      "fpr": 0.0015555555555555555,
      "fnr": 0.016,
      "auroc": 0.9996485555555557,
      "auprc": 0.9982036401021588,
      "support": 1000,
      "tp": 984,
      "tn": 8986,
      "fp": 14,
      "fn": 16
    },
    "9": {
      "precision": 0.9813278008298755,
      "recall": 0.946,
      "f1": 0.9633401221995926,
      "specificity": 0.998,
      "fpr": 0.002,
      "fnr": 0.054,
      "auroc": 0.9991587777777777,
      "auprc": 0.9936717501013432,
      "support": 1000,
      "tp": 946,
      "tn": 8982,
      "fp": 18,
      "fn": 54
    }
  },
  "confusion_matrix": [
    [
      864,
      0,
      16,
      12,
      3,
      2,
      98,
      0,
      5,
      0
    ],
    [
      5,
      984,
      1,
      8,
      0,
      0,
      1,
      0,
      1,
      0
    ],
    [
      14,
      1,
      869,
      7,
      49,
      0,
      60,
      0,
      0,
      0
    ],
    [
      23,
      10,
      9,
      906,
      19,
      0,
      32,
      0,
      1,
      0
    ],
    [
      0,
      0,
      41,
      36,
      869,
      0,
      53,
      0,
      1,
      0
    ],
    [
      0,
      0,
      0,
      0,
      0,
      969,
      0,
      28,
      0,
      3
    ],
    [
      93,
      1,
      49,
      27,
      79,
      0,
      745,
      0,
      6,
      0
    ],
    [
      0,
      0,
      0,
      0,
      0,
      2,
      0,
      985,
      0,
      13
    ],
    [
      3,
      0,
      2,
      2,
      1,
      0,
      3,
      3,
      984,
      2
    ],
    [
      0,
      0,
      1,
      0,
      0,
      5,
      0,
      48,
      0,
      946
    ]
  ]
}