{
  "experiment": "exp3",
  "condition": {
    "num_classes": 2,
    "class_list": [
      5,
      8
    ],
    "class_names": [
      "Sandal",
      "Bag"
    ],
    "combo_idx": 3,
    "subset_pct": 40,
    "num_samples": 4800,
    "samples_per_class": 2400,
    "train_samples": 4320,
    "val_samples": 480,
    "test_samples": 2000
  },
  "seed": 73962792,
  "timestamp": "2026-01-18T00:28:08.138991",
  "training_dynamics": {
    "epochs_trained": 16,
    "best_epoch": 6,
    "best_val_accuracy": 0.99375,
    "final_train_loss": 3.164984924390357e-05,
    "final_val_loss": 0.01239683516146215,
    "training_time_seconds": 3.6308417320251465
  },
  "training_history": {
    "train_loss": [
      0.06656207255111761,
      0.012637252853892278,
      0.007528196284350569,
      0.016589216885008414,
      0.004386355967600299,
      0.0004885501866203198,
      0.0001717241039065865,
      8.04806878604455e-05,
      6.874778326913228e-05,
      4.263181634033732e-05,
      3.8266342974847086e-05,
      4.942006953503069e-05,
      3.615239288692732e-05,
      3.441860961489136e-05,
      5.00197413858212e-05,
      3.164984924390357e-05
    ],
    "val_loss": [
      0.010808869070994357,
      0.016702494743124893,
      0.044705195510929725,
      0.08032425126681725,
      0.026296215579107714,
      0.009143678979307878,
      0.015428265152331732,
      0.016446792721899327,
      0.018138786327858723,
      0.017273302596095164,
      0.015001146663674565,
      0.015140089993337824,
      0.016534946578773694,
      0.017123899943317155,
      0.01309084639096909,
      0.01239683516146215
    ],
    "val_accuracy": [
      0.99375,
      0.99375,
      0.9895833333333334,
      0.9791666666666666,
      0.99375,
      0.99375,
      0.99375,
      0.99375,
      0.99375,
      0.99375,
      0.99375,
      0.99375,
      0.99375,
      0.99375,
      0.99375,
      0.99375
    ]
  },
  "global_metrics": {
    "accuracy": 0.9975,
    "balanced_accuracy": 0.9975,
    "top_3_accuracy": 1.0,
    "top_5_accuracy": 1.0,
    "log_loss": 0.003981594577347061,
    "mcc": 0.995012437733208,
    "cohens_kappa": 0.995,
    "precision_macro": 0.9975124378109452,
    "precision_micro": 0.9975,
    "precision_weighted": 0.9975124378109453,
    "recall_macro": 0.9975,
    "recall_micro": 0.9975,
    "recall_weighted": 0.9975,
    "f1_macro": 0.9974999843749024,
    "f1_micro": 0.9975,
    "f1_weighted": 0.9974999843749024,
    "auroc_macro": 0.999998,
    "auroc_weighted": 0.999998,
    "auprc_macro": 0.9999980024955085
  },
  "per_class_metrics": {
    "0": {
      "precision": 0.9950248756218906,
      "recall": 1.0,
      "f1": 0.9975062344139651,
      "specificity": 0.995,
      "fpr": 0.005,
      "fnr": 0.0,
      "auroc": 0.999998,
      "auprc": 0.999998003992016,
      "support": 1000,
      "tp": 1000,
      "tn": 995,
      "fp": 5,
      "fn": 0
    },
    "1": {
      "precision": 1.0,
      "recall": 0.995,
      "f1": 0.9974937343358395,
      "specificity": 1.0,
      "fpr": 0.0,
      "fnr": 0.005,
      "auroc": 0.999998,
      "auprc": 0.999998000999001,
      "support": 1000,
      "tp": 995,
      "tn": 1000,
      "fp": 0,
      "fn": 5
    }
  },
  "confusion_matrix": [
    [
      1000,
      0
    ],
    [
      5,
      995
    ]
  ]
}