{
  "experiment": "exp3",
  "condition": {
    "num_classes": 4,
    "class_list": [
      0,
      1,
      2,
      4
    ],
    "class_names": [
      "T-shirt/top",
      "Trouser",
      "Pullover",
      "Coat"
    ],
    "combo_idx": 0,
    "subset_pct": 60,
    "num_samples": 14400,
    "samples_per_class": 3600,
    "train_samples": 12960,
    "val_samples": 1440,
    "test_samples": 4000
  },
  "seed": 73962792,
  "timestamp": "2026-01-18T00:37:36.783893",
  "training_dynamics": {
    "epochs_trained": 17,
    "best_epoch": 7,
    "best_val_accuracy": 0.95625,
    "final_train_loss": 0.02991227868051507,
    "final_val_loss": 0.17703158184885978,
    "training_time_seconds": 10.429901123046875
  },
  "training_history": {
    "train_loss": [
      0.3081539790031358,
      0.191211541720065,
      0.15912338766485012,
      0.1275161100101882,
      0.10785510075356573,
      0.09406005597118233,
      0.0848401360296337,
      0.06707630707455679,
      0.059121332287311264,
      0.056033389053302886,
      0.04403397125269979,
      0.04531082985211586,
      0.03417945131682447,
      0.034405907229210705,
      0.03477965359658627,
      0.03479319581133428,
      0.02991227868051507
    ],
    "val_loss": [
      0.1964226159784529,
      0.18987949175967112,
      0.13679819736215804,
      0.15269586477014754,
      0.13211131832665868,
      0.1333484933608108,
      0.1286632695959674,
      0.1471621659066942,
      0.16721412605709499,
      0.15653836909267638,
      0.1507702694998847,
      0.17986414440804058,
      0.17551118416918648,
      0.23154274125893912,
      0.24169304660624927,
      0.19346889617542426,
      0.17703158184885978
    ],
    "val_accuracy": [
      0.9361111111111111,
      0.9263888888888889,
      0.9506944444444444,
      0.9458333333333333,
      0.9513888888888888,
      0.9534722222222223,
      0.95625,
      0.9513888888888888,
      0.9486111111111111,
      0.95625,
      0.9555555555555556,
      0.9506944444444444,
      0.9465277777777777,
      0.9375,
      0.9416666666666667,
      0.9506944444444444,
      0.9506944444444444
    ]
  },
  "global_metrics": {
    "accuracy": 0.9535,
    "balanced_accuracy": 0.9535,
    "top_3_accuracy": 0.9995,
    "top_5_accuracy": 1.0,
    "log_loss": 0.13529675688407689,
    "mcc": 0.9380823203355726,
    "cohens_kappa": 0.938,
    "precision_macro": 0.9537349494560723,
    "precision_micro": 0.9535,
    "precision_weighted": 0.9537349494560723,
    "recall_macro": 0.9535,
    "recall_micro": 0.9535,
    "recall_weighted": 0.9535,
    "f1_macro": 0.9534921289408944,
    "f1_micro": 0.9535,
    "f1_weighted": 0.9534921289408944,
    "auroc_macro": 0.9952176666666667,
    "auroc_weighted": 0.9952176666666667,
    "auprc_macro": 0.9873066674527283
  },
  "per_class_metrics": {
    "0": {
      "precision": 0.9569471624266145,
      "recall": 0.978,
      "f1": 0.9673590504451038,
      "specificity": 0.9853333333333333,
      "fpr": 0.014666666666666666,
      "fnr": 0.022,
      "auroc": 0.9976166666666667,
      "auprc": 0.9938484083870368,
      "support": 1000,
      "tp": 978,
      "tn": 2956,
      "fp": 44,
      "fn": 22
    },
    "1": {
      "precision": 0.9969818913480886,
      "recall": 0.991,
      "f1": 0.9939819458375125,
      "specificity": 0.999,
      "fpr": 0.001,
      "fnr": 0.009,
      "auroc": 0.9999720000000001,
      "auprc": 0.999916537871599,
      "support": 1000,
      "tp": 991,
      "tn": 2997,
      "fp": 3,
      "fn": 9
    },
    "2": {
      "precision": 0.9097154072620216,
      "recall": 0.927,
      "f1": 0.9182763744427934,
      "specificity": 0.9693333333333334,
      "fpr": 0.030666666666666665,
      "fnr": 0.073,
      "auroc": 0.9892919999999998,
      "auprc": 0.9752888252371308,
      "support": 1000,
      "tp": 927,
      "tn": 2908,
      "fp": 92,
      "fn": 73
    },
    "3": {
      "precision": 0.9512953367875647,
      "recall": 0.918,
      "f1": 0.9343511450381681,
      "specificity": 0.9843333333333333,
      "fpr": 0.015666666666666666,
      "fnr": 0.082,
      "auroc": 0.99399,
      "auprc": 0.9801728983151469,
      "support": 1000,
      "tp": 918,
      "tn": 2953,
      "fp": 47,
      "fn": 82
    }
  },
  "confusion_matrix": [
    [
      978,
      1,
      17,
      4
    ],
    [
      6,
      991,
      1,
      2
    ],
    [
      31,
      1,
      927,
      41
    ],
    [
      7,
      1,
      74,
      918
    ]
  ]
}