{
  "experiment": "exp3",
  "condition": {
    "num_classes": 4,
    "class_list": [
      0,
      1,
      2,
      4
    ],
    "class_names": [
      "T-shirt/top",
      "Trouser",
      "Pullover",
      "Coat"
    ],
    "combo_idx": 0,
    "subset_pct": 30,
    "num_samples": 7200,
    "samples_per_class": 1800,
    "train_samples": 6480,
    "val_samples": 720,
    "test_samples": 4000
  },
  "seed": 73962792,
  "timestamp": "2026-01-18T00:37:10.833416",
  "training_dynamics": {
    "epochs_trained": 23,
    "best_epoch": 13,
    "best_val_accuracy": 0.9597222222222223,
    "final_train_loss": 0.01858581168212992,
    "final_val_loss": 0.23563819312387044,
    "training_time_seconds": 7.784528732299805
  },
  "training_history": {
    "train_loss": [
      0.4103216208955821,
      0.2352566236958784,
      0.20278252617401235,
      0.15739357181112557,
      0.14297165122686648,
      0.12919407222858248,
      0.10501223007290095,
      0.09242889601006812,
      0.07339519489666119,
      0.07773338736254065,
      0.05726734729593291,
      0.04341419472806521,
      0.051139104444825764,
      0.03241293835818913,
      0.03258252110304859,
      0.03280928057011254,
      0.04144612254173148,
      0.026307499296415376,
      0.026884440856520087,
      0.01737966523711186,
      0.03092576833110869,
      0.006986701260971399,
      0.01858581168212992
    ],
    "val_loss": [
      0.18474742306603326,
      0.17841821644041272,
      0.13676933083269333,
      0.13321528633435567,
      0.1325502418809467,
      0.1576586925321155,
      0.13706565267509885,
      0.1671057807074653,
      0.13821333216296303,
      0.1370950311422348,
      0.15917801939778858,
      0.18742552018827863,
      0.13147412505414752,
      0.15972635596990586,
      0.15640031728479598,
      0.3683370348480013,
      0.20076986385716333,
      0.16444497108459472,
      0.17047540247440338,
      0.17784229202402962,
      0.19800876935737,
      0.22835511134730446,
      0.23563819312387044
    ],
    "val_accuracy": [
      0.9347222222222222,
      0.9333333333333333,
      0.9527777777777777,
      0.9486111111111111,
      0.9402777777777778,
      0.9402777777777778,
      0.9541666666666667,
      0.9375,
      0.9513888888888888,
      0.9541666666666667,
      0.9416666666666667,
      0.9458333333333333,
      0.9541666666666667,
      0.9555555555555556,
      0.9597222222222223,
      0.9138888888888889,
      0.9416666666666667,
      0.9513888888888888,
      0.9527777777777777,
      0.9541666666666667,
      0.9527777777777777,
      0.9486111111111111,
      0.95
    ]
  },
  "global_metrics": {
    "accuracy": 0.942,
    "balanced_accuracy": 0.942,
    "top_3_accuracy": 0.99875,
    "top_5_accuracy": 1.0,
    "log_loss": 0.18275753345921503,
    "mcc": 0.9228020978125103,
    "cohens_kappa": 0.9226666666666666,
    "precision_macro": 0.9423922397102754,
    "precision_micro": 0.942,
    "precision_weighted": 0.9423922397102754,
    "recall_macro": 0.942,
    "recall_micro": 0.942,
    "recall_weighted": 0.942,
    "f1_macro": 0.9419899053778868,
    "f1_micro": 0.942,
    "f1_weighted": 0.9419899053778867,
    "auroc_macro": 0.9934633333333334,
    "auroc_weighted": 0.9934633333333334,
    "auprc_macro": 0.9823166563578943
  },
  "per_class_metrics": {
    "0": {
      "precision": 0.9501466275659824,
      "recall": 0.972,
      "f1": 0.9609490855165596,
      "specificity": 0.983,
      "fpr": 0.017,
      "fnr": 0.028,
      "auroc": 0.996524,
      "auprc": 0.9909609987705341,
      "support": 1000,
      "tp": 972,
      "tn": 2949,
      "fp": 51,
      "fn": 28
    },
    "1": {
      "precision": 0.9949698189134809,
      "recall": 0.989,
      "f1": 0.9919759277833501,
      "specificity": 0.9983333333333333,
      "fpr": 0.0016666666666666668,
      "fnr": 0.011,
      "auroc": 0.9995913333333334,
      "auprc": 0.9991856123813334,
      "support": 1000,
      "tp": 989,
      "tn": 2995,
      "fp": 5,
      "fn": 11
    },
    "2": {
      "precision": 0.8862973760932945,
      "recall": 0.912,
      "f1": 0.8989650073928044,
      "specificity": 0.961,
      "fpr": 0.039,
      "fnr": 0.088,
      "auroc": 0.9855036666666667,
      "auprc": 0.9633302181039168,
      "support": 1000,
      "tp": 912,
      "tn": 2883,
      "fp": 117,
      "fn": 88
    },
    "3": {
      "precision": 0.9381551362683438,
      "recall": 0.895,
      "f1": 0.9160696008188332,
      "specificity": 0.9803333333333333,
      "fpr": 0.019666666666666666,
      "fnr": 0.105,
      "auroc": 0.9922343333333333,
      "auprc": 0.9757897961757931,
      "support": 1000,
      "tp": 895,
      "tn": 2941,
      "fp": 59,
      "fn": 105
    }
  },
  "confusion_matrix": [
    [
      972,
      1,
      24,
      3
    ],
    [
      8,
      989,
      0,
      3
    ],
    [
      33,
      2,
      912,
      53
    ],
    [
      10,
      2,
      93,
      895
    ]
  ]
}