{
  "experiment": "exp3",
  "condition": {
    "num_classes": 8,
    "class_list": [
      0,
      1,
      3,
      4,
      5,
      7,
      8,
      9
    ],
    "class_names": [
      "T-shirt/top",
      "Trouser",
      "Dress",
      "Coat",
      "Sandal",
      "Sneaker",
      "Bag",
      "Ankle boot"
    ],
    "combo_idx": 2,
    "subset_pct": 100,
    "num_samples": 48000,
    "samples_per_class": 6000,
    "train_samples": 43200,
    "val_samples": 4800,
    "test_samples": 8000
  },
  "seed": 73962792,
  "timestamp": "2026-01-18T01:32:40.278589",
  "training_dynamics": {
    "epochs_trained": 19,
    "best_epoch": 9,
    "best_val_accuracy": 0.9714583333333333,
    "final_train_loss": 0.02254008596976443,
    "final_val_loss": 0.11382820077550908,
    "training_time_seconds": 39.490227699279785
  },
  "training_history": {
    "train_loss": [
      0.22824763498924397,
      0.12693966264112128,
      0.10212468889576418,
      0.08350653846161785,
      0.07442494848674094,
      0.06292240442949588,
      0.057292984781390124,
      0.04890102521783707,
      0.04471503761484874,
      0.03792749220393253,
      0.036086015934814454,
      0.03155378530940248,
      0.03347369621162889,
      0.027950087683922095,
      0.028216817053638536,
      0.025984474472977498,
      0.024449233806980945,
      0.025616038323388678,
      0.02254008596976443
    ],
    "val_loss": [
      0.1766807831823826,
      0.10940720620254675,
      0.11201614867895841,
      0.11275073483586312,
      0.10249838960667451,
      0.09812790442879002,
      0.0965832331062605,
      0.10227687087918942,
      0.08991434056622287,
      0.11788092763007929,
      0.09640914288970331,
      0.1236111014087995,
      0.11466402804711834,
      0.11680869291846951,
      0.10342575273786982,
      0.12747726675860274,
      0.10830677117376278,
      0.12707749190740286,
      0.11382820077550908
    ],
    "val_accuracy": [
      0.9385416666666667,
      0.9652083333333333,
      0.9622916666666667,
      0.961875,
      0.9672916666666667,
      0.96875,
      0.966875,
      0.9672916666666667,
      0.97,
      0.963125,
      0.97125,
      0.9641666666666666,
      0.9660416666666667,
      0.9689583333333334,
      0.969375,
      0.9683333333333334,
      0.9677083333333333,
      0.9677083333333333,
      0.9714583333333333
    ]
  },
  "global_metrics": {
    "accuracy": 0.970875,
    "balanced_accuracy": 0.9708749999999999,
    "top_3_accuracy": 0.99925,
    "top_5_accuracy": 0.999875,
    "log_loss": 0.09517284697677146,
    "mcc": 0.9667434265624872,
    "cohens_kappa": 0.9667142857142857,
    "precision_macro": 0.9710698727363316,
    "precision_micro": 0.970875,
    "precision_weighted": 0.9710698727363317,
    "recall_macro": 0.9708749999999999,
    "recall_micro": 0.970875,
    "recall_weighted": 0.970875,
    "f1_macro": 0.9708726360087583,
    "f1_micro": 0.970875,
    "f1_weighted": 0.9708726360087583,
    "auroc_macro": 0.9991469374999999,
    "auroc_weighted": 0.9991469375,
    "auprc_macro": 0.9946550402874339
  },
  "per_class_metrics": {
    "0": {
      "precision": 0.9613478691774033,
      "recall": 0.97,
      "f1": 0.9656545545047287,
      "specificity": 0.9944285714285714,
      "fpr": 0.005571428571428572,
      "fnr": 0.03,
      "auroc": 0.998468,
      "auprc": 0.9928674043225226,
      "support": 1000,
      "tp": 970,
      "tn": 6961,
      "fp": 39,
      "fn": 30
    },
    "1": {
      "precision": 0.9989837398373984,
      "recall": 0.983,
      "f1": 0.9909274193548387,
      "specificity": 0.9998571428571429,
      "fpr": 0.00014285714285714287,
      "fnr": 0.017,
      "auroc": 0.9998747142857143,
      "auprc": 0.9993889753673905,
      "support": 1000,
      "tp": 983,
      "tn": 6999,
      "fp": 1,
      "fn": 17
    },
    "2": {
      "precision": 0.9555785123966942,
      "recall": 0.925,
      "f1": 0.9400406504065041,
      "specificity": 0.9938571428571429,
      "fpr": 0.006142857142857143,
      "fnr": 0.075,
      "auroc": 0.9977208571428571,
      "auprc": 0.9820792890659829,
      "support": 1000,
      "tp": 925,
      "tn": 6957,
      "fp": 43,
      "fn": 75
    },
    "3": {
      "precision": 0.9376199616122841,
      "recall": 0.977,
      "f1": 0.9569049951028404,
      "specificity": 0.9907142857142858,
      "fpr": 0.009285714285714286,
      "fnr": 0.023,
      "auroc": 0.9992282857142857,
      "auprc": 0.9951898827223911,
      "support": 1000,
      "tp": 977,
      "tn": 6935,
      "fp": 65,
      "fn": 23
    },
    "4": {
      "precision": 0.983,
      "recall": 0.983,
      "f1": 0.983,
      "specificity": 0.9975714285714286,
      "fpr": 0.0024285714285714284,
      "fnr": 0.017,
      "auroc": 0.9997425714285714,
      "auprc": 0.9983669898823185,
      "support": 1000,
      "tp": 983,
      "tn": 6983,
      "fp": 17,
      "fn": 17
    },
    "5": {
      "precision": 0.9737108190091001,
      "recall": 0.963,
      "f1": 0.9683257918552035,
      "specificity": 0.9962857142857143,
      "fpr": 0.0037142857142857142,
      "fnr": 0.037,
      "auroc": 0.9992264285714286,
      "auprc": 0.994987544650021,
      "support": 1000,
      "tp": 963,
      "tn": 6974,
      "fp": 26,
      "fn": 37
    },
    "6": {
      "precision": 0.9899699097291875,
      "recall": 0.987,
      "f1": 0.9884827240861291,
      "specificity": 0.9985714285714286,
      "fpr": 0.0014285714285714286,
      "fnr": 0.013,
      "auroc": 0.9996291428571429,
      "auprc": 0.9985606863891359,
      "support": 1000,
      "tp": 987,
      "tn": 6990,
      "fp": 10,
      "fn": 13
    },
    "7": {
      "precision": 0.9683481701285855,
      "recall": 0.979,
      "f1": 0.973644952759821,
      "specificity": 0.9954285714285714,
      "fpr": 0.004571428571428572,
      "fnr": 0.021,
      "auroc": 0.9992855,
      "auprc": 0.9957995498997085,
      "support": 1000,
      "tp": 979,
      "tn": 6968,
      "fp": 32,
      "fn": 21
    }
  },
  "confusion_matrix": [
    [
      970,
      0,
      15,
      11,
      1,
      0,
      3,
      0
    ],
    [
      2,
      983,
      10,
      3,
      0,
      0,
      2,
      0
    ],
    [
      27,
      0,
      925,
      47,
      0,
      0,
      1,
      0
    ],
    [
      4,
      1,
      16,
      977,
      0,
      0,
      2,
      0
    ],
    [
      0,
      0,
      0,
      0,
      983,
      9,
      1,
      7
    ],
    [
      0,
      0,
      0,
      0,
      12,
      963,
      0,
      25
    ],
    [
      6,
      0,
      2,
      4,
      1,
      0,
      987,
      0
    ],
    [
      0,
      0,
      0,
      0,
      3,
      17,
      1,
      979
    ]
  ]
}