{
  "experiment": "exp3",
  "condition": {
    "num_classes": 5,
    "class_list": [
      1,
      2,
      3,
      5,
      7
    ],
    "class_names": [
      "Trouser",
      "Pullover",
      "Dress",
      "Sandal",
      "Sneaker"
    ],
    "combo_idx": 3,
    "subset_pct": 70,
    "num_samples": 21000,
    "samples_per_class": 4200,
    "train_samples": 18900,
    "val_samples": 2100,
    "test_samples": 5000
  },
  "seed": 73962792,
  "timestamp": "2026-01-18T00:53:49.681083",
  "training_dynamics": {
    "epochs_trained": 25,
    "best_epoch": 15,
    "best_val_accuracy": 0.9895238095238095,
    "final_train_loss": 0.00748869339895771,
    "final_val_loss": 0.06580352716100779,
    "training_time_seconds": 23.03576970100403
  },
  "training_history": {
    "train_loss": [
      0.138873716448182,
      0.06875969978235033,
      0.048252468805200094,
      0.038421942805438744,
      0.03121705779827804,
      0.025381191463738278,
      0.021592017838712136,
      0.017131493704378168,
      0.016125135962271532,
      0.01311253851850484,
      0.010775728318831907,
      0.013237127485120476,
      0.012695235651778136,
      0.014433363593129061,
      0.014313398910957944,
      0.0060403973477789535,
      0.00797212172122616,
      0.006211666555655766,
      0.007872254631703638,
      0.009588670156809663,
      0.007114089427376116,
      0.007478154657219974,
      0.005575202584226817,
      0.008429026544395373,
      0.00748869339895771
    ],
    "val_loss": [
      0.08491736336832954,
      0.05679635929919424,
      0.060622727941899074,
      0.052993510929601535,
      0.055609865891081946,
      0.0703245658285561,
      0.05295520412159108,
      0.04574419749989396,
      0.046477873319139086,
      0.049908229694479986,
      0.06933639914861747,
      0.0477052872375186,
      0.047947429506401976,
      0.07516257754283115,
      0.04506195437517904,
      0.04542345234647482,
      0.07874657792022585,
      0.09397295754921202,
      0.05760276682054003,
      0.0742122924662683,
      0.06696468548244974,
      0.07080118857501518,
      0.060946039589027695,
      0.07734834285627584,
      0.06580352716100779
    ],
    "val_accuracy": [
      0.9752380952380952,
      0.98,
      0.9814285714285714,
      0.9823809523809524,
      0.979047619047619,
      0.9780952380952381,
      0.9857142857142858,
      0.9880952380952381,
      0.9880952380952381,
      0.9852380952380952,
      0.9795238095238096,
      0.9866666666666667,
      0.9876190476190476,
      0.9795238095238096,
      0.9871428571428571,
      0.9895238095238095,
      0.981904761904762,
      0.9809523809523809,
      0.9866666666666667,
      0.9823809523809524,
      0.9866666666666667,
      0.981904761904762,
      0.9890476190476191,
      0.9842857142857143,
      0.9833333333333333
    ]
  },
  "global_metrics": {
    "accuracy": 0.9838,
    "balanced_accuracy": 0.9837999999999999,
    "top_3_accuracy": 0.9998,
    "top_5_accuracy": 1.0,
    "log_loss": 0.06240195604206542,
    "mcc": 0.979751616591501,
    "cohens_kappa": 0.97975,
    "precision_macro": 0.9838061645620106,
    "precision_micro": 0.9838,
    "precision_weighted": 0.9838061645620106,
    "recall_macro": 0.9837999999999999,
    "recall_micro": 0.9838,
    "recall_weighted": 0.9838,
    "f1_macro": 0.9837998443500406,
    "f1_micro": 0.9838,
    "f1_weighted": 0.9837998443500406,
    "auroc_macro": 0.9993548999999999,
    "auroc_weighted": 0.9993548999999999,
    "auprc_macro": 0.9976661807478745
  },
  "per_class_metrics": {
    "0": {
      "precision": 0.993993993993994,
      "recall": 0.993,
      "f1": 0.9934967483741871,
      "specificity": 0.9985,
      "fpr": 0.0015,
      "fnr": 0.007,
      "auroc": 0.99974775,
      "auprc": 0.9993216386953274,
      "support": 1000,
      "tp": 993,
      "tn": 3994,
      "fp": 6,
      "fn": 7
    },
    "1": {
      "precision": 0.9790419161676647,
      "recall": 0.981,
      "f1": 0.98001998001998,
      "specificity": 0.99475,
      "fpr": 0.00525,
      "fnr": 0.019,
      "auroc": 0.9988365,
      "auprc": 0.9968534325466588,
      "support": 1000,
      "tp": 981,
      "tn": 3979,
      "fp": 21,
      "fn": 19
    },
    "2": {
      "precision": 0.9779338014042126,
      "recall": 0.975,
      "f1": 0.9764646970455684,
      "specificity": 0.9945,
      "fpr": 0.0055,
      "fnr": 0.025,
      "auroc": 0.99889625,
      "auprc": 0.9946413259119944,
      "support": 1000,
      "tp": 975,
      "tn": 3978,
      "fp": 22,
      "fn": 25
    },
    "3": {
      "precision": 0.9811133200795229,
      "recall": 0.987,
      "f1": 0.9840478564307078,
      "specificity": 0.99525,
      "fpr": 0.00475,
      "fnr": 0.013,
      "auroc": 0.9996440000000001,
      "auprc": 0.9987914255555836,
      "support": 1000,
      "tp": 987,
      "tn": 3981,
      "fp": 19,
      "fn": 13
    },
    "4": {
      "precision": 0.9869477911646586,
      "recall": 0.983,
      "f1": 0.9849699398797594,
      "specificity": 0.99675,
      "fpr": 0.00325,
      "fnr": 0.017,
      "auroc": 0.99965,
      "auprc": 0.9987230810298084,
      "support": 1000,
      "tp": 983,
      "tn": 3987,
      "fp": 13,
      "fn": 17
    }
  },
  "confusion_matrix": [
    [
      993,
      1,
      6,
      0,
      0
    ],
    [
      1,
      981,
      16,
      2,
      0
    ],
    [
      5,
      20,
      975,
      0,
      0
    ],
    [
      0,
      0,
      0,
      987,
      13
    ],
    [
      0,
      0,
      0,
      17,
      983
    ]
  ]
}