{
  "experiment": "exp3",
  "condition": {
    "num_classes": 6,
    "class_list": [
      0,
      1,
      2,
      3,
      6,
      9
    ],
    "class_names": [
      "T-shirt/top",
      "Trouser",
      "Pullover",
      "Dress",
      "Shirt",
      "Ankle boot"
    ],
    "combo_idx": 0,
    "subset_pct": 20,
    "num_samples": 7200,
    "samples_per_class": 1200,
    "train_samples": 6480,
    "val_samples": 720,
    "test_samples": 6000
  },
  "seed": 73962792,
  "timestamp": "2026-01-18T00:57:19.264006",
  "training_dynamics": {
    "epochs_trained": 16,
    "best_epoch": 6,
    "best_val_accuracy": 0.9083333333333333,
    "final_train_loss": 0.04441722330646407,
    "final_val_loss": 0.3957942275123464,
    "training_time_seconds": 4.992068767547607
  },
  "training_history": {
    "train_loss": [
      0.5578442531473496,
      0.35282141846768994,
      0.32069990930019643,
      0.2620336649318536,
      0.2363358408797021,
      0.2149523612038762,
      0.17757507921287827,
      0.1582279255723252,
      0.12078321221120217,
      0.10591550083721385,
      0.0871741474222611,
      0.07112592422202521,
      0.06990513282225412,
      0.0488494062526882,
      0.04646517163799966,
      0.04441722330646407
    ],
    "val_loss": [
      0.428505011399587,
      0.36025491919782426,
      0.31842072341177197,
      0.2951566133234236,
      0.4133623672856225,
      0.28203106853697035,
      0.3155555287996928,
      0.31209510068098706,
      0.30246009561750625,
      0.37179637257423664,
      0.3116530204812686,
      0.35114121701982287,
      0.32530802571111256,
      0.4227263261874517,
      0.42086256032602654,
      0.3957942275123464
    ],
    "val_accuracy": [
      0.8388888888888889,
      0.8708333333333333,
      0.875,
      0.8958333333333334,
      0.8611111111111112,
      0.8944444444444445,
      0.8888888888888888,
      0.8944444444444445,
      0.9027777777777778,
      0.8708333333333333,
      0.9083333333333333,
      0.9,
      0.9027777777777778,
      0.8930555555555556,
      0.9013888888888889,
      0.9013888888888889
    ]
  },
  "global_metrics": {
    "accuracy": 0.893,
    "balanced_accuracy": 0.8929999999999999,
    "top_3_accuracy": 0.989,
    "top_5_accuracy": 1.0,
    "log_loss": 0.30325837480782486,
    "mcc": 0.872925875626489,
    "cohens_kappa": 0.8715999999999999,
    "precision_macro": 0.895152863857056,
    "precision_micro": 0.893,
    "precision_weighted": 0.895152863857056,
    "recall_macro": 0.8929999999999999,
    "recall_micro": 0.893,
    "recall_weighted": 0.893,
    "f1_macro": 0.8907741712001024,
    "f1_micro": 0.893,
    "f1_weighted": 0.8907741712001024,
    "auroc_macro": 0.9871449999999999,
    "auroc_weighted": 0.9871450000000002,
    "auprc_macro": 0.9488314359908806
  },
  "per_class_metrics": {
    "0": {
      "precision": 0.7897033158813264,
      "recall": 0.905,
      "f1": 0.8434296365330848,
      "specificity": 0.9518,
      "fpr": 0.0482,
      "fnr": 0.095,
      "auroc": 0.9821756,
      "auprc": 0.9208126972226582,
      "support": 1000,
      "tp": 905,
      "tn": 4759,
      "fp": 241,
      "fn": 95
    },
    "1": {
      "precision": 0.9917948717948718,
      "recall": 0.967,
      "f1": 0.9792405063291139,
      "specificity": 0.9984,
      "fpr": 0.0016,
      "fnr": 0.033,
      "auroc": 0.9989798,
      "auprc": 0.9967747192230746,
      "support": 1000,
      "tp": 967,
      "tn": 4992,
      "fp": 8,
      "fn": 33
    },
    "2": {
      "precision": 0.8281389136242209,
      "recall": 0.93,
      "f1": 0.8761186999528969,
      "specificity": 0.9614,
      "fpr": 0.0386,
      "fnr": 0.07,
      "auroc": 0.9892929,
      "auprc": 0.9523953406912984,
      "support": 1000,
      "tp": 930,
      "tn": 4807,
      "fp": 193,
      "fn": 70
    },
    "3": {
      "precision": 0.9260385005065856,
      "recall": 0.914,
      "f1": 0.9199798691494715,
      "specificity": 0.9854,
      "fpr": 0.0146,
      "fnr": 0.086,
      "auroc": 0.9936957000000001,
      "auprc": 0.9695423574221533,
      "support": 1000,
      "tp": 914,
      "tn": 4927,
      "fp": 73,
      "fn": 86
    },
    "4": {
      "precision": 0.8372395833333334,
      "recall": 0.643,
      "f1": 0.7273755656108598,
      "specificity": 0.975,
      "fpr": 0.025,
      "fnr": 0.357,
      "auroc": 0.958774,
      "auprc": 0.8536570497731959,
      "support": 1000,
      "tp": 643,
      "tn": 4875,
      "fp": 125,
      "fn": 357
    },
    "5": {
      "precision": 0.998001998001998,
      "recall": 0.999,
      "f1": 0.9985007496251873,
      "specificity": 0.9996,
      "fpr": 0.0004,
      "fnr": 0.001,
      "auroc": 0.999952,
      "auprc": 0.9998064516129034,
      "support": 1000,
      "tp": 999,
      "tn": 4998,
      "fp": 2,
      "fn": 1
    }
  },
  "confusion_matrix": [
    [
      905,
      0,
      28,
      15,
      52,
      0
    ],
    [
      7,
      967,
      1,
      22,
      3,
      0
    ],
    [
      22,
      2,
      930,
      8,
      38,
      0
    ],
    [
      32,
      6,
      15,
      914,
      31,
      2
    ],
    [
      180,
      0,
      149,
      28,
      643,
      0
    ],
    [
      0,
      0,
      0,
      0,
      1,
      999
    ]
  ]
}