{
  "experiment": "exp3",
  "condition": {
    "num_classes": 2,
    "class_list": [
      2,
      3
    ],
    "class_names": [
      "Pullover",
      "Dress"
    ],
    "combo_idx": 0,
    "subset_pct": 20,
    "num_samples": 2400,
    "samples_per_class": 1200,
    "train_samples": 2160,
    "val_samples": 240,
    "test_samples": 2000
  },
  "seed": 73962792,
  "timestamp": "2026-01-18T00:25:31.603508",
  "training_dynamics": {
    "epochs_trained": 14,
    "best_epoch": 4,
    "best_val_accuracy": 0.9875,
    "final_train_loss": 0.0033645956733808443,
    "final_val_loss": 0.08269634420673053,
    "training_time_seconds": 1.4307520389556885
  },
  "training_history": {
    "train_loss": [
      0.1554857838405844,
      0.07825787598267198,
      0.05862058855264502,
      0.03981245996649651,
      0.026276381723993623,
      0.026268161127946395,
      0.04048455943463042,
      0.02346750788103022,
      0.010176941404899801,
      0.004816279990764623,
      0.009224743949530153,
      0.01277880156361361,
      0.01592588282416246,
      0.0033645956733808443
    ],
    "val_loss": [
      0.05620740329225858,
      0.05506748408079147,
      0.0744954062004884,
      0.04656468642254671,
      0.05599095647533735,
      0.1078572911520799,
      0.0506433317437768,
      0.06490851864218712,
      0.06972680315375328,
      0.06510725344220797,
      0.05381089448928833,
      0.057666230201721194,
      0.07431675493717194,
      0.08269634420673053
    ],
    "val_accuracy": [
      0.9833333333333333,
      0.9791666666666666,
      0.9791666666666666,
      0.9833333333333333,
      0.9833333333333333,
      0.9666666666666667,
      0.9833333333333333,
      0.9791666666666666,
      0.9791666666666666,
      0.9791666666666666,
      0.9875,
      0.9791666666666666,
      0.9833333333333333,
      0.9791666666666666
    ]
  },
  "global_metrics": {
    "accuracy": 0.967,
    "balanced_accuracy": 0.967,
    "top_3_accuracy": 1.0,
    "top_5_accuracy": 1.0,
    "log_loss": 0.09043031187451654,
    "mcc": 0.9346058209215736,
    "cohens_kappa": 0.9339999999999999,
    "precision_macro": 0.9676060173985486,
    "precision_micro": 0.967,
    "precision_weighted": 0.9676060173985486,
    "recall_macro": 0.967,
    "recall_micro": 0.967,
    "recall_weighted": 0.967,
    "f1_macro": 0.9669893045346691,
    "f1_micro": 0.967,
    "f1_weighted": 0.9669893045346691,
    "auroc_macro": 0.996397,
    "auroc_weighted": 0.996397,
    "auprc_macro": 0.996331060349503
  },
  "per_class_metrics": {
    "0": {
      "precision": 0.9507722007722008,
      "recall": 0.985,
      "f1": 0.9675834970530454,
      "specificity": 0.949,
      "fpr": 0.051,
      "fnr": 0.015,
      "auroc": 0.996397,
      "auprc": 0.9968241967485192,
      "support": 1000,
      "tp": 985,
      "tn": 949,
      "fp": 51,
      "fn": 15
    },
    "1": {
      "precision": 0.9844398340248963,
      "recall": 0.949,
      "f1": 0.9663951120162934,
      "specificity": 0.985,
      "fpr": 0.015,
      "fnr": 0.051,
      "auroc": 0.996397,
      "auprc": 0.995837923950487,
      "support": 1000,
      "tp": 949,
      "tn": 985,
      "fp": 15,
      "fn": 51
    }
  },
  "confusion_matrix": [
    [
      985,
      15
    ],
    [
      51,
      949
    ]
  ]
}