{
  "experiment": "exp3",
  "condition": {
    "num_classes": 4,
    "class_list": [
      1,
      5,
      6,
      9
    ],
    "class_names": [
      "Trouser",
      "Sandal",
      "Shirt",
      "Ankle boot"
    ],
    "combo_idx": 3,
    "subset_pct": 100,
    "num_samples": 24000,
    "samples_per_class": 6000,
    "train_samples": 21600,
    "val_samples": 2400,
    "test_samples": 4000
  },
  "seed": 73962792,
  "timestamp": "2026-01-18T00:44:51.102184",
  "training_dynamics": {
    "epochs_trained": 32,
    "best_epoch": 22,
    "best_val_accuracy": 0.9979166666666667,
    "final_train_loss": 0.0011981748959655058,
    "final_val_loss": 0.023596085650345534,
    "training_time_seconds": 32.16769027709961
  },
  "training_history": {
    "train_loss": [
      0.06565372598083337,
      0.030175306358286483,
      0.01697528175979518,
      0.013687978764554553,
      0.0118865658308327,
      0.01048451762701071,
      0.007766948136480542,
      0.007885382354845594,
      0.0057774433723174964,
      0.005244944463503309,
      0.003550803486293293,
      0.010205183069639032,
      0.004179134541493769,
      0.005655318474374628,
      0.003171936012071746,
      0.0031872267107545126,
      0.006718369314306009,
      0.002812036140821121,
      0.0066650485315244085,
      0.0026161208554018075,
      0.004597431603866889,
      0.005060404798274156,
      0.004100375317625414,
      0.0033475907009822485,
      0.001015804304886616,
      0.0001899292154988327,
      0.0004668161947394291,
      0.006749823737737971,
      0.00780773156151091,
      0.002888608101964769,
      0.0008560303894364013,
      0.0011981748959655058
    ],
    "val_loss": [
      0.07225485901037852,
      0.018006922748560708,
      0.022644987614670146,
      0.022992383087985218,
      0.022060540609818418,
      0.014927447551647977,
      0.02499974153509053,
      0.02279231631141253,
      0.022179448824002367,
      0.01771833679693979,
      0.02124870426179162,
      0.02717440932436148,
      0.02135797418290167,
      0.014399470380594722,
      0.01673649284965601,
      0.026436810976047127,
      0.013243677593103105,
      0.014131501993942948,
      0.01809150881973134,
      0.019704310909170696,
      0.01914021741173201,
      0.012190200629471898,
      0.02451882329248595,
      0.01488611171967932,
      0.01680774175665344,
      0.017004384819098658,
      0.020389085162881505,
      0.028348933819894836,
      0.02280537983829466,
      0.02406674402411833,
      0.02653464046356021,
      0.023596085650345534
    ],
    "val_accuracy": [
      0.9791666666666666,
      0.99625,
      0.9941666666666666,
      0.9945833333333334,
      0.9933333333333333,
      0.9958333333333333,
      0.995,
      0.9945833333333334,
      0.9945833333333334,
      0.99625,
      0.9933333333333333,
      0.9933333333333333,
      0.9958333333333333,
      0.9966666666666667,
      0.9975,
      0.9954166666666666,
      0.995,
      0.9975,
      0.9958333333333333,
      0.9966666666666667,
      0.9970833333333333,
      0.9970833333333333,
      0.9958333333333333,
      0.9975,
      0.9970833333333333,
      0.9979166666666667,
      0.9970833333333333,
      0.99375,
      0.99625,
      0.9966666666666667,
      0.99375,
      0.9970833333333333
    ]
  },
  "global_metrics": {
    "accuracy": 0.9955,
    "balanced_accuracy": 0.9954999999999999,
    "top_3_accuracy": 1.0,
    "top_5_accuracy": 1.0,
    "log_loss": 0.017721786070220017,
    "mcc": 0.9940024021753746,
    "cohens_kappa": 0.994,
    "precision_macro": 0.9955076744105072,
    "precision_micro": 0.9955,
    "precision_weighted": 0.9955076744105071,
    "recall_macro": 0.9954999999999999,
    "recall_micro": 0.9955,
    "recall_weighted": 0.9955,
    "f1_macro": 0.9955002310626409,
    "f1_micro": 0.9955,
    "f1_weighted": 0.9955002310626407,
    "auroc_macro": 0.999955,
    "auroc_weighted": 0.999955,
    "auprc_macro": 0.9998675164153178
  },
  "per_class_metrics": {
    "0": {
      "precision": 0.9979959919839679,
      "recall": 0.996,
      "f1": 0.9969969969969971,
      "specificity": 0.9993333333333333,
      "fpr": 0.0006666666666666666,
      "fnr": 0.004,
      "auroc": 0.999976,
      "auprc": 0.9999280234308875,
      "support": 1000,
      "tp": 996,
      "tn": 2998,
      "fp": 2,
      "fn": 4
    },
    "1": {
      "precision": 0.9920398009950249,
      "recall": 0.997,
      "f1": 0.9945137157107232,
      "specificity": 0.9973333333333333,
      "fpr": 0.0026666666666666666,
      "fnr": 0.003,
      "auroc": 0.9999526666666667,
      "auprc": 0.9998570385797483,
      "support": 1000,
      "tp": 997,
      "tn": 2992,
      "fp": 8,
      "fn": 3
    },
    "2": {
      "precision": 0.9950099800399201,
      "recall": 0.997,
      "f1": 0.9960039960039959,
      "specificity": 0.9983333333333333,
      "fpr": 0.0016666666666666668,
      "fnr": 0.003,
      "auroc": 0.9999600000000001,
      "auprc": 0.9998827508167973,
      "support": 1000,
      "tp": 997,
      "tn": 2995,
      "fp": 5,
      "fn": 3
    },
    "3": {
      "precision": 0.9969849246231156,
      "recall": 0.992,
      "f1": 0.9944862155388471,
      "specificity": 0.999,
      "fpr": 0.001,
      "fnr": 0.008,
      "auroc": 0.9999313333333334,
      "auprc": 0.9998022528338377,
      "support": 1000,
      "tp": 992,
      "tn": 2997,
      "fp": 3,
      "fn": 8
    }
  },
  "confusion_matrix": [
    [
      996,
      0,
      4,
      0
    ],
    [
      0,
      997,
      0,
      3
    ],
    [
      2,
      1,
      997,
      0
    ],
    [
      0,
      7,
      1,
      992
    ]
  ]
}