{
  "experiment": "exp3",
  "condition": {
    "num_classes": 7,
    "class_list": [
      0,
      1,
      2,
      3,
      4,
      6,
      8
    ],
    "class_names": [
      "T-shirt/top",
      "Trouser",
      "Pullover",
      "Dress",
      "Coat",
      "Shirt",
      "Bag"
    ],
    "combo_idx": 0,
    "subset_pct": 80,
    "num_samples": 33600,
    "samples_per_class": 4800,
    "train_samples": 30240,
    "val_samples": 3360,
    "test_samples": 7000
  },
  "seed": 73962792,
  "timestamp": "2026-01-18T01:10:32.813709",
  "training_dynamics": {
    "epochs_trained": 16,
    "best_epoch": 6,
    "best_val_accuracy": 0.9020833333333333,
    "final_train_loss": 0.0799225826972178,
    "final_val_loss": 0.37794354061285657,
    "training_time_seconds": 23.029079914093018
  },
  "training_history": {
    "train_loss": [
      0.5464414631274488,
      0.37588928277598377,
      0.31785508125516376,
      0.2824915163297734,
      0.25494216198207964,
      0.2238444143681773,
      0.20094458200431273,
      0.18122093667754663,
      0.1644495751267697,
      0.14239009308292044,
      0.12710157806254593,
      0.11861261337834074,
      0.10101938703890898,
      0.09296593192106321,
      0.08915963506101617,
      0.0799225826972178
    ],
    "val_loss": [
      0.41956464364415125,
      0.3379124729406266,
      0.3012609425045195,
      0.3016254459108625,
      0.2944549925270535,
      0.28737238134656634,
      0.31972753320421493,
      0.3664589177994501,
      0.33343129626342227,
      0.3737669435285387,
      0.3667518150238764,
      0.34032510888008843,
      0.3847900227421806,
      0.3718972013110206,
      0.34195528030395506,
      0.37794354061285657
    ],
    "val_accuracy": [
      0.8425595238095238,
      0.8791666666666667,
      0.8898809523809523,
      0.8895833333333333,
      0.8943452380952381,
      0.893154761904762,
      0.8866071428571428,
      0.88125,
      0.8904761904761904,
      0.8806547619047619,
      0.8916666666666667,
      0.8979166666666667,
      0.8955357142857143,
      0.893452380952381,
      0.9002976190476191,
      0.9020833333333333
    ]
  },
  "global_metrics": {
    "accuracy": 0.8907142857142857,
    "balanced_accuracy": 0.8907142857142858,
    "top_3_accuracy": 0.9892857142857143,
    "top_5_accuracy": 0.9987142857142857,
    "log_loss": 0.30273431387382094,
    "mcc": 0.8727740109315184,
    "cohens_kappa": 0.8725,
    "precision_macro": 0.8918595416093874,
    "precision_micro": 0.8907142857142857,
    "precision_weighted": 0.8918595416093873,
    "recall_macro": 0.8907142857142858,
    "recall_micro": 0.8907142857142857,
    "recall_weighted": 0.8907142857142857,
    "f1_macro": 0.8905073935995241,
    "f1_micro": 0.8907142857142857,
    "f1_weighted": 0.8905073935995241,
    "auroc_macro": 0.9892697619047619,
    "auroc_weighted": 0.989269761904762,
    "auprc_macro": 0.9506349590535285
  },
  "per_class_metrics": {
    "0": {
      "precision": 0.8235294117647058,
      "recall": 0.896,
      "f1": 0.8582375478927202,
      "specificity": 0.968,
      "fpr": 0.032,
      "fnr": 0.104,
      "auroc": 0.9879875,
      "auprc": 0.9408523533182733,
      "support": 1000,
      "tp": 896,
      "tn": 5808,
      "fp": 192,
      "fn": 104
    },
    "1": {
      "precision": 0.9909638554216867,
      "recall": 0.987,
      "f1": 0.9889779559118237,
      "specificity": 0.9985,
      "fpr": 0.0015,
      "fnr": 0.013,
      "auroc": 0.999766,
      "auprc": 0.998835723816627,
      "support": 1000,
      "tp": 987,
      "tn": 5991,
      "fp": 9,
      "fn": 13
    },
    "2": {
      "precision": 0.902465166130761,
      "recall": 0.842,
      "f1": 0.8711846870150025,
      "specificity": 0.9848333333333333,
      "fpr": 0.015166666666666667,
      "fnr": 0.158,
      "auroc": 0.9880243333333332,
      "auprc": 0.9477112323641979,
      "support": 1000,
      "tp": 842,
      "tn": 5909,
      "fp": 91,
      "fn": 158
    },
    "3": {
      "precision": 0.9290928050052137,
      "recall": 0.891,
      "f1": 0.9096477794793262,
      "specificity": 0.9886666666666667,
      "fpr": 0.011333333333333334,
      "fnr": 0.109,
      "auroc": 0.9948701666666666,
      "auprc": 0.9713461838901248,
      "support": 1000,
      "tp": 891,
      "tn": 5932,
      "fp": 68,
      "fn": 109
    },
    "4": {
      "precision": 0.8336380255941499,
      "recall": 0.912,
      "f1": 0.8710601719197708,
      "specificity": 0.9696666666666667,
      "fpr": 0.030333333333333334,
      "fnr": 0.088,
      "auroc": 0.9894705,
      "auprc": 0.94366596543335,
      "support": 1000,
      "tp": 912,
      "tn": 5818,
      "fp": 182,
      "fn": 88
    },
    "5": {
      "precision": 0.769394261424017,
      "recall": 0.724,
      "f1": 0.7460072127769192,
      "specificity": 0.9638333333333333,
      "fpr": 0.036166666666666666,
      "fnr": 0.276,
      "auroc": 0.9650021666666667,
      "auprc": 0.8531760083593783,
      "support": 1000,
      "tp": 724,
      "tn": 5783,
      "fp": 217,
      "fn": 276
    },
    "6": {
      "precision": 0.993933265925177,
      "recall": 0.983,
      "f1": 0.9884364002011061,
      "specificity": 0.999,
      "fpr": 0.001,
      "fnr": 0.017,
      "auroc": 0.9997676666666666,
      "auprc": 0.9988572461927485,
      "support": 1000,
      "tp": 983,
      "tn": 5994,
      "fp": 6,
      "fn": 17
    }
  },
  "confusion_matrix": [
    [
      896,
      0,
      16,
      12,
      3,
      71,
      2
    ],
    [
      5,
      987,
      0,
      4,
      2,
      2,
      0
    ],
    [
      15,
      2,
      842,
      7,
      68,
      66,
      0
    ],
    [
      39,
      4,
      7,
      891,
      31,
      27,
      1
    ],
    [
      0,
      0,
      23,
      19,
      912,
      45,
      1
    ],
    [
      127,
      2,
      44,
      24,
      77,
      724,
      2
    ],
    [
      6,
      1,
      1,
      2,
      1,
      6,
      983
    ]
  ]
}