{
  "experiment": "exp3",
  "condition": {
    "num_classes": 7,
    "class_list": [
      0,
      1,
      2,
      3,
      4,
      6,
      8
    ],
    "class_names": [
      "T-shirt/top",
      "Trouser",
      "Pullover",
      "Dress",
      "Coat",
      "Shirt",
      "Bag"
    ],
    "combo_idx": 0,
    "subset_pct": 100,
    "num_samples": 42000,
    "samples_per_class": 6000,
    "train_samples": 37800,
    "val_samples": 4200,
    "test_samples": 7000
  },
  "seed": 73962792,
  "timestamp": "2026-01-18T01:11:28.590599",
  "training_dynamics": {
    "epochs_trained": 16,
    "best_epoch": 6,
    "best_val_accuracy": 0.9076190476190477,
    "final_train_loss": 0.0815183611077693,
    "final_val_loss": 0.3865238076164609,
    "training_time_seconds": 28.04419732093811
  },
  "training_history": {
    "train_loss": [
      0.5161396952601254,
      0.35251699632597855,
      0.305117665246356,
      0.27163233509674894,
      0.23934624922759642,
      0.21559595781837018,
      0.19208764731127598,
      0.17478585869149507,
      0.15317787584264064,
      0.14109118647129604,
      0.12619945904879803,
      0.1171503870632947,
      0.10130629073292673,
      0.09054189860070669,
      0.08958784114276319,
      0.0815183611077693
    ],
    "val_loss": [
      0.3914257314091637,
      0.3345594844931648,
      0.293344014116696,
      0.29465820349398114,
      0.2861848648673012,
      0.2721633926459721,
      0.28780822773774467,
      0.28056685547033944,
      0.33171651085217796,
      0.30405659215790887,
      0.33539926545960563,
      0.31991062374342055,
      0.3221297181787945,
      0.3465067898659479,
      0.3608018756480444,
      0.3865238076164609
    ],
    "val_accuracy": [
      0.8590476190476191,
      0.8773809523809524,
      0.8952380952380953,
      0.8926190476190476,
      0.8997619047619048,
      0.9021428571428571,
      0.9028571428571428,
      0.9054761904761904,
      0.8978571428571429,
      0.9071428571428571,
      0.9021428571428571,
      0.8990476190476191,
      0.9076190476190477,
      0.9033333333333333,
      0.9033333333333333,
      0.895952380952381
    ]
  },
  "global_metrics": {
    "accuracy": 0.8957142857142857,
    "balanced_accuracy": 0.8957142857142858,
    "top_3_accuracy": 0.9922857142857143,
    "top_5_accuracy": 0.9988571428571429,
    "log_loss": 0.27831569550011015,
    "mcc": 0.8783508796130651,
    "cohens_kappa": 0.8783333333333333,
    "precision_macro": 0.8953314556255468,
    "precision_micro": 0.8957142857142857,
    "precision_weighted": 0.8953314556255468,
    "recall_macro": 0.8957142857142858,
    "recall_micro": 0.8957142857142857,
    "recall_weighted": 0.8957142857142857,
    "f1_macro": 0.8954728843779204,
    "f1_micro": 0.8957142857142857,
    "f1_weighted": 0.8954728843779204,
    "auroc_macro": 0.9903397500000002,
    "auroc_weighted": 0.99033975,
    "auprc_macro": 0.9547767329289453
  },
  "per_class_metrics": {
    "0": {
      "precision": 0.8657921291624622,
      "recall": 0.858,
      "f1": 0.861878453038674,
      "specificity": 0.9778333333333333,
      "fpr": 0.022166666666666668,
      "fnr": 0.142,
      "auroc": 0.9891735,
      "auprc": 0.9487044463454939,
      "support": 1000,
      "tp": 858,
      "tn": 5867,
      "fp": 133,
      "fn": 142
    },
    "1": {
      "precision": 0.9899799599198397,
      "recall": 0.988,
      "f1": 0.988988988988989,
      "specificity": 0.9983333333333333,
      "fpr": 0.0016666666666666668,
      "fnr": 0.012,
      "auroc": 0.9998414999999999,
      "auprc": 0.9992084997993824,
      "support": 1000,
      "tp": 988,
      "tn": 5990,
      "fp": 10,
      "fn": 12
    },
    "2": {
      "precision": 0.8782696177062375,
      "recall": 0.873,
      "f1": 0.8756268806419258,
      "specificity": 0.9798333333333333,
      "fpr": 0.020166666666666666,
      "fnr": 0.127,
      "auroc": 0.9888813333333333,
      "auprc": 0.9507417171727739,
      "support": 1000,
      "tp": 873,
      "tn": 5879,
      "fp": 121,
      "fn": 127
    },
    "3": {
      "precision": 0.92,
      "recall": 0.92,
      "f1": 0.92,
      "specificity": 0.9866666666666667,
      "fpr": 0.013333333333333334,
      "fnr": 0.08,
      "auroc": 0.9950996666666667,
      "auprc": 0.9722395008872079,
      "support": 1000,
      "tp": 920,
      "tn": 5920,
      "fp": 80,
      "fn": 80
    },
    "4": {
      "precision": 0.8643410852713178,
      "recall": 0.892,
      "f1": 0.8779527559055117,
      "specificity": 0.9766666666666667,
      "fpr": 0.023333333333333334,
      "fnr": 0.108,
      "auroc": 0.9909103333333333,
      "auprc": 0.9529100039101316,
      "support": 1000,
      "tp": 892,
      "tn": 5860,
      "fp": 140,
      "fn": 108
    },
    "5": {
      "precision": 0.7648261758691206,
      "recall": 0.748,
      "f1": 0.756319514661274,
      "specificity": 0.9616666666666667,
      "fpr": 0.03833333333333333,
      "fnr": 0.252,
      "auroc": 0.9686949166666668,
      "auprc": 0.8607329092834737,
      "support": 1000,
      "tp": 748,
      "tn": 5770,
      "fp": 230,
      "fn": 252
    },
    "6": {
      "precision": 0.9841112214498511,
      "recall": 0.991,
      "f1": 0.9875435974090684,
      "specificity": 0.9973333333333333,
      "fpr": 0.0026666666666666666,
      "fnr": 0.009,
      "auroc": 0.9997769999999999,
      "auprc": 0.9989000531041536,
      "support": 1000,
      "tp": 991,
      "tn": 5984,
      "fp": 16,
      "fn": 9
    }
  },
  "confusion_matrix": [
    [
      858,
      1,
      15,
      11,
      1,
      110,
      4
    ],
    [
      4,
      988,
      0,
      5,
      0,
      1,
      2
    ],
    [
      10,
      1,
      873,
      7,
      52,
      56,
      1
    ],
    [
      26,
      5,
      6,
      920,
      16,
      25,
      2
    ],
    [
      1,
      1,
      37,
      29,
      892,
      37,
      3
    ],
    [
      89,
      1,
      63,
      25,
      70,
      748,
      4
    ],
    [
      3,
      1,
      0,
      3,
      1,
      1,
      991
    ]
  ]
}