{
  "experiment": "exp3",
  "condition": {
    "num_classes": 3,
    "class_list": [
      1,
      5,
      9
    ],
    "class_names": [
      "Trouser",
      "Sandal",
      "Ankle boot"
    ],
    "combo_idx": 3,
    "subset_pct": 20,
    "num_samples": 3600,
    "samples_per_class": 1200,
    "train_samples": 3240,
    "val_samples": 360,
    "test_samples": 3000
  },
  "seed": 73962792,
  "timestamp": "2026-01-18T00:33:42.983689",
  "training_dynamics": {
    "epochs_trained": 19,
    "best_epoch": 9,
    "best_val_accuracy": 0.9944444444444445,
    "final_train_loss": 0.00020330993847179058,
    "final_val_loss": 0.0399482696193445,
    "training_time_seconds": 2.805849313735962
  },
  "training_history": {
    "train_loss": [
      0.10059188426399202,
      0.03162304359013397,
      0.02006444655354226,
      0.01743104026365258,
      0.005707671395736956,
      0.0122919127484327,
      0.0033459013307840318,
      0.0031111478097223953,
      0.017867534317131274,
      0.007024657590270234,
      0.007209980342101035,
      0.0008775734374163827,
      0.0022589684132856514,
      0.004996145160859277,
      0.004258019261036608,
      0.004097755441314214,
      0.00533875469922992,
      0.00029141746305118857,
      0.00020330993847179058
    ],
    "val_loss": [
      0.04635797027084562,
      0.03499815733068519,
      0.03953697851134671,
      0.03511913057882339,
      0.05654306712224045,
      0.0632938769335548,
      0.07285264177868764,
      0.08494761398889952,
      0.02946867609086136,
      0.060113025441144906,
      0.030537144635551763,
      0.03832211069659226,
      0.042667942417837265,
      0.047888136366438835,
      0.037248558397792904,
      0.05771708847670298,
      0.037434353100131074,
      0.0404777656284245,
      0.0399482696193445
    ],
    "val_accuracy": [
      0.9833333333333333,
      0.9833333333333333,
      0.9944444444444445,
      0.9944444444444445,
      0.9861111111111112,
      0.9861111111111112,
      0.9861111111111112,
      0.9833333333333333,
      0.9888888888888889,
      0.9833333333333333,
      0.9916666666666667,
      0.9916666666666667,
      0.9916666666666667,
      0.9944444444444445,
      0.9944444444444445,
      0.9833333333333333,
      0.9944444444444445,
      0.9944444444444445,
      0.9944444444444445
    ]
  },
  "global_metrics": {
    "accuracy": 0.991,
    "balanced_accuracy": 0.991,
    "top_3_accuracy": 1.0,
    "top_5_accuracy": 1.0,
    "log_loss": 0.029139824198931755,
    "mcc": 0.9865044392799651,
    "cohens_kappa": 0.9865,
    "precision_macro": 0.9910177849652336,
    "precision_micro": 0.991,
    "precision_weighted": 0.9910177849652336,
    "recall_macro": 0.991,
    "recall_micro": 0.991,
    "recall_weighted": 0.991,
    "f1_macro": 0.9910044528407767,
    "f1_micro": 0.991,
    "f1_weighted": 0.9910044528407765,
    "auroc_macro": 0.9996001666666666,
    "auroc_weighted": 0.9996001666666666,
    "auprc_macro": 0.9992371472826118
  },
  "per_class_metrics": {
    "0": {
      "precision": 1.0,
      "recall": 0.997,
      "f1": 0.99849774661993,
      "specificity": 1.0,
      "fpr": 0.0,
      "fnr": 0.003,
      "auroc": 1.0,
      "auprc": 0.9999999999999999,
      "support": 1000,
      "tp": 997,
      "tn": 2000,
      "fp": 0,
      "fn": 3
    },
    "1": {
      "precision": 0.9879638916750251,
      "recall": 0.985,
      "f1": 0.9864797195793691,
      "specificity": 0.994,
      "fpr": 0.006,
      "fnr": 0.015,
      "auroc": 0.9994299999999999,
      "auprc": 0.9986698517921002,
      "support": 1000,
      "tp": 985,
      "tn": 1988,
      "fp": 12,
      "fn": 15
    },
    "2": {
      "precision": 0.9850894632206759,
      "recall": 0.991,
      "f1": 0.9880358923230309,
      "specificity": 0.9925,
      "fpr": 0.0075,
      "fnr": 0.009,
      "auroc": 0.9993704999999999,
      "auprc": 0.9990415900557355,
      "support": 1000,
      "tp": 991,
      "tn": 1985,
      "fp": 15,
      "fn": 9
    }
  },
  "confusion_matrix": [
    [
      997,
      3,
      0
    ],
    [
      0,
      985,
      15
    ],
    [
      0,
      9,
      991
    ]
  ]
}