{
  "experiment": "exp3",
  "condition": {
    "num_classes": 6,
    "class_list": [
      0,
      2,
      4,
      5,
      7,
      8
    ],
    "class_names": [
      "T-shirt/top",
      "Pullover",
      "Coat",
      "Sandal",
      "Sneaker",
      "Bag"
    ],
    "combo_idx": 2,
    "subset_pct": 10,
    "num_samples": 3600,
    "samples_per_class": 600,
    "train_samples": 3240,
    "val_samples": 360,
    "test_samples": 6000
  },
  "seed": 73962792,
  "timestamp": "2026-01-18T01:01:45.279774",
  "training_dynamics": {
    "epochs_trained": 16,
    "best_epoch": 6,
    "best_val_accuracy": 0.9305555555555556,
    "final_train_loss": 0.01588450486808285,
    "final_val_loss": 0.2460958507325914,
    "training_time_seconds": 2.315955638885498
  },
  "training_history": {
    "train_loss": [
      0.5788795962637546,
      0.2561033518583167,
      0.20410612503103182,
      0.1544147802918565,
      0.12292936400455587,
      0.10384517835051406,
      0.07858899337988273,
      0.0588310984712021,
      0.06609545383310202,
      0.05074987694730654,
      0.046633131208592186,
      0.026589871617034078,
      0.028524092010532815,
      0.06888416547364756,
      0.028100026981430312,
      0.01588450486808285
    ],
    "val_loss": [
      0.3230907082557678,
      0.31760450402895607,
      0.23758304052882726,
      0.22519040372636584,
      0.20959053105778164,
      0.1996714346938663,
      0.23393783834245468,
      0.24648717112011378,
      0.24214565886391534,
      0.31444001926316156,
      0.22207186486985947,
      0.3000034729639689,
      0.27907783057954577,
      0.24983699321746827,
      0.22440688014030458,
      0.2460958507325914
    ],
    "val_accuracy": [
      0.8888888888888888,
      0.8916666666666667,
      0.9138888888888889,
      0.9166666666666666,
      0.9305555555555556,
      0.925,
      0.9305555555555556,
      0.9277777777777778,
      0.9277777777777778,
      0.9111111111111111,
      0.9222222222222223,
      0.9305555555555556,
      0.9305555555555556,
      0.9166666666666666,
      0.925,
      0.9277777777777778
    ]
  },
  "global_metrics": {
    "accuracy": 0.9371666666666667,
    "balanced_accuracy": 0.9371666666666666,
    "top_3_accuracy": 0.9971666666666666,
    "top_5_accuracy": 0.9996666666666667,
    "log_loss": 0.1883754579737351,
    "mcc": 0.9246810672605006,
    "cohens_kappa": 0.9246,
    "precision_macro": 0.9374518134958428,
    "precision_micro": 0.9371666666666667,
    "precision_weighted": 0.9374518134958428,
    "recall_macro": 0.9371666666666666,
    "recall_micro": 0.9371666666666667,
    "recall_weighted": 0.9371666666666667,
    "f1_macro": 0.9371078648050776,
    "f1_micro": 0.9371666666666667,
    "f1_weighted": 0.9371078648050775,
    "auroc_macro": 0.99469675,
    "auroc_weighted": 0.99469675,
    "auprc_macro": 0.9764670053347121
  },
  "per_class_metrics": {
    "0": {
      "precision": 0.94994994994995,
      "recall": 0.949,
      "f1": 0.9494747373686845,
      "specificity": 0.99,
      "fpr": 0.01,
      "fnr": 0.051,
      "auroc": 0.9965495,
      "auprc": 0.9867406577597375,
      "support": 1000,
      "tp": 949,
      "tn": 4950,
      "fp": 50,
      "fn": 51
    },
    "1": {
      "precision": 0.8807053941908713,
      "recall": 0.849,
      "f1": 0.8645621181262728,
      "specificity": 0.977,
      "fpr": 0.023,
      "fnr": 0.151,
      "auroc": 0.9847242,
      "auprc": 0.9391905412291278,
      "support": 1000,
      "tp": 849,
      "tn": 4885,
      "fp": 115,
      "fn": 151
    },
    "2": {
      "precision": 0.8688524590163934,
      "recall": 0.901,
      "f1": 0.884634266077565,
      "specificity": 0.9728,
      "fpr": 0.0272,
      "fnr": 0.099,
      "auroc": 0.9895398,
      "auprc": 0.9432964638463689,
      "support": 1000,
      "tp": 901,
      "tn": 4864,
      "fp": 136,
      "fn": 99
    },
    "3": {
      "precision": 0.987603305785124,
      "recall": 0.956,
      "f1": 0.9715447154471545,
      "specificity": 0.9976,
      "fpr": 0.0024,
      "fnr": 0.044,
      "auroc": 0.999078,
      "auprc": 0.9963289879903563,
      "support": 1000,
      "tp": 956,
      "tn": 4988,
      "fp": 12,
      "fn": 44
    },
    "4": {
      "precision": 0.9557266602502407,
      "recall": 0.993,
      "f1": 0.9740068661108386,
      "specificity": 0.9908,
      "fpr": 0.0092,
      "fnr": 0.007,
      "auroc": 0.9994172000000001,
      "auprc": 0.9968731435879173,
      "support": 1000,
      "tp": 993,
      "tn": 4954,
      "fp": 46,
      "fn": 7
    },
    "5": {
      "precision": 0.9818731117824774,
      "recall": 0.975,
      "f1": 0.9784244856999498,
      "specificity": 0.9964,
      "fpr": 0.0036,
      "fnr": 0.025,
      "auroc": 0.9988718,
      "auprc": 0.9963722375947643,
      "support": 1000,
      "tp": 975,
      "tn": 4982,
      "fp": 18,
      "fn": 25
    }
  },
  "confusion_matrix": [
    [
      949,
      26,
      13,
      1,
      0,
      11
    ],
    [
      29,
      849,
      118,
      0,
      0,
      4
    ],
    [
      13,
      83,
      901,
      0,
      0,
      3
    ],
    [
      1,
      0,
      0,
      956,
      43,
      0
    ],
    [
      0,
      0,
      0,
      7,
      993,
      0
    ],
    [
      7,
      6,
      5,
      4,
      3,
      975
    ]
  ]
}