{
  "experiment": "exp3",
  "condition": {
    "num_classes": 2,
    "class_list": [
      7,
      9
    ],
    "class_names": [
      "Sneaker",
      "Ankle boot"
    ],
    "combo_idx": 4,
    "subset_pct": 90,
    "num_samples": 10800,
    "samples_per_class": 5400,
    "train_samples": 9720,
    "val_samples": 1080,
    "test_samples": 2000
  },
  "seed": 73962792,
  "timestamp": "2026-01-18T00:29:39.534110",
  "training_dynamics": {
    "epochs_trained": 14,
    "best_epoch": 4,
    "best_val_accuracy": 0.9824074074074074,
    "final_train_loss": 0.01215074448536095,
    "final_val_loss": 0.09760776596764724,
    "training_time_seconds": 7.147789716720581
  },
  "training_history": {
    "train_loss": [
      0.1405645673849473,
      0.07929880790853579,
      0.06126426759261736,
      0.05578609472324483,
      0.049705708405542136,
      0.03970385462008907,
      0.03660013934782719,
      0.025895330313544133,
      0.025903401379477338,
      0.023892709804433827,
      0.02309856057524341,
      0.00967002754623536,
      0.011145949539887193,
      0.01215074448536095
    ],
    "val_loss": [
      0.1322719794732553,
      0.08015833165910509,
      0.08285336497205276,
      0.049717919942405486,
      0.05994402259864189,
      0.05164795388226156,
      0.09429950529226551,
      0.08143847656470758,
      0.07987061772081587,
      0.08668750027815501,
      0.07679229518053708,
      0.1109038624649488,
      0.09461076380340037,
      0.09760776596764724
    ],
    "val_accuracy": [
      0.9435185185185185,
      0.9666666666666667,
      0.9648148148148148,
      0.9796296296296296,
      0.975,
      0.9824074074074074,
      0.9703703703703703,
      0.975,
      0.9740740740740741,
      0.9638888888888889,
      0.975925925925926,
      0.9731481481481481,
      0.9703703703703703,
      0.9675925925925926
    ]
  },
  "global_metrics": {
    "accuracy": 0.9785,
    "balanced_accuracy": 0.9784999999999999,
    "top_3_accuracy": 1.0,
    "top_5_accuracy": 1.0,
    "log_loss": 0.0672697141543222,
    "mcc": 0.9570579037548187,
    "cohens_kappa": 0.957,
    "precision_macro": 0.9785579055065663,
    "precision_micro": 0.9785,
    "precision_weighted": 0.9785579055065663,
    "recall_macro": 0.9784999999999999,
    "recall_micro": 0.9785,
    "recall_weighted": 0.9785,
    "f1_macro": 0.9784993496053256,
    "f1_micro": 0.9785,
    "f1_weighted": 0.9784993496053255,
    "auroc_macro": 0.997039,
    "auroc_weighted": 0.997039,
    "auprc_macro": 0.9971117973307748
  },
  "per_class_metrics": {
    "0": {
      "precision": 0.973293768545994,
      "recall": 0.984,
      "f1": 0.9786176031824962,
      "specificity": 0.973,
      "fpr": 0.027,
      "fnr": 0.016,
      "auroc": 0.9970389999999999,
      "auprc": 0.997064345650381,
      "support": 1000,
      "tp": 984,
      "tn": 973,
      "fp": 27,
      "fn": 16
    },
    "1": {
      "precision": 0.9838220424671386,
      "recall": 0.973,
      "f1": 0.9783810960281548,
      "specificity": 0.984,
      "fpr": 0.016,
      "fnr": 0.027,
      "auroc": 0.997039,
      "auprc": 0.9971592490111685,
      "support": 1000,
      "tp": 973,
      "tn": 984,
      "fp": 16,
      "fn": 27
    }
  },
  "confusion_matrix": [
    [
      984,
      16
    ],
    [
      27,
      973
    ]
  ]
}