{
  "experiment": "exp3",
  "condition": {
    "num_classes": 5,
    "class_list": [
      0,
      1,
      2,
      3,
      8
    ],
    "class_names": [
      "T-shirt/top",
      "Trouser",
      "Pullover",
      "Dress",
      "Bag"
    ],
    "combo_idx": 0,
    "subset_pct": 30,
    "num_samples": 9000,
    "samples_per_class": 1800,
    "train_samples": 8100,
    "val_samples": 900,
    "test_samples": 5000
  },
  "seed": 73962792,
  "timestamp": "2026-01-18T00:46:35.147918",
  "training_dynamics": {
    "epochs_trained": 15,
    "best_epoch": 5,
    "best_val_accuracy": 0.9677777777777777,
    "final_train_loss": 0.01207418900869345,
    "final_val_loss": 0.16327828347661327,
    "training_time_seconds": 5.52666974067688
  },
  "training_history": {
    "train_loss": [
      0.29036983950283585,
      0.1499422455983838,
      0.12569549035896935,
      0.10396122378040487,
      0.08333888327277551,
      0.0819463554813754,
      0.05956278676827123,
      0.046786817885187314,
      0.039262109743174546,
      0.034623076571389945,
      0.030271005380887714,
      0.02227327852522749,
      0.036828035028563355,
      0.019274797474811454,
      0.01207418900869345
    ],
    "val_loss": [
      0.1642792965306176,
      0.1310089926685517,
      0.17598442157937422,
      0.12928618459651867,
      0.10465317652910017,
      0.1345425633022872,
      0.11548531534357204,
      0.12000577807736894,
      0.12222059427825216,
      0.14259669059887528,
      0.12006015868754023,
      0.1405893845011532,
      0.13910519074389918,
      0.13265101788901829,
      0.16327828347661327
    ],
    "val_accuracy": [
      0.9366666666666666,
      0.96,
      0.94,
      0.9577777777777777,
      0.9633333333333334,
      0.9522222222222222,
      0.9588888888888889,
      0.96,
      0.9611111111111111,
      0.96,
      0.9644444444444444,
      0.96,
      0.9555555555555556,
      0.9677777777777777,
      0.9644444444444444
    ]
  },
  "global_metrics": {
    "accuracy": 0.9614,
    "balanced_accuracy": 0.9614,
    "top_3_accuracy": 0.997,
    "top_5_accuracy": 1.0,
    "log_loss": 0.13277835939735624,
    "mcc": 0.9518714189434733,
    "cohens_kappa": 0.95175,
    "precision_macro": 0.9621985257051533,
    "precision_micro": 0.9614,
    "precision_weighted": 0.9621985257051532,
    "recall_macro": 0.9614,
    "recall_micro": 0.9614,
    "recall_weighted": 0.9614,
    "f1_macro": 0.9615564524338762,
    "f1_micro": 0.9614,
    "f1_weighted": 0.9615564524338762,
    "auroc_macro": 0.997225375,
    "auroc_weighted": 0.997225375,
    "auprc_macro": 0.9907434697994834
  },
  "per_class_metrics": {
    "0": {
      "precision": 0.9103908484270734,
      "recall": 0.955,
      "f1": 0.9321620302586627,
      "specificity": 0.9765,
      "fpr": 0.0235,
      "fnr": 0.045,
      "auroc": 0.99429275,
      "auprc": 0.9826393789153418,
      "support": 1000,
      "tp": 955,
      "tn": 3906,
      "fp": 94,
      "fn": 45
    },
    "1": {
      "precision": 0.9899396378269618,
      "recall": 0.984,
      "f1": 0.9869608826479439,
      "specificity": 0.9975,
      "fpr": 0.0025,
      "fnr": 0.016,
      "auroc": 0.999431,
      "auprc": 0.9983185997967883,
      "support": 1000,
      "tp": 984,
      "tn": 3990,
      "fp": 10,
      "fn": 16
    },
    "2": {
      "precision": 0.9841938883034773,
      "recall": 0.934,
      "f1": 0.9584402257567983,
      "specificity": 0.99625,
      "fpr": 0.00375,
      "fnr": 0.066,
      "auroc": 0.9970184999999999,
      "auprc": 0.9911500952767406,
      "support": 1000,
      "tp": 934,
      "tn": 3985,
      "fp": 15,
      "fn": 66
    },
    "3": {
      "precision": 0.941468253968254,
      "recall": 0.949,
      "f1": 0.945219123505976,
      "specificity": 0.98525,
      "fpr": 0.01475,
      "fnr": 0.051,
      "auroc": 0.99573825,
      "auprc": 0.9830086735399639,
      "support": 1000,
      "tp": 949,
      "tn": 3941,
      "fp": 59,
      "fn": 51
    },
    "4": {
      "precision": 0.985,
      "recall": 0.985,
      "f1": 0.985,
      "specificity": 0.99625,
      "fpr": 0.00375,
      "fnr": 0.015,
      "auroc": 0.999646375,
      "auprc": 0.9986006014685821,
      "support": 1000,
      "tp": 985,
      "tn": 3985,
      "fp": 15,
      "fn": 15
    }
  },
  "confusion_matrix": [
    [
      955,
      2,
      12,
      21,
      10
    ],
    [
      1,
      984,
      0,
      14,
      1
    ],
    [
      43,
      1,
      934,
      20,
      2
    ],
    [
      41,
      5,
      3,
      949,
      2
    ],
    [
      9,
      2,
      0,
      4,
      985
    ]
  ]
}