{
  "experiment": "exp3",
  "condition": {
    "num_classes": 2,
    "class_list": [
      5,
      8
    ],
    "class_names": [
      "Sandal",
      "Bag"
    ],
    "combo_idx": 3,
    "subset_pct": 70,
    "num_samples": 8400,
    "samples_per_class": 4200,
    "train_samples": 7560,
    "val_samples": 840,
    "test_samples": 2000
  },
  "seed": 73962792,
  "timestamp": "2026-01-18T00:28:39.190372",
  "training_dynamics": {
    "epochs_trained": 27,
    "best_epoch": 17,
    "best_val_accuracy": 1.0,
    "final_train_loss": 3.955189690083646e-05,
    "final_val_loss": 0.0005324066773374354,
    "training_time_seconds": 9.749706029891968
  },
  "training_history": {
    "train_loss": [
      0.05955238833763253,
      0.011268224311947005,
      0.007040984086790345,
      0.0052752227829918445,
      0.0043184083232586665,
      0.001981846337076497,
      0.006812717990704018,
      0.003048696547934895,
      0.0021522556652772596,
      0.0002602128137432717,
      0.0024573186362862307,
      0.0006056547637678453,
      0.0009374828687322848,
      0.0001972777615060486,
      0.0009988940711667881,
      0.0007450635580898326,
      0.0001302535692291105,
      7.493155144741558e-05,
      3.8118342672771726e-05,
      2.061882162824469e-05,
      2.0058607785221047e-05,
      4.748595879372253e-05,
      3.606846386725667e-05,
      3.775166578777829e-05,
      3.875442389911035e-05,
      4.450580800631779e-05,
      3.955189690083646e-05
    ],
    "val_loss": [
      0.016338451460026028,
      0.005782505609628666,
      0.005824978700721182,
      0.02337595422896335,
      0.002132210432589112,
      0.0080261593042191,
      0.007299085237987345,
      0.0026417509694998185,
      0.005735883523777085,
      0.0009657859832486792,
      0.0009880103831591213,
      0.0048807699099206675,
      0.00361040237806297,
      0.008241871493204858,
      0.025039434289958862,
      0.0043161340559867275,
      0.000152089191728261,
      0.0007721602919337656,
      0.0011878157355437698,
      0.001491035752648004,
      0.0010510813414701455,
      0.0001848381354810564,
      0.0004088543034083072,
      0.0012881231128977517,
      0.0004915103983085785,
      0.0007069696066851282,
      0.0005324066773374354
    ],
    "val_accuracy": [
      0.9940476190476191,
      0.9976190476190476,
      0.9976190476190476,
      0.9928571428571429,
      1.0,
      0.9976190476190476,
      0.9964285714285714,
      0.9988095238095238,
      0.9964285714285714,
      1.0,
      1.0,
      0.9976190476190476,
      0.9976190476190476,
      0.9964285714285714,
      0.9928571428571429,
      0.9976190476190476,
      1.0,
      1.0,
      0.9988095238095238,
      0.9988095238095238,
      1.0,
      1.0,
      1.0,
      0.9988095238095238,
      1.0,
      1.0,
      1.0
    ]
  },
  "global_metrics": {
    "accuracy": 0.9985,
    "balanced_accuracy": 0.9984999999999999,
    "top_3_accuracy": 1.0,
    "top_5_accuracy": 1.0,
    "log_loss": 0.005007413599147829,
    "mcc": 0.9970044865302841,
    "cohens_kappa": 0.997,
    "precision_macro": 0.9985044865403789,
    "precision_micro": 0.9985,
    "precision_weighted": 0.9985044865403788,
    "recall_macro": 0.9984999999999999,
    "recall_micro": 0.9985,
    "recall_weighted": 0.9985,
    "f1_macro": 0.9984999966249923,
    "f1_micro": 0.9985,
    "f1_weighted": 0.9984999966249924,
    "auroc_macro": 0.999997,
    "auroc_weighted": 0.999997,
    "auprc_macro": 0.9999970044855404
  },
  "per_class_metrics": {
    "0": {
      "precision": 0.9970089730807578,
      "recall": 1.0,
      "f1": 0.9985022466300548,
      "specificity": 0.997,
      "fpr": 0.003,
      "fnr": 0.0,
      "auroc": 0.999997,
      "auprc": 0.999996999998,
      "support": 1000,
      "tp": 1000,
      "tn": 997,
      "fp": 3,
      "fn": 0
    },
    "1": {
      "precision": 1.0,
      "recall": 0.997,
      "f1": 0.99849774661993,
      "specificity": 1.0,
      "fpr": 0.0,
      "fnr": 0.003,
      "auroc": 0.999997,
      "auprc": 0.9999970089730807,
      "support": 1000,
      "tp": 997,
      "tn": 1000,
      "fp": 0,
      "fn": 3
    }
  },
  "confusion_matrix": [
    [
      1000,
      0
    ],
    [
      3,
      997
    ]
  ]
}