{
  "experiment": "exp3",
  "condition": {
    "num_classes": 5,
    "class_list": [
      1,
      2,
      3,
      5,
      9
    ],
    "class_names": [
      "Trouser",
      "Pullover",
      "Dress",
      "Sandal",
      "Ankle boot"
    ],
    "combo_idx": 4,
    "subset_pct": 70,
    "num_samples": 21000,
    "samples_per_class": 4200,
    "train_samples": 18900,
    "val_samples": 2100,
    "test_samples": 5000
  },
  "seed": 73962792,
  "timestamp": "2026-01-18T00:56:09.442752",
  "training_dynamics": {
    "epochs_trained": 20,
    "best_epoch": 10,
    "best_val_accuracy": 0.9890476190476191,
    "final_train_loss": 0.007586185559063097,
    "final_val_loss": 0.05558554658788212,
    "training_time_seconds": 17.928924083709717
  },
  "training_history": {
    "train_loss": [
      0.11225331484849842,
      0.05661474976049912,
      0.04436786630154726,
      0.03525906659362246,
      0.02913321596300906,
      0.02523938257168944,
      0.01916169752267534,
      0.014618586153617158,
      0.020468657806353853,
      0.01283849672992457,
      0.011920927478925208,
      0.01101632605698526,
      0.010012410896694279,
      0.010053741328426218,
      0.017312224888071895,
      0.0060024607204701855,
      0.0055285334606872535,
      0.008455462763279414,
      0.008765370449569562,
      0.007586185559063097
    ],
    "val_loss": [
      0.07926879861525127,
      0.06525044242540995,
      0.041784746732030593,
      0.05036294930392787,
      0.05979933582778488,
      0.061716786722342175,
      0.05120321299614651,
      0.055881950294687635,
      0.06481708714782837,
      0.037540785479137584,
      0.05408209031059717,
      0.06143384874648681,
      0.051538361268716734,
      0.0765410694524291,
      0.041664510522747326,
      0.05399421294175443,
      0.04750546833126074,
      0.0576868987202345,
      0.07694609919363367,
      0.05558554658788212
    ],
    "val_accuracy": [
      0.9771428571428571,
      0.9814285714285714,
      0.9876190476190476,
      0.9833333333333333,
      0.9780952380952381,
      0.9804761904761905,
      0.9852380952380952,
      0.9861904761904762,
      0.9833333333333333,
      0.9890476190476191,
      0.9852380952380952,
      0.9833333333333333,
      0.9861904761904762,
      0.9833333333333333,
      0.9885714285714285,
      0.9890476190476191,
      0.9885714285714285,
      0.9876190476190476,
      0.9833333333333333,
      0.9861904761904762
    ]
  },
  "global_metrics": {
    "accuracy": 0.9866,
    "balanced_accuracy": 0.9865999999999999,
    "top_3_accuracy": 0.9998,
    "top_5_accuracy": 1.0,
    "log_loss": 0.05325754033693321,
    "mcc": 0.9832520156686981,
    "cohens_kappa": 0.98325,
    "precision_macro": 0.9866084751698372,
    "precision_micro": 0.9866,
    "precision_weighted": 0.9866084751698372,
    "recall_macro": 0.9865999999999999,
    "recall_micro": 0.9866,
    "recall_weighted": 0.9866,
    "f1_macro": 0.9866002240106795,
    "f1_micro": 0.9866,
    "f1_weighted": 0.9866002240106795,
    "auroc_macro": 0.999458525,
    "auroc_weighted": 0.999458525,
    "auprc_macro": 0.9978602194418189
  },
  "per_class_metrics": {
    "0": {
      "precision": 0.9929718875502008,
      "recall": 0.989,
      "f1": 0.9909819639278558,
      "specificity": 0.99825,
      "fpr": 0.00175,
      "fnr": 0.011,
      "auroc": 0.99956,
      "auprc": 0.999097213774102,
      "support": 1000,
      "tp": 989,
      "tn": 3993,
      "fp": 7,
      "fn": 11
    },
    "1": {
      "precision": 0.9771598808341608,
      "recall": 0.984,
      "f1": 0.9805680119581465,
      "specificity": 0.99425,
      "fpr": 0.00575,
      "fnr": 0.016,
      "auroc": 0.9991875,
      "auprc": 0.9975252860045611,
      "support": 1000,
      "tp": 984,
      "tn": 3977,
      "fp": 23,
      "fn": 16
    },
    "2": {
      "precision": 0.9759036144578314,
      "recall": 0.972,
      "f1": 0.973947895791583,
      "specificity": 0.994,
      "fpr": 0.006,
      "fnr": 0.028,
      "auroc": 0.9988601250000001,
      "auprc": 0.9937521710289005,
      "support": 1000,
      "tp": 972,
      "tn": 3976,
      "fp": 24,
      "fn": 28
    },
    "3": {
      "precision": 0.993006993006993,
      "recall": 0.994,
      "f1": 0.993503248375812,
      "specificity": 0.99825,
      "fpr": 0.00175,
      "fnr": 0.006,
      "auroc": 0.9999037500000001,
      "auprc": 0.9995830591659957,
      "support": 1000,
      "tp": 994,
      "tn": 3993,
      "fp": 7,
      "fn": 6
    },
    "4": {
      "precision": 0.994,
      "recall": 0.994,
      "f1": 0.994,
      "specificity": 0.9985,
      "fpr": 0.0015,
      "fnr": 0.006,
      "auroc": 0.9997812500000001,
      "auprc": 0.999343367235535,
      "support": 1000,
      "tp": 994,
      "tn": 3994,
      "fp": 6,
      "fn": 6
    }
  },
  "confusion_matrix": [
    [
      989,
      1,
      10,
      0,
      0
    ],
    [
      2,
      984,
      14,
      0,
      0
    ],
    [
      5,
      22,
      972,
      1,
      0
    ],
    [
      0,
      0,
      0,
      994,
      6
    ],
    [
      0,
      0,
      0,
      6,
      994
    ]
  ]
}