{
  "experiment": "exp3",
  "condition": {
    "num_classes": 6,
    "class_list": [
      2,
      3,
      5,
      6,
      8,
      9
    ],
    "class_names": [
      "Pullover",
      "Dress",
      "Sandal",
      "Shirt",
      "Bag",
      "Ankle boot"
    ],
    "combo_idx": 4,
    "subset_pct": 80,
    "num_samples": 28800,
    "samples_per_class": 4800,
    "train_samples": 25920,
    "val_samples": 2880,
    "test_samples": 6000
  },
  "seed": 73962792,
  "timestamp": "2026-01-18T01:07:48.697159",
  "training_dynamics": {
    "epochs_trained": 15,
    "best_epoch": 5,
    "best_val_accuracy": 0.9614583333333333,
    "final_train_loss": 0.03776220940053463,
    "final_val_loss": 0.14587042041950757,
    "training_time_seconds": 18.36636710166931
  },
  "training_history": {
    "train_loss": [
      0.27691487471262616,
      0.1636001436246766,
      0.13687816970050334,
      0.11400200192483119,
      0.09956330206751088,
      0.08349113466655031,
      0.07664952250082552,
      0.06721768258541914,
      0.05653604045539037,
      0.05542561733221382,
      0.04769040826236668,
      0.04341922391990752,
      0.04220615189269553,
      0.033253356071338516,
      0.03776220940053463
    ],
    "val_loss": [
      0.1950266515215238,
      0.14654055767589144,
      0.1151209426836835,
      0.12045816071331501,
      0.10854303240776061,
      0.11197099023395114,
      0.11336700529274013,
      0.11887743381990326,
      0.1550026673720115,
      0.1336825126161178,
      0.1550705286777682,
      0.16180073238081402,
      0.14425801787939335,
      0.16137555802447928,
      0.14587042041950757
    ],
    "val_accuracy": [
      0.9190972222222222,
      0.94375,
      0.9555555555555556,
      0.953125,
      0.9586805555555555,
      0.95625,
      0.9597222222222223,
      0.9565972222222222,
      0.9534722222222223,
      0.9548611111111112,
      0.9486111111111111,
      0.9496527777777778,
      0.9600694444444444,
      0.9559027777777778,
      0.9614583333333333
    ]
  },
  "global_metrics": {
    "accuracy": 0.9568333333333333,
    "balanced_accuracy": 0.9568333333333333,
    "top_3_accuracy": 0.999,
    "top_5_accuracy": 1.0,
    "log_loss": 0.1275585418583158,
    "mcc": 0.9482023072950884,
    "cohens_kappa": 0.9482,
    "precision_macro": 0.9567951875166473,
    "precision_micro": 0.9568333333333333,
    "precision_weighted": 0.9567951875166472,
    "recall_macro": 0.9568333333333333,
    "recall_micro": 0.9568333333333333,
    "recall_weighted": 0.9568333333333333,
    "f1_macro": 0.9568085737672098,
    "f1_micro": 0.9568333333333333,
    "f1_weighted": 0.95680857376721,
    "auroc_macro": 0.9970071666666667,
    "auroc_weighted": 0.9970071666666666,
    "auprc_macro": 0.986841295295537
  },
  "per_class_metrics": {
    "0": {
      "precision": 0.9242424242424242,
      "recall": 0.915,
      "f1": 0.9195979899497487,
      "specificity": 0.985,
      "fpr": 0.015,
      "fnr": 0.085,
      "auroc": 0.9938123999999999,
      "auprc": 0.9722567376352476,
      "support": 1000,
      "tp": 915,
      "tn": 4925,
      "fp": 75,
      "fn": 85
    },
    "1": {
      "precision": 0.9493041749502982,
      "recall": 0.955,
      "f1": 0.9521435692921236,
      "specificity": 0.9898,
      "fpr": 0.0102,
      "fnr": 0.045,
      "auroc": 0.9979349999999999,
      "auprc": 0.9896404510489785,
      "support": 1000,
      "tp": 955,
      "tn": 4949,
      "fp": 51,
      "fn": 45
    },
    "2": {
      "precision": 0.9920079920079921,
      "recall": 0.993,
      "f1": 0.9925037481259369,
      "specificity": 0.9984,
      "fpr": 0.0016,
      "fnr": 0.007,
      "auroc": 0.999941,
      "auprc": 0.999699515688101,
      "support": 1000,
      "tp": 993,
      "tn": 4992,
      "fp": 8,
      "fn": 7
    },
    "3": {
      "precision": 0.8952095808383234,
      "recall": 0.897,
      "f1": 0.8961038961038961,
      "specificity": 0.979,
      "fpr": 0.021,
      "fnr": 0.103,
      "auroc": 0.9908734,
      "auprc": 0.9613727502560312,
      "support": 1000,
      "tp": 897,
      "tn": 4895,
      "fp": 105,
      "fn": 103
    },
    "4": {
      "precision": 0.988988988988989,
      "recall": 0.988,
      "f1": 0.9884942471235618,
      "specificity": 0.9978,
      "fpr": 0.0022,
      "fnr": 0.012,
      "auroc": 0.9997438,
      "auprc": 0.9989270507728193,
      "support": 1000,
      "tp": 988,
      "tn": 4989,
      "fp": 11,
      "fn": 12
    },
    "5": {
      "precision": 0.9910179640718563,
      "recall": 0.993,
      "f1": 0.992007992007992,
      "specificity": 0.9982,
      "fpr": 0.0018,
      "fnr": 0.007,
      "auroc": 0.9997374,
      "auprc": 0.9991512663720449,
      "support": 1000,
      "tp": 993,
      "tn": 4991,
      "fp": 9,
      "fn": 7
    }
  },
  "confusion_matrix": [
    [
      915,
      12,
      0,
      72,
      1,
      0
    ],
    [
      11,
      955,
      0,
      31,
      3,
      0
    ],
    [
      0,
      0,
      993,
      0,
      0,
      7
    ],
    [
      62,
      34,
      0,
      897,
      7,
      0
    ],
    [
      1,
      5,
      2,
      2,
      988,
      2
    ],
    [
      1,
      0,
      6,
      0,
      0,
      993
    ]
  ]
}