{
  "experiment": "exp3",
  "condition": {
    "num_classes": 4,
    "class_list": [
      0,
      1,
      2,
      4
    ],
    "class_names": [
      "T-shirt/top",
      "Trouser",
      "Pullover",
      "Coat"
    ],
    "combo_idx": 0,
    "subset_pct": 70,
    "num_samples": 16800,
    "samples_per_class": 4200,
    "train_samples": 15120,
    "val_samples": 1680,
    "test_samples": 4000
  },
  "seed": 73962792,
  "timestamp": "2026-01-18T00:37:49.518046",
  "training_dynamics": {
    "epochs_trained": 18,
    "best_epoch": 8,
    "best_val_accuracy": 0.9494047619047619,
    "final_train_loss": 0.028220904007394906,
    "final_val_loss": 0.2006969358239855,
    "training_time_seconds": 12.496971607208252
  },
  "training_history": {
    "train_loss": [
      0.30402296240822674,
      0.1871704658501259,
      0.15005788178760796,
      0.13318175071936872,
      0.10684498612482085,
      0.098904616729934,
      0.08123604276999517,
      0.07091495868129034,
      0.05895731852238581,
      0.05424408813376561,
      0.046923429867791064,
      0.04364234366393275,
      0.03716099099354339,
      0.03728605988155461,
      0.03161507409190237,
      0.029452213269898095,
      0.030101796595196982,
      0.028220904007394906
    ],
    "val_loss": [
      0.2400496556645348,
      0.18073815277644567,
      0.18840356611070178,
      0.15914240990366255,
      0.20726033647855122,
      0.17834522610618955,
      0.18337510284923372,
      0.15724364987441472,
      0.21270999567849294,
      0.16295330708935146,
      0.21159827098959968,
      0.22473445953357787,
      0.21270266899040768,
      0.20908807743163335,
      0.21377633043697902,
      0.2076266938731784,
      0.2266426180090223,
      0.2006969358239855
    ],
    "val_accuracy": [
      0.9041666666666667,
      0.9369047619047619,
      0.9339285714285714,
      0.9476190476190476,
      0.9357142857142857,
      0.9333333333333333,
      0.9446428571428571,
      0.9476190476190476,
      0.9392857142857143,
      0.9452380952380952,
      0.9476190476190476,
      0.9446428571428571,
      0.9434523809523809,
      0.9464285714285714,
      0.9404761904761905,
      0.9488095238095238,
      0.9494047619047619,
      0.9482142857142857
    ]
  },
  "global_metrics": {
    "accuracy": 0.95325,
    "balanced_accuracy": 0.9532499999999999,
    "top_3_accuracy": 0.999,
    "top_5_accuracy": 1.0,
    "log_loss": 0.14734073418247084,
    "mcc": 0.9376800287022808,
    "cohens_kappa": 0.9376666666666666,
    "precision_macro": 0.953287761695079,
    "precision_micro": 0.95325,
    "precision_weighted": 0.953287761695079,
    "recall_macro": 0.9532499999999999,
    "recall_micro": 0.95325,
    "recall_weighted": 0.95325,
    "f1_macro": 0.9532486465837724,
    "f1_micro": 0.95325,
    "f1_weighted": 0.9532486465837724,
    "auroc_macro": 0.9948245833333333,
    "auroc_weighted": 0.9948245833333335,
    "auprc_macro": 0.9859067338738815
  },
  "per_class_metrics": {
    "0": {
      "precision": 0.9716885743174924,
      "recall": 0.961,
      "f1": 0.9663147310206134,
      "specificity": 0.9906666666666667,
      "fpr": 0.009333333333333334,
      "fnr": 0.039,
      "auroc": 0.9976263333333333,
      "auprc": 0.9932747820990055,
      "support": 1000,
      "tp": 961,
      "tn": 2972,
      "fp": 28,
      "fn": 39
    },
    "1": {
      "precision": 0.9880478087649402,
      "recall": 0.992,
      "f1": 0.9900199600798404,
      "specificity": 0.996,
      "fpr": 0.004,
      "fnr": 0.008,
      "auroc": 0.9999239999999999,
      "auprc": 0.9997742632748726,
      "support": 1000,
      "tp": 992,
      "tn": 2988,
      "fp": 12,
      "fn": 8
    },
    "2": {
      "precision": 0.9215291750503019,
      "recall": 0.916,
      "f1": 0.9187562688064194,
      "specificity": 0.974,
      "fpr": 0.026,
      "fnr": 0.084,
      "auroc": 0.9884546666666667,
      "auprc": 0.971666883480492,
      "support": 1000,
      "tp": 916,
      "tn": 2922,
      "fp": 78,
      "fn": 84
    },
    "3": {
      "precision": 0.9318854886475815,
      "recall": 0.944,
      "f1": 0.9379036264282167,
      "specificity": 0.977,
      "fpr": 0.023,
      "fnr": 0.056,
      "auroc": 0.9932933333333334,
      "auprc": 0.9789110066411557,
      "support": 1000,
      "tp": 944,
      "tn": 2931,
      "fp": 69,
      "fn": 56
    }
  },
  "confusion_matrix": [
    [
      961,
      8,
      27,
      4
    ],
    [
      3,
      992,
      1,
      4
    ],
    [
      22,
      1,
      916,
      61
    ],
    [
      3,
      3,
      50,
      944
    ]
  ]
}