{
  "experiment": "exp3",
  "condition": {
    "num_classes": 7,
    "class_list": [
      0,
      1,
      3,
      4,
      6,
      8,
      9
    ],
    "class_names": [
      "T-shirt/top",
      "Trouser",
      "Dress",
      "Coat",
      "Shirt",
      "Bag",
      "Ankle boot"
    ],
    "combo_idx": 2,
    "subset_pct": 50,
    "num_samples": 21000,
    "samples_per_class": 3000,
    "train_samples": 18900,
    "val_samples": 2100,
    "test_samples": 7000
  },
  "seed": 73962792,
  "timestamp": "2026-01-18T01:14:55.055320",
  "training_dynamics": {
    "epochs_trained": 16,
    "best_epoch": 6,
    "best_val_accuracy": 0.9214285714285714,
    "final_train_loss": 0.044032029916117016,
    "final_val_loss": 0.314536280021781,
    "training_time_seconds": 14.33122205734253
  },
  "training_history": {
    "train_loss": [
      0.44665979981623793,
      0.29056568038524,
      0.23629543701237118,
      0.20617983092528744,
      0.18105824018602032,
      0.1613883858584371,
      0.14247499957580018,
      0.12048166198026691,
      0.1077954962761519,
      0.08990055076916374,
      0.07886316154995379,
      0.07177112586292866,
      0.06533571088220924,
      0.056014360650757176,
      0.050415898804596904,
      0.044032029916117016
    ],
    "val_loss": [
      0.28602198738427387,
      0.2571065979344504,
      0.2287817079396475,
      0.23052935888369877,
      0.2566687879533995,
      0.22121379278955006,
      0.22922745538609368,
      0.2976792064167204,
      0.2478295409466539,
      0.2900704663424265,
      0.25444320227418626,
      0.27937496199494316,
      0.31419855202947344,
      0.2820602896099999,
      0.3188393707502456,
      0.314536280021781
    ],
    "val_accuracy": [
      0.8871428571428571,
      0.9014285714285715,
      0.9133333333333333,
      0.9123809523809524,
      0.8990476190476191,
      0.9214285714285714,
      0.9161904761904762,
      0.8976190476190476,
      0.92,
      0.9042857142857142,
      0.9180952380952381,
      0.9214285714285714,
      0.9195238095238095,
      0.9171428571428571,
      0.9180952380952381,
      0.919047619047619
    ]
  },
  "global_metrics": {
    "accuracy": 0.9132857142857143,
    "balanced_accuracy": 0.9132857142857143,
    "top_3_accuracy": 0.9945714285714286,
    "top_5_accuracy": 0.9997142857142857,
    "log_loss": 0.24476247919621907,
    "mcc": 0.898986473739596,
    "cohens_kappa": 0.8988333333333334,
    "precision_macro": 0.9140815670762356,
    "precision_micro": 0.9132857142857143,
    "precision_weighted": 0.9140815670762356,
    "recall_macro": 0.9132857142857143,
    "recall_micro": 0.9132857142857143,
    "recall_weighted": 0.9132857142857143,
    "f1_macro": 0.9132542137783943,
    "f1_micro": 0.9132857142857143,
    "f1_weighted": 0.9132542137783944,
    "auroc_macro": 0.9922771547619048,
    "auroc_weighted": 0.9922771547619047,
    "auprc_macro": 0.9629993664014556
  },
  "per_class_metrics": {
    "0": {
      "precision": 0.887592788971368,
      "recall": 0.837,
      "f1": 0.8615542974781265,
      "specificity": 0.9823333333333333,
      "fpr": 0.017666666666666667,
      "fnr": 0.163,
      "auroc": 0.9894611666666666,
      "auprc": 0.9473028566860493,
      "support": 1000,
      "tp": 837,
      "tn": 5894,
      "fp": 106,
      "fn": 163
    },
    "1": {
      "precision": 0.9959016393442623,
      "recall": 0.972,
      "f1": 0.9838056680161944,
      "specificity": 0.9993333333333333,
      "fpr": 0.0006666666666666666,
      "fnr": 0.028,
      "auroc": 0.9996823333333333,
      "auprc": 0.9987126835463653,
      "support": 1000,
      "tp": 972,
      "tn": 5996,
      "fp": 4,
      "fn": 28
    },
    "2": {
      "precision": 0.913086913086913,
      "recall": 0.914,
      "f1": 0.9135432283858069,
      "specificity": 0.9855,
      "fpr": 0.0145,
      "fnr": 0.086,
      "auroc": 0.9946189166666667,
      "auprc": 0.9694088088640549,
      "support": 1000,
      "tp": 914,
      "tn": 5913,
      "fp": 87,
      "fn": 86
    },
    "3": {
      "precision": 0.8483197093551317,
      "recall": 0.934,
      "f1": 0.8891004283674441,
      "specificity": 0.9721666666666666,
      "fpr": 0.027833333333333335,
      "fnr": 0.066,
      "auroc": 0.9928711666666666,
      "auprc": 0.9614428701453096,
      "support": 1000,
      "tp": 934,
      "tn": 5833,
      "fp": 167,
      "fn": 66
    },
    "4": {
      "precision": 0.77079107505071,
      "recall": 0.76,
      "f1": 0.7653575025176235,
      "specificity": 0.9623333333333334,
      "fpr": 0.03766666666666667,
      "fnr": 0.24,
      "auroc": 0.9697465000000001,
      "auprc": 0.8661426191284163,
      "support": 1000,
      "tp": 760,
      "tn": 5774,
      "fp": 226,
      "fn": 240
    },
    "5": {
      "precision": 0.9858728557013118,
      "recall": 0.977,
      "f1": 0.9814163736815671,
      "specificity": 0.9976666666666667,
      "fpr": 0.0023333333333333335,
      "fnr": 0.023,
      "auroc": 0.9997216666666667,
      "auprc": 0.9984803320432245,
      "support": 1000,
      "tp": 977,
      "tn": 5986,
      "fp": 14,
      "fn": 23
    },
    "6": {
      "precision": 0.9970059880239521,
      "recall": 0.999,
      "f1": 0.998001998001998,
      "specificity": 0.9995,
      "fpr": 0.0005,
      "fnr": 0.001,
      "auroc": 0.9998383333333334,
      "auprc": 0.9995053943967683,
      "support": 1000,
      "tp": 999,
      "tn": 5997,
      "fp": 3,
      "fn": 1
    }
  },
  "confusion_matrix": [
    [
      837,
      0,
      17,
      7,
      132,
      7,
      0
    ],
    [
      1,
      972,
      20,
      4,
      0,
      3,
      0
    ],
    [
      16,
      1,
      914,
      31,
      38,
      0,
      0
    ],
    [
      0,
      0,
      18,
      934,
      48,
      0,
      0
    ],
    [
      85,
      1,
      28,
      122,
      760,
      4,
      0
    ],
    [
      4,
      2,
      4,
      3,
      7,
      977,
      3
    ],
    [
      0,
      0,
      0,
      0,
      1,
      0,
      999
    ]
  ]
}