{
  "experiment": "exp3",
  "condition": {
    "num_classes": 6,
    "class_list": [
      2,
      3,
      5,
      6,
      8,
      9
    ],
    "class_names": [
      "Pullover",
      "Dress",
      "Sandal",
      "Shirt",
      "Bag",
      "Ankle boot"
    ],
    "combo_idx": 4,
    "subset_pct": 20,
    "num_samples": 7200,
    "samples_per_class": 1200,
    "train_samples": 6480,
    "val_samples": 720,
    "test_samples": 6000
  },
  "seed": 73962792,
  "timestamp": "2026-01-18T01:06:21.635995",
  "training_dynamics": {
    "epochs_trained": 17,
    "best_epoch": 7,
    "best_val_accuracy": 0.9597222222222223,
    "final_train_loss": 0.03231372743988793,
    "final_val_loss": 0.19836122939984005,
    "training_time_seconds": 5.139546155929565
  },
  "training_history": {
    "train_loss": [
      0.41779592268022836,
      0.21982695914658845,
      0.176470761059546,
      0.1361395167004244,
      0.12097490226448167,
      0.10811245899793565,
      0.08623669228023466,
      0.08724450719926287,
      0.0581704145206102,
      0.04820470348931849,
      0.03351540029888936,
      0.03427354384592606,
      0.03512302165458381,
      0.02789679533452727,
      0.01849067200365586,
      0.026409348958016683,
      0.03231372743988793
    ],
    "val_loss": [
      0.2797465920448303,
      0.21672527458932664,
      0.17050966686672633,
      0.19633789526091683,
      0.23242802222569783,
      0.19983163244194455,
      0.16536783874034883,
      0.1816951029830509,
      0.1780426306857003,
      0.19191252092520397,
      0.22511245475875008,
      0.21862594617737663,
      0.17886202136675516,
      0.2104334082868364,
      0.3520469599299961,
      0.2525077995326784,
      0.19836122939984005
    ],
    "val_accuracy": [
      0.8972222222222223,
      0.9194444444444444,
      0.9361111111111111,
      0.9208333333333333,
      0.9347222222222222,
      0.9236111111111112,
      0.9347222222222222,
      0.9291666666666667,
      0.9388888888888889,
      0.9444444444444444,
      0.9388888888888889,
      0.9416666666666667,
      0.9513888888888888,
      0.9444444444444444,
      0.925,
      0.9402777777777778,
      0.9597222222222223
    ]
  },
  "global_metrics": {
    "accuracy": 0.941,
    "balanced_accuracy": 0.941,
    "top_3_accuracy": 0.9973333333333333,
    "top_5_accuracy": 0.9998333333333334,
    "log_loss": 0.19126487991122681,
    "mcc": 0.9293553702268366,
    "cohens_kappa": 0.9292,
    "precision_macro": 0.9410870445267586,
    "precision_micro": 0.941,
    "precision_weighted": 0.9410870445267587,
    "recall_macro": 0.941,
    "recall_micro": 0.941,
    "recall_weighted": 0.941,
    "f1_macro": 0.9406692119515161,
    "f1_micro": 0.941,
    "f1_weighted": 0.9406692119515161,
    "auroc_macro": 0.9947227000000001,
    "auroc_weighted": 0.9947227,
    "auprc_macro": 0.9775813358660427
  },
  "per_class_metrics": {
    "0": {
      "precision": 0.8718190386427899,
      "recall": 0.925,
      "f1": 0.8976225133430373,
      "specificity": 0.9728,
      "fpr": 0.0272,
      "fnr": 0.075,
      "auroc": 0.9906754000000001,
      "auprc": 0.9577039145291018,
      "support": 1000,
      "tp": 925,
      "tn": 4864,
      "fp": 136,
      "fn": 75
    },
    "1": {
      "precision": 0.9331366764995084,
      "recall": 0.949,
      "f1": 0.9410014873574615,
      "specificity": 0.9864,
      "fpr": 0.0136,
      "fnr": 0.051,
      "auroc": 0.9968455999999999,
      "auprc": 0.9840620536131169,
      "support": 1000,
      "tp": 949,
      "tn": 4932,
      "fp": 68,
      "fn": 51
    },
    "2": {
      "precision": 0.9793103448275862,
      "recall": 0.994,
      "f1": 0.9866004962779156,
      "specificity": 0.9958,
      "fpr": 0.0042,
      "fnr": 0.006,
      "auroc": 0.9995878,
      "auprc": 0.9948936312046354,
      "support": 1000,
      "tp": 994,
      "tn": 4979,
      "fp": 21,
      "fn": 6
    },
    "3": {
      "precision": 0.8864864864864865,
      "recall": 0.82,
      "f1": 0.8519480519480519,
      "specificity": 0.979,
      "fpr": 0.021,
      "fnr": 0.18,
      "auroc": 0.9838724,
      "auprc": 0.9354410985685782,
      "support": 1000,
      "tp": 820,
      "tn": 4895,
      "fp": 105,
      "fn": 180
    },
    "4": {
      "precision": 0.9848331648129424,
      "recall": 0.974,
      "f1": 0.97938662644545,
      "specificity": 0.997,
      "fpr": 0.003,
      "fnr": 0.026,
      "auroc": 0.9990782,
      "auprc": 0.9964396178233339,
      "support": 1000,
      "tp": 974,
      "tn": 4985,
      "fp": 15,
      "fn": 26
    },
    "5": {
      "precision": 0.9909365558912386,
      "recall": 0.984,
      "f1": 0.9874560963371801,
      "specificity": 0.9982,
      "fpr": 0.0018,
      "fnr": 0.016,
      "auroc": 0.9982768,
      "auprc": 0.9969476994574895,
      "support": 1000,
      "tp": 984,
      "tn": 4991,
      "fp": 9,
      "fn": 16
    }
  },
  "confusion_matrix": [
    [
      925,
      11,
      0,
      64,
      0,
      0
    ],
    [
      13,
      949,
      0,
      35,
      2,
      1
    ],
    [
      0,
      1,
      994,
      0,
      0,
      5
    ],
    [
      116,
      51,
      0,
      820,
      12,
      1
    ],
    [
      7,
      5,
      6,
      6,
      974,
      2
    ],
    [
      0,
      0,
      15,
      0,
      1,
      984
    ]
  ]
}