{
  "experiment": "exp3",
  "condition": {
    "num_classes": 9,
    "class_list": [
      0,
      1,
      2,
      3,
      4,
      5,
      6,
      7,
      8
    ],
    "class_names": [
      "T-shirt/top",
      "Trouser",
      "Pullover",
      "Dress",
      "Coat",
      "Sandal",
      "Shirt",
      "Sneaker",
      "Bag"
    ],
    "combo_idx": 0,
    "subset_pct": 60,
    "num_samples": 32400,
    "samples_per_class": 3600,
    "train_samples": 29160,
    "val_samples": 3240,
    "test_samples": 9000
  },
  "seed": 73962792,
  "timestamp": "2026-01-18T01:41:01.688368",
  "training_dynamics": {
    "epochs_trained": 17,
    "best_epoch": 7,
    "best_val_accuracy": 0.9262345679012346,
    "final_train_loss": 0.06328495186773994,
    "final_val_loss": 0.3243783486478123,
    "training_time_seconds": 24.076261281967163
  },
  "training_history": {
    "train_loss": [
      0.5183150862065846,
      0.33706434379870953,
      0.2808295331176436,
      0.24977422695149454,
      0.2203796975510685,
      0.19804452983825876,
      0.1750771763015604,
      0.1576657424672719,
      0.14161407571743456,
      0.12906958050045528,
      0.10898810053211555,
      0.10386952794393883,
      0.09288013145315314,
      0.08240853761232932,
      0.07529186303757965,
      0.07012174625599168,
      0.06328495186773994
    ],
    "val_loss": [
      0.3496856360523789,
      0.30369967185420754,
      0.25086114509606067,
      0.24917026691966587,
      0.24230523183022015,
      0.2572020394566618,
      0.22640170988477307,
      0.2599116873593978,
      0.24906488686432074,
      0.23925600625850535,
      0.2734940397886582,
      0.2759754915296296,
      0.27157910859879153,
      0.30702991202289676,
      0.300775158331718,
      0.3036926050980886,
      0.3243783486478123
    ],
    "val_accuracy": [
      0.8641975308641975,
      0.891358024691358,
      0.9080246913580247,
      0.9092592592592592,
      0.9169753086419753,
      0.9117283950617284,
      0.9179012345679012,
      0.9064814814814814,
      0.9138888888888889,
      0.9203703703703704,
      0.9098765432098765,
      0.921604938271605,
      0.9262345679012346,
      0.917283950617284,
      0.9222222222222223,
      0.9157407407407407,
      0.9209876543209876
    ]
  },
  "global_metrics": {
    "accuracy": 0.9111111111111111,
    "balanced_accuracy": 0.911111111111111,
    "top_3_accuracy": 0.9928888888888889,
    "top_5_accuracy": 0.9991111111111111,
    "log_loss": 0.24918273398729116,
    "mcc": 0.9003213970782,
    "cohens_kappa": 0.9,
    "precision_macro": 0.9109574129463254,
    "precision_micro": 0.9111111111111111,
    "precision_weighted": 0.9109574129463254,
    "recall_macro": 0.911111111111111,
    "recall_micro": 0.9111111111111111,
    "recall_weighted": 0.9111111111111111,
    "f1_macro": 0.9097817755039073,
    "f1_micro": 0.9111111111111111,
    "f1_weighted": 0.9097817755039073,
    "auroc_macro": 0.9935531527777779,
    "auroc_weighted": 0.9935531527777777,
    "auprc_macro": 0.960985026421045
  },
  "per_class_metrics": {
    "0": {
      "precision": 0.8581213307240705,
      "recall": 0.877,
      "f1": 0.8674579624134521,
      "specificity": 0.981875,
      "fpr": 0.018125,
      "fnr": 0.123,
      "auroc": 0.9901365000000001,
      "auprc": 0.9404442393191793,
      "support": 1000,
      "tp": 877,
      "tn": 7855,
      "fp": 145,
      "fn": 123
    },
    "1": {
      "precision": 0.987987987987988,
      "recall": 0.987,
      "f1": 0.9874937468734368,
      "specificity": 0.9985,
      "fpr": 0.0015,
      "fnr": 0.013,
      "auroc": 0.999748125,
      "auprc": 0.9988153615347014,
      "support": 1000,
      "tp": 987,
      "tn": 7988,
      "fp": 12,
      "fn": 13
    },
    "2": {
      "precision": 0.8603082851637764,
      "recall": 0.893,
      "f1": 0.8763493621197253,
      "specificity": 0.981875,
      "fpr": 0.018125,
      "fnr": 0.107,
      "auroc": 0.9904229999999999,
      "auprc": 0.9458238390777464,
      "support": 1000,
      "tp": 893,
      "tn": 7855,
      "fp": 145,
      "fn": 107
    },
    "3": {
      "precision": 0.9037328094302554,
      "recall": 0.92,
      "f1": 0.9117938553022795,
      "specificity": 0.98775,
      "fpr": 0.01225,
      "fnr": 0.08,
      "auroc": 0.995805875,
      "auprc": 0.968404975403783,
      "support": 1000,
      "tp": 920,
      "tn": 7902,
      "fp": 98,
      "fn": 80
    },
    "4": {
      "precision": 0.8186714542190305,
      "recall": 0.912,
      "f1": 0.8628192999053926,
      "specificity": 0.97475,
      "fpr": 0.02525,
      "fnr": 0.088,
      "auroc": 0.991374875,
      "auprc": 0.9397010211444814,
      "support": 1000,
      "tp": 912,
      "tn": 7798,
      "fp": 202,
      "fn": 88
    },
    "5": {
      "precision": 0.9714566929133859,
      "recall": 0.987,
      "f1": 0.9791666666666667,
      "specificity": 0.996375,
      "fpr": 0.003625,
      "fnr": 0.013,
      "auroc": 0.9997944999999999,
      "auprc": 0.9985397532641928,
      "support": 1000,
      "tp": 987,
      "tn": 7971,
      "fp": 29,
      "fn": 13
    },
    "6": {
      "precision": 0.8286066584463625,
      "recall": 0.672,
      "f1": 0.7421314191054665,
      "specificity": 0.982625,
      "fpr": 0.017375,
      "fnr": 0.328,
      "auroc": 0.9753910000000001,
      "auprc": 0.8610562503740925,
      "support": 1000,
      "tp": 672,
      "tn": 7861,
      "fp": 139,
      "fn": 328
    },
    "7": {
      "precision": 0.9838872104733132,
      "recall": 0.977,
      "f1": 0.9804315102860011,
      "specificity": 0.998,
      "fpr": 0.002,
      "fnr": 0.023,
      "auroc": 0.9996025,
      "auprc": 0.9981434599287405,
      "support": 1000,
      "tp": 977,
      "tn": 7984,
      "fp": 16,
      "fn": 23
    },
    "8": {
      "precision": 0.9858442871587462,
      "recall": 0.975,
      "f1": 0.9803921568627451,
      "specificity": 0.99825,
      "fpr": 0.00175,
      "fnr": 0.025,
      "auroc": 0.9997020000000001,
      "auprc": 0.9979363377424877,
      "support": 1000,
      "tp": 975,
      "tn": 7986,
      "fp": 14,
      "fn": 25
    }
  },
  "confusion_matrix": [
    [
      877,
      1,
      19,
      29,
      6,
      1,
      63,
      0,
      4
    ],
    [
      1,
      987,
      0,
      9,
      1,
      0,
      0,
      0,
      2
    ],
    [
      12,
      1,
      893,
      8,
      53,
      0,
      33,
      0,
      0
    ],
    [
      12,
      4,
      10,
      920,
      39,
      0,
      15,
      0,
      0
    ],
    [
      1,
      0,
      45,
      15,
      912,
      0,
      26,
      0,
      1
    ],
    [
      0,
      0,
      0,
      0,
      0,
      987,
      0,
      12,
      1
    ],
    [
      116,
      3,
      69,
      34,
      99,
      1,
      672,
      0,
      6
    ],
    [
      0,
      0,
      0,
      0,
      0,
      23,
      0,
      977,
      0
    ],
    [
      3,
      3,
      2,
      3,
      4,
      4,
      2,
      4,
      975
    ]
  ]
}