{
  "experiment": "exp3",
  "condition": {
    "num_classes": 7,
    "class_list": [
      0,
      1,
      3,
      4,
      6,
      8,
      9
    ],
    "class_names": [
      "T-shirt/top",
      "Trouser",
      "Dress",
      "Coat",
      "Shirt",
      "Bag",
      "Ankle boot"
    ],
    "combo_idx": 2,
    "subset_pct": 20,
    "num_samples": 8400,
    "samples_per_class": 1200,
    "train_samples": 7560,
    "val_samples": 840,
    "test_samples": 7000
  },
  "seed": 73962792,
  "timestamp": "2026-01-18T01:14:19.554669",
  "training_dynamics": {
    "epochs_trained": 15,
    "best_epoch": 5,
    "best_val_accuracy": 0.9095238095238095,
    "final_train_loss": 0.049674030808152775,
    "final_val_loss": 0.47120528334663025,
    "training_time_seconds": 5.167906999588013
  },
  "training_history": {
    "train_loss": [
      0.5519867940109318,
      0.34212338555009425,
      0.2845567810435255,
      0.23356386762456732,
      0.2267760779677319,
      0.2012564720538985,
      0.15587060541665854,
      0.15268754395617157,
      0.1160947110409997,
      0.09793914617391444,
      0.08265756346097514,
      0.086049798187338,
      0.056727143389489816,
      0.04588330180986839,
      0.049674030808152775
    ],
    "val_loss": [
      0.3780183721156347,
      0.308731898807344,
      0.30866948735146293,
      0.316608054297311,
      0.27238312675839377,
      0.3251030848139808,
      0.3210965820721218,
      0.2967176369258336,
      0.30712084259305683,
      0.3215900076287133,
      0.3236218554633004,
      0.41649009727296377,
      0.37682563804444813,
      0.37478441908245996,
      0.47120528334663025
    ],
    "val_accuracy": [
      0.8559523809523809,
      0.8845238095238095,
      0.888095238095238,
      0.8785714285714286,
      0.9,
      0.8845238095238095,
      0.8821428571428571,
      0.9,
      0.9095238095238095,
      0.8988095238095238,
      0.8964285714285715,
      0.8869047619047619,
      0.8940476190476191,
      0.9035714285714286,
      0.8857142857142857
    ]
  },
  "global_metrics": {
    "accuracy": 0.8865714285714286,
    "balanced_accuracy": 0.8865714285714283,
    "top_3_accuracy": 0.9922857142857143,
    "top_5_accuracy": 0.9995714285714286,
    "log_loss": 0.2938038706321817,
    "mcc": 0.86842538157855,
    "cohens_kappa": 0.8676666666666667,
    "precision_macro": 0.8940549201449645,
    "precision_micro": 0.8865714285714286,
    "precision_weighted": 0.8940549201449643,
    "recall_macro": 0.8865714285714283,
    "recall_micro": 0.8865714285714286,
    "recall_weighted": 0.8865714285714286,
    "f1_macro": 0.888402196101785,
    "f1_micro": 0.8865714285714286,
    "f1_weighted": 0.8884021961017852,
    "auroc_macro": 0.988912892857143,
    "auroc_weighted": 0.9889128928571429,
    "auprc_macro": 0.9480209351993939
  },
  "per_class_metrics": {
    "0": {
      "precision": 0.8645502645502645,
      "recall": 0.817,
      "f1": 0.8401028277634961,
      "specificity": 0.9786666666666667,
      "fpr": 0.021333333333333333,
      "fnr": 0.183,
      "auroc": 0.9858038333333333,
      "auprc": 0.9251215866577552,
      "support": 1000,
      "tp": 817,
      "tn": 5872,
      "fp": 128,
      "fn": 183
    },
    "1": {
      "precision": 0.9937888198757764,
      "recall": 0.96,
      "f1": 0.9766022380467955,
      "specificity": 0.999,
      "fpr": 0.001,
      "fnr": 0.04,
      "auroc": 0.9990646666666667,
      "auprc": 0.9967151565076704,
      "support": 1000,
      "tp": 960,
      "tn": 5994,
      "fp": 6,
      "fn": 40
    },
    "2": {
      "precision": 0.8688046647230321,
      "recall": 0.894,
      "f1": 0.8812222769837358,
      "specificity": 0.9775,
      "fpr": 0.0225,
      "fnr": 0.106,
      "auroc": 0.9919476666666667,
      "auprc": 0.9574337421930346,
      "support": 1000,
      "tp": 894,
      "tn": 5865,
      "fp": 135,
      "fn": 106
    },
    "3": {
      "precision": 0.8908450704225352,
      "recall": 0.759,
      "f1": 0.8196544276457882,
      "specificity": 0.9845,
      "fpr": 0.0155,
      "fnr": 0.241,
      "auroc": 0.9885263333333334,
      "auprc": 0.9338128387406252,
      "support": 1000,
      "tp": 759,
      "tn": 5907,
      "fp": 93,
      "fn": 241
    },
    "4": {
      "precision": 0.6625514403292181,
      "recall": 0.805,
      "f1": 0.7268623024830699,
      "specificity": 0.9316666666666666,
      "fpr": 0.06833333333333333,
      "fnr": 0.195,
      "auroc": 0.9588228333333333,
      "auprc": 0.8284552075283126,
      "support": 1000,
      "tp": 805,
      "tn": 5590,
      "fp": 410,
      "fn": 195
    },
    "5": {
      "precision": 0.9848024316109423,
      "recall": 0.972,
      "f1": 0.9783593356819326,
      "specificity": 0.9975,
      "fpr": 0.0025,
      "fnr": 0.028,
      "auroc": 0.9982958333333334,
      "auprc": 0.9949789659338657,
      "support": 1000,
      "tp": 972,
      "tn": 5985,
      "fp": 15,
      "fn": 28
    },
    "6": {
      "precision": 0.9930417495029821,
      "recall": 0.999,
      "f1": 0.9960119641076769,
      "specificity": 0.9988333333333334,
      "fpr": 0.0011666666666666668,
      "fnr": 0.001,
      "auroc": 0.9999290833333334,
      "auprc": 0.9996290488344931,
      "support": 1000,
      "tp": 999,
      "tn": 5993,
      "fp": 7,
      "fn": 1
    }
  },
  "confusion_matrix": [
    [
      817,
      0,
      32,
      4,
      143,
      4,
      0
    ],
    [
      0,
      960,
      28,
      7,
      4,
      1,
      0
    ],
    [
      17,
      3,
      894,
      38,
      45,
      1,
      2
    ],
    [
      1,
      1,
      29,
      759,
      209,
      1,
      0
    ],
    [
      106,
      1,
      38,
      42,
      805,
      8,
      0
    ],
    [
      4,
      1,
      8,
      2,
      8,
      972,
      5
    ],
    [
      0,
      0,
      0,
      0,
      1,
      0,
      999
    ]
  ]
}