{
  "experiment": "exp3",
  "condition": {
    "num_classes": 2,
    "class_list": [
      2,
      3
    ],
    "class_names": [
      "Pullover",
      "Dress"
    ],
    "combo_idx": 0,
    "subset_pct": 30,
    "num_samples": 3600,
    "samples_per_class": 1800,
    "train_samples": 3240,
    "val_samples": 360,
    "test_samples": 2000
  },
  "seed": 73962792,
  "timestamp": "2026-01-18T00:25:33.870117",
  "training_dynamics": {
    "epochs_trained": 14,
    "best_epoch": 4,
    "best_val_accuracy": 0.9916666666666667,
    "final_train_loss": 0.003450907646266369,
    "final_val_loss": 0.038374912697407934,
    "training_time_seconds": 2.1038129329681396
  },
  "training_history": {
    "train_loss": [
      0.13732170251508555,
      0.06672582334345754,
      0.04912340291547498,
      0.041690793879074504,
      0.028981724448100318,
      0.032125458769573303,
      0.027623053078594452,
      0.016047742076539983,
      0.009285380434091934,
      0.009379936666079504,
      0.008017814327995795,
      0.01651474972045524,
      0.017388633937776368,
      0.003450907646266369
    ],
    "val_loss": [
      0.056132069561216566,
      0.03194501068856981,
      0.06667478332916896,
      0.029587672816382513,
      0.04661207521955172,
      0.02985974575082461,
      0.043316465781794655,
      0.03761769578688674,
      0.0466232611073388,
      0.04428828284144402,
      0.03843646333552897,
      0.04508825252867407,
      0.03602755599551731,
      0.038374912697407934
    ],
    "val_accuracy": [
      0.9694444444444444,
      0.9861111111111112,
      0.9722222222222222,
      0.9888888888888889,
      0.9777777777777777,
      0.9888888888888889,
      0.9861111111111112,
      0.9861111111111112,
      0.9861111111111112,
      0.9888888888888889,
      0.9888888888888889,
      0.9861111111111112,
      0.9916666666666667,
      0.9888888888888889
    ]
  },
  "global_metrics": {
    "accuracy": 0.98,
    "balanced_accuracy": 0.98,
    "top_3_accuracy": 1.0,
    "top_5_accuracy": 1.0,
    "log_loss": 0.06051920446260834,
    "mcc": 0.9600691274658559,
    "cohens_kappa": 0.96,
    "precision_macro": 0.9800691299547135,
    "precision_micro": 0.98,
    "precision_weighted": 0.9800691299547136,
    "recall_macro": 0.98,
    "recall_micro": 0.98,
    "recall_weighted": 0.98,
    "f1_macro": 0.9799992799740791,
    "f1_micro": 0.98,
    "f1_weighted": 0.9799992799740791,
    "auroc_macro": 0.9973110000000001,
    "auroc_weighted": 0.9973110000000001,
    "auprc_macro": 0.9973533674495448
  },
  "per_class_metrics": {
    "0": {
      "precision": 0.9858299595141701,
      "recall": 0.974,
      "f1": 0.9798792756539236,
      "specificity": 0.986,
      "fpr": 0.014,
      "fnr": 0.026,
      "auroc": 0.997311,
      "auprc": 0.9976788917558495,
      "support": 1000,
      "tp": 974,
      "tn": 986,
      "fp": 14,
      "fn": 26
    },
    "1": {
      "precision": 0.974308300395257,
      "recall": 0.986,
      "f1": 0.9801192842942346,
      "specificity": 0.974,
      "fpr": 0.026,
      "fnr": 0.014,
      "auroc": 0.9973110000000001,
      "auprc": 0.9970278431432402,
      "support": 1000,
      "tp": 986,
      "tn": 974,
      "fp": 26,
      "fn": 14
    }
  },
  "confusion_matrix": [
    [
      974,
      26
    ],
    [
      14,
      986
    ]
  ]
}