{
  "experiment": "exp3",
  "condition": {
    "num_classes": 9,
    "class_list": [
      0,
      1,
      2,
      3,
      5,
      6,
      7,
      8,
      9
    ],
    "class_names": [
      "T-shirt/top",
      "Trouser",
      "Pullover",
      "Dress",
      "Sandal",
      "Shirt",
      "Sneaker",
      "Bag",
      "Ankle boot"
    ],
    "combo_idx": 2,
    "subset_pct": 50,
    "num_samples": 27000,
    "samples_per_class": 3000,
    "train_samples": 24300,
    "val_samples": 2700,
    "test_samples": 9000
  },
  "seed": 73962792,
  "timestamp": "2026-01-18T01:48:33.423583",
  "training_dynamics": {
    "epochs_trained": 15,
    "best_epoch": 5,
    "best_val_accuracy": 0.9344444444444444,
    "final_train_loss": 0.05792488851094325,
    "final_val_loss": 0.2533945824592202,
    "training_time_seconds": 19.34263253211975
  },
  "training_history": {
    "train_loss": [
      0.43496617302298546,
      0.2634702193305681,
      0.2211281197537717,
      0.18765163064787263,
      0.16846687469239296,
      0.1500845642662362,
      0.13410755112571152,
      0.11883380690246428,
      0.10214763368406382,
      0.09634142972798528,
      0.08481290203176046,
      0.07341575956486754,
      0.06575384189337982,
      0.05815847457362045,
      0.05792488851094325
    ],
    "val_loss": [
      0.28308651213292724,
      0.24350694219271343,
      0.20883581082026165,
      0.2013820966084798,
      0.1906757954314903,
      0.1934939279821184,
      0.20750567771770337,
      0.20100649255293387,
      0.24333735558721753,
      0.21369311228946403,
      0.24093400233321718,
      0.2820383741679015,
      0.25533210418842456,
      0.2796012156539493,
      0.2533945824592202
    ],
    "val_accuracy": [
      0.8970370370370371,
      0.9062962962962963,
      0.9248148148148149,
      0.9307407407407408,
      0.9274074074074075,
      0.932962962962963,
      0.9259259259259259,
      0.9344444444444444,
      0.9225925925925926,
      0.9303703703703704,
      0.9211111111111111,
      0.9162962962962963,
      0.9274074074074075,
      0.9277777777777778,
      0.9244444444444444
    ]
  },
  "global_metrics": {
    "accuracy": 0.9253333333333333,
    "balanced_accuracy": 0.9253333333333335,
    "top_3_accuracy": 0.9937777777777778,
    "top_5_accuracy": 0.9996666666666667,
    "log_loss": 0.21980863656145128,
    "mcc": 0.9163586209387818,
    "cohens_kappa": 0.916,
    "precision_macro": 0.9264448429939747,
    "precision_micro": 0.9253333333333333,
    "precision_weighted": 0.9264448429939746,
    "recall_macro": 0.9253333333333335,
    "recall_micro": 0.9253333333333333,
    "recall_weighted": 0.9253333333333333,
    "f1_macro": 0.9245193178914941,
    "f1_micro": 0.9253333333333333,
    "f1_weighted": 0.9245193178914942,
    "auroc_macro": 0.9953546111111111,
    "auroc_weighted": 0.9953546111111112,
    "auprc_macro": 0.9711535252543521
  },
  "per_class_metrics": {
    "0": {
      "precision": 0.8109540636042403,
      "recall": 0.918,
      "f1": 0.8611632270168854,
      "specificity": 0.97325,
      "fpr": 0.02675,
      "fnr": 0.082,
      "auroc": 0.9903103750000002,
      "auprc": 0.93664106988263,
      "support": 1000,
      "tp": 918,
      "tn": 7786,
      "fp": 214,
      "fn": 82
    },
    "1": {
      "precision": 0.9696673189823874,
      "recall": 0.991,
      "f1": 0.9802176063303659,
      "specificity": 0.996125,
      "fpr": 0.003875,
      "fnr": 0.009,
      "auroc": 0.99977375,
      "auprc": 0.998587874822857,
      "support": 1000,
      "tp": 991,
      "tn": 7969,
      "fp": 31,
      "fn": 9
    },
    "2": {
      "precision": 0.8692380056444027,
      "recall": 0.924,
      "f1": 0.8957828405235094,
      "specificity": 0.982625,
      "fpr": 0.017375,
      "fnr": 0.076,
      "auroc": 0.9943126250000001,
      "auprc": 0.9644049702186064,
      "support": 1000,
      "tp": 924,
      "tn": 7861,
      "fp": 139,
      "fn": 76
    },
    "3": {
      "precision": 0.9516298633017876,
      "recall": 0.905,
      "f1": 0.9277293695540748,
      "specificity": 0.99425,
      "fpr": 0.00575,
      "fnr": 0.095,
      "auroc": 0.9967983750000001,
      "auprc": 0.9771190343732115,
      "support": 1000,
      "tp": 905,
      "tn": 7954,
      "fp": 46,
      "fn": 95
    },
    "4": {
      "precision": 0.9897854954034729,
      "recall": 0.969,
      "f1": 0.9792824658918645,
      "specificity": 0.99875,
      "fpr": 0.00125,
      "fnr": 0.031,
      "auroc": 0.999611125,
      "auprc": 0.9973221256564696,
      "support": 1000,
      "tp": 969,
      "tn": 7990,
      "fp": 10,
      "fn": 31
    },
    "5": {
      "precision": 0.8547418967587035,
      "recall": 0.712,
      "f1": 0.7768685215493727,
      "specificity": 0.984875,
      "fpr": 0.015125,
      "fnr": 0.288,
      "auroc": 0.97967025,
      "auprc": 0.8815199860062081,
      "support": 1000,
      "tp": 712,
      "tn": 7879,
      "fp": 121,
      "fn": 288
    },
    "6": {
      "precision": 0.9307400379506642,
      "recall": 0.981,
      "f1": 0.9552093476144109,
      "specificity": 0.990875,
      "fpr": 0.009125,
      "fnr": 0.019,
      "auroc": 0.998990125,
      "auprc": 0.992552552475233,
      "support": 1000,
      "tp": 981,
      "tn": 7927,
      "fp": 73,
      "fn": 19
    },
    "7": {
      "precision": 0.9849094567404426,
      "recall": 0.979,
      "f1": 0.9819458375125377,
      "specificity": 0.998125,
      "fpr": 0.001875,
      "fnr": 0.021,
      "auroc": 0.9996962500000001,
      "auprc": 0.9979633002700622,
      "support": 1000,
      "tp": 979,
      "tn": 7985,
      "fp": 15,
      "fn": 21
    },
    "8": {
      "precision": 0.9763374485596708,
      "recall": 0.949,
      "f1": 0.962474645030426,
      "specificity": 0.997125,
      "fpr": 0.002875,
      "fnr": 0.051,
      "auroc": 0.999028625,
      "auprc": 0.9942708135838899,
      "support": 1000,
      "tp": 949,
      "tn": 7977,
      "fp": 23,
      "fn": 51
    }
  },
  "confusion_matrix": [
    [
      918,
      3,
      29,
      8,
      1,
      37,
      0,
      4,
      0
    ],
    [
      1,
      991,
      2,
      4,
      0,
      1,
      0,
      1,
      0
    ],
    [
      12,
      1,
      924,
      7,
      0,
      56,
      0,
      0,
      0
    ],
    [
      34,
      20,
      18,
      905,
      0,
      22,
      0,
      1,
      0
    ],
    [
      0,
      0,
      0,
      0,
      969,
      0,
      24,
      0,
      7
    ],
    [
      165,
      4,
      87,
      23,
      0,
      712,
      0,
      9,
      0
    ],
    [
      0,
      0,
      0,
      0,
      3,
      0,
      981,
      0,
      16
    ],
    [
      2,
      3,
      3,
      4,
      1,
      4,
      4,
      979,
      0
    ],
    [
      0,
      0,
      0,
      0,
      5,
      1,
      45,
      0,
      949
    ]
  ]
}