{
  "experiment": "exp3",
  "condition": {
    "num_classes": 7,
    "class_list": [
      1,
      2,
      3,
      5,
      7,
      8,
      9
    ],
    "class_names": [
      "Trouser",
      "Pullover",
      "Dress",
      "Sandal",
      "Sneaker",
      "Bag",
      "Ankle boot"
    ],
    "combo_idx": 4,
    "subset_pct": 100,
    "num_samples": 42000,
    "samples_per_class": 6000,
    "train_samples": 37800,
    "val_samples": 4200,
    "test_samples": 7000
  },
  "seed": 73962792,
  "timestamp": "2026-01-18T01:22:40.442907",
  "training_dynamics": {
    "epochs_trained": 18,
    "best_epoch": 8,
    "best_val_accuracy": 0.9826190476190476,
    "final_train_loss": 0.015422859901379437,
    "final_val_loss": 0.07820377735021923,
    "training_time_seconds": 31.811580419540405
  },
  "training_history": {
    "train_loss": [
      0.1755018332522432,
      0.08653393676488734,
      0.0701061707504516,
      0.05680215209580693,
      0.04657499130630894,
      0.04129420031484945,
      0.03732722359341089,
      0.03320877719463705,
      0.03090984401647762,
      0.025433283832180815,
      0.024494364203206796,
      0.022756275187644205,
      0.02017510172233327,
      0.021011807178763685,
      0.01666549068240645,
      0.018709974674379546,
      0.015538982705420156,
      0.015422859901379437
    ],
    "val_loss": [
      0.08145021017108645,
      0.07873665298734392,
      0.07104850520690283,
      0.0725550076259034,
      0.0626820307597518,
      0.06673350016276042,
      0.06438703012253556,
      0.06225864326315267,
      0.07449759900215126,
      0.06740422268885941,
      0.07093088439577037,
      0.06706296714333196,
      0.07514961852825114,
      0.06798249444968643,
      0.09538698340544388,
      0.08964541002309748,
      0.07820387006698487,
      0.07820377735021923
    ],
    "val_accuracy": [
      0.9709523809523809,
      0.9728571428571429,
      0.9773809523809524,
      0.9773809523809524,
      0.9821428571428571,
      0.9783333333333334,
      0.9804761904761905,
      0.9816666666666667,
      0.9709523809523809,
      0.981904761904762,
      0.9795238095238096,
      0.9821428571428571,
      0.981904761904762,
      0.9826190476190476,
      0.9733333333333334,
      0.9776190476190476,
      0.9814285714285714,
      0.9816666666666667
    ]
  },
  "global_metrics": {
    "accuracy": 0.9797142857142858,
    "balanced_accuracy": 0.9797142857142858,
    "top_3_accuracy": 0.9992857142857143,
    "top_5_accuracy": 1.0,
    "log_loss": 0.0664975498510838,
    "mcc": 0.9763577425820174,
    "cohens_kappa": 0.9763333333333334,
    "precision_macro": 0.9799487552759679,
    "precision_micro": 0.9797142857142858,
    "precision_weighted": 0.9799487552759679,
    "recall_macro": 0.9797142857142858,
    "recall_micro": 0.9797142857142858,
    "recall_weighted": 0.9797142857142858,
    "f1_macro": 0.9797592083251752,
    "f1_micro": 0.9797142857142858,
    "f1_weighted": 0.979759208325175,
    "auroc_macro": 0.9995642857142858,
    "auroc_weighted": 0.9995642857142857,
    "auprc_macro": 0.9975138066257924
  },
  "per_class_metrics": {
    "0": {
      "precision": 0.9919436052366566,
      "recall": 0.985,
      "f1": 0.9884596086302057,
      "specificity": 0.9986666666666667,
      "fpr": 0.0013333333333333333,
      "fnr": 0.015,
      "auroc": 0.9998775000000001,
      "auprc": 0.9993846430943767,
      "support": 1000,
      "tp": 985,
      "tn": 5992,
      "fp": 8,
      "fn": 15
    },
    "1": {
      "precision": 0.9918367346938776,
      "recall": 0.972,
      "f1": 0.9818181818181819,
      "specificity": 0.9986666666666667,
      "fpr": 0.0013333333333333333,
      "fnr": 0.028,
      "auroc": 0.999578,
      "auprc": 0.9979010661140016,
      "support": 1000,
      "tp": 972,
      "tn": 5992,
      "fp": 8,
      "fn": 28
    },
    "2": {
      "precision": 0.9573229873908826,
      "recall": 0.987,
      "f1": 0.9719350073855244,
      "specificity": 0.9926666666666667,
      "fpr": 0.007333333333333333,
      "fnr": 0.013,
      "auroc": 0.9993328333333333,
      "auprc": 0.9955432759248732,
      "support": 1000,
      "tp": 987,
      "tn": 5956,
      "fp": 44,
      "fn": 13
    },
    "3": {
      "precision": 0.9898373983739838,
      "recall": 0.974,
      "f1": 0.9818548387096774,
      "specificity": 0.9983333333333333,
      "fpr": 0.0016666666666666668,
      "fnr": 0.026,
      "auroc": 0.9998140000000001,
      "auprc": 0.9988872821900054,
      "support": 1000,
      "tp": 974,
      "tn": 5990,
      "fp": 10,
      "fn": 26
    },
    "4": {
      "precision": 0.9598039215686275,
      "recall": 0.979,
      "f1": 0.9693069306930693,
      "specificity": 0.9931666666666666,
      "fpr": 0.006833333333333334,
      "fnr": 0.021,
      "auroc": 0.9991886666666666,
      "auprc": 0.9953229270395174,
      "support": 1000,
      "tp": 979,
      "tn": 5959,
      "fp": 41,
      "fn": 21
    },
    "5": {
      "precision": 0.9949748743718593,
      "recall": 0.99,
      "f1": 0.9924812030075189,
      "specificity": 0.9991666666666666,
      "fpr": 0.0008333333333333334,
      "fnr": 0.01,
      "auroc": 0.9998021666666667,
      "auprc": 0.9991483362524483,
      "support": 1000,
      "tp": 990,
      "tn": 5995,
      "fp": 5,
      "fn": 10
    },
    "6": {
      "precision": 0.9739217652958877,
      "recall": 0.971,
      "f1": 0.972458688032048,
      "specificity": 0.9956666666666667,
      "fpr": 0.004333333333333333,
      "fnr": 0.029,
      "auroc": 0.9993568333333332,
      "auprc": 0.9964091157653245,
      "support": 1000,
      "tp": 971,
      "tn": 5974,
      "fp": 26,
      "fn": 29
    }
  },
  "confusion_matrix": [
    [
      985,
      0,
      12,
      0,
      0,
      3,
      0
    ],
    [
      1,
      972,
      25,
      1,
      0,
      1,
      0
    ],
    [
      5,
      7,
      987,
      0,
      0,
      1,
      0
    ],
    [
      0,
      0,
      1,
      974,
      15,
      0,
      10
    ],
    [
      0,
      0,
      0,
      5,
      979,
      0,
      16
    ],
    [
      2,
      0,
      6,
      1,
      1,
      990,
      0
    ],
    [
      0,
      1,
      0,
      3,
      25,
      0,
      971
    ]
  ]
}