{
  "experiment": "exp3",
  "condition": {
    "num_classes": 4,
    "class_list": [
      1,
      4,
      5,
      8
    ],
    "class_names": [
      "Trouser",
      "Coat",
      "Sandal",
      "Bag"
    ],
    "combo_idx": 1,
    "subset_pct": 80,
    "num_samples": 19200,
    "samples_per_class": 4800,
    "train_samples": 17280,
    "val_samples": 1920,
    "test_samples": 4000
  },
  "seed": 73962792,
  "timestamp": "2026-01-18T00:39:53.650886",
  "training_dynamics": {
    "epochs_trained": 21,
    "best_epoch": 11,
    "best_val_accuracy": 0.9973958333333334,
    "final_train_loss": 0.004643544811131051,
    "final_val_loss": 0.02334552534575778,
    "training_time_seconds": 17.17838740348816
  },
  "training_history": {
    "train_loss": [
      0.08056921797623444,
      0.02934977838422465,
      0.019293209936532312,
      0.015004331732779975,
      0.01051385569724651,
      0.010635503133213813,
      0.005986394742625702,
      0.010244302882448311,
      0.008265750267882713,
      0.00611306417453037,
      0.0008562916425514939,
      0.0020861690612784295,
      0.005681028090778758,
      0.00867803542908371,
      0.00465461061554143,
      0.004313095887460737,
      0.002264597099823125,
      0.0006090437567039501,
      0.00481835383723137,
      0.0065806175370906,
      0.004643544811131051
    ],
    "val_loss": [
      0.03359013185836375,
      0.014678057515993714,
      0.03229726292580987,
      0.017676636417551586,
      0.019633339979918674,
      0.015464806804144852,
      0.026308520869739973,
      0.01383040467784061,
      0.020892659248784185,
      0.01051834467301281,
      0.010286356236216912,
      0.01199853559389794,
      0.023375730945554098,
      0.01800910194435422,
      0.014818557663723671,
      0.013428142682884451,
      0.023641001842997868,
      0.016411044067422154,
      0.015755894789435843,
      0.02118931407655206,
      0.02334552534575778
    ],
    "val_accuracy": [
      0.9875,
      0.9942708333333333,
      0.9890625,
      0.9953125,
      0.9942708333333333,
      0.9953125,
      0.9932291666666667,
      0.9958333333333333,
      0.9942708333333333,
      0.9973958333333334,
      0.9973958333333334,
      0.9963541666666667,
      0.9942708333333333,
      0.9947916666666666,
      0.9947916666666666,
      0.996875,
      0.9932291666666667,
      0.9958333333333333,
      0.996875,
      0.9921875,
      0.99375
    ]
  },
  "global_metrics": {
    "accuracy": 0.9945,
    "balanced_accuracy": 0.9944999999999999,
    "top_3_accuracy": 0.99975,
    "top_5_accuracy": 1.0,
    "log_loss": 0.018611312861594467,
    "mcc": 0.9926679075023266,
    "cohens_kappa": 0.9926666666666667,
    "precision_macro": 0.9944994529344205,
    "precision_micro": 0.9945,
    "precision_weighted": 0.9944994529344205,
    "recall_macro": 0.9944999999999999,
    "recall_micro": 0.9945,
    "recall_weighted": 0.9945,
    "f1_macro": 0.9944978622988018,
    "f1_micro": 0.9945,
    "f1_weighted": 0.9944978622988017,
    "auroc_macro": 0.9999548333333333,
    "auroc_weighted": 0.9999548333333333,
    "auprc_macro": 0.9998693327867458
  },
  "per_class_metrics": {
    "0": {
      "precision": 0.996996996996997,
      "recall": 0.996,
      "f1": 0.9964982491245623,
      "specificity": 0.999,
      "fpr": 0.001,
      "fnr": 0.004,
      "auroc": 0.999981,
      "auprc": 0.9999434481501391,
      "support": 1000,
      "tp": 996,
      "tn": 2997,
      "fp": 3,
      "fn": 4
    },
    "1": {
      "precision": 0.9930139720558883,
      "recall": 0.995,
      "f1": 0.994005994005994,
      "specificity": 0.9976666666666667,
      "fpr": 0.0023333333333333335,
      "fnr": 0.005,
      "auroc": 0.9999616666666667,
      "auprc": 0.9998850936961571,
      "support": 1000,
      "tp": 995,
      "tn": 2993,
      "fp": 7,
      "fn": 5
    },
    "2": {
      "precision": 0.9950149551345963,
      "recall": 0.998,
      "f1": 0.9965052421367948,
      "specificity": 0.9983333333333333,
      "fpr": 0.0016666666666666668,
      "fnr": 0.002,
      "auroc": 0.9999933333333333,
      "auprc": 0.9999800552715935,
      "support": 1000,
      "tp": 998,
      "tn": 2995,
      "fp": 5,
      "fn": 2
    },
    "3": {
      "precision": 0.9929718875502008,
      "recall": 0.989,
      "f1": 0.9909819639278558,
      "specificity": 0.9976666666666667,
      "fpr": 0.0023333333333333335,
      "fnr": 0.011,
      "auroc": 0.9998833333333333,
      "auprc": 0.9996687340290936,
      "support": 1000,
      "tp": 989,
      "tn": 2993,
      "fp": 7,
      "fn": 11
    }
  },
  "confusion_matrix": [
    [
      996,
      3,
      0,
      1
    ],
    [
      1,
      995,
      0,
      4
    ],
    [
      0,
      0,
      998,
      2
    ],
    [
      2,
      4,
      5,
      989
    ]
  ]
}