{
  "experiment": "exp3",
  "condition": {
    "num_classes": 3,
    "class_list": [
      0,
      2,
      9
    ],
    "class_names": [
      "T-shirt/top",
      "Pullover",
      "Ankle boot"
    ],
    "combo_idx": 0,
    "subset_pct": 70,
    "num_samples": 12600,
    "samples_per_class": 4200,
    "train_samples": 11340,
    "val_samples": 1260,
    "test_samples": 3000
  },
  "seed": 73962792,
  "timestamp": "2026-01-18T00:30:19.594191",
  "training_dynamics": {
    "epochs_trained": 12,
    "best_epoch": 2,
    "best_val_accuracy": 0.9817460317460317,
    "final_train_loss": 0.010618145411407046,
    "final_val_loss": 0.10785437440647493,
    "training_time_seconds": 6.257823467254639
  },
  "training_history": {
    "train_loss": [
      0.1007390020734348,
      0.05780576352877647,
      0.04659911391477027,
      0.04347685122897775,
      0.03904786225921066,
      0.02903463104622062,
      0.02779473750412221,
      0.02324398479220363,
      0.027056664976064414,
      0.01671565516071598,
      0.0161067766351694,
      0.010618145411407046
    ],
    "val_loss": [
      0.08455738898307558,
      0.06959226599761419,
      0.10523348739222875,
      0.07667616135071194,
      0.07786044018372656,
      0.08825717858142323,
      0.09892748678250918,
      0.08661758878401347,
      0.11058423810801099,
      0.08569470240128418,
      0.09576508759979217,
      0.10785437440647493
    ],
    "val_accuracy": [
      0.9761904761904762,
      0.976984126984127,
      0.969047619047619,
      0.9817460317460317,
      0.9785714285714285,
      0.9746031746031746,
      0.9738095238095238,
      0.9753968253968254,
      0.9722222222222222,
      0.976984126984127,
      0.976984126984127,
      0.9706349206349206
    ]
  },
  "global_metrics": {
    "accuracy": 0.9756666666666667,
    "balanced_accuracy": 0.9756666666666667,
    "top_3_accuracy": 1.0,
    "top_5_accuracy": 1.0,
    "log_loss": 0.06359536086951685,
    "mcc": 0.9635676126996532,
    "cohens_kappa": 0.9635,
    "precision_macro": 0.9758120290231665,
    "precision_micro": 0.9756666666666667,
    "precision_weighted": 0.9758120290231667,
    "recall_macro": 0.9756666666666667,
    "recall_micro": 0.9756666666666667,
    "recall_weighted": 0.9756666666666667,
    "f1_macro": 0.9756717937335213,
    "f1_micro": 0.9756666666666667,
    "f1_weighted": 0.9756717937335212,
    "auroc_macro": 0.998221,
    "auroc_weighted": 0.998221,
    "auprc_macro": 0.9965064851120212
  },
  "per_class_metrics": {
    "0": {
      "precision": 0.9734693877551021,
      "recall": 0.954,
      "f1": 0.9636363636363635,
      "specificity": 0.987,
      "fpr": 0.013,
      "fnr": 0.046,
      "auroc": 0.9973339999999999,
      "auprc": 0.9947669268314243,
      "support": 1000,
      "tp": 954,
      "tn": 1974,
      "fp": 26,
      "fn": 46
    },
    "1": {
      "precision": 0.9539666993143977,
      "recall": 0.974,
      "f1": 0.9638792676892628,
      "specificity": 0.9765,
      "fpr": 0.0235,
      "fnr": 0.026,
      "auroc": 0.9973339999999999,
      "auprc": 0.9947624294947381,
      "support": 1000,
      "tp": 974,
      "tn": 1953,
      "fp": 47,
      "fn": 26
    },
    "2": {
      "precision": 1.0,
      "recall": 0.999,
      "f1": 0.9994997498749374,
      "specificity": 1.0,
      "fpr": 0.0,
      "fnr": 0.001,
      "auroc": 0.999995,
      "auprc": 0.999990099009901,
      "support": 1000,
      "tp": 999,
      "tn": 2000,
      "fp": 0,
      "fn": 1
    }
  },
  "confusion_matrix": [
    [
      954,
      46,
      0
    ],
    [
      26,
      974,
      0
    ],
    [
      0,
      1,
      999
    ]
  ]
}