{
  "experiment": "exp3",
  "condition": {
    "num_classes": 4,
    "class_list": [
      1,
      5,
      6,
      9
    ],
    "class_names": [
      "Trouser",
      "Sandal",
      "Shirt",
      "Ankle boot"
    ],
    "combo_idx": 3,
    "subset_pct": 80,
    "num_samples": 19200,
    "samples_per_class": 4800,
    "train_samples": 17280,
    "val_samples": 1920,
    "test_samples": 4000
  },
  "seed": 73962792,
  "timestamp": "2026-01-18T00:44:06.253483",
  "training_dynamics": {
    "epochs_trained": 34,
    "best_epoch": 24,
    "best_val_accuracy": 0.9979166666666667,
    "final_train_loss": 0.003645500209571158,
    "final_val_loss": 0.022322527572032413,
    "training_time_seconds": 28.06624126434326
  },
  "training_history": {
    "train_loss": [
      0.07436589258572052,
      0.0296650758526219,
      0.019822639424334435,
      0.015670344845852082,
      0.012259975156255811,
      0.012419731758334954,
      0.009112729765075966,
      0.004298046686135085,
      0.00546283993611454,
      0.00829618310553323,
      0.010537825648966477,
      0.0027798280735758588,
      0.0008177405678608281,
      0.0048273353977671615,
      0.008040352494723029,
      0.004340868741195225,
      0.0034948934357531573,
      0.000923080159450533,
      0.0039059429546341564,
      0.008720367855700581,
      0.004911483020779357,
      0.0008786956136721831,
      0.002702390345889314,
      0.005467619721232326,
      0.0005989468528828941,
      0.00017659209835217012,
      0.00013264459673749756,
      0.01047085233239984,
      0.006083119938498553,
      0.0014765561167543503,
      0.0015470560892035118,
      0.002112951904857457,
      0.006802134844091328,
      0.003645500209571158
    ],
    "val_loss": [
      0.03708110589844485,
      0.0222952881110056,
      0.01957647660844183,
      0.02049092482654184,
      0.025550482574787262,
      0.02859842911011583,
      0.03510391076676266,
      0.02519989571937913,
      0.023161451166695695,
      0.05955826180224903,
      0.02239826216112609,
      0.01977663864971267,
      0.01893450186496466,
      0.03834865467997588,
      0.020833594688959543,
      0.04337497334275516,
      0.029282486692909514,
      0.024988879971806453,
      0.02082307442141579,
      0.02277247330841116,
      0.013657956104073795,
      0.015577644472089484,
      0.023694211925612763,
      0.012585069909099881,
      0.013965608897948793,
      0.013171754705109607,
      0.013101319686317463,
      0.021347072009181525,
      0.014622227149758752,
      0.015805306008633124,
      0.0295912480842541,
      0.024710338714476164,
      0.0252500144020208,
      0.022322527572032413
    ],
    "val_accuracy": [
      0.9869791666666666,
      0.9927083333333333,
      0.9942708333333333,
      0.9932291666666667,
      0.9932291666666667,
      0.9901041666666667,
      0.990625,
      0.9927083333333333,
      0.99375,
      0.9880208333333333,
      0.9953125,
      0.996875,
      0.9958333333333333,
      0.9916666666666667,
      0.9958333333333333,
      0.9911458333333333,
      0.9942708333333333,
      0.996875,
      0.9942708333333333,
      0.9953125,
      0.9953125,
      0.9963541666666667,
      0.9942708333333333,
      0.996875,
      0.9973958333333334,
      0.9973958333333334,
      0.9973958333333334,
      0.9953125,
      0.9973958333333334,
      0.9979166666666667,
      0.9953125,
      0.9947916666666666,
      0.9927083333333333,
      0.9947916666666666
    ]
  },
  "global_metrics": {
    "accuracy": 0.99575,
    "balanced_accuracy": 0.99575,
    "top_3_accuracy": 1.0,
    "top_5_accuracy": 1.0,
    "log_loss": 0.025044512349869357,
    "mcc": 0.9943340790841723,
    "cohens_kappa": 0.9943333333333333,
    "precision_macro": 0.9957522312731235,
    "precision_micro": 0.99575,
    "precision_weighted": 0.9957522312731236,
    "recall_macro": 0.99575,
    "recall_micro": 0.99575,
    "recall_weighted": 0.99575,
    "f1_macro": 0.9957499956886184,
    "f1_micro": 0.99575,
    "f1_weighted": 0.9957499956886184,
    "auroc_macro": 0.9998880833333333,
    "auroc_weighted": 0.9998880833333332,
    "auprc_macro": 0.9996905657156152
  },
  "per_class_metrics": {
    "0": {
      "precision": 0.9979959919839679,
      "recall": 0.996,
      "f1": 0.9969969969969971,
      "specificity": 0.9993333333333333,
      "fpr": 0.0006666666666666666,
      "fnr": 0.004,
      "auroc": 0.999978,
      "auprc": 0.999933716795239,
      "support": 1000,
      "tp": 996,
      "tn": 2998,
      "fp": 2,
      "fn": 4
    },
    "1": {
      "precision": 0.9959919839679359,
      "recall": 0.994,
      "f1": 0.994994994994995,
      "specificity": 0.9986666666666667,
      "fpr": 0.0013333333333333333,
      "fnr": 0.006,
      "auroc": 0.9998526666666667,
      "auprc": 0.9995451680691645,
      "support": 1000,
      "tp": 994,
      "tn": 2996,
      "fp": 4,
      "fn": 6
    },
    "2": {
      "precision": 0.9950149551345963,
      "recall": 0.998,
      "f1": 0.9965052421367948,
      "specificity": 0.9983333333333333,
      "fpr": 0.0016666666666666668,
      "fnr": 0.002,
      "auroc": 0.9999633333333333,
      "auprc": 0.9998909424305488,
      "support": 1000,
      "tp": 998,
      "tn": 2995,
      "fp": 5,
      "fn": 2
    },
    "3": {
      "precision": 0.994005994005994,
      "recall": 0.995,
      "f1": 0.9945027486256871,
      "specificity": 0.998,
      "fpr": 0.002,
      "fnr": 0.005,
      "auroc": 0.9997583333333334,
      "auprc": 0.9993924355675088,
      "support": 1000,
      "tp": 995,
      "tn": 2994,
      "fp": 6,
      "fn": 5
    }
  },
  "confusion_matrix": [
    [
      996,
      0,
      4,
      0
    ],
    [
      0,
      994,
      0,
      6
    ],
    [
      2,
      0,
      998,
      0
    ],
    [
      0,
      4,
      1,
      995
    ]
  ]
}