{
  "experiment": "exp3",
  "condition": {
    "num_classes": 8,
    "class_list": [
      1,
      2,
      4,
      5,
      6,
      7,
      8,
      9
    ],
    "class_names": [
      "Trouser",
      "Pullover",
      "Coat",
      "Sandal",
      "Shirt",
      "Sneaker",
      "Bag",
      "Ankle boot"
    ],
    "combo_idx": 4,
    "subset_pct": 80,
    "num_samples": 38400,
    "samples_per_class": 4800,
    "train_samples": 34560,
    "val_samples": 3840,
    "test_samples": 8000
  },
  "seed": 73962792,
  "timestamp": "2026-01-18T01:38:15.612398",
  "training_dynamics": {
    "epochs_trained": 16,
    "best_epoch": 6,
    "best_val_accuracy": 0.94375,
    "final_train_loss": 0.04872408112213533,
    "final_val_loss": 0.2321062244164447,
    "training_time_seconds": 30.124242067337036
  },
  "training_history": {
    "train_loss": [
      0.36878176455696426,
      0.22522868243632493,
      0.1839434069201902,
      0.15861415213525848,
      0.13699065501525723,
      0.12466037581433301,
      0.11123087631745471,
      0.09461158665233395,
      0.08713559704936213,
      0.0762940051689468,
      0.07183605947238565,
      0.06492060742737657,
      0.05742073797327639,
      0.052674977762271064,
      0.04703075741978224,
      0.04872408112213533
    ],
    "val_loss": [
      0.23286865949630736,
      0.20876896046102048,
      0.18426156950493652,
      0.1683085480084022,
      0.17279268124451239,
      0.16346633409460384,
      0.1663465468212962,
      0.19354884866625072,
      0.18994968378295501,
      0.19650670488675434,
      0.19139455401649078,
      0.224552042906483,
      0.22477879247938592,
      0.21016952507197856,
      0.25484711676836014,
      0.2321062244164447
    ],
    "val_accuracy": [
      0.9158854166666667,
      0.9236979166666667,
      0.9341145833333333,
      0.9419270833333333,
      0.9364583333333333,
      0.94375,
      0.940625,
      0.9359375,
      0.934375,
      0.9356770833333333,
      0.9427083333333334,
      0.9338541666666667,
      0.9346354166666667,
      0.9411458333333333,
      0.9380208333333333,
      0.9372395833333333
    ]
  },
  "global_metrics": {
    "accuracy": 0.938625,
    "balanced_accuracy": 0.938625,
    "top_3_accuracy": 0.998625,
    "top_5_accuracy": 0.999875,
    "log_loss": 0.16838075006078237,
    "mcc": 0.9299631314809658,
    "cohens_kappa": 0.9298571428571428,
    "precision_macro": 0.9398769876004731,
    "precision_micro": 0.938625,
    "precision_weighted": 0.9398769876004731,
    "recall_macro": 0.938625,
    "recall_micro": 0.938625,
    "recall_weighted": 0.938625,
    "f1_macro": 0.9389026590208138,
    "f1_micro": 0.938625,
    "f1_weighted": 0.9389026590208138,
    "auroc_macro": 0.9966597857142857,
    "auroc_weighted": 0.9966597857142857,
    "auprc_macro": 0.9797082678997784
  },
  "per_class_metrics": {
    "0": {
      "precision": 0.9949698189134809,
      "recall": 0.989,
      "f1": 0.9919759277833501,
      "specificity": 0.9992857142857143,
      "fpr": 0.0007142857142857143,
      "fnr": 0.011,
      "auroc": 0.9999777142857142,
      "auprc": 0.9998451261802839,
      "support": 1000,
      "tp": 989,
      "tn": 6995,
      "fp": 5,
      "fn": 11
    },
    "1": {
      "precision": 0.9118279569892473,
      "recall": 0.848,
      "f1": 0.8787564766839377,
      "specificity": 0.9882857142857143,
      "fpr": 0.011714285714285714,
      "fnr": 0.152,
      "auroc": 0.9920631428571428,
      "auprc": 0.9551342497585816,
      "support": 1000,
      "tp": 848,
      "tn": 6918,
      "fp": 82,
      "fn": 152
    },
    "2": {
      "precision": 0.8742632612966601,
      "recall": 0.89,
      "f1": 0.8820614469772051,
      "specificity": 0.9817142857142858,
      "fpr": 0.018285714285714287,
      "fnr": 0.11,
      "auroc": 0.9929175714285714,
      "auprc": 0.9518562709469767,
      "support": 1000,
      "tp": 890,
      "tn": 6872,
      "fp": 128,
      "fn": 110
    },
    "3": {
      "precision": 0.97534516765286,
      "recall": 0.989,
      "f1": 0.9821251241310824,
      "specificity": 0.9964285714285714,
      "fpr": 0.0035714285714285713,
      "fnr": 0.011,
      "auroc": 0.9998004285714286,
      "auprc": 0.9986526160197569,
      "support": 1000,
      "tp": 989,
      "tn": 6975,
      "fp": 25,
      "fn": 11
    },
    "4": {
      "precision": 0.8239110287303059,
      "recall": 0.889,
      "f1": 0.8552188552188553,
      "specificity": 0.9728571428571429,
      "fpr": 0.027142857142857142,
      "fnr": 0.111,
      "auroc": 0.9900798571428571,
      "auprc": 0.9423079728982459,
      "support": 1000,
      "tp": 889,
      "tn": 6810,
      "fp": 190,
      "fn": 111
    },
    "5": {
      "precision": 0.9745158002038736,
      "recall": 0.956,
      "f1": 0.9651691065118627,
      "specificity": 0.9964285714285714,
      "fpr": 0.0035714285714285713,
      "fnr": 0.044,
      "auroc": 0.9991267142857143,
      "auprc": 0.9947087326552567,
      "support": 1000,
      "tp": 956,
      "tn": 6975,
      "fp": 25,
      "fn": 44
    },
    "6": {
      "precision": 0.9958974358974358,
      "recall": 0.971,
      "f1": 0.9832911392405063,
      "specificity": 0.9994285714285714,
      "fpr": 0.0005714285714285715,
      "fnr": 0.029,
      "auroc": 0.9998425714285716,
      "auprc": 0.9990091003005926,
      "support": 1000,
      "tp": 971,
      "tn": 6996,
      "fp": 4,
      "fn": 29
    },
    "7": {
      "precision": 0.9682854311199207,
      "recall": 0.977,
      "f1": 0.9726231956197112,
      "specificity": 0.9954285714285714,
      "fpr": 0.004571428571428572,
      "fnr": 0.023,
      "auroc": 0.9994702857142856,
      "auprc": 0.9961520744385326,
      "support": 1000,
      "tp": 977,
      "tn": 6968,
      "fp": 32,
      "fn": 23
    }
  },
  "confusion_matrix": [
    [
      989,
      1,
      2,
      0,
      7,
      0,
      1,
      0
    ],
    [
      1,
      848,
      62,
      0,
      89,
      0,
      0,
      0
    ],
    [
      1,
      32,
      890,
      0,
      77,
      0,
      0,
      0
    ],
    [
      0,
      0,
      0,
      989,
      0,
      6,
      0,
      5
    ],
    [
      2,
      46,
      61,
      0,
      889,
      0,
      2,
      0
    ],
    [
      0,
      0,
      0,
      17,
      0,
      956,
      0,
      27
    ],
    [
      1,
      3,
      3,
      4,
      17,
      1,
      971,
      0
    ],
    [
      0,
      0,
      0,
      4,
      0,
      18,
      1,
      977
    ]
  ]
}