{
  "experiment": "exp3",
  "condition": {
    "num_classes": 6,
    "class_list": [
      1,
      2,
      3,
      4,
      6,
      7
    ],
    "class_names": [
      "Trouser",
      "Pullover",
      "Dress",
      "Coat",
      "Shirt",
      "Sneaker"
    ],
    "combo_idx": 3,
    "subset_pct": 20,
    "num_samples": 7200,
    "samples_per_class": 1200,
    "train_samples": 6480,
    "val_samples": 720,
    "test_samples": 6000
  },
  "seed": 73962792,
  "timestamp": "2026-01-18T01:04:03.861547",
  "training_dynamics": {
    "epochs_trained": 19,
    "best_epoch": 9,
    "best_val_accuracy": 0.9125,
    "final_train_loss": 0.0343092643751708,
    "final_val_loss": 0.5696227707796626,
    "training_time_seconds": 5.843477725982666
  },
  "training_history": {
    "train_loss": [
      0.6098909085872126,
      0.39440429429797563,
      0.32280053205642045,
      0.27155674468068514,
      0.23439641837395875,
      0.19771987532137655,
      0.18314343767569347,
      0.1529619807340935,
      0.12048443121945157,
      0.11383845775808189,
      0.08075213344658122,
      0.07748394802797075,
      0.07637942567759869,
      0.05733094749260036,
      0.0466750367389371,
      0.03852552415656985,
      0.04368779828598467,
      0.02738566191036108,
      0.0343092643751708
    ],
    "val_loss": [
      0.3761704915099674,
      0.3103320055537754,
      0.31848617527219986,
      0.29557249546051023,
      0.39986550278133814,
      0.3398065818680657,
      0.3377137415938907,
      0.30536832263072333,
      0.295055369204945,
      0.3317035582330492,
      0.39707447091738385,
      0.38024525708622403,
      0.36332891285419466,
      0.3877540879779392,
      0.39857767489221363,
      0.5033115810818143,
      0.4009201798174116,
      0.43762639462947844,
      0.5696227707796626
    ],
    "val_accuracy": [
      0.85,
      0.8875,
      0.875,
      0.8861111111111111,
      0.8472222222222222,
      0.8722222222222222,
      0.8708333333333333,
      0.9111111111111111,
      0.8944444444444445,
      0.8847222222222222,
      0.8847222222222222,
      0.8916666666666667,
      0.9,
      0.8930555555555556,
      0.8916666666666667,
      0.8652777777777778,
      0.9125,
      0.9,
      0.8875
    ]
  },
  "global_metrics": {
    "accuracy": 0.8913333333333333,
    "balanced_accuracy": 0.8913333333333333,
    "top_3_accuracy": 0.9931666666666666,
    "top_5_accuracy": 1.0,
    "log_loss": 0.31221363702125243,
    "mcc": 0.8697006591814377,
    "cohens_kappa": 0.8696,
    "precision_macro": 0.8918046333749073,
    "precision_micro": 0.8913333333333333,
    "precision_weighted": 0.8918046333749075,
    "recall_macro": 0.8913333333333333,
    "recall_micro": 0.8913333333333333,
    "recall_weighted": 0.8913333333333333,
    "f1_macro": 0.8913239367823295,
    "f1_micro": 0.8913333333333333,
    "f1_weighted": 0.8913239367823296,
    "auroc_macro": 0.9871346666666666,
    "auroc_weighted": 0.9871346666666667,
    "auprc_macro": 0.9462339172341251
  },
  "per_class_metrics": {
    "0": {
      "precision": 0.9849094567404426,
      "recall": 0.979,
      "f1": 0.9819458375125377,
      "specificity": 0.997,
      "fpr": 0.003,
      "fnr": 0.021,
      "auroc": 0.999176,
      "auprc": 0.997613934751547,
      "support": 1000,
      "tp": 979,
      "tn": 4985,
      "fp": 15,
      "fn": 21
    },
    "1": {
      "precision": 0.831013916500994,
      "recall": 0.836,
      "f1": 0.8334995014955134,
      "specificity": 0.966,
      "fpr": 0.034,
      "fnr": 0.164,
      "auroc": 0.9785056,
      "auprc": 0.9188046886859779,
      "support": 1000,
      "tp": 836,
      "tn": 4830,
      "fp": 170,
      "fn": 164
    },
    "2": {
      "precision": 0.8960784313725491,
      "recall": 0.914,
      "f1": 0.904950495049505,
      "specificity": 0.9788,
      "fpr": 0.0212,
      "fnr": 0.086,
      "auroc": 0.9938604,
      "auprc": 0.9718102781085937,
      "support": 1000,
      "tp": 914,
      "tn": 4894,
      "fp": 106,
      "fn": 86
    },
    "3": {
      "precision": 0.8501070663811563,
      "recall": 0.794,
      "f1": 0.8210961737331954,
      "specificity": 0.972,
      "fpr": 0.028,
      "fnr": 0.206,
      "auroc": 0.9789905999999999,
      "auprc": 0.8905855069692945,
      "support": 1000,
      "tp": 794,
      "tn": 4860,
      "fp": 140,
      "fn": 206
    },
    "4": {
      "precision": 0.7887189292543021,
      "recall": 0.825,
      "f1": 0.8064516129032259,
      "specificity": 0.9558,
      "fpr": 0.0442,
      "fnr": 0.175,
      "auroc": 0.9722754,
      "auprc": 0.8985890948893375,
      "support": 1000,
      "tp": 825,
      "tn": 4779,
      "fp": 221,
      "fn": 175
    },
    "5": {
      "precision": 1.0,
      "recall": 1.0,
      "f1": 1.0,
      "specificity": 1.0,
      "fpr": 0.0,
      "fnr": 0.0,
      "auroc": 1.0,
      "auprc": 1.0,
      "support": 1000,
      "tp": 1000,
      "tn": 5000,
      "fp": 0,
      "fn": 0
    }
  },
  "confusion_matrix": [
    [
      979,
      0,
      15,
      1,
      5,
      0
    ],
    [
      2,
      836,
      17,
      55,
      90,
      0
    ],
    [
      10,
      10,
      914,
      22,
      44,
      0
    ],
    [
      0,
      87,
      37,
      794,
      82,
      0
    ],
    [
      3,
      73,
      37,
      62,
      825,
      0
    ],
    [
      0,
      0,
      0,
      0,
      0,
      1000
    ]
  ]
}