{
  "experiment": "exp3",
  "condition": {
    "num_classes": 4,
    "class_list": [
      1,
      4,
      5,
      9
    ],
    "class_names": [
      "Trouser",
      "Coat",
      "Sandal",
      "Ankle boot"
    ],
    "combo_idx": 2,
    "subset_pct": 20,
    "num_samples": 4800,
    "samples_per_class": 1200,
    "train_samples": 4320,
    "val_samples": 480,
    "test_samples": 4000
  },
  "seed": 73962792,
  "timestamp": "2026-01-18T00:40:43.368128",
  "training_dynamics": {
    "epochs_trained": 15,
    "best_epoch": 5,
    "best_val_accuracy": 0.9979166666666667,
    "final_train_loss": 0.000962330392583761,
    "final_val_loss": 0.01804476035968037,
    "training_time_seconds": 3.0325632095336914
  },
  "training_history": {
    "train_loss": [
      0.13699626409010413,
      0.043431693424388546,
      0.03173295141160077,
      0.014617453317709184,
      0.013623858790892614,
      0.007570334258322392,
      0.0027917321012329707,
      0.007037890114160665,
      0.004132835377143184,
      0.00417887826463758,
      0.003296677466918856,
      0.010210753751259878,
      0.007038315117209576,
      0.0014410242247188708,
      0.000962330392583761
    ],
    "val_loss": [
      0.013475027354434132,
      0.014896940649487078,
      0.009533927609057476,
      0.009049567549178997,
      0.005571467885359501,
      0.006786949519300834,
      0.012156908822847375,
      0.012380656885216012,
      0.0203791019419441,
      0.02765252430496427,
      0.010951452657415454,
      0.012162987785450241,
      0.014381751671317033,
      0.011707810886582593,
      0.01804476035968037
    ],
    "val_accuracy": [
      0.9958333333333333,
      0.9979166666666667,
      0.9958333333333333,
      0.99375,
      0.9979166666666667,
      0.9979166666666667,
      0.99375,
      0.9958333333333333,
      0.99375,
      0.9895833333333334,
      0.9979166666666667,
      0.9958333333333333,
      0.9958333333333333,
      0.99375,
      0.9916666666666667
    ]
  },
  "global_metrics": {
    "accuracy": 0.9895,
    "balanced_accuracy": 0.9894999999999999,
    "top_3_accuracy": 1.0,
    "top_5_accuracy": 1.0,
    "log_loss": 0.032963037266723894,
    "mcc": 0.9860326217855316,
    "cohens_kappa": 0.986,
    "precision_macro": 0.9896071558469445,
    "precision_micro": 0.9895,
    "precision_weighted": 0.9896071558469446,
    "recall_macro": 0.9894999999999999,
    "recall_micro": 0.9895,
    "recall_weighted": 0.9895,
    "f1_macro": 0.9895045521338666,
    "f1_micro": 0.9895,
    "f1_weighted": 0.9895045521338668,
    "auroc_macro": 0.9998027083333333,
    "auroc_weighted": 0.9998027083333333,
    "auprc_macro": 0.9994500572597789
  },
  "per_class_metrics": {
    "0": {
      "precision": 0.9881070366699702,
      "recall": 0.997,
      "f1": 0.9925335988053757,
      "specificity": 0.996,
      "fpr": 0.004,
      "fnr": 0.003,
      "auroc": 0.999964,
      "auprc": 0.9998932297818474,
      "support": 1000,
      "tp": 997,
      "tn": 2988,
      "fp": 12,
      "fn": 3
    },
    "1": {
      "precision": 0.9979654120040692,
      "recall": 0.981,
      "f1": 0.9894099848714069,
      "specificity": 0.9993333333333333,
      "fpr": 0.0006666666666666666,
      "fnr": 0.019,
      "auroc": 0.9999476666666666,
      "auprc": 0.9998427798290855,
      "support": 1000,
      "tp": 981,
      "tn": 2998,
      "fp": 2,
      "fn": 19
    },
    "2": {
      "precision": 0.9774066797642437,
      "recall": 0.995,
      "f1": 0.9861248761149654,
      "specificity": 0.9923333333333333,
      "fpr": 0.007666666666666666,
      "fnr": 0.005,
      "auroc": 0.9996768333333332,
      "auprc": 0.9989321132093095,
      "support": 1000,
      "tp": 995,
      "tn": 2977,
      "fp": 23,
      "fn": 5
    },
    "3": {
      "precision": 0.9949494949494949,
      "recall": 0.985,
      "f1": 0.9899497487437187,
      "specificity": 0.9983333333333333,
      "fpr": 0.0016666666666666668,
      "fnr": 0.015,
      "auroc": 0.9996223333333334,
      "auprc": 0.9991321062188733,
      "support": 1000,
      "tp": 985,
      "tn": 2995,
      "fp": 5,
      "fn": 15
    }
  },
  "confusion_matrix": [
    [
      997,
      2,
      1,
      0
    ],
    [
      12,
      981,
      7,
      0
    ],
    [
      0,
      0,
      995,
      5
    ],
    [
      0,
      0,
      15,
      985
    ]
  ]
}