{
  "experiment": "exp3",
  "condition": {
    "num_classes": 6,
    "class_list": [
      1,
      2,
      3,
      4,
      6,
      7
    ],
    "class_names": [
      "Trouser",
      "Pullover",
      "Dress",
      "Coat",
      "Shirt",
      "Sneaker"
    ],
    "combo_idx": 3,
    "subset_pct": 70,
    "num_samples": 25200,
    "samples_per_class": 4200,
    "train_samples": 22680,
    "val_samples": 2520,
    "test_samples": 6000
  },
  "seed": 73962792,
  "timestamp": "2026-01-18T01:05:10.461223",
  "training_dynamics": {
    "epochs_trained": 16,
    "best_epoch": 6,
    "best_val_accuracy": 0.9265873015873016,
    "final_train_loss": 0.04753557918232564,
    "final_val_loss": 0.3538307189852709,
    "training_time_seconds": 17.897884368896484
  },
  "training_history": {
    "train_loss": [
      0.44092473278582933,
      0.2981120430877511,
      0.2554692603752647,
      0.2173410637487828,
      0.192905336172438,
      0.1703602906631332,
      0.14405519644349393,
      0.12892560294343972,
      0.11103708238511438,
      0.1010192629212225,
      0.08215569296563176,
      0.07573234354421286,
      0.06529391371631917,
      0.061053082533180716,
      0.054797228051900446,
      0.04753557918232564
    ],
    "val_loss": [
      0.2972285607977519,
      0.30078892031359294,
      0.2565357098976771,
      0.2294784574518128,
      0.2605623201008827,
      0.22206592372958622,
      0.23997367383941773,
      0.24273584260353967,
      0.3150034330193959,
      0.2392896034887859,
      0.2699905809665483,
      0.2654122861131789,
      0.2758450101528849,
      0.30106417909264566,
      0.3165983412680881,
      0.3538307189852709
    ],
    "val_accuracy": [
      0.8940476190476191,
      0.8849206349206349,
      0.9063492063492063,
      0.9242063492063493,
      0.9099206349206349,
      0.9198412698412698,
      0.9198412698412698,
      0.9134920634920635,
      0.9,
      0.9238095238095239,
      0.917063492063492,
      0.9202380952380952,
      0.9253968253968254,
      0.9142857142857143,
      0.9265873015873016,
      0.9162698412698412
    ]
  },
  "global_metrics": {
    "accuracy": 0.9188333333333333,
    "balanced_accuracy": 0.9188333333333333,
    "top_3_accuracy": 0.9948333333333333,
    "top_5_accuracy": 1.0,
    "log_loss": 0.2319423913101099,
    "mcc": 0.902686993128392,
    "cohens_kappa": 0.9026000000000001,
    "precision_macro": 0.9196564850942869,
    "precision_micro": 0.9188333333333333,
    "precision_weighted": 0.9196564850942869,
    "recall_macro": 0.9188333333333333,
    "recall_micro": 0.9188333333333333,
    "recall_weighted": 0.9188333333333333,
    "f1_macro": 0.9190316842982945,
    "f1_micro": 0.9188333333333333,
    "f1_weighted": 0.9190316842982944,
    "auroc_macro": 0.9920138666666666,
    "auroc_weighted": 0.9920138666666667,
    "auprc_macro": 0.9671578555794511
  },
  "per_class_metrics": {
    "0": {
      "precision": 0.9929078014184397,
      "recall": 0.98,
      "f1": 0.9864116758933064,
      "specificity": 0.9986,
      "fpr": 0.0014,
      "fnr": 0.02,
      "auroc": 0.9997172000000001,
      "auprc": 0.9989079260536902,
      "support": 1000,
      "tp": 980,
      "tn": 4993,
      "fp": 7,
      "fn": 20
    },
    "1": {
      "precision": 0.9028511087645196,
      "recall": 0.855,
      "f1": 0.8782742681047765,
      "specificity": 0.9816,
      "fpr": 0.0184,
      "fnr": 0.145,
      "auroc": 0.9871249999999999,
      "auprc": 0.9473036150411893,
      "support": 1000,
      "tp": 855,
      "tn": 4908,
      "fp": 92,
      "fn": 145
    },
    "2": {
      "precision": 0.928714859437751,
      "recall": 0.925,
      "f1": 0.9268537074148298,
      "specificity": 0.9858,
      "fpr": 0.0142,
      "fnr": 0.075,
      "auroc": 0.9959855999999999,
      "auprc": 0.980329818551433,
      "support": 1000,
      "tp": 925,
      "tn": 4929,
      "fp": 71,
      "fn": 75
    },
    "3": {
      "precision": 0.8568702290076335,
      "recall": 0.898,
      "f1": 0.876953125,
      "specificity": 0.97,
      "fpr": 0.03,
      "fnr": 0.102,
      "auroc": 0.9883634,
      "auprc": 0.9487899397064085,
      "support": 1000,
      "tp": 898,
      "tn": 4850,
      "fp": 150,
      "fn": 102
    },
    "4": {
      "precision": 0.8365949119373777,
      "recall": 0.855,
      "f1": 0.8456973293768546,
      "specificity": 0.9666,
      "fpr": 0.0334,
      "fnr": 0.145,
      "auroc": 0.980892,
      "auprc": 0.9276158341239858,
      "support": 1000,
      "tp": 855,
      "tn": 4833,
      "fp": 167,
      "fn": 145
    },
    "5": {
      "precision": 1.0,
      "recall": 1.0,
      "f1": 1.0,
      "specificity": 1.0,
      "fpr": 0.0,
      "fnr": 0.0,
      "auroc": 1.0,
      "auprc": 1.0,
      "support": 1000,
      "tp": 1000,
      "tn": 5000,
      "fp": 0,
      "fn": 0
    }
  },
  "confusion_matrix": [
    [
      980,
      0,
      13,
      4,
      3,
      0
    ],
    [
      1,
      855,
      8,
      54,
      82,
      0
    ],
    [
      4,
      12,
      925,
      33,
      26,
      0
    ],
    [
      0,
      26,
      20,
      898,
      56,
      0
    ],
    [
      2,
      54,
      30,
      59,
      855,
      0
    ],
    [
      0,
      0,
      0,
      0,
      0,
      1000
    ]
  ]
}