{
  "experiment": "exp3",
  "condition": {
    "num_classes": 9,
    "class_list": [
      0,
      2,
      3,
      4,
      5,
      6,
      7,
      8,
      9
    ],
    "class_names": [
      "T-shirt/top",
      "Pullover",
      "Dress",
      "Coat",
      "Sandal",
      "Shirt",
      "Sneaker",
      "Bag",
      "Ankle boot"
    ],
    "combo_idx": 4,
    "subset_pct": 20,
    "num_samples": 10800,
    "samples_per_class": 1200,
    "train_samples": 9720,
    "val_samples": 1080,
    "test_samples": 9000
  },
  "seed": 73962792,
  "timestamp": "2026-01-18T01:55:29.301913",
  "training_dynamics": {
    "epochs_trained": 13,
    "best_epoch": 3,
    "best_val_accuracy": 0.887962962962963,
    "final_train_loss": 0.09339110772615593,
    "final_val_loss": 0.43170653140103377,
    "training_time_seconds": 6.050609827041626
  },
  "training_history": {
    "train_loss": [
      0.6992106267104023,
      0.44047444656883417,
      0.35141178318544436,
      0.3076301805282894,
      0.2666758350341728,
      0.24510694243700096,
      0.20886468791745996,
      0.1805198969270446,
      0.15056265020546944,
      0.14312023020006323,
      0.122871962682295,
      0.10103624815268344,
      0.09339110772615593
    ],
    "val_loss": [
      0.4601565511138351,
      0.4136115458276537,
      0.3410904875508061,
      0.3639341972492359,
      0.38877952098846436,
      0.37863879910221804,
      0.34607280669388946,
      0.40413151096414635,
      0.37474192513359916,
      0.3709929505983988,
      0.40583478565569275,
      0.43513473095717253,
      0.43170653140103377
    ],
    "val_accuracy": [
      0.8194444444444444,
      0.8472222222222222,
      0.8694444444444445,
      0.8666666666666667,
      0.8666666666666667,
      0.8712962962962963,
      0.887962962962963,
      0.8675925925925926,
      0.8759259259259259,
      0.8870370370370371,
      0.8870370370370371,
      0.8842592592592593,
      0.8787037037037037
    ]
  },
  "global_metrics": {
    "accuracy": 0.8718888888888889,
    "balanced_accuracy": 0.8718888888888888,
    "top_3_accuracy": 0.9883333333333333,
    "top_5_accuracy": 0.9981111111111111,
    "log_loss": 0.3526285101054851,
    "mcc": 0.8560801984801343,
    "cohens_kappa": 0.8558749999999999,
    "precision_macro": 0.8721714411927812,
    "precision_micro": 0.8718888888888889,
    "precision_weighted": 0.8721714411927811,
    "recall_macro": 0.8718888888888888,
    "recall_micro": 0.8718888888888889,
    "recall_weighted": 0.8718888888888889,
    "f1_macro": 0.8712585857832361,
    "f1_micro": 0.8718888888888889,
    "f1_weighted": 0.8712585857832361,
    "auroc_macro": 0.9882337222222222,
    "auroc_weighted": 0.9882337222222222,
    "auprc_macro": 0.9309277833024944
  },
  "per_class_metrics": {
    "0": {
      "precision": 0.7963470319634703,
      "recall": 0.872,
      "f1": 0.8324582338902148,
      "specificity": 0.972125,
      "fpr": 0.027875,
      "fnr": 0.128,
      "auroc": 0.9858924999999998,
      "auprc": 0.9040012227103748,
      "support": 1000,
      "tp": 872,
      "tn": 7777,
      "fp": 223,
      "fn": 128
    },
    "1": {
      "precision": 0.8254764292878636,
      "recall": 0.823,
      "f1": 0.8242363545317977,
      "specificity": 0.97825,
      "fpr": 0.02175,
      "fnr": 0.177,
      "auroc": 0.983331,
      "auprc": 0.9071162886437774,
      "support": 1000,
      "tp": 823,
      "tn": 7826,
      "fp": 174,
      "fn": 177
    },
    "2": {
      "precision": 0.9023638232271326,
      "recall": 0.878,
      "f1": 0.8900152052711606,
      "specificity": 0.988125,
      "fpr": 0.011875,
      "fnr": 0.122,
      "auroc": 0.99452875,
      "auprc": 0.9618992242972184,
      "support": 1000,
      "tp": 878,
      "tn": 7905,
      "fp": 95,
      "fn": 122
    },
    "3": {
      "precision": 0.7904135338345865,
      "recall": 0.841,
      "f1": 0.8149224806201549,
      "specificity": 0.972125,
      "fpr": 0.027875,
      "fnr": 0.159,
      "auroc": 0.984651125,
      "auprc": 0.8825074878981878,
      "support": 1000,
      "tp": 841,
      "tn": 7777,
      "fp": 223,
      "fn": 159
    },
    "4": {
      "precision": 0.9873015873015873,
      "recall": 0.933,
      "f1": 0.9593830334190232,
      "specificity": 0.9985,
      "fpr": 0.0015,
      "fnr": 0.067,
      "auroc": 0.99920625,
      "auprc": 0.99485376036906,
      "support": 1000,
      "tp": 933,
      "tn": 7988,
      "fp": 12,
      "fn": 67
    },
    "5": {
      "precision": 0.693854748603352,
      "recall": 0.621,
      "f1": 0.6554089709762533,
      "specificity": 0.96575,
      "fpr": 0.03425,
      "fnr": 0.379,
      "auroc": 0.9511936250000002,
      "auprc": 0.7566905115079918,
      "support": 1000,
      "tp": 621,
      "tn": 7726,
      "fp": 274,
      "fn": 379
    },
    "6": {
      "precision": 0.9105312208760484,
      "recall": 0.977,
      "f1": 0.9425952725518572,
      "specificity": 0.988,
      "fpr": 0.012,
      "fnr": 0.023,
      "auroc": 0.9982821250000001,
      "auprc": 0.9873285107932577,
      "support": 1000,
      "tp": 977,
      "tn": 7904,
      "fp": 96,
      "fn": 23
    },
    "7": {
      "precision": 0.9875647668393782,
      "recall": 0.953,
      "f1": 0.9699745547073791,
      "specificity": 0.9985,
      "fpr": 0.0015,
      "fnr": 0.047,
      "auroc": 0.9985985,
      "auprc": 0.9935363312009641,
      "support": 1000,
      "tp": 953,
      "tn": 7988,
      "fp": 12,
      "fn": 47
    },
    "8": {
      "precision": 0.9556898288016112,
      "recall": 0.949,
      "f1": 0.9523331660812844,
      "specificity": 0.9945,
      "fpr": 0.0055,
      "fnr": 0.051,
      "auroc": 0.998419625,
      "auprc": 0.9904167123016181,
      "support": 1000,
      "tp": 949,
      "tn": 7956,
      "fp": 44,
      "fn": 51
    }
  },
  "confusion_matrix": [
    [
      872,
      12,
      27,
      8,
      1,
      77,
      1,
      2,
      0
    ],
    [
      18,
      823,
      8,
      65,
      0,
      86,
      0,
      0,
      0
    ],
    [
      23,
      7,
      878,
      48,
      0,
      44,
      0,
      0,
      0
    ],
    [
      1,
      80,
      22,
      841,
      0,
      56,
      0,
      0,
      0
    ],
    [
      0,
      0,
      0,
      0,
      933,
      0,
      44,
      0,
      23
    ],
    [
      169,
      72,
      31,
      97,
      0,
      621,
      0,
      10,
      0
    ],
    [
      0,
      0,
      0,
      0,
      4,
      0,
      977,
      0,
      19
    ],
    [
      12,
      3,
      7,
      5,
      4,
      10,
      4,
      953,
      2
    ],
    [
      0,
      0,
      0,
      0,
      3,
      1,
      47,
      0,
      949
    ]
  ]
}