{
  "experiment": "exp3",
  "condition": {
    "num_classes": 8,
    "class_list": [
      0,
      1,
      2,
      3,
      4,
      5,
      6,
      9
    ],
    "class_names": [
      "T-shirt/top",
      "Trouser",
      "Pullover",
      "Dress",
      "Coat",
      "Sandal",
      "Shirt",
      "Ankle boot"
    ],
    "combo_idx": 0,
    "subset_pct": 30,
    "num_samples": 14400,
    "samples_per_class": 1800,
    "train_samples": 12960,
    "val_samples": 1440,
    "test_samples": 8000
  },
  "seed": 73962792,
  "timestamp": "2026-01-18T01:23:02.120345",
  "training_dynamics": {
    "epochs_trained": 15,
    "best_epoch": 5,
    "best_val_accuracy": 0.9041666666666667,
    "final_train_loss": 0.06771318668618871,
    "final_val_loss": 0.3562216258711285,
    "training_time_seconds": 10.008811235427856
  },
  "training_history": {
    "train_loss": [
      0.5970665570990793,
      0.39162449149662637,
      0.33071347219603403,
      0.29673855843508773,
      0.25245054334108463,
      0.22884388844221096,
      0.19655861197213823,
      0.17847809212952118,
      0.15049678617583706,
      0.13935553665121495,
      0.1147759957009642,
      0.10035367638533338,
      0.09393036119603171,
      0.07984760902785315,
      0.06771318668618871
    ],
    "val_loss": [
      0.3986891196833717,
      0.35507732894685534,
      0.32215571337276033,
      0.3052193899949392,
      0.29047084516949123,
      0.31203112138642203,
      0.32715013557010225,
      0.3417847567134433,
      0.3327033009794023,
      0.3060281223720974,
      0.3081722123755349,
      0.3566680176390542,
      0.3431060016155243,
      0.3604236553112666,
      0.3562216258711285
    ],
    "val_accuracy": [
      0.8506944444444444,
      0.8680555555555556,
      0.8840277777777777,
      0.8902777777777777,
      0.8944444444444445,
      0.8840277777777777,
      0.8875,
      0.88125,
      0.8923611111111112,
      0.8979166666666667,
      0.8979166666666667,
      0.8965277777777778,
      0.9006944444444445,
      0.9041666666666667,
      0.9041666666666667
    ]
  },
  "global_metrics": {
    "accuracy": 0.886625,
    "balanced_accuracy": 0.886625,
    "top_3_accuracy": 0.9895,
    "top_5_accuracy": 0.999375,
    "log_loss": 0.312835495786713,
    "mcc": 0.8706504756524541,
    "cohens_kappa": 0.8704285714285714,
    "precision_macro": 0.8886353037324222,
    "precision_micro": 0.886625,
    "precision_weighted": 0.8886353037324223,
    "recall_macro": 0.886625,
    "recall_micro": 0.886625,
    "recall_weighted": 0.886625,
    "f1_macro": 0.8868506067516433,
    "f1_micro": 0.886625,
    "f1_weighted": 0.8868506067516434,
    "auroc_macro": 0.9889459464285715,
    "auroc_weighted": 0.9889459464285715,
    "auprc_macro": 0.9418500956091815
  },
  "per_class_metrics": {
    "0": {
      "precision": 0.8598326359832636,
      "recall": 0.822,
      "f1": 0.8404907975460122,
      "specificity": 0.9808571428571429,
      "fpr": 0.019142857142857142,
      "fnr": 0.178,
      "auroc": 0.9877471428571429,
      "auprc": 0.9307822046418932,
      "support": 1000,
      "tp": 822,
      "tn": 6866,
      "fp": 134,
      "fn": 178
    },
    "1": {
      "precision": 0.9928352098259979,
      "recall": 0.97,
      "f1": 0.9812847749114819,
      "specificity": 0.999,
      "fpr": 0.001,
      "fnr": 0.03,
      "auroc": 0.9993535714285714,
      "auprc": 0.9973128012371288,
      "support": 1000,
      "tp": 970,
      "tn": 6993,
      "fp": 7,
      "fn": 30
    },
    "2": {
      "precision": 0.8937853107344633,
      "recall": 0.791,
      "f1": 0.8392572944297083,
      "specificity": 0.9865714285714285,
      "fpr": 0.013428571428571429,
      "fnr": 0.209,
      "auroc": 0.9849275714285716,
      "auprc": 0.9194029924590046,
      "support": 1000,
      "tp": 791,
      "tn": 6906,
      "fp": 94,
      "fn": 209
    },
    "3": {
      "precision": 0.869811320754717,
      "recall": 0.922,
      "f1": 0.8951456310679612,
      "specificity": 0.9802857142857143,
      "fpr": 0.019714285714285715,
      "fnr": 0.078,
      "auroc": 0.9940478571428571,
      "auprc": 0.961662352881075,
      "support": 1000,
      "tp": 922,
      "tn": 6862,
      "fp": 138,
      "fn": 78
    },
    "4": {
      "precision": 0.8089990817263545,
      "recall": 0.881,
      "f1": 0.8434657730971757,
      "specificity": 0.9702857142857143,
      "fpr": 0.029714285714285714,
      "fnr": 0.119,
      "auroc": 0.9866362857142857,
      "auprc": 0.9147740758414812,
      "support": 1000,
      "tp": 881,
      "tn": 6792,
      "fp": 208,
      "fn": 119
    },
    "5": {
      "precision": 0.993933265925177,
      "recall": 0.983,
      "f1": 0.9884364002011061,
      "specificity": 0.9991428571428571,
      "fpr": 0.0008571428571428571,
      "fnr": 0.017,
      "auroc": 0.9999148571428571,
      "auprc": 0.9994118177852237,
      "support": 1000,
      "tp": 983,
      "tn": 6994,
      "fp": 6,
      "fn": 17
    },
    "6": {
      "precision": 0.7057115198451114,
      "recall": 0.729,
      "f1": 0.7171667486473191,
      "specificity": 0.9565714285714285,
      "fpr": 0.04342857142857143,
      "fnr": 0.271,
      "auroc": 0.9590827142857143,
      "auprc": 0.812171314171069,
      "support": 1000,
      "tp": 729,
      "tn": 6696,
      "fp": 304,
      "fn": 271
    },
    "7": {
      "precision": 0.9841740850642928,
      "recall": 0.995,
      "f1": 0.9895574341123818,
      "specificity": 0.9977142857142857,
      "fpr": 0.002285714285714286,
      "fnr": 0.005,
      "auroc": 0.9998575714285713,
      "auprc": 0.9992832058565764,
      "support": 1000,
      "tp": 995,
      "tn": 6984,
      "fp": 16,
      "fn": 5
    }
  },
  "confusion_matrix": [
    [
      822,
      1,
      11,
      30,
      4,
      2,
      130,
      0
    ],
    [
      3,
      970,
      0,
      22,
      2,
      0,
      3,
      0
    ],
    [
      10,
      1,
      791,
      14,
      94,
      0,
      90,
      0
    ],
    [
      17,
      4,
      9,
      922,
      25,
      0,
      22,
      1
    ],
    [
      1,
      0,
      25,
      36,
      881,
      0,
      57,
      0
    ],
    [
      0,
      0,
      0,
      1,
      0,
      983,
      1,
      15
    ],
    [
      103,
      1,
      49,
      35,
      83,
      0,
      729,
      0
    ],
    [
      0,
      0,
      0,
      0,
      0,
      4,
      1,
      995
    ]
  ]
}