{
  "experiment": "exp3",
  "condition": {
    "num_classes": 9,
    "class_list": [
      0,
      1,
      2,
      3,
      4,
      5,
      6,
      7,
      8
    ],
    "class_names": [
      "T-shirt/top",
      "Trouser",
      "Pullover",
      "Dress",
      "Coat",
      "Sandal",
      "Shirt",
      "Sneaker",
      "Bag"
    ],
    "combo_idx": 0,
    "subset_pct": 100,
    "num_samples": 54000,
    "samples_per_class": 6000,
    "train_samples": 48600,
    "val_samples": 5400,
    "test_samples": 9000
  },
  "seed": 73962792,
  "timestamp": "2026-01-18T01:43:22.305844",
  "training_dynamics": {
    "epochs_trained": 18,
    "best_epoch": 8,
    "best_val_accuracy": 0.9196296296296296,
    "final_train_loss": 0.06849798268690632,
    "final_val_loss": 0.2969170432620578,
    "training_time_seconds": 40.49066710472107
  },
  "training_history": {
    "train_loss": [
      0.4422992978048952,
      0.29124850059712404,
      0.24956965539114256,
      0.22166360191706763,
      0.1991359361104275,
      0.17976430630507437,
      0.1631929289745657,
      0.14710996262484083,
      0.13525436025382462,
      0.12078367277587715,
      0.1103772631178512,
      0.10248805360721522,
      0.09289682797726097,
      0.09040262055718094,
      0.0813328394785793,
      0.0774892926945253,
      0.07550091509780797,
      0.06849798268690632
    ],
    "val_loss": [
      0.3345849702534852,
      0.274861318314517,
      0.278233223049729,
      0.24537066124103687,
      0.24204841980227718,
      0.2600372263237282,
      0.24430299158449525,
      0.23253748063687926,
      0.2679289401019061,
      0.24519043264565643,
      0.2579003409103111,
      0.2690843967817448,
      0.29888560674808645,
      0.30854977545914825,
      0.28688786016570195,
      0.29919711486057,
      0.327921677618115,
      0.2969170432620578
    ],
    "val_accuracy": [
      0.8737037037037036,
      0.9,
      0.9018518518518519,
      0.9107407407407407,
      0.9157407407407407,
      0.9020370370370371,
      0.9177777777777778,
      0.9183333333333333,
      0.9127777777777778,
      0.9177777777777778,
      0.9196296296296296,
      0.9131481481481482,
      0.9155555555555556,
      0.9085185185185185,
      0.9159259259259259,
      0.9135185185185185,
      0.9148148148148149,
      0.9155555555555556
    ]
  },
  "global_metrics": {
    "accuracy": 0.9185555555555556,
    "balanced_accuracy": 0.9185555555555555,
    "top_3_accuracy": 0.9934444444444445,
    "top_5_accuracy": 0.9988888888888889,
    "log_loss": 0.22898138866627712,
    "mcc": 0.9084117914225941,
    "cohens_kappa": 0.908375,
    "precision_macro": 0.9183279181336089,
    "precision_micro": 0.9185555555555556,
    "precision_weighted": 0.9183279181336089,
    "recall_macro": 0.9185555555555555,
    "recall_micro": 0.9185555555555556,
    "recall_weighted": 0.9185555555555556,
    "f1_macro": 0.9183022352792118,
    "f1_micro": 0.9185555555555556,
    "f1_weighted": 0.9183022352792118,
    "auroc_macro": 0.9944159305555554,
    "auroc_weighted": 0.9944159305555555,
    "auprc_macro": 0.9658821425495145
  },
  "per_class_metrics": {
    "0": {
      "precision": 0.8667972575905974,
      "recall": 0.885,
      "f1": 0.875804057397328,
      "specificity": 0.983,
      "fpr": 0.017,
      "fnr": 0.115,
      "auroc": 0.992171125,
      "auprc": 0.951851053291622,
      "support": 1000,
      "tp": 885,
      "tn": 7864,
      "fp": 136,
      "fn": 115
    },
    "1": {
      "precision": 0.9898887765419616,
      "recall": 0.979,
      "f1": 0.9844142785319256,
      "specificity": 0.99875,
      "fpr": 0.00125,
      "fnr": 0.021,
      "auroc": 0.9997512500000001,
      "auprc": 0.9986414433073483,
      "support": 1000,
      "tp": 979,
      "tn": 7990,
      "fp": 10,
      "fn": 21
    },
    "2": {
      "precision": 0.8604427333974976,
      "recall": 0.894,
      "f1": 0.8769004413928396,
      "specificity": 0.981875,
      "fpr": 0.018125,
      "fnr": 0.106,
      "auroc": 0.9917783749999998,
      "auprc": 0.9556349989393806,
      "support": 1000,
      "tp": 894,
      "tn": 7855,
      "fp": 145,
      "fn": 106
    },
    "3": {
      "precision": 0.9123661148977604,
      "recall": 0.937,
      "f1": 0.9245189935865812,
      "specificity": 0.98875,
      "fpr": 0.01125,
      "fnr": 0.063,
      "auroc": 0.99652725,
      "auprc": 0.9732891160077246,
      "support": 1000,
      "tp": 937,
      "tn": 7910,
      "fp": 90,
      "fn": 63
    },
    "4": {
      "precision": 0.8900414937759336,
      "recall": 0.858,
      "f1": 0.8737270875763746,
      "specificity": 0.98675,
      "fpr": 0.01325,
      "fnr": 0.142,
      "auroc": 0.9930994999999999,
      "auprc": 0.9488805631688412,
      "support": 1000,
      "tp": 858,
      "tn": 7894,
      "fp": 106,
      "fn": 142
    },
    "5": {
      "precision": 0.9929221435793731,
      "recall": 0.982,
      "f1": 0.987430869783811,
      "specificity": 0.999125,
      "fpr": 0.000875,
      "fnr": 0.018,
      "auroc": 0.999930375,
      "auprc": 0.9994604207486283,
      "support": 1000,
      "tp": 982,
      "tn": 7993,
      "fp": 7,
      "fn": 18
    },
    "6": {
      "precision": 0.7783558792924038,
      "recall": 0.748,
      "f1": 0.7628760836308006,
      "specificity": 0.973375,
      "fpr": 0.026625,
      "fnr": 0.252,
      "auroc": 0.9768678749999999,
      "auprc": 0.8671052814292576,
      "support": 1000,
      "tp": 748,
      "tn": 7787,
      "fp": 213,
      "fn": 252
    },
    "7": {
      "precision": 0.9861248761149654,
      "recall": 0.995,
      "f1": 0.9905425584868094,
      "specificity": 0.99825,
      "fpr": 0.00175,
      "fnr": 0.005,
      "auroc": 0.9999543750000001,
      "auprc": 0.9996341659479289,
      "support": 1000,
      "tp": 995,
      "tn": 7986,
      "fp": 14,
      "fn": 5
    },
    "8": {
      "precision": 0.988011988011988,
      "recall": 0.989,
      "f1": 0.9885057471264368,
      "specificity": 0.9985,
      "fpr": 0.0015,
      "fnr": 0.011,
      "auroc": 0.99966325,
      "auprc": 0.9984422401048983,
      "support": 1000,
      "tp": 989,
      "tn": 7988,
      "fp": 12,
      "fn": 11
    }
  },
  "confusion_matrix": [
    [
      885,
      0,
      19,
      15,
      2,
      1,
      75,
      0,
      3
    ],
    [
      2,
      979,
      0,
      13,
      0,
      0,
      4,
      0,
      2
    ],
    [
      13,
      1,
      894,
      6,
      41,
      0,
      45,
      0,
      0
    ],
    [
      12,
      3,
      12,
      937,
      12,
      0,
      24,
      0,
      0
    ],
    [
      0,
      0,
      54,
      25,
      858,
      0,
      63,
      0,
      0
    ],
    [
      1,
      0,
      0,
      1,
      0,
      982,
      0,
      14,
      2
    ],
    [
      105,
      3,
      60,
      28,
      51,
      0,
      748,
      0,
      5
    ],
    [
      0,
      0,
      0,
      0,
      0,
      5,
      0,
      995,
      0
    ],
    [
      3,
      3,
      0,
      2,
      0,
      1,
      2,
      0,
      989
    ]
  ]
}