{
  "experiment": "exp3",
  "condition": {
    "num_classes": 4,
    "class_list": [
      1,
      5,
      7,
      9
    ],
    "class_names": [
      "Trouser",
      "Sandal",
      "Sneaker",
      "Ankle boot"
    ],
    "combo_idx": 4,
    "subset_pct": 80,
    "num_samples": 19200,
    "samples_per_class": 4800,
    "train_samples": 17280,
    "val_samples": 1920,
    "test_samples": 4000
  },
  "seed": 73962792,
  "timestamp": "2026-01-18T00:45:53.170890",
  "training_dynamics": {
    "epochs_trained": 15,
    "best_epoch": 5,
    "best_val_accuracy": 0.9796875,
    "final_train_loss": 0.013158727200947464,
    "final_val_loss": 0.10862477908085566,
    "training_time_seconds": 11.872013568878174
  },
  "training_history": {
    "train_loss": [
      0.1566747464619025,
      0.07751516699790954,
      0.05640530512599205,
      0.04920973276064076,
      0.040934942953754216,
      0.03328820678019569,
      0.03069313235211195,
      0.023719598483445157,
      0.021602129764990725,
      0.023420862876722553,
      0.017430799589460044,
      0.016894947259613588,
      0.012651378512290885,
      0.010550216146253257,
      0.013158727200947464
    ],
    "val_loss": [
      0.09646256727476915,
      0.09097763060902556,
      0.11901182768245538,
      0.07396556398210426,
      0.06691721098807951,
      0.07478592519958814,
      0.0917025624619176,
      0.07115558258568247,
      0.0950591248848165,
      0.08380153529190769,
      0.08969837736415988,
      0.07829320660869901,
      0.09700171919539571,
      0.09588430633302777,
      0.10862477908085566
    ],
    "val_accuracy": [
      0.9682291666666667,
      0.9713541666666666,
      0.9635416666666666,
      0.9755208333333333,
      0.9760416666666667,
      0.9770833333333333,
      0.9734375,
      0.9796875,
      0.9760416666666667,
      0.9786458333333333,
      0.9755208333333333,
      0.9786458333333333,
      0.9776041666666667,
      0.9744791666666667,
      0.9755208333333333
    ]
  },
  "global_metrics": {
    "accuracy": 0.98175,
    "balanced_accuracy": 0.9817500000000001,
    "top_3_accuracy": 1.0,
    "top_5_accuracy": 1.0,
    "log_loss": 0.053322826935472335,
    "mcc": 0.9756691871486557,
    "cohens_kappa": 0.9756666666666667,
    "precision_macro": 0.9817836759974662,
    "precision_micro": 0.98175,
    "precision_weighted": 0.9817836759974662,
    "recall_macro": 0.9817500000000001,
    "recall_micro": 0.98175,
    "recall_weighted": 0.98175,
    "f1_macro": 0.98176304109518,
    "f1_micro": 0.98175,
    "f1_weighted": 0.9817630410951799,
    "auroc_macro": 0.9990935000000001,
    "auroc_weighted": 0.9990935,
    "auprc_macro": 0.9974009048751608
  },
  "per_class_metrics": {
    "0": {
      "precision": 1.0,
      "recall": 1.0,
      "f1": 1.0,
      "specificity": 1.0,
      "fpr": 0.0,
      "fnr": 0.0,
      "auroc": 1.0,
      "auprc": 1.0,
      "support": 1000,
      "tp": 1000,
      "tn": 3000,
      "fp": 0,
      "fn": 0
    },
    "1": {
      "precision": 0.9889336016096579,
      "recall": 0.983,
      "f1": 0.9859578736208625,
      "specificity": 0.9963333333333333,
      "fpr": 0.0036666666666666666,
      "fnr": 0.017,
      "auroc": 0.9993583333333333,
      "auprc": 0.9986640897054306,
      "support": 1000,
      "tp": 983,
      "tn": 2989,
      "fp": 11,
      "fn": 17
    },
    "2": {
      "precision": 0.9651741293532339,
      "recall": 0.97,
      "f1": 0.9675810473815462,
      "specificity": 0.9883333333333333,
      "fpr": 0.011666666666666667,
      "fnr": 0.03,
      "auroc": 0.9982346666666667,
      "auprc": 0.9944789564387123,
      "support": 1000,
      "tp": 970,
      "tn": 2965,
      "fp": 35,
      "fn": 30
    },
    "3": {
      "precision": 0.973026973026973,
      "recall": 0.974,
      "f1": 0.9735132433783108,
      "specificity": 0.991,
      "fpr": 0.009,
      "fnr": 0.026,
      "auroc": 0.9987809999999999,
      "auprc": 0.9964605733564998,
      "support": 1000,
      "tp": 974,
      "tn": 2973,
      "fp": 27,
      "fn": 26
    }
  },
  "confusion_matrix": [
    [
      1000,
      0,
      0,
      0
    ],
    [
      0,
      983,
      15,
      2
    ],
    [
      0,
      5,
      970,
      25
    ],
    [
      0,
      6,
      20,
      974
    ]
  ]
}