{
  "experiment": "exp3",
  "condition": {
    "num_classes": 8,
    "class_list": [
      0,
      1,
      3,
      4,
      5,
      6,
      7,
      8
    ],
    "class_names": [
      "T-shirt/top",
      "Trouser",
      "Dress",
      "Coat",
      "Sandal",
      "Shirt",
      "Sneaker",
      "Bag"
    ],
    "combo_idx": 1,
    "subset_pct": 20,
    "num_samples": 9600,
    "samples_per_class": 1200,
    "train_samples": 8640,
    "val_samples": 960,
    "test_samples": 8000
  },
  "seed": 73962792,
  "timestamp": "2026-01-18T01:26:02.818580",
  "training_dynamics": {
    "epochs_trained": 14,
    "best_epoch": 4,
    "best_val_accuracy": 0.9166666666666666,
    "final_train_loss": 0.05123143275095909,
    "final_val_loss": 0.36316992826759814,
    "training_time_seconds": 5.459768056869507
  },
  "training_history": {
    "train_loss": [
      0.5684258030520545,
      0.33082432768963,
      0.26826479732990266,
      0.22567474985564195,
      0.19962226213128478,
      0.16604697541506203,
      0.14382356717078773,
      0.13068871302185237,
      0.11518772169947625,
      0.08441450961486056,
      0.0804823757218266,
      0.07169006651750318,
      0.057706181332468985,
      0.05123143275095909
    ],
    "val_loss": [
      0.36408595542112987,
      0.3065844347079595,
      0.28626068234443663,
      0.23496874868869783,
      0.257771043976148,
      0.27568695147832234,
      0.257831284403801,
      0.269756747285525,
      0.24977405567963917,
      0.2898873915274938,
      0.2877465779582659,
      0.3084092562397321,
      0.3388656362891197,
      0.36316992826759814
    ],
    "val_accuracy": [
      0.8614583333333333,
      0.88125,
      0.8864583333333333,
      0.9052083333333333,
      0.9020833333333333,
      0.8916666666666667,
      0.90625,
      0.896875,
      0.9125,
      0.9166666666666666,
      0.9166666666666666,
      0.9104166666666667,
      0.9041666666666667,
      0.9052083333333333
    ]
  },
  "global_metrics": {
    "accuracy": 0.898,
    "balanced_accuracy": 0.8979999999999999,
    "top_3_accuracy": 0.99325,
    "top_5_accuracy": 0.9995,
    "log_loss": 0.27116548982333427,
    "mcc": 0.8835450492768185,
    "cohens_kappa": 0.8834285714285715,
    "precision_macro": 0.8983079849318278,
    "precision_micro": 0.898,
    "precision_weighted": 0.8983079849318278,
    "recall_macro": 0.8979999999999999,
    "recall_micro": 0.898,
    "recall_weighted": 0.898,
    "f1_macro": 0.8977781629802479,
    "f1_micro": 0.898,
    "f1_weighted": 0.8977781629802479,
    "auroc_macro": 0.9910049285714285,
    "auroc_weighted": 0.9910049285714285,
    "auprc_macro": 0.9515198566598998
  },
  "per_class_metrics": {
    "0": {
      "precision": 0.7968892955169259,
      "recall": 0.871,
      "f1": 0.8322981366459627,
      "specificity": 0.9682857142857143,
      "fpr": 0.031714285714285716,
      "fnr": 0.129,
      "auroc": 0.9861394285714284,
      "auprc": 0.9143436936331275,
      "support": 1000,
      "tp": 871,
      "tn": 6778,
      "fp": 222,
      "fn": 129
    },
    "1": {
      "precision": 0.9898167006109979,
      "recall": 0.972,
      "f1": 0.9808274470232089,
      "specificity": 0.9985714285714286,
      "fpr": 0.0014285714285714286,
      "fnr": 0.028,
      "auroc": 0.9993762857142857,
      "auprc": 0.9969963218943219,
      "support": 1000,
      "tp": 972,
      "tn": 6990,
      "fp": 10,
      "fn": 28
    },
    "2": {
      "precision": 0.8963414634146342,
      "recall": 0.882,
      "f1": 0.8891129032258064,
      "specificity": 0.9854285714285714,
      "fpr": 0.014571428571428572,
      "fnr": 0.118,
      "auroc": 0.9931624285714287,
      "auprc": 0.9557034872235014,
      "support": 1000,
      "tp": 882,
      "tn": 6898,
      "fp": 102,
      "fn": 118
    },
    "3": {
      "precision": 0.8819148936170212,
      "recall": 0.829,
      "f1": 0.854639175257732,
      "specificity": 0.9841428571428571,
      "fpr": 0.015857142857142858,
      "fnr": 0.171,
      "auroc": 0.9913928571428572,
      "auprc": 0.9463056031789601,
      "support": 1000,
      "tp": 829,
      "tn": 6889,
      "fp": 111,
      "fn": 171
    },
    "4": {
      "precision": 0.974180734856008,
      "recall": 0.981,
      "f1": 0.9775784753363229,
      "specificity": 0.9962857142857143,
      "fpr": 0.0037142857142857142,
      "fnr": 0.019,
      "auroc": 0.9995838571428571,
      "auprc": 0.9975456422217079,
      "support": 1000,
      "tp": 981,
      "tn": 6974,
      "fp": 26,
      "fn": 19
    },
    "5": {
      "precision": 0.7110423116615067,
      "recall": 0.689,
      "f1": 0.6998476383951244,
      "specificity": 0.96,
      "fpr": 0.04,
      "fnr": 0.311,
      "auroc": 0.959897857142857,
      "auprc": 0.8087309990326632,
      "support": 1000,
      "tp": 689,
      "tn": 6720,
      "fp": 280,
      "fn": 311
    },
    "6": {
      "precision": 0.9819095477386934,
      "recall": 0.977,
      "f1": 0.9794486215538847,
      "specificity": 0.9974285714285714,
      "fpr": 0.0025714285714285713,
      "fnr": 0.023,
      "auroc": 0.9996905714285714,
      "auprc": 0.997633216376447,
      "support": 1000,
      "tp": 977,
      "tn": 6982,
      "fp": 18,
      "fn": 23
    },
    "7": {
      "precision": 0.954368932038835,
      "recall": 0.983,
      "f1": 0.9684729064039409,
      "specificity": 0.9932857142857143,
      "fpr": 0.006714285714285714,
      "fnr": 0.017,
      "auroc": 0.9987961428571428,
      "auprc": 0.9948998897184693,
      "support": 1000,
      "tp": 983,
      "tn": 6953,
      "fp": 47,
      "fn": 17
    }
  },
  "confusion_matrix": [
    [
      871,
      1,
      12,
      4,
      1,
      98,
      0,
      13
    ],
    [
      6,
      972,
      12,
      3,
      0,
      5,
      0,
      2
    ],
    [
      35,
      7,
      882,
      16,
      0,
      60,
      0,
      0
    ],
    [
      1,
      1,
      51,
      829,
      0,
      115,
      0,
      3
    ],
    [
      0,
      0,
      0,
      0,
      981,
      0,
      17,
      2
    ],
    [
      178,
      0,
      22,
      85,
      0,
      689,
      0,
      26
    ],
    [
      0,
      0,
      0,
      0,
      22,
      0,
      977,
      1
    ],
    [
      2,
      1,
      5,
      3,
      3,
      2,
      1,
      983
    ]
  ]
}