{
  "experiment": "exp3",
  "condition": {
    "num_classes": 9,
    "class_list": [
      0,
      2,
      3,
      4,
      5,
      6,
      7,
      8,
      9
    ],
    "class_names": [
      "T-shirt/top",
      "Pullover",
      "Dress",
      "Coat",
      "Sandal",
      "Shirt",
      "Sneaker",
      "Bag",
      "Ankle boot"
    ],
    "combo_idx": 4,
    "subset_pct": 70,
    "num_samples": 37800,
    "samples_per_class": 4200,
    "train_samples": 34020,
    "val_samples": 3780,
    "test_samples": 9000
  },
  "seed": 73962792,
  "timestamp": "2026-01-18T01:57:08.040826",
  "training_dynamics": {
    "epochs_trained": 15,
    "best_epoch": 5,
    "best_val_accuracy": 0.9137566137566138,
    "final_train_loss": 0.08027126994141538,
    "final_val_loss": 0.3285605373836699,
    "training_time_seconds": 24.691624879837036
  },
  "training_history": {
    "train_loss": [
      0.5101547697488975,
      0.3320097593044428,
      0.28261340100010085,
      0.24590590317502506,
      0.2217108981431763,
      0.19883848101432836,
      0.1790484673014485,
      0.15991047748077408,
      0.14668494380338298,
      0.13102262597040912,
      0.11948231323727203,
      0.10450462672222209,
      0.0927958812063938,
      0.08742182656485391,
      0.08027126994141538
    ],
    "val_loss": [
      0.3267173303498162,
      0.28920498588097787,
      0.2848362846349282,
      0.28343348307584326,
      0.24858553157281624,
      0.26117336787874734,
      0.263721995631223,
      0.25544561690123624,
      0.27577442952564785,
      0.27308550726169,
      0.31092878548556535,
      0.30227490581532634,
      0.293461157026745,
      0.2968722777391868,
      0.3285605373836699
    ],
    "val_accuracy": [
      0.8801587301587301,
      0.8968253968253969,
      0.8973544973544973,
      0.8973544973544973,
      0.91005291005291,
      0.91005291005291,
      0.9084656084656084,
      0.9134920634920635,
      0.9134920634920635,
      0.9097883597883598,
      0.9015873015873016,
      0.9079365079365079,
      0.9137566137566138,
      0.9105820105820106,
      0.9058201058201059
    ]
  },
  "global_metrics": {
    "accuracy": 0.907,
    "balanced_accuracy": 0.907,
    "top_3_accuracy": 0.9934444444444445,
    "top_5_accuracy": 0.9988888888888889,
    "log_loss": 0.2602822552531793,
    "mcc": 0.8956139119986812,
    "cohens_kappa": 0.895375,
    "precision_macro": 0.9057200005677805,
    "precision_micro": 0.907,
    "precision_weighted": 0.9057200005677806,
    "recall_macro": 0.907,
    "recall_micro": 0.907,
    "recall_weighted": 0.907,
    "f1_macro": 0.9054305075958499,
    "f1_micro": 0.907,
    "f1_weighted": 0.9054305075958499,
    "auroc_macro": 0.9932992083333332,
    "auroc_weighted": 0.9932992083333332,
    "auprc_macro": 0.9590891771352733
  },
  "per_class_metrics": {
    "0": {
      "precision": 0.8436911487758946,
      "recall": 0.896,
      "f1": 0.8690591658583899,
      "specificity": 0.97925,
      "fpr": 0.02075,
      "fnr": 0.104,
      "auroc": 0.99056575,
      "auprc": 0.9421840813778579,
      "support": 1000,
      "tp": 896,
      "tn": 7834,
      "fp": 166,
      "fn": 104
    },
    "1": {
      "precision": 0.8752535496957403,
      "recall": 0.863,
      "f1": 0.8690835850956696,
      "specificity": 0.984625,
      "fpr": 0.015375,
      "fnr": 0.137,
      "auroc": 0.989808625,
      "auprc": 0.94114365282642,
      "support": 1000,
      "tp": 863,
      "tn": 7877,
      "fp": 123,
      "fn": 137
    },
    "2": {
      "precision": 0.8857677902621723,
      "recall": 0.946,
      "f1": 0.9148936170212766,
      "specificity": 0.98475,
      "fpr": 0.01525,
      "fnr": 0.054,
      "auroc": 0.9962168749999999,
      "auprc": 0.9734390332749671,
      "support": 1000,
      "tp": 946,
      "tn": 7878,
      "fp": 122,
      "fn": 54
    },
    "3": {
      "precision": 0.8547918683446273,
      "recall": 0.883,
      "f1": 0.8686669945892769,
      "specificity": 0.98125,
      "fpr": 0.01875,
      "fnr": 0.117,
      "auroc": 0.9922402499999999,
      "auprc": 0.9424446199796792,
      "support": 1000,
      "tp": 883,
      "tn": 7850,
      "fp": 150,
      "fn": 117
    },
    "4": {
      "precision": 0.982089552238806,
      "recall": 0.987,
      "f1": 0.9845386533665835,
      "specificity": 0.99775,
      "fpr": 0.00225,
      "fnr": 0.013,
      "auroc": 0.999739875,
      "auprc": 0.9980947397408221,
      "support": 1000,
      "tp": 987,
      "tn": 7982,
      "fp": 18,
      "fn": 13
    },
    "5": {
      "precision": 0.8064903846153846,
      "recall": 0.671,
      "f1": 0.732532751091703,
      "specificity": 0.979875,
      "fpr": 0.020125,
      "fnr": 0.329,
      "auroc": 0.9729805,
      "auprc": 0.8470674992092776,
      "support": 1000,
      "tp": 671,
      "tn": 7839,
      "fp": 161,
      "fn": 329
    },
    "6": {
      "precision": 0.9666666666666667,
      "recall": 0.957,
      "f1": 0.9618090452261306,
      "specificity": 0.995875,
      "fpr": 0.004125,
      "fnr": 0.043,
      "auroc": 0.9992043749999999,
      "auprc": 0.994029694113394,
      "support": 1000,
      "tp": 957,
      "tn": 7967,
      "fp": 33,
      "fn": 43
    },
    "7": {
      "precision": 0.9733990147783251,
      "recall": 0.988,
      "f1": 0.9806451612903226,
      "specificity": 0.996625,
      "fpr": 0.003375,
      "fnr": 0.012,
      "auroc": 0.99979475,
      "auprc": 0.9986040987550651,
      "support": 1000,
      "tp": 988,
      "tn": 7973,
      "fp": 27,
      "fn": 12
    },
    "8": {
      "precision": 0.9633300297324083,
      "recall": 0.972,
      "f1": 0.9676455948232953,
      "specificity": 0.995375,
      "fpr": 0.004625,
      "fnr": 0.028,
      "auroc": 0.9991418750000001,
      "auprc": 0.9947951749399763,
      "support": 1000,
      "tp": 972,
      "tn": 7963,
      "fp": 37,
      "fn": 28
    }
  },
  "confusion_matrix": [
    [
      896,
      18,
      21,
      1,
      3,
      51,
      0,
      10,
      0
    ],
    [
      15,
      863,
      10,
      54,
      0,
      55,
      0,
      3,
      0
    ],
    [
      9,
      12,
      946,
      11,
      0,
      19,
      0,
      2,
      1
    ],
    [
      1,
      34,
      45,
      883,
      0,
      35,
      0,
      2,
      0
    ],
    [
      0,
      0,
      0,
      0,
      987,
      0,
      8,
      2,
      3
    ],
    [
      141,
      57,
      41,
      82,
      0,
      671,
      0,
      8,
      0
    ],
    [
      0,
      0,
      0,
      0,
      10,
      0,
      957,
      0,
      33
    ],
    [
      0,
      2,
      5,
      2,
      1,
      0,
      2,
      988,
      0
    ],
    [
      0,
      0,
      0,
      0,
      4,
      1,
      23,
      0,
      972
    ]
  ]
}