{
  "experiment": "exp3",
  "condition": {
    "num_classes": 9,
    "class_list": [
      0,
      2,
      3,
      4,
      5,
      6,
      7,
      8,
      9
    ],
    "class_names": [
      "T-shirt/top",
      "Pullover",
      "Dress",
      "Coat",
      "Sandal",
      "Shirt",
      "Sneaker",
      "Bag",
      "Ankle boot"
    ],
    "combo_idx": 4,
    "subset_pct": 80,
    "num_samples": 43200,
    "samples_per_class": 4800,
    "train_samples": 38880,
    "val_samples": 4320,
    "test_samples": 9000
  },
  "seed": 73962792,
  "timestamp": "2026-01-18T01:57:40.649460",
  "training_dynamics": {
    "epochs_trained": 17,
    "best_epoch": 7,
    "best_val_accuracy": 0.9173611111111111,
    "final_train_loss": 0.07260459759709192,
    "final_val_loss": 0.3028776482851417,
    "training_time_seconds": 32.12231254577637
  },
  "training_history": {
    "train_loss": [
      0.4840970605758852,
      0.3208346054399092,
      0.27237511410279885,
      0.2422165121074374,
      0.21509131310679214,
      0.19473563728082044,
      0.17499757579705483,
      0.15638877292114653,
      0.14306171744829044,
      0.12646296002448684,
      0.1174412605239348,
      0.10667438085089855,
      0.10031994536371999,
      0.09280474591804178,
      0.08087693000446675,
      0.07729626137542685,
      0.07260459759709192
    ],
    "val_loss": [
      0.32644078665309484,
      0.2765910396973292,
      0.2701294853731438,
      0.264469564181787,
      0.28257187163388287,
      0.2873487013357657,
      0.24690493466677488,
      0.25189527217988616,
      0.2550118488294107,
      0.27486440335158946,
      0.26009821770367797,
      0.27808602700630825,
      0.268190107135861,
      0.2980884603328175,
      0.2759473165980092,
      0.2840930079420408,
      0.3028776482851417
    ],
    "val_accuracy": [
      0.8791666666666667,
      0.8958333333333334,
      0.9013888888888889,
      0.8986111111111111,
      0.8965277777777778,
      0.9016203703703703,
      0.9127314814814815,
      0.9076388888888889,
      0.9118055555555555,
      0.9127314814814815,
      0.9145833333333333,
      0.9125,
      0.9173611111111111,
      0.913425925925926,
      0.9143518518518519,
      0.9127314814814815,
      0.9155092592592593
    ]
  },
  "global_metrics": {
    "accuracy": 0.9081111111111111,
    "balanced_accuracy": 0.9081111111111111,
    "top_3_accuracy": 0.9938888888888889,
    "top_5_accuracy": 0.9994444444444445,
    "log_loss": 0.26675217927661016,
    "mcc": 0.8968715365351049,
    "cohens_kappa": 0.896625,
    "precision_macro": 0.9085907856990573,
    "precision_micro": 0.9081111111111111,
    "precision_weighted": 0.908590785699057,
    "recall_macro": 0.9081111111111111,
    "recall_micro": 0.9081111111111111,
    "recall_weighted": 0.9081111111111111,
    "f1_macro": 0.907476056759012,
    "f1_micro": 0.9081111111111111,
    "f1_weighted": 0.9074760567590119,
    "auroc_macro": 0.993801125,
    "auroc_weighted": 0.993801125,
    "auprc_macro": 0.9621000251003728
  },
  "per_class_metrics": {
    "0": {
      "precision": 0.8599412340842312,
      "recall": 0.878,
      "f1": 0.8688767936665017,
      "specificity": 0.982125,
      "fpr": 0.017875,
      "fnr": 0.122,
      "auroc": 0.991891,
      "auprc": 0.9479032778583508,
      "support": 1000,
      "tp": 878,
      "tn": 7857,
      "fp": 143,
      "fn": 122
    },
    "1": {
      "precision": 0.8997890295358649,
      "recall": 0.853,
      "f1": 0.8757700205338809,
      "specificity": 0.988125,
      "fpr": 0.011875,
      "fnr": 0.147,
      "auroc": 0.990979625,
      "auprc": 0.9481710132618001,
      "support": 1000,
      "tp": 853,
      "tn": 7905,
      "fp": 95,
      "fn": 147
    },
    "2": {
      "precision": 0.9382716049382716,
      "recall": 0.912,
      "f1": 0.9249492900608518,
      "specificity": 0.9925,
      "fpr": 0.0075,
      "fnr": 0.088,
      "auroc": 0.996914375,
      "auprc": 0.9754726405722024,
      "support": 1000,
      "tp": 912,
      "tn": 7940,
      "fp": 60,
      "fn": 88
    },
    "3": {
      "precision": 0.8074588031222897,
      "recall": 0.931,
      "f1": 0.8648397584765445,
      "specificity": 0.97225,
      "fpr": 0.02775,
      "fnr": 0.069,
      "auroc": 0.9928975,
      "auprc": 0.9490376856055008,
      "support": 1000,
      "tp": 931,
      "tn": 7778,
      "fp": 222,
      "fn": 69
    },
    "4": {
      "precision": 0.9808080808080808,
      "recall": 0.971,
      "f1": 0.9758793969849245,
      "specificity": 0.997625,
      "fpr": 0.002375,
      "fnr": 0.029,
      "auroc": 0.9997343750000001,
      "auprc": 0.9981564278974048,
      "support": 1000,
      "tp": 971,
      "tn": 7981,
      "fp": 19,
      "fn": 29
    },
    "5": {
      "precision": 0.7877094972067039,
      "recall": 0.705,
      "f1": 0.7440633245382585,
      "specificity": 0.97625,
      "fpr": 0.02375,
      "fnr": 0.295,
      "auroc": 0.973435,
      "auprc": 0.8516328373281195,
      "support": 1000,
      "tp": 705,
      "tn": 7810,
      "fp": 190,
      "fn": 295
    },
    "6": {
      "precision": 0.9465500485908649,
      "recall": 0.974,
      "f1": 0.9600788565795958,
      "specificity": 0.993125,
      "fpr": 0.006875,
      "fnr": 0.026,
      "auroc": 0.9992893749999999,
      "auprc": 0.9943676491587613,
      "support": 1000,
      "tp": 974,
      "tn": 7945,
      "fp": 55,
      "fn": 26
    },
    "7": {
      "precision": 0.9801390268123138,
      "recall": 0.987,
      "f1": 0.9835575485799701,
      "specificity": 0.9975,
      "fpr": 0.0025,
      "fnr": 0.013,
      "auroc": 0.9998302499999999,
      "auprc": 0.9987988427006848,
      "support": 1000,
      "tp": 987,
      "tn": 7980,
      "fp": 20,
      "fn": 13
    },
    "8": {
      "precision": 0.9766497461928934,
      "recall": 0.962,
      "f1": 0.9692695214105793,
      "specificity": 0.997125,
      "fpr": 0.002875,
      "fnr": 0.038,
      "auroc": 0.999238625,
      "auprc": 0.9953598515205319,
      "support": 1000,
      "tp": 962,
      "tn": 7977,
      "fp": 23,
      "fn": 38
    }
  },
  "confusion_matrix": [
    [
      878,
      14,
      11,
      6,
      1,
      84,
      0,
      6,
      0
    ],
    [
      12,
      853,
      8,
      72,
      0,
      55,
      0,
      0,
      0
    ],
    [
      19,
      6,
      912,
      33,
      0,
      29,
      0,
      1,
      0
    ],
    [
      1,
      28,
      17,
      931,
      0,
      21,
      0,
      2,
      0
    ],
    [
      0,
      0,
      0,
      0,
      971,
      0,
      19,
      0,
      10
    ],
    [
      107,
      46,
      23,
      108,
      0,
      705,
      0,
      11,
      0
    ],
    [
      0,
      0,
      0,
      0,
      13,
      0,
      974,
      0,
      13
    ],
    [
      4,
      1,
      1,
      3,
      1,
      0,
      3,
      987,
      0
    ],
    [
      0,
      0,
      0,
      0,
      4,
      1,
      33,
      0,
      962
    ]
  ]
}