{
  "experiment": "exp3",
  "condition": {
    "num_classes": 3,
    "class_list": [
      0,
      6,
      8
    ],
    "class_names": [
      "T-shirt/top",
      "Shirt",
      "Bag"
    ],
    "combo_idx": 1,
    "subset_pct": 90,
    "num_samples": 16200,
    "samples_per_class": 5400,
    "train_samples": 14580,
    "val_samples": 1620,
    "test_samples": 3000
  },
  "seed": 73962792,
  "timestamp": "2026-01-18T00:31:48.644378",
  "training_dynamics": {
    "epochs_trained": 15,
    "best_epoch": 5,
    "best_val_accuracy": 0.9376543209876543,
    "final_train_loss": 0.05220802408324456,
    "final_val_loss": 0.2868873710249677,
    "training_time_seconds": 9.809928894042969
  },
  "training_history": {
    "train_loss": [
      0.3139609878131172,
      0.22233205360540173,
      0.19110644708403893,
      0.16839743591845036,
      0.14943775796053702,
      0.1299061222786182,
      0.11758845833767402,
      0.09880170918053441,
      0.09086327823573365,
      0.079429348152572,
      0.06669564400962963,
      0.06200235563416132,
      0.0581384807816919,
      0.04871599202446656,
      0.05220802408324456
    ],
    "val_loss": [
      0.2442146489649643,
      0.22738367090990513,
      0.21563469535774654,
      0.1850331328165384,
      0.16224319692011233,
      0.22005279770603886,
      0.19787147826986548,
      0.17818245712989642,
      0.2458557194765703,
      0.20116628235504952,
      0.25217397065810215,
      0.22638396193951738,
      0.2180052822754707,
      0.23906196149778955,
      0.2868873710249677
    ],
    "val_accuracy": [
      0.9030864197530865,
      0.8932098765432098,
      0.9030864197530865,
      0.9154320987654321,
      0.9376543209876543,
      0.9067901234567901,
      0.9148148148148149,
      0.9246913580246914,
      0.912962962962963,
      0.9265432098765433,
      0.9166666666666666,
      0.9259259259259259,
      0.9259259259259259,
      0.9333333333333333,
      0.9209876543209876
    ]
  },
  "global_metrics": {
    "accuracy": 0.9203333333333333,
    "balanced_accuracy": 0.9203333333333333,
    "top_3_accuracy": 1.0,
    "top_5_accuracy": 1.0,
    "log_loss": 0.18614789131295598,
    "mcc": 0.8806014217709472,
    "cohens_kappa": 0.8805000000000001,
    "precision_macro": 0.9201579578726191,
    "precision_micro": 0.9203333333333333,
    "precision_weighted": 0.9201579578726191,
    "recall_macro": 0.9203333333333333,
    "recall_micro": 0.9203333333333333,
    "recall_weighted": 0.9203333333333333,
    "f1_macro": 0.9201411820498505,
    "f1_micro": 0.9203333333333333,
    "f1_weighted": 0.9201411820498506,
    "auroc_macro": 0.9861495000000001,
    "auroc_weighted": 0.9861495,
    "auprc_macro": 0.9736875375617005
  },
  "per_class_metrics": {
    "0": {
      "precision": 0.8773307163886163,
      "recall": 0.894,
      "f1": 0.8855869242199108,
      "specificity": 0.9375,
      "fpr": 0.0625,
      "fnr": 0.106,
      "auroc": 0.979199,
      "auprc": 0.9586637352607118,
      "support": 1000,
      "tp": 894,
      "tn": 1875,
      "fp": 125,
      "fn": 106
    },
    "1": {
      "precision": 0.8989690721649485,
      "recall": 0.872,
      "f1": 0.8852791878172589,
      "specificity": 0.951,
      "fpr": 0.049,
      "fnr": 0.128,
      "auroc": 0.979649,
      "auprc": 0.9630450787135469,
      "support": 1000,
      "tp": 872,
      "tn": 1902,
      "fp": 98,
      "fn": 128
    },
    "2": {
      "precision": 0.9841740850642928,
      "recall": 0.995,
      "f1": 0.9895574341123818,
      "specificity": 0.992,
      "fpr": 0.008,
      "fnr": 0.005,
      "auroc": 0.9996005,
      "auprc": 0.9993537987108426,
      "support": 1000,
      "tp": 995,
      "tn": 1984,
      "fp": 16,
      "fn": 5
    }
  },
  "confusion_matrix": [
    [
      894,
      95,
      11
    ],
    [
      123,
      872,
      5
    ],
    [
      2,
      3,
      995
    ]
  ]
}