{
  "experiment": "exp3",
  "condition": {
    "num_classes": 9,
    "class_list": [
      0,
      1,
      2,
      3,
      4,
      5,
      6,
      7,
      9
    ],
    "class_names": [
      "T-shirt/top",
      "Trouser",
      "Pullover",
      "Dress",
      "Coat",
      "Sandal",
      "Shirt",
      "Sneaker",
      "Ankle boot"
    ],
    "combo_idx": 1,
    "subset_pct": 60,
    "num_samples": 32400,
    "samples_per_class": 3600,
    "train_samples": 29160,
    "val_samples": 3240,
    "test_samples": 9000
  },
  "seed": 73962792,
  "timestamp": "2026-01-18T01:44:51.061600",
  "training_dynamics": {
    "epochs_trained": 19,
    "best_epoch": 9,
    "best_val_accuracy": 0.9175925925925926,
    "final_train_loss": 0.056936519683579705,
    "final_val_loss": 0.38355000644554327,
    "training_time_seconds": 26.79741096496582
  },
  "training_history": {
    "train_loss": [
      0.5181734689364308,
      0.34744435535711155,
      0.2934339785654294,
      0.2601349200693923,
      0.2320794346660637,
      0.21001290698257977,
      0.18541346605573045,
      0.16197075490562016,
      0.14667836545656124,
      0.13613621011915567,
      0.11470725774773184,
      0.1106496535837977,
      0.0936069556536447,
      0.08448301308396224,
      0.07678973074520432,
      0.06896189104545077,
      0.0677579110534249,
      0.05885378117422908,
      0.056936519683579705
    ],
    "val_loss": [
      0.3497408903675315,
      0.3061432901723885,
      0.28342398239506617,
      0.2735770929374813,
      0.24897345227223855,
      0.26247630803673355,
      0.26287487634906065,
      0.26415337272632267,
      0.24610316142623806,
      0.25041114967546346,
      0.28591076297524537,
      0.27588484508019906,
      0.29347449125331126,
      0.3073095538733918,
      0.29973455994953346,
      0.33612089922398697,
      0.3179843623697022,
      0.3640606031741625,
      0.38355000644554327
    ],
    "val_accuracy": [
      0.8632716049382716,
      0.8830246913580246,
      0.891358024691358,
      0.8972222222222223,
      0.907716049382716,
      0.9046296296296297,
      0.9055555555555556,
      0.9024691358024691,
      0.9132716049382716,
      0.9151234567901234,
      0.9092592592592592,
      0.9104938271604939,
      0.9163580246913581,
      0.9089506172839507,
      0.9154320987654321,
      0.9049382716049382,
      0.9175925925925926,
      0.9058641975308642,
      0.908641975308642
    ]
  },
  "global_metrics": {
    "accuracy": 0.906,
    "balanced_accuracy": 0.906,
    "top_3_accuracy": 0.994,
    "top_5_accuracy": 0.9993333333333333,
    "log_loss": 0.26612571960395187,
    "mcc": 0.894426554866745,
    "cohens_kappa": 0.89425,
    "precision_macro": 0.9057060058941,
    "precision_micro": 0.906,
    "precision_weighted": 0.9057060058941,
    "recall_macro": 0.906,
    "recall_micro": 0.906,
    "recall_weighted": 0.906,
    "f1_macro": 0.9051795025285201,
    "f1_micro": 0.906,
    "f1_weighted": 0.9051795025285202,
    "auroc_macro": 0.9932302430555556,
    "auroc_weighted": 0.9932302430555555,
    "auprc_macro": 0.9584795749446529
  },
  "per_class_metrics": {
    "0": {
      "precision": 0.8555240793201133,
      "recall": 0.906,
      "f1": 0.8800388538125304,
      "specificity": 0.980875,
      "fpr": 0.019125,
      "fnr": 0.094,
      "auroc": 0.9915528125,
      "auprc": 0.9460097503404219,
      "support": 1000,
      "tp": 906,
      "tn": 7847,
      "fp": 153,
      "fn": 94
    },
    "1": {
      "precision": 0.9899497487437185,
      "recall": 0.985,
      "f1": 0.9874686716791979,
      "specificity": 0.99875,
      "fpr": 0.00125,
      "fnr": 0.015,
      "auroc": 0.99958025,
      "auprc": 0.9985546147091745,
      "support": 1000,
      "tp": 985,
      "tn": 7990,
      "fp": 10,
      "fn": 15
    },
    "2": {
      "precision": 0.8375586854460094,
      "recall": 0.892,
      "f1": 0.8639225181598064,
      "specificity": 0.978375,
      "fpr": 0.021625,
      "fnr": 0.108,
      "auroc": 0.9901597499999999,
      "auprc": 0.9433414028746717,
      "support": 1000,
      "tp": 892,
      "tn": 7827,
      "fp": 173,
      "fn": 108
    },
    "3": {
      "precision": 0.9204081632653062,
      "recall": 0.902,
      "f1": 0.9111111111111112,
      "specificity": 0.99025,
      "fpr": 0.00975,
      "fnr": 0.098,
      "auroc": 0.9961142500000001,
      "auprc": 0.9707452020691837,
      "support": 1000,
      "tp": 902,
      "tn": 7922,
      "fp": 78,
      "fn": 98
    },
    "4": {
      "precision": 0.8405797101449275,
      "recall": 0.87,
      "f1": 0.855036855036855,
      "specificity": 0.979375,
      "fpr": 0.020625,
      "fnr": 0.13,
      "auroc": 0.9904377500000001,
      "auprc": 0.9293488680605301,
      "support": 1000,
      "tp": 870,
      "tn": 7835,
      "fp": 165,
      "fn": 130
    },
    "5": {
      "precision": 0.9897959183673469,
      "recall": 0.97,
      "f1": 0.9797979797979798,
      "specificity": 0.99875,
      "fpr": 0.00125,
      "fnr": 0.03,
      "auroc": 0.99969425,
      "auprc": 0.9978485590485915,
      "support": 1000,
      "tp": 970,
      "tn": 7990,
      "fp": 10,
      "fn": 30
    },
    "6": {
      "precision": 0.8034682080924855,
      "recall": 0.695,
      "f1": 0.745308310991957,
      "specificity": 0.97875,
      "fpr": 0.02125,
      "fnr": 0.305,
      "auroc": 0.973211125,
      "auprc": 0.8521704383910446,
      "support": 1000,
      "tp": 695,
      "tn": 7830,
      "fp": 170,
      "fn": 305
    },
    "7": {
      "precision": 0.9490695396669931,
      "recall": 0.969,
      "f1": 0.9589312221672439,
      "specificity": 0.9935,
      "fpr": 0.0065,
      "fnr": 0.031,
      "auroc": 0.998944875,
      "auprc": 0.9929466411487435,
      "support": 1000,
      "tp": 969,
      "tn": 7948,
      "fp": 52,
      "fn": 31
    },
    "8": {
      "precision": 0.965,
      "recall": 0.965,
      "f1": 0.965,
      "specificity": 0.995625,
      "fpr": 0.004375,
      "fnr": 0.035,
      "auroc": 0.9993771250000001,
      "auprc": 0.9953506978595151,
      "support": 1000,
      "tp": 965,
      "tn": 7965,
      "fp": 35,
      "fn": 35
    }
  },
  "confusion_matrix": [
    [
      906,
      0,
      16,
      12,
      2,
      1,
      62,
      1,
      0
    ],
    [
      3,
      985,
      0,
      8,
      1,
      0,
      3,
      0,
      0
    ],
    [
      15,
      1,
      892,
      7,
      49,
      0,
      36,
      0,
      0
    ],
    [
      21,
      7,
      10,
      902,
      30,
      0,
      30,
      0,
      0
    ],
    [
      0,
      1,
      69,
      22,
      870,
      0,
      38,
      0,
      0
    ],
    [
      0,
      0,
      0,
      0,
      0,
      970,
      0,
      24,
      6
    ],
    [
      114,
      1,
      78,
      29,
      83,
      0,
      695,
      0,
      0
    ],
    [
      0,
      0,
      0,
      0,
      0,
      2,
      0,
      969,
      29
    ],
    [
      0,
      0,
      0,
      0,
      0,
      7,
      1,
      27,
      965
    ]
  ]
}