{
  "experiment": "exp3",
  "condition": {
    "num_classes": 3,
    "class_list": [
      1,
      4,
      7
    ],
    "class_names": [
      "Trouser",
      "Coat",
      "Sneaker"
    ],
    "combo_idx": 2,
    "subset_pct": 50,
    "num_samples": 9000,
    "samples_per_class": 3000,
    "train_samples": 8100,
    "val_samples": 900,
    "test_samples": 3000
  },
  "seed": 73962792,
  "timestamp": "2026-01-18T00:32:24.833629",
  "training_dynamics": {
    "epochs_trained": 17,
    "best_epoch": 7,
    "best_val_accuracy": 0.9977777777777778,
    "final_train_loss": 0.0020999692981069,
    "final_val_loss": 0.01472187755640031,
    "training_time_seconds": 6.666869640350342
  },
  "training_history": {
    "train_loss": [
      0.04888090891438155,
      0.009268017854577289,
      0.007448613804075376,
      0.005319263933369092,
      0.006752592516570405,
      0.005998590598675775,
      0.0015182213763184308,
      0.0009752482522283636,
      0.0008904598580055626,
      0.00015079172933929287,
      5.605954367197908e-05,
      9.657301881957675e-05,
      5.606750403733634e-05,
      0.008939489951777561,
      0.008912280028723008,
      0.003301369631903229,
      0.0020999692981069
    ],
    "val_loss": [
      0.012407848625961277,
      0.011028726843133982,
      0.02068553866660093,
      0.012690168767407563,
      0.030992495444920172,
      0.008598635746812357,
      0.004222989782487174,
      0.008953499344331955,
      0.00633672077156512,
      0.0070783464552055695,
      0.007626672378288883,
      0.01197273346207213,
      0.0063103129088995045,
      0.03378040996289605,
      0.017809768910341923,
      0.010668151054596314,
      0.01472187755640031
    ],
    "val_accuracy": [
      0.9977777777777778,
      0.9966666666666667,
      0.9966666666666667,
      0.9955555555555555,
      0.9855555555555555,
      0.9966666666666667,
      0.9977777777777778,
      0.9977777777777778,
      0.9977777777777778,
      0.9966666666666667,
      0.9966666666666667,
      0.9966666666666667,
      0.9966666666666667,
      0.99,
      0.9966666666666667,
      0.9966666666666667,
      0.9966666666666667
    ]
  },
  "global_metrics": {
    "accuracy": 0.9976666666666667,
    "balanced_accuracy": 0.9976666666666666,
    "top_3_accuracy": 1.0,
    "top_5_accuracy": 1.0,
    "log_loss": 0.009140458212041585,
    "mcc": 0.9965014947533632,
    "cohens_kappa": 0.9965,
    "precision_macro": 0.9976696456934779,
    "precision_micro": 0.9976666666666667,
    "precision_weighted": 0.9976696456934778,
    "recall_macro": 0.9976666666666666,
    "recall_micro": 0.9976666666666667,
    "recall_weighted": 0.9976666666666667,
    "f1_macro": 0.9976666614166548,
    "f1_micro": 0.9976666666666667,
    "f1_weighted": 0.9976666614166548,
    "auroc_macro": 0.9999699999999999,
    "auroc_weighted": 0.9999699999999999,
    "auprc_macro": 0.9999407903138064
  },
  "per_class_metrics": {
    "0": {
      "precision": 0.9979939819458375,
      "recall": 0.995,
      "f1": 0.9964947421131698,
      "specificity": 0.999,
      "fpr": 0.001,
      "fnr": 0.005,
      "auroc": 0.999955,
      "auprc": 0.9999141072413289,
      "support": 1000,
      "tp": 995,
      "tn": 1998,
      "fp": 2,
      "fn": 5
    },
    "1": {
      "precision": 0.9950149551345963,
      "recall": 0.998,
      "f1": 0.9965052421367948,
      "specificity": 0.9975,
      "fpr": 0.0025,
      "fnr": 0.002,
      "auroc": 0.999955,
      "auprc": 0.9999082637000904,
      "support": 1000,
      "tp": 998,
      "tn": 1995,
      "fp": 5,
      "fn": 2
    },
    "2": {
      "precision": 1.0,
      "recall": 1.0,
      "f1": 1.0,
      "specificity": 1.0,
      "fpr": 0.0,
      "fnr": 0.0,
      "auroc": 1.0,
      "auprc": 1.0,
      "support": 1000,
      "tp": 1000,
      "tn": 2000,
      "fp": 0,
      "fn": 0
    }
  },
  "confusion_matrix": [
    [
      995,
      5,
      0
    ],
    [
      2,
      998,
      0
    ],
    [
      0,
      0,
      1000
    ]
  ]
}