{
  "experiment": "exp3",
  "condition": {
    "num_classes": 9,
    "class_list": [
      0,
      1,
      2,
      3,
      4,
      5,
      6,
      7,
      9
    ],
    "class_names": [
      "T-shirt/top",
      "Trouser",
      "Pullover",
      "Dress",
      "Coat",
      "Sandal",
      "Shirt",
      "Sneaker",
      "Ankle boot"
    ],
    "combo_idx": 1,
    "subset_pct": 30,
    "num_samples": 16200,
    "samples_per_class": 1800,
    "train_samples": 14580,
    "val_samples": 1620,
    "test_samples": 9000
  },
  "seed": 73962792,
  "timestamp": "2026-01-18T01:43:47.366844",
  "training_dynamics": {
    "epochs_trained": 16,
    "best_epoch": 6,
    "best_val_accuracy": 0.9055555555555556,
    "final_train_loss": 0.066089951682411,
    "final_val_loss": 0.3721043814111639,
    "training_time_seconds": 11.11859655380249
  },
  "training_history": {
    "train_loss": [
      0.6071803517508925,
      0.3943593320028301,
      0.32998866496378915,
      0.2818425001021017,
      0.2531408263010937,
      0.2210978894380101,
      0.20357758143361201,
      0.17974203132223665,
      0.15234899236575553,
      0.1340563694554332,
      0.12085693933298453,
      0.1063220196387224,
      0.089440886327474,
      0.08175498265119498,
      0.06834242801312684,
      0.066089951682411
    ],
    "val_loss": [
      0.4087408541161337,
      0.3301169904661767,
      0.3055375462696876,
      0.3053081839540858,
      0.29643956121103265,
      0.28156117657084523,
      0.3075374865973437,
      0.2905118045247631,
      0.30604073684892535,
      0.37731766093660285,
      0.29304142432448305,
      0.3054927209277212,
      0.3492897506849265,
      0.36952351213973245,
      0.3527350918010429,
      0.3721043814111639
    ],
    "val_accuracy": [
      0.8401234567901235,
      0.8771604938271605,
      0.8802469135802469,
      0.8827160493827161,
      0.8950617283950617,
      0.8969135802469136,
      0.8858024691358025,
      0.8987654320987655,
      0.8944444444444445,
      0.8777777777777778,
      0.9055555555555556,
      0.8981481481481481,
      0.9037037037037037,
      0.9006172839506172,
      0.9049382716049382,
      0.8950617283950617
    ]
  },
  "global_metrics": {
    "accuracy": 0.8931111111111111,
    "balanced_accuracy": 0.8931111111111112,
    "top_3_accuracy": 0.9931111111111111,
    "top_5_accuracy": 0.9993333333333333,
    "log_loss": 0.3010794706093632,
    "mcc": 0.8799827984654642,
    "cohens_kappa": 0.87975,
    "precision_macro": 0.8939937180906262,
    "precision_micro": 0.8931111111111111,
    "precision_weighted": 0.8939937180906262,
    "recall_macro": 0.8931111111111112,
    "recall_micro": 0.8931111111111111,
    "recall_weighted": 0.8931111111111111,
    "f1_macro": 0.8926057007483263,
    "f1_micro": 0.8931111111111111,
    "f1_weighted": 0.8926057007483265,
    "auroc_macro": 0.9913835833333332,
    "auroc_weighted": 0.9913835833333333,
    "auprc_macro": 0.9485064561772923
  },
  "per_class_metrics": {
    "0": {
      "precision": 0.8384321223709369,
      "recall": 0.877,
      "f1": 0.8572825024437928,
      "specificity": 0.978875,
      "fpr": 0.021125,
      "fnr": 0.123,
      "auroc": 0.9897883749999999,
      "auprc": 0.9323178674051081,
      "support": 1000,
      "tp": 877,
      "tn": 7831,
      "fp": 169,
      "fn": 123
    },
    "1": {
      "precision": 0.9958932238193019,
      "recall": 0.97,
      "f1": 0.9827760891590679,
      "specificity": 0.9995,
      "fpr": 0.0005,
      "fnr": 0.03,
      "auroc": 0.998879375,
      "auprc": 0.9964353369612536,
      "support": 1000,
      "tp": 970,
      "tn": 7996,
      "fp": 4,
      "fn": 30
    },
    "2": {
      "precision": 0.825,
      "recall": 0.891,
      "f1": 0.8567307692307692,
      "specificity": 0.976375,
      "fpr": 0.023625,
      "fnr": 0.109,
      "auroc": 0.988486125,
      "auprc": 0.9245350004490256,
      "support": 1000,
      "tp": 891,
      "tn": 7811,
      "fp": 189,
      "fn": 109
    },
    "3": {
      "precision": 0.8584643848288621,
      "recall": 0.928,
      "f1": 0.8918789043728976,
      "specificity": 0.980875,
      "fpr": 0.019125,
      "fnr": 0.072,
      "auroc": 0.9948376250000001,
      "auprc": 0.9621465035382876,
      "support": 1000,
      "tp": 928,
      "tn": 7847,
      "fp": 153,
      "fn": 72
    },
    "4": {
      "precision": 0.8951048951048951,
      "recall": 0.768,
      "f1": 0.8266953713670614,
      "specificity": 0.98875,
      "fpr": 0.01125,
      "fnr": 0.232,
      "auroc": 0.988969,
      "auprc": 0.923805852103748,
      "support": 1000,
      "tp": 768,
      "tn": 7910,
      "fp": 90,
      "fn": 232
    },
    "5": {
      "precision": 0.9837728194726166,
      "recall": 0.97,
      "f1": 0.9768378650553876,
      "specificity": 0.998,
      "fpr": 0.002,
      "fnr": 0.03,
      "auroc": 0.999358,
      "auprc": 0.9962502310945894,
      "support": 1000,
      "tp": 970,
      "tn": 7984,
      "fp": 16,
      "fn": 30
    },
    "6": {
      "precision": 0.734375,
      "recall": 0.705,
      "f1": 0.7193877551020408,
      "specificity": 0.968125,
      "fpr": 0.031875,
      "fnr": 0.295,
      "auroc": 0.9641993749999999,
      "auprc": 0.815797227179209,
      "support": 1000,
      "tp": 705,
      "tn": 7745,
      "fp": 255,
      "fn": 295
    },
    "7": {
      "precision": 0.9460255152109912,
      "recall": 0.964,
      "f1": 0.9549281822684497,
      "specificity": 0.993125,
      "fpr": 0.006875,
      "fnr": 0.036,
      "auroc": 0.9988653749999999,
      "auprc": 0.9914788071180336,
      "support": 1000,
      "tp": 964,
      "tn": 7945,
      "fp": 55,
      "fn": 36
    },
    "8": {
      "precision": 0.9688755020080321,
      "recall": 0.965,
      "f1": 0.9669338677354709,
      "specificity": 0.996125,
      "fpr": 0.003875,
      "fnr": 0.035,
      "auroc": 0.999069,
      "auprc": 0.9937912797463758,
      "support": 1000,
      "tp": 965,
      "tn": 7969,
      "fp": 31,
      "fn": 35
    }
  },
  "confusion_matrix": [
    [
      877,
      0,
      16,
      19,
      1,
      1,
      85,
      1,
      0
    ],
    [
      1,
      970,
      0,
      24,
      1,
      0,
      4,
      0,
      0
    ],
    [
      17,
      0,
      891,
      14,
      28,
      0,
      50,
      0,
      0
    ],
    [
      22,
      1,
      10,
      928,
      5,
      0,
      34,
      0,
      0
    ],
    [
      1,
      2,
      82,
      66,
      768,
      0,
      81,
      0,
      0
    ],
    [
      0,
      0,
      0,
      0,
      0,
      970,
      0,
      23,
      7
    ],
    [
      128,
      1,
      81,
      30,
      55,
      0,
      705,
      0,
      0
    ],
    [
      0,
      0,
      0,
      0,
      0,
      12,
      0,
      964,
      24
    ],
    [
      0,
      0,
      0,
      0,
      0,
      3,
      1,
      31,
      965
    ]
  ]
}