{
  "experiment": "exp3",
  "condition": {
    "num_classes": 4,
    "class_list": [
      1,
      4,
      5,
      9
    ],
    "class_names": [
      "Trouser",
      "Coat",
      "Sandal",
      "Ankle boot"
    ],
    "combo_idx": 2,
    "subset_pct": 100,
    "num_samples": 24000,
    "samples_per_class": 6000,
    "train_samples": 21600,
    "val_samples": 2400,
    "test_samples": 4000
  },
  "seed": 73962792,
  "timestamp": "2026-01-18T00:42:36.568211",
  "training_dynamics": {
    "epochs_trained": 16,
    "best_epoch": 6,
    "best_val_accuracy": 0.9958333333333333,
    "final_train_loss": 0.00754324344954884,
    "final_val_loss": 0.02266860281447104,
    "training_time_seconds": 16.643223524093628
  },
  "training_history": {
    "train_loss": [
      0.05875678503277612,
      0.02276877140129135,
      0.01662847442646217,
      0.01265278919852241,
      0.009279355367938124,
      0.009089732433559226,
      0.006708641397895089,
      0.0058328018287459645,
      0.005261981243148638,
      0.004030432181628131,
      0.004906691777357967,
      0.005988475559662656,
      0.0072227105209857435,
      0.0012460245540341526,
      0.0042160752967819485,
      0.00754324344954884
    ],
    "val_loss": [
      0.03858361355029047,
      0.024941929519991392,
      0.025421836575211878,
      0.030686134153511374,
      0.02883968401273402,
      0.016467472583948015,
      0.028935095318932628,
      0.03849538059046608,
      0.020673364747963205,
      0.027460485047316373,
      0.04358624442766692,
      0.033050022628024936,
      0.02334445585999371,
      0.037727091158582575,
      0.045172829465952115,
      0.02266860281447104
    ],
    "val_accuracy": [
      0.9879166666666667,
      0.99375,
      0.9929166666666667,
      0.99125,
      0.99375,
      0.9958333333333333,
      0.9954166666666666,
      0.9929166666666667,
      0.9958333333333333,
      0.9958333333333333,
      0.9875,
      0.9929166666666667,
      0.9958333333333333,
      0.9945833333333334,
      0.9933333333333333,
      0.995
    ]
  },
  "global_metrics": {
    "accuracy": 0.99575,
    "balanced_accuracy": 0.99575,
    "top_3_accuracy": 1.0,
    "top_5_accuracy": 1.0,
    "log_loss": 0.015897053308179674,
    "mcc": 0.9943340790841723,
    "cohens_kappa": 0.9943333333333333,
    "precision_macro": 0.9957522207699869,
    "precision_micro": 0.99575,
    "precision_weighted": 0.9957522207699869,
    "recall_macro": 0.99575,
    "recall_micro": 0.99575,
    "recall_weighted": 0.99575,
    "f1_macro": 0.9957499926874835,
    "f1_micro": 0.99575,
    "f1_weighted": 0.9957499926874837,
    "auroc_macro": 0.9998754583333334,
    "auroc_weighted": 0.9998754583333334,
    "auprc_macro": 0.9996380848566798
  },
  "per_class_metrics": {
    "0": {
      "precision": 0.998,
      "recall": 0.998,
      "f1": 0.998,
      "specificity": 0.9993333333333333,
      "fpr": 0.0006666666666666666,
      "fnr": 0.002,
      "auroc": 0.999992,
      "auprc": 0.9999759513442188,
      "support": 1000,
      "tp": 998,
      "tn": 2998,
      "fp": 2,
      "fn": 2
    },
    "1": {
      "precision": 0.998,
      "recall": 0.998,
      "f1": 0.998,
      "specificity": 0.9993333333333333,
      "fpr": 0.0006666666666666666,
      "fnr": 0.002,
      "auroc": 0.999992,
      "auprc": 0.9999762458996015,
      "support": 1000,
      "tp": 998,
      "tn": 2998,
      "fp": 2,
      "fn": 2
    },
    "2": {
      "precision": 0.9920239282153539,
      "recall": 0.995,
      "f1": 0.9935097353969046,
      "specificity": 0.9973333333333333,
      "fpr": 0.0026666666666666666,
      "fnr": 0.005,
      "auroc": 0.9997791666666667,
      "auprc": 0.9991666467974804,
      "support": 1000,
      "tp": 995,
      "tn": 2992,
      "fp": 8,
      "fn": 5
    },
    "3": {
      "precision": 0.9949849548645938,
      "recall": 0.992,
      "f1": 0.9934902353530296,
      "specificity": 0.9983333333333333,
      "fpr": 0.0016666666666666668,
      "fnr": 0.008,
      "auroc": 0.9997386666666667,
      "auprc": 0.9994334953854188,
      "support": 1000,
      "tp": 992,
      "tn": 2995,
      "fp": 5,
      "fn": 8
    }
  },
  "confusion_matrix": [
    [
      998,
      2,
      0,
      0
    ],
    [
      2,
      998,
      0,
      0
    ],
    [
      0,
      0,
      995,
      5
    ],
    [
      0,
      0,
      8,
      992
    ]
  ]
}