{
  "experiment": "exp3",
  "condition": {
    "num_classes": 10,
    "class_list": [
      0,
      1,
      2,
      3,
      4,
      5,
      6,
      7,
      8,
      9
    ],
    "class_names": [
      "T-shirt/top",
      "Trouser",
      "Pullover",
      "Dress",
      "Coat",
      "Sandal",
      "Shirt",
      "Sneaker",
      "Bag",
      "Ankle boot"
    ],
    "combo_idx": 0,
    "subset_pct": 90,
    "num_samples": 54000,
    "samples_per_class": 5400,
    "train_samples": 48600,
    "val_samples": 5400,
    "test_samples": 10000
  },
  "seed": 73962792,
  "timestamp": "2026-01-18T02:02:09.195035",
  "training_dynamics": {
    "epochs_trained": 20,
    "best_epoch": 10,
    "best_val_accuracy": 0.9287037037037037,
    "final_train_loss": 0.0613330396167983,
    "final_val_loss": 0.29363412764337327,
    "training_time_seconds": 46.45283389091492
  },
  "training_history": {
    "train_loss": [
      0.45113891941544254,
      0.2919599589450579,
      0.2508461003240786,
      0.22066743225839577,
      0.20110584999875802,
      0.18271207340845935,
      0.16455512308074455,
      0.1485600870445763,
      0.1349083220953808,
      0.12404449122810834,
      0.11246684248265075,
      0.10286768977285216,
      0.09422311936750223,
      0.08735894805408623,
      0.08237949017968373,
      0.07582561685703695,
      0.07256642196168142,
      0.07033342856080517,
      0.06254378909759811,
      0.0613330396167983
    ],
    "val_loss": [
      0.294249967513261,
      0.24464260048336453,
      0.22693308375499865,
      0.23062298090369612,
      0.2163834551528648,
      0.20870884714303192,
      0.2101430779474753,
      0.2147457218170166,
      0.24895051631662582,
      0.20857053447652746,
      0.2335868999251613,
      0.24588402112325033,
      0.2161216833414855,
      0.2440152194764879,
      0.23706196553177303,
      0.25511850732344166,
      0.2558837612690749,
      0.24157847815089756,
      0.26230417216265645,
      0.29363412764337327
    ],
    "val_accuracy": [
      0.8962962962962963,
      0.9046296296296297,
      0.9111111111111111,
      0.917037037037037,
      0.9183333333333333,
      0.9212962962962963,
      0.92,
      0.92,
      0.9138888888888889,
      0.9277777777777778,
      0.9244444444444444,
      0.9216666666666666,
      0.9262962962962963,
      0.9214814814814815,
      0.9287037037037037,
      0.9207407407407407,
      0.9262962962962963,
      0.925,
      0.9231481481481482,
      0.9237037037037037
    ]
  },
  "global_metrics": {
    "accuracy": 0.919,
    "balanced_accuracy": 0.9189999999999999,
    "top_3_accuracy": 0.995,
    "top_5_accuracy": 0.9986,
    "log_loss": 0.250024169206858,
    "mcc": 0.9100267855159196,
    "cohens_kappa": 0.9099999999999999,
    "precision_macro": 0.9197920579226334,
    "precision_micro": 0.919,
    "precision_weighted": 0.9197920579226336,
    "recall_macro": 0.9189999999999999,
    "recall_micro": 0.919,
    "recall_weighted": 0.919,
    "f1_macro": 0.9192783235376009,
    "f1_micro": 0.919,
    "f1_weighted": 0.9192783235376008,
    "auroc_macro": 0.9948172,
    "auroc_weighted": 0.9948171999999998,
    "auprc_macro": 0.9651983920659284
  },
  "per_class_metrics": {
    "0": {
      "precision": 0.8618677042801557,
      "recall": 0.886,
      "f1": 0.873767258382643,
      "specificity": 0.9842222222222222,
      "fpr": 0.01577777777777778,
      "fnr": 0.114,
      "auroc": 0.9922595,
      "auprc": 0.9463336905579036,
      "support": 1000,
      "tp": 886,
      "tn": 8858,
      "fp": 142,
      "fn": 114
    },
    "1": {
      "precision": 0.9899699097291875,
      "recall": 0.987,
      "f1": 0.9884827240861291,
      "specificity": 0.9988888888888889,
      "fpr": 0.0011111111111111111,
      "fnr": 0.013,
      "auroc": 0.9998647777777777,
      "auprc": 0.9989630563564056,
      "support": 1000,
      "tp": 987,
      "tn": 8990,
      "fp": 10,
      "fn": 13
    },
    "2": {
      "precision": 0.896551724137931,
      "recall": 0.858,
      "f1": 0.8768523249872253,
      "specificity": 0.989,
      "fpr": 0.011,
      "fnr": 0.142,
      "auroc": 0.9913032222222222,
      "auprc": 0.9452672053173067,
      "support": 1000,
      "tp": 858,
      "tn": 8901,
      "fp": 99,
      "fn": 142
    },
    "3": {
      "precision": 0.9296636085626911,
      "recall": 0.912,
      "f1": 0.9207470974255426,
      "specificity": 0.9923333333333333,
      "fpr": 0.007666666666666666,
      "fnr": 0.088,
      "auroc": 0.996438888888889,
      "auprc": 0.9671225590767122,
      "support": 1000,
      "tp": 912,
      "tn": 8931,
      "fp": 69,
      "fn": 88
    },
    "4": {
      "precision": 0.8668639053254438,
      "recall": 0.879,
      "f1": 0.8728897715988082,
      "specificity": 0.985,
      "fpr": 0.015,
      "fnr": 0.121,
      "auroc": 0.9934008888888888,
      "auprc": 0.9467373061765161,
      "support": 1000,
      "tp": 879,
      "tn": 8865,
      "fp": 135,
      "fn": 121
    },
    "5": {
      "precision": 0.9877675840978594,
      "recall": 0.969,
      "f1": 0.9782937910146391,
      "specificity": 0.9986666666666667,
      "fpr": 0.0013333333333333333,
      "fnr": 0.031,
      "auroc": 0.9997343333333334,
      "auprc": 0.9977955200735018,
      "support": 1000,
      "tp": 969,
      "tn": 8988,
      "fp": 12,
      "fn": 31
    },
    "6": {
      "precision": 0.7521865889212828,
      "recall": 0.774,
      "f1": 0.7629374075899457,
      "specificity": 0.9716666666666667,
      "fpr": 0.028333333333333332,
      "fnr": 0.226,
      "auroc": 0.9767927777777777,
      "auprc": 0.862082339003987,
      "support": 1000,
      "tp": 774,
      "tn": 8745,
      "fp": 255,
      "fn": 226
    },
    "7": {
      "precision": 0.9523346303501945,
      "recall": 0.979,
      "f1": 0.9654832347140039,
      "specificity": 0.9945555555555555,
      "fpr": 0.0054444444444444445,
      "fnr": 0.021,
      "auroc": 0.9993097777777779,
      "auprc": 0.9944058042594047,
      "support": 1000,
      "tp": 979,
      "tn": 8951,
      "fp": 49,
      "fn": 21
    },
    "8": {
      "precision": 0.9899193548387096,
      "recall": 0.982,
      "f1": 0.9859437751004014,
      "specificity": 0.9988888888888889,
      "fpr": 0.0011111111111111111,
      "fnr": 0.018,
      "auroc": 0.9996324999999999,
      "auprc": 0.9980935988474832,
      "support": 1000,
      "tp": 982,
      "tn": 8990,
      "fp": 10,
      "fn": 18
    },
    "9": {
      "precision": 0.9707955689828801,
      "recall": 0.964,
      "f1": 0.9673858504766683,
      "specificity": 0.9967777777777778,
      "fpr": 0.0032222222222222222,
      "fnr": 0.036,
      "auroc": 0.9994353333333333,
      "auprc": 0.9951828409900634,
      "support": 1000,
      "tp": 964,
      "tn": 8971,
      "fp": 29,
      "fn": 36
    }
  },
  "confusion_matrix": [
    [
      886,
      0,
      13,
      6,
      2,
      1,
      89,
      0,
      3,
      0
    ],
    [
      5,
      987,
      0,
      5,
      1,
      0,
      1,
      0,
      1,
      0
    ],
    [
      19,
      1,
      858,
      9,
      52,
      0,
      61,
      0,
      0,
      0
    ],
    [
      20,
      7,
      7,
      912,
      18,
      0,
      36,
      0,
      0,
      0
    ],
    [
      0,
      0,
      35,
      24,
      879,
      0,
      61,
      0,
      1,
      0
    ],
    [
      0,
      0,
      0,
      0,
      0,
      969,
      0,
      16,
      1,
      14
    ],
    [
      95,
      0,
      44,
      23,
      60,
      0,
      774,
      0,
      4,
      0
    ],
    [
      0,
      0,
      0,
      0,
      0,
      6,
      0,
      979,
      0,
      15
    ],
    [
      2,
      2,
      0,
      2,
      2,
      1,
      7,
      2,
      982,
      0
    ],
    [
      1,
      0,
      0,
      0,
      0,
      4,
      0,
      31,
      0,
      964
    ]
  ]
}