{
  "experiment": "exp3",
  "condition": {
    "num_classes": 4,
    "class_list": [
      1,
      4,
      5,
      8
    ],
    "class_names": [
      "Trouser",
      "Coat",
      "Sandal",
      "Bag"
    ],
    "combo_idx": 1,
    "subset_pct": 20,
    "num_samples": 4800,
    "samples_per_class": 1200,
    "train_samples": 4320,
    "val_samples": 480,
    "test_samples": 4000
  },
  "seed": 73962792,
  "timestamp": "2026-01-18T00:38:41.820312",
  "training_dynamics": {
    "epochs_trained": 21,
    "best_epoch": 11,
    "best_val_accuracy": 0.9916666666666667,
    "final_train_loss": 7.859933133231072e-05,
    "final_val_loss": 0.04486990262715456,
    "training_time_seconds": 4.290804624557495
  },
  "training_history": {
    "train_loss": [
      0.1583022157086388,
      0.04771940701175481,
      0.03182956323828822,
      0.011576504275367102,
      0.01596145463426022,
      0.00946596226105398,
      0.010379603313006502,
      0.011478527630970348,
      0.003812291522295067,
      0.0020909470582837993,
      0.001024808366176277,
      0.0004392987505204527,
      0.00012706882868689505,
      0.00020879093728567836,
      0.0004315914452056003,
      0.00011848677174906269,
      0.00017434210481577096,
      0.0001861338187355239,
      0.00014080012129745549,
      8.561978161062999e-05,
      7.859933133231072e-05
    ],
    "val_loss": [
      0.05587248615920544,
      0.04927074365938703,
      0.04763060033631821,
      0.039401634813596806,
      0.03134691286832094,
      0.034663769183680415,
      0.05163951921276748,
      0.04014791798933099,
      0.049680202400001386,
      0.03310980151412271,
      0.025233202460973794,
      0.039305635109970656,
      0.04000270956773117,
      0.0447197762800594,
      0.03252422399794644,
      0.042162347566530416,
      0.04368530481248551,
      0.042890738168838045,
      0.04063294831673071,
      0.045084414039107894,
      0.04486990262715456
    ],
    "val_accuracy": [
      0.9833333333333333,
      0.9875,
      0.9875,
      0.9916666666666667,
      0.9875,
      0.9875,
      0.9833333333333333,
      0.9875,
      0.9895833333333334,
      0.9916666666666667,
      0.9916666666666667,
      0.9916666666666667,
      0.9916666666666667,
      0.9916666666666667,
      0.9895833333333334,
      0.9916666666666667,
      0.9916666666666667,
      0.9916666666666667,
      0.9916666666666667,
      0.9916666666666667,
      0.9916666666666667
    ]
  },
  "global_metrics": {
    "accuracy": 0.99275,
    "balanced_accuracy": 0.99275,
    "top_3_accuracy": 0.9995,
    "top_5_accuracy": 1.0,
    "log_loss": 0.038255659941473286,
    "mcc": 0.9903385326242777,
    "cohens_kappa": 0.9903333333333333,
    "precision_macro": 0.9927592854263598,
    "precision_micro": 0.99275,
    "precision_weighted": 0.9927592854263597,
    "recall_macro": 0.99275,
    "recall_micro": 0.99275,
    "recall_weighted": 0.99275,
    "f1_macro": 0.9927468232947939,
    "f1_micro": 0.99275,
    "f1_weighted": 0.9927468232947939,
    "auroc_macro": 0.9996055416666667,
    "auroc_weighted": 0.9996055416666666,
    "auprc_macro": 0.9990426402927955
  },
  "per_class_metrics": {
    "0": {
      "precision": 0.9969818913480886,
      "recall": 0.991,
      "f1": 0.9939819458375125,
      "specificity": 0.999,
      "fpr": 0.001,
      "fnr": 0.009,
      "auroc": 0.9998233333333334,
      "auprc": 0.9995332066629198,
      "support": 1000,
      "tp": 991,
      "tn": 2997,
      "fp": 3,
      "fn": 9
    },
    "1": {
      "precision": 0.9900398406374502,
      "recall": 0.994,
      "f1": 0.9920159680638723,
      "specificity": 0.9966666666666667,
      "fpr": 0.0033333333333333335,
      "fnr": 0.006,
      "auroc": 0.9997809999999999,
      "auprc": 0.9992237560004908,
      "support": 1000,
      "tp": 994,
      "tn": 2990,
      "fp": 10,
      "fn": 6
    },
    "2": {
      "precision": 0.9920556107249255,
      "recall": 0.999,
      "f1": 0.9955156950672646,
      "specificity": 0.9973333333333333,
      "fpr": 0.0026666666666666666,
      "fnr": 0.001,
      "auroc": 0.9998181666666667,
      "auprc": 0.9993249970712486,
      "support": 1000,
      "tp": 999,
      "tn": 2992,
      "fp": 8,
      "fn": 1
    },
    "3": {
      "precision": 0.9919597989949749,
      "recall": 0.987,
      "f1": 0.9894736842105264,
      "specificity": 0.9973333333333333,
      "fpr": 0.0026666666666666666,
      "fnr": 0.013,
      "auroc": 0.9989996666666667,
      "auprc": 0.9980886014365234,
      "support": 1000,
      "tp": 987,
      "tn": 2992,
      "fp": 8,
      "fn": 13
    }
  },
  "confusion_matrix": [
    [
      991,
      7,
      0,
      2
    ],
    [
      1,
      994,
      0,
      5
    ],
    [
      0,
      0,
      999,
      1
    ],
    [
      2,
      3,
      8,
      987
    ]
  ]
}