{
  "experiment": "exp3",
  "condition": {
    "num_classes": 6,
    "class_list": [
      0,
      1,
      3,
      4,
      6,
      8
    ],
    "class_names": [
      "T-shirt/top",
      "Trouser",
      "Dress",
      "Coat",
      "Shirt",
      "Bag"
    ],
    "combo_idx": 1,
    "subset_pct": 20,
    "num_samples": 7200,
    "samples_per_class": 1200,
    "train_samples": 6480,
    "val_samples": 720,
    "test_samples": 6000
  },
  "seed": 73962792,
  "timestamp": "2026-01-18T00:59:33.889406",
  "training_dynamics": {
    "epochs_trained": 14,
    "best_epoch": 4,
    "best_val_accuracy": 0.8986111111111111,
    "final_train_loss": 0.06684361719617657,
    "final_val_loss": 0.368103019396464,
    "training_time_seconds": 4.294321775436401
  },
  "training_history": {
    "train_loss": [
      0.6246880849494654,
      0.39484841259671194,
      0.3368875743711696,
      0.28808903548063014,
      0.2464927689117544,
      0.20986782459943903,
      0.17842539626301504,
      0.15753631169597307,
      0.12452480401478562,
      0.10777188997313965,
      0.0832512223563504,
      0.06974327250146399,
      0.07277250623640914,
      0.06684361719617657
    ],
    "val_loss": [
      0.41515576971901785,
      0.36434151530265807,
      0.3377204875151316,
      0.30793238348431057,
      0.366394391324785,
      0.3939317795965407,
      0.31583987838692135,
      0.3278110408120685,
      0.32774572008185915,
      0.32774608532587685,
      0.36988886727227105,
      0.41260369022687277,
      0.33787492314974465,
      0.368103019396464
    ],
    "val_accuracy": [
      0.8361111111111111,
      0.8680555555555556,
      0.8708333333333333,
      0.8847222222222222,
      0.8611111111111112,
      0.8555555555555555,
      0.8847222222222222,
      0.8888888888888888,
      0.8888888888888888,
      0.8958333333333334,
      0.8875,
      0.8902777777777777,
      0.8986111111111111,
      0.8944444444444445
    ]
  },
  "global_metrics": {
    "accuracy": 0.873,
    "balanced_accuracy": 0.8730000000000001,
    "top_3_accuracy": 0.9911666666666666,
    "top_5_accuracy": 0.9986666666666667,
    "log_loss": 0.3316645031293179,
    "mcc": 0.8490678069375724,
    "cohens_kappa": 0.8476,
    "precision_macro": 0.8724632528820301,
    "precision_micro": 0.873,
    "precision_weighted": 0.8724632528820301,
    "recall_macro": 0.8730000000000001,
    "recall_micro": 0.873,
    "recall_weighted": 0.873,
    "f1_macro": 0.8687918374348146,
    "f1_micro": 0.873,
    "f1_weighted": 0.8687918374348146,
    "auroc_macro": 0.9843346666666667,
    "auroc_weighted": 0.9843346666666668,
    "auprc_macro": 0.9389721596811982
  },
  "per_class_metrics": {
    "0": {
      "precision": 0.793351302785265,
      "recall": 0.883,
      "f1": 0.8357785139611926,
      "specificity": 0.954,
      "fpr": 0.046,
      "fnr": 0.117,
      "auroc": 0.9803156,
      "auprc": 0.9123634689624819,
      "support": 1000,
      "tp": 883,
      "tn": 4770,
      "fp": 230,
      "fn": 117
    },
    "1": {
      "precision": 0.9887983706720977,
      "recall": 0.971,
      "f1": 0.9798183652875884,
      "specificity": 0.9978,
      "fpr": 0.0022,
      "fnr": 0.029,
      "auroc": 0.9989256,
      "auprc": 0.9963559217936508,
      "support": 1000,
      "tp": 971,
      "tn": 4989,
      "fp": 11,
      "fn": 29
    },
    "2": {
      "precision": 0.8574126534466477,
      "recall": 0.908,
      "f1": 0.881981544439048,
      "specificity": 0.9698,
      "fpr": 0.0302,
      "fnr": 0.092,
      "auroc": 0.9911972000000001,
      "auprc": 0.9599339429234233,
      "support": 1000,
      "tp": 908,
      "tn": 4849,
      "fp": 151,
      "fn": 92
    },
    "3": {
      "precision": 0.83271719038817,
      "recall": 0.901,
      "f1": 0.8655139289145053,
      "specificity": 0.9638,
      "fpr": 0.0362,
      "fnr": 0.099,
      "auroc": 0.9874182000000001,
      "auprc": 0.942358379355146,
      "support": 1000,
      "tp": 901,
      "tn": 4819,
      "fp": 181,
      "fn": 99
    },
    "4": {
      "precision": 0.8180555555555555,
      "recall": 0.589,
      "f1": 0.6848837209302325,
      "specificity": 0.9738,
      "fpr": 0.0262,
      "fnr": 0.411,
      "auroc": 0.9495604,
      "auprc": 0.8278660502118386,
      "support": 1000,
      "tp": 589,
      "tn": 4869,
      "fp": 131,
      "fn": 411
    },
    "5": {
      "precision": 0.9444444444444444,
      "recall": 0.986,
      "f1": 0.9647749510763209,
      "specificity": 0.9884,
      "fpr": 0.0116,
      "fnr": 0.014,
      "auroc": 0.998591,
      "auprc": 0.9949551948406489,
      "support": 1000,
      "tp": 986,
      "tn": 4942,
      "fp": 58,
      "fn": 14
    }
  },
  "confusion_matrix": [
    [
      883,
      1,
      38,
      7,
      56,
      15
    ],
    [
      1,
      971,
      21,
      4,
      1,
      2
    ],
    [
      25,
      5,
      908,
      36,
      16,
      10
    ],
    [
      3,
      2,
      36,
      901,
      53,
      5
    ],
    [
      198,
      2,
      54,
      131,
      589,
      26
    ],
    [
      3,
      1,
      2,
      3,
      5,
      986
    ]
  ]
}