{
  "experiment": "exp3",
  "condition": {
    "num_classes": 5,
    "class_list": [
      0,
      1,
      2,
      6,
      8
    ],
    "class_names": [
      "T-shirt/top",
      "Trouser",
      "Pullover",
      "Shirt",
      "Bag"
    ],
    "combo_idx": 1,
    "subset_pct": 80,
    "num_samples": 24000,
    "samples_per_class": 4800,
    "train_samples": 21600,
    "val_samples": 2400,
    "test_samples": 5000
  },
  "seed": 73962792,
  "timestamp": "2026-01-18T00:49:40.363017",
  "training_dynamics": {
    "epochs_trained": 13,
    "best_epoch": 3,
    "best_val_accuracy": 0.9308333333333333,
    "final_train_loss": 0.06841579928426568,
    "final_val_loss": 0.24195954193671546,
    "training_time_seconds": 13.216060400009155
  },
  "training_history": {
    "train_loss": [
      0.39087585399489433,
      0.2615800900880754,
      0.21421910802552685,
      0.1909972036025933,
      0.17015393907149162,
      0.15246733425725142,
      0.13154775455880624,
      0.11962914851510666,
      0.09966659396556178,
      0.09421114475306498,
      0.08307574545005722,
      0.06654854563750966,
      0.06841579928426568
    ],
    "val_loss": [
      0.2557214570045471,
      0.22135261118412017,
      0.1934300246834755,
      0.21566260914007823,
      0.27315662264823914,
      0.1955195955435435,
      0.2004062470793724,
      0.20193479428688685,
      0.20955055514971416,
      0.220712518543005,
      0.19857546399037043,
      0.2901610340178013,
      0.24195954193671546
    ],
    "val_accuracy": [
      0.8995833333333333,
      0.9170833333333334,
      0.9175,
      0.9120833333333334,
      0.8991666666666667,
      0.9241666666666667,
      0.9216666666666666,
      0.92625,
      0.9308333333333333,
      0.9225,
      0.9279166666666666,
      0.91875,
      0.9258333333333333
    ]
  },
  "global_metrics": {
    "accuracy": 0.9058,
    "balanced_accuracy": 0.9057999999999999,
    "top_3_accuracy": 0.9972,
    "top_5_accuracy": 1.0,
    "log_loss": 0.2262830914690358,
    "mcc": 0.8824781500940113,
    "cohens_kappa": 0.88225,
    "precision_macro": 0.9069232691667635,
    "precision_micro": 0.9058,
    "precision_weighted": 0.9069232691667634,
    "recall_macro": 0.9057999999999999,
    "recall_micro": 0.9058,
    "recall_weighted": 0.9058,
    "f1_macro": 0.9059097631807299,
    "f1_micro": 0.9058,
    "f1_weighted": 0.9059097631807301,
    "auroc_macro": 0.98943895,
    "auroc_weighted": 0.9894389500000002,
    "auprc_macro": 0.963946445246736
  },
  "per_class_metrics": {
    "0": {
      "precision": 0.8826086956521739,
      "recall": 0.812,
      "f1": 0.8458333333333334,
      "specificity": 0.973,
      "fpr": 0.027,
      "fnr": 0.188,
      "auroc": 0.9852500000000002,
      "auprc": 0.9448735013614042,
      "support": 1000,
      "tp": 812,
      "tn": 3892,
      "fp": 108,
      "fn": 188
    },
    "1": {
      "precision": 0.9979777553083923,
      "recall": 0.987,
      "f1": 0.9924585218702866,
      "specificity": 0.9995,
      "fpr": 0.0005,
      "fnr": 0.013,
      "auroc": 0.9999135,
      "auprc": 0.9996880664088449,
      "support": 1000,
      "tp": 987,
      "tn": 3998,
      "fp": 2,
      "fn": 13
    },
    "2": {
      "precision": 0.8933074684772065,
      "recall": 0.921,
      "f1": 0.9069423929098965,
      "specificity": 0.9725,
      "fpr": 0.0275,
      "fnr": 0.079,
      "auroc": 0.991795,
      "auprc": 0.9714362196613643,
      "support": 1000,
      "tp": 921,
      "tn": 3890,
      "fp": 110,
      "fn": 79
    },
    "3": {
      "precision": 0.7815764482431149,
      "recall": 0.823,
      "f1": 0.8017535314174379,
      "specificity": 0.9425,
      "fpr": 0.0575,
      "fnr": 0.177,
      "auroc": 0.9705417500000001,
      "auprc": 0.9048456056501517,
      "support": 1000,
      "tp": 823,
      "tn": 3770,
      "fp": 230,
      "fn": 177
    },
    "4": {
      "precision": 0.9791459781529295,
      "recall": 0.986,
      "f1": 0.9825610363726955,
      "specificity": 0.99475,
      "fpr": 0.00525,
      "fnr": 0.014,
      "auroc": 0.9996945,
      "auprc": 0.9988888331519149,
      "support": 1000,
      "tp": 986,
      "tn": 3979,
      "fp": 21,
      "fn": 14
    }
  },
  "confusion_matrix": [
    [
      812,
      0,
      21,
      155,
      12
    ],
    [
      7,
      987,
      1,
      4,
      1
    ],
    [
      13,
      1,
      921,
      63,
      2
    ],
    [
      84,
      1,
      86,
      823,
      6
    ],
    [
      4,
      0,
      2,
      8,
      986
    ]
  ]
}