{
  "experiment": "exp3",
  "condition": {
    "num_classes": 8,
    "class_list": [
      0,
      1,
      2,
      3,
      4,
      5,
      6,
      9
    ],
    "class_names": [
      "T-shirt/top",
      "Trouser",
      "Pullover",
      "Dress",
      "Coat",
      "Sandal",
      "Shirt",
      "Ankle boot"
    ],
    "combo_idx": 0,
    "subset_pct": 20,
    "num_samples": 9600,
    "samples_per_class": 1200,
    "train_samples": 8640,
    "val_samples": 960,
    "test_samples": 8000
  },
  "seed": 73962792,
  "timestamp": "2026-01-18T01:22:51.718830",
  "training_dynamics": {
    "epochs_trained": 16,
    "best_epoch": 6,
    "best_val_accuracy": 0.903125,
    "final_train_loss": 0.053232913557440045,
    "final_val_loss": 0.5057577381531397,
    "training_time_seconds": 6.626346588134766
  },
  "training_history": {
    "train_loss": [
      0.6737339165475633,
      0.4330579971825635,
      0.3546419502408416,
      0.30058877335654366,
      0.2737348480357064,
      0.23518692083932735,
      0.20482318164021882,
      0.1769205829611531,
      0.1557963713451668,
      0.13464389021197956,
      0.12310510661315036,
      0.10166183198215785,
      0.08365002527005143,
      0.06761828512643223,
      0.06337437596586015,
      0.053232913557440045
    ],
    "val_loss": [
      0.4426833589871724,
      0.4205665151278178,
      0.3551440497239431,
      0.38895259201526644,
      0.3409805109103521,
      0.3372466146945953,
      0.3444534331560135,
      0.3426213304201762,
      0.36675789654254914,
      0.37436942557493846,
      0.40030908087889355,
      0.44940133988857267,
      0.4635460729400317,
      0.44571410020192465,
      0.49239458243052164,
      0.5057577381531397
    ],
    "val_accuracy": [
      0.8447916666666667,
      0.846875,
      0.8760416666666667,
      0.8635416666666667,
      0.8864583333333333,
      0.8895833333333333,
      0.890625,
      0.8947916666666667,
      0.8895833333333333,
      0.8979166666666667,
      0.8802083333333334,
      0.8875,
      0.8885416666666667,
      0.903125,
      0.8802083333333334,
      0.8885416666666667
    ]
  },
  "global_metrics": {
    "accuracy": 0.8845,
    "balanced_accuracy": 0.8845000000000001,
    "top_3_accuracy": 0.988625,
    "top_5_accuracy": 0.9985,
    "log_loss": 0.3262703520671108,
    "mcc": 0.8684923576050684,
    "cohens_kappa": 0.868,
    "precision_macro": 0.8844285587052299,
    "precision_micro": 0.8845,
    "precision_weighted": 0.8844285587052299,
    "recall_macro": 0.8845000000000001,
    "recall_micro": 0.8845,
    "recall_weighted": 0.8845,
    "f1_macro": 0.8829575591413428,
    "f1_micro": 0.8845,
    "f1_weighted": 0.8829575591413427,
    "auroc_macro": 0.9877713392857143,
    "auroc_weighted": 0.9877713392857143,
    "auprc_macro": 0.9359788639720705
  },
  "per_class_metrics": {
    "0": {
      "precision": 0.8455366098294884,
      "recall": 0.843,
      "f1": 0.8442663995993991,
      "specificity": 0.978,
      "fpr": 0.022,
      "fnr": 0.157,
      "auroc": 0.9856567142857142,
      "auprc": 0.9185053857922878,
      "support": 1000,
      "tp": 843,
      "tn": 6846,
      "fp": 154,
      "fn": 157
    },
    "1": {
      "precision": 0.9723865877712031,
      "recall": 0.986,
      "f1": 0.9791459781529294,
      "specificity": 0.996,
      "fpr": 0.004,
      "fnr": 0.014,
      "auroc": 0.9994497142857143,
      "auprc": 0.997285553770029,
      "support": 1000,
      "tp": 986,
      "tn": 6972,
      "fp": 28,
      "fn": 14
    },
    "2": {
      "precision": 0.8607329842931937,
      "recall": 0.822,
      "f1": 0.8409207161125318,
      "specificity": 0.981,
      "fpr": 0.019,
      "fnr": 0.178,
      "auroc": 0.9847918571428571,
      "auprc": 0.920240472838262,
      "support": 1000,
      "tp": 822,
      "tn": 6867,
      "fp": 133,
      "fn": 178
    },
    "3": {
      "precision": 0.8944223107569721,
      "recall": 0.898,
      "f1": 0.8962075848303394,
      "specificity": 0.9848571428571429,
      "fpr": 0.015142857142857144,
      "fnr": 0.102,
      "auroc": 0.994201,
      "auprc": 0.9629648983733545,
      "support": 1000,
      "tp": 898,
      "tn": 6894,
      "fp": 106,
      "fn": 102
    },
    "4": {
      "precision": 0.7649536647009267,
      "recall": 0.908,
      "f1": 0.8303612254229538,
      "specificity": 0.9601428571428572,
      "fpr": 0.039857142857142855,
      "fnr": 0.092,
      "auroc": 0.984911142857143,
      "auprc": 0.9004791758027655,
      "support": 1000,
      "tp": 908,
      "tn": 6721,
      "fp": 279,
      "fn": 92
    },
    "5": {
      "precision": 0.988011988011988,
      "recall": 0.989,
      "f1": 0.9885057471264368,
      "specificity": 0.9982857142857143,
      "fpr": 0.0017142857142857142,
      "fnr": 0.011,
      "auroc": 0.999822,
      "auprc": 0.9987560319000178,
      "support": 1000,
      "tp": 989,
      "tn": 6988,
      "fp": 12,
      "fn": 11
    },
    "6": {
      "precision": 0.7613365155131265,
      "recall": 0.638,
      "f1": 0.6942328618063113,
      "specificity": 0.9714285714285714,
      "fpr": 0.02857142857142857,
      "fnr": 0.362,
      "auroc": 0.9536465714285713,
      "auprc": 0.7908883082604721,
      "support": 1000,
      "tp": 638,
      "tn": 6800,
      "fp": 200,
      "fn": 362
    },
    "7": {
      "precision": 0.9880478087649402,
      "recall": 0.992,
      "f1": 0.9900199600798404,
      "specificity": 0.9982857142857143,
      "fpr": 0.0017142857142857142,
      "fnr": 0.008,
      "auroc": 0.9996917142857142,
      "auprc": 0.998711085039375,
      "support": 1000,
      "tp": 992,
      "tn": 6988,
      "fp": 12,
      "fn": 8
    }
  },
  "confusion_matrix": [
    [
      843,
      5,
      22,
      28,
      8,
      4,
      90,
      0
    ],
    [
      1,
      986,
      0,
      8,
      4,
      0,
      1,
      0
    ],
    [
      14,
      2,
      822,
      6,
      96,
      0,
      60,
      0
    ],
    [
      14,
      13,
      10,
      898,
      42,
      1,
      21,
      1
    ],
    [
      2,
      1,
      37,
      25,
      908,
      0,
      27,
      0
    ],
    [
      0,
      0,
      0,
      0,
      0,
      989,
      0,
      11
    ],
    [
      123,
      7,
      64,
      39,
      129,
      0,
      638,
      0
    ],
    [
      0,
      0,
      0,
      0,
      0,
      7,
      1,
      992
    ]
  ]
}