{
  "experiment": "exp3",
  "condition": {
    "num_classes": 7,
    "class_list": [
      0,
      1,
      2,
      3,
      4,
      6,
      8
    ],
    "class_names": [
      "T-shirt/top",
      "Trouser",
      "Pullover",
      "Dress",
      "Coat",
      "Shirt",
      "Bag"
    ],
    "combo_idx": 0,
    "subset_pct": 60,
    "num_samples": 25200,
    "samples_per_class": 3600,
    "train_samples": 22680,
    "val_samples": 2520,
    "test_samples": 7000
  },
  "seed": 73962792,
  "timestamp": "2026-01-18T01:09:44.746791",
  "training_dynamics": {
    "epochs_trained": 20,
    "best_epoch": 10,
    "best_val_accuracy": 0.9011904761904762,
    "final_train_loss": 0.05438707408652654,
    "final_val_loss": 0.4909709402493068,
    "training_time_seconds": 21.681713104248047
  },
  "training_history": {
    "train_loss": [
      0.5798220751990735,
      0.40139545605216226,
      0.34114050126411544,
      0.3000274121131695,
      0.2660170186363475,
      0.23258118933775054,
      0.20502343912359694,
      0.18593482471687692,
      0.16040591473730517,
      0.14414463260434043,
      0.12654094895951346,
      0.10810203046446115,
      0.10126728027481847,
      0.0917461183223821,
      0.07946593252889497,
      0.07193345436432831,
      0.06510457232017332,
      0.06822208360257283,
      0.05976616496705568,
      0.05438707408652654
    ],
    "val_loss": [
      0.42347050588282326,
      0.40127744324623593,
      0.32774341749766517,
      0.3227297772963842,
      0.3149059943263493,
      0.3430818474955029,
      0.3085379934973187,
      0.3212873033114842,
      0.3129949985515504,
      0.30698021002232084,
      0.3565792786223548,
      0.3615452103198521,
      0.3613943546064316,
      0.4166200199770549,
      0.3934514020170484,
      0.4392395353506482,
      0.4243096715874142,
      0.41295088349826753,
      0.42705103017034984,
      0.4909709402493068
    ],
    "val_accuracy": [
      0.8456349206349206,
      0.8452380952380952,
      0.876984126984127,
      0.8738095238095238,
      0.8845238095238095,
      0.8821428571428571,
      0.8924603174603175,
      0.8833333333333333,
      0.8908730158730159,
      0.9011904761904762,
      0.8853174603174603,
      0.8956349206349207,
      0.8845238095238095,
      0.8896825396825396,
      0.8992063492063492,
      0.8884920634920634,
      0.8960317460317461,
      0.8952380952380953,
      0.8948412698412699,
      0.890079365079365
    ]
  },
  "global_metrics": {
    "accuracy": 0.8957142857142857,
    "balanced_accuracy": 0.8957142857142858,
    "top_3_accuracy": 0.9908571428571429,
    "top_5_accuracy": 0.9991428571428571,
    "log_loss": 0.3361116461801805,
    "mcc": 0.8783821267243028,
    "cohens_kappa": 0.8783333333333333,
    "precision_macro": 0.8960404589258947,
    "precision_micro": 0.8957142857142857,
    "precision_weighted": 0.8960404589258949,
    "recall_macro": 0.8957142857142858,
    "recall_micro": 0.8957142857142857,
    "recall_weighted": 0.8957142857142857,
    "f1_macro": 0.8957305118274171,
    "f1_micro": 0.8957142857142857,
    "f1_weighted": 0.8957305118274171,
    "auroc_macro": 0.9888522857142857,
    "auroc_weighted": 0.9888522857142856,
    "auprc_macro": 0.9508542337165748
  },
  "per_class_metrics": {
    "0": {
      "precision": 0.8817427385892116,
      "recall": 0.85,
      "f1": 0.8655804480651731,
      "specificity": 0.981,
      "fpr": 0.019,
      "fnr": 0.15,
      "auroc": 0.9875203333333333,
      "auprc": 0.9435540010750632,
      "support": 1000,
      "tp": 850,
      "tn": 5886,
      "fp": 114,
      "fn": 150
    },
    "1": {
      "precision": 0.9899396378269618,
      "recall": 0.984,
      "f1": 0.9869608826479439,
      "specificity": 0.9983333333333333,
      "fpr": 0.0016666666666666668,
      "fnr": 0.016,
      "auroc": 0.9995303333333333,
      "auprc": 0.9985153088341897,
      "support": 1000,
      "tp": 984,
      "tn": 5990,
      "fp": 10,
      "fn": 16
    },
    "2": {
      "precision": 0.8764940239043825,
      "recall": 0.88,
      "f1": 0.8782435129740519,
      "specificity": 0.9793333333333333,
      "fpr": 0.020666666666666667,
      "fnr": 0.12,
      "auroc": 0.9872233333333333,
      "auprc": 0.9439153357958049,
      "support": 1000,
      "tp": 880,
      "tn": 5876,
      "fp": 124,
      "fn": 120
    },
    "3": {
      "precision": 0.8894230769230769,
      "recall": 0.925,
      "f1": 0.9068627450980392,
      "specificity": 0.9808333333333333,
      "fpr": 0.019166666666666665,
      "fnr": 0.075,
      "auroc": 0.9938850833333333,
      "auprc": 0.9683034774439074,
      "support": 1000,
      "tp": 925,
      "tn": 5885,
      "fp": 115,
      "fn": 75
    },
    "4": {
      "precision": 0.8954451345755694,
      "recall": 0.865,
      "f1": 0.8799593082400814,
      "specificity": 0.9831666666666666,
      "fpr": 0.016833333333333332,
      "fnr": 0.135,
      "auroc": 0.9896901666666666,
      "auprc": 0.9461550948913304,
      "support": 1000,
      "tp": 865,
      "tn": 5899,
      "fp": 101,
      "fn": 135
    },
    "5": {
      "precision": 0.7629774730656219,
      "recall": 0.779,
      "f1": 0.7709054923305295,
      "specificity": 0.9596666666666667,
      "fpr": 0.04033333333333333,
      "fnr": 0.221,
      "auroc": 0.9645401666666665,
      "auprc": 0.8580964825879216,
      "support": 1000,
      "tp": 779,
      "tn": 5758,
      "fp": 242,
      "fn": 221
    },
    "6": {
      "precision": 0.9762611275964391,
      "recall": 0.987,
      "f1": 0.9816011934361014,
      "specificity": 0.996,
      "fpr": 0.004,
      "fnr": 0.013,
      "auroc": 0.9995765833333333,
      "auprc": 0.9974399353878071,
      "support": 1000,
      "tp": 987,
      "tn": 5976,
      "fp": 24,
      "fn": 13
    }
  },
  "confusion_matrix": [
    [
      850,
      1,
      15,
      25,
      2,
      98,
      9
    ],
    [
      1,
      984,
      0,
      10,
      0,
      3,
      2
    ],
    [
      17,
      1,
      880,
      9,
      38,
      53,
      2
    ],
    [
      12,
      6,
      8,
      925,
      19,
      29,
      1
    ],
    [
      1,
      0,
      48,
      29,
      865,
      57,
      0
    ],
    [
      78,
      2,
      52,
      38,
      41,
      779,
      10
    ],
    [
      5,
      0,
      1,
      4,
      1,
      2,
      987
    ]
  ]
}