{
  "experiment": "exp3",
  "condition": {
    "num_classes": 4,
    "class_list": [
      1,
      4,
      5,
      8
    ],
    "class_names": [
      "Trouser",
      "Coat",
      "Sandal",
      "Bag"
    ],
    "combo_idx": 1,
    "subset_pct": 60,
    "num_samples": 14400,
    "samples_per_class": 3600,
    "train_samples": 12960,
    "val_samples": 1440,
    "test_samples": 4000
  },
  "seed": 73962792,
  "timestamp": "2026-01-18T00:39:13.215387",
  "training_dynamics": {
    "epochs_trained": 16,
    "best_epoch": 6,
    "best_val_accuracy": 0.9930555555555556,
    "final_train_loss": 0.0004914893373382082,
    "final_val_loss": 0.04469136363721999,
    "training_time_seconds": 10.250242710113525
  },
  "training_history": {
    "train_loss": [
      0.08663584540937591,
      0.027846970496495056,
      0.018214293250431574,
      0.017134331141690565,
      0.011596073707595916,
      0.01182666447728596,
      0.004533902817449972,
      0.005562041406464906,
      0.006611574186516977,
      0.004563228740937183,
      0.004548027160260775,
      0.0053865728136412066,
      0.0017880573679527345,
      0.005561734763584798,
      0.006936130586339643,
      0.0004914893373382082
    ],
    "val_loss": [
      0.03982872685624494,
      0.035419889573111304,
      0.04669722196801255,
      0.039866698653915796,
      0.0434720581520297,
      0.02612988574756956,
      0.04990587908545826,
      0.032684658198074125,
      0.05230600057289444,
      0.05394669899797009,
      0.06006244687277002,
      0.04291125825691577,
      0.050451871926962766,
      0.054673136758922034,
      0.062195964565075375,
      0.04469136363721999
    ],
    "val_accuracy": [
      0.9888888888888889,
      0.9909722222222223,
      0.9875,
      0.9909722222222223,
      0.9888888888888889,
      0.9923611111111111,
      0.9909722222222223,
      0.9916666666666667,
      0.9930555555555556,
      0.9902777777777778,
      0.9916666666666667,
      0.9916666666666667,
      0.9902777777777778,
      0.9895833333333334,
      0.9909722222222223,
      0.9923611111111111
    ]
  },
  "global_metrics": {
    "accuracy": 0.994,
    "balanced_accuracy": 0.994,
    "top_3_accuracy": 0.99975,
    "top_5_accuracy": 1.0,
    "log_loss": 0.023289320439228354,
    "mcc": 0.992007192078214,
    "cohens_kappa": 0.992,
    "precision_macro": 0.9940162503834136,
    "precision_micro": 0.994,
    "precision_weighted": 0.9940162503834136,
    "recall_macro": 0.994,
    "recall_micro": 0.994,
    "recall_weighted": 0.994,
    "f1_macro": 0.9939973147922356,
    "f1_micro": 0.994,
    "f1_weighted": 0.9939973147922357,
    "auroc_macro": 0.9999193333333334,
    "auroc_weighted": 0.9999193333333334,
    "auprc_macro": 0.9997677665643404
  },
  "per_class_metrics": {
    "0": {
      "precision": 0.998992950654582,
      "recall": 0.992,
      "f1": 0.9954841946813848,
      "specificity": 0.9996666666666667,
      "fpr": 0.0003333333333333333,
      "fnr": 0.008,
      "auroc": 0.9999803333333334,
      "auprc": 0.9999417097960797,
      "support": 1000,
      "tp": 992,
      "tn": 2999,
      "fp": 1,
      "fn": 8
    },
    "1": {
      "precision": 0.991044776119403,
      "recall": 0.996,
      "f1": 0.9935162094763091,
      "specificity": 0.997,
      "fpr": 0.003,
      "fnr": 0.004,
      "auroc": 0.9998973333333333,
      "auprc": 0.9996933676145591,
      "support": 1000,
      "tp": 996,
      "tn": 2991,
      "fp": 9,
      "fn": 4
    },
    "2": {
      "precision": 0.9920634920634921,
      "recall": 1.0,
      "f1": 0.9960159362549801,
      "specificity": 0.9973333333333333,
      "fpr": 0.0026666666666666666,
      "fnr": 0.0,
      "auroc": 0.9999963333333334,
      "auprc": 0.9999890426453482,
      "support": 1000,
      "tp": 1000,
      "tn": 2992,
      "fp": 8,
      "fn": 0
    },
    "3": {
      "precision": 0.993963782696177,
      "recall": 0.988,
      "f1": 0.9909729187562687,
      "specificity": 0.998,
      "fpr": 0.002,
      "fnr": 0.012,
      "auroc": 0.9998033333333333,
      "auprc": 0.9994469462013744,
      "support": 1000,
      "tp": 988,
      "tn": 2994,
      "fp": 6,
      "fn": 12
    }
  },
  "confusion_matrix": [
    [
      992,
      5,
      0,
      3
    ],
    [
      0,
      996,
      1,
      3
    ],
    [
      0,
      0,
      1000,
      0
    ],
    [
      1,
      4,
      7,
      988
    ]
  ]
}