{
  "experiment": "exp3",
  "condition": {
    "num_classes": 2,
    "class_list": [
      5,
      8
    ],
    "class_names": [
      "Sandal",
      "Bag"
    ],
    "combo_idx": 3,
    "subset_pct": 90,
    "num_samples": 10800,
    "samples_per_class": 5400,
    "train_samples": 9720,
    "val_samples": 1080,
    "test_samples": 2000
  },
  "seed": 73962792,
  "timestamp": "2026-01-18T00:28:56.004190",
  "training_dynamics": {
    "epochs_trained": 19,
    "best_epoch": 9,
    "best_val_accuracy": 0.9981481481481481,
    "final_train_loss": 0.014539034205462917,
    "final_val_loss": 0.009490730474634028,
    "training_time_seconds": 9.005994081497192
  },
  "training_history": {
    "train_loss": [
      0.037745698758092326,
      0.009146719520015867,
      0.007525886346296841,
      0.006435518206630101,
      0.0021150363480519204,
      0.0004658760612467236,
      0.00013714228635900612,
      4.436153816107279e-05,
      4.8032341803599066e-05,
      4.7832066248301284e-05,
      8.552359439979802e-05,
      6.364262003893073e-05,
      4.338642793225302e-05,
      4.866610851195219e-05,
      4.13206502146654e-05,
      5.132382487042713e-05,
      8.079632205013503e-05,
      0.00685932109793516,
      0.014539034205462917
    ],
    "val_loss": [
      0.05169395218361859,
      0.01894617184459801,
      0.01364218018557208,
      0.013100923892286826,
      0.01120754325377978,
      0.00826226481720756,
      0.008329639495183174,
      0.006549313067552231,
      0.006543140312522121,
      0.007752256946837911,
      0.010399068935953437,
      0.00815494783420642,
      0.009616567301224711,
      0.007901555314206403,
      0.008374602367538736,
      0.006844453319544536,
      0.007208656890417033,
      0.029912956239228253,
      0.009490730474634028
    ],
    "val_accuracy": [
      0.987037037037037,
      0.9962962962962963,
      0.9944444444444445,
      0.9944444444444445,
      0.9962962962962963,
      0.9972222222222222,
      0.9972222222222222,
      0.9962962962962963,
      0.9972222222222222,
      0.9972222222222222,
      0.9962962962962963,
      0.9972222222222222,
      0.9972222222222222,
      0.9981481481481481,
      0.9972222222222222,
      0.9981481481481481,
      0.9981481481481481,
      0.9935185185185185,
      0.9981481481481481
    ]
  },
  "global_metrics": {
    "accuracy": 0.9985,
    "balanced_accuracy": 0.9984999999999999,
    "top_3_accuracy": 1.0,
    "top_5_accuracy": 1.0,
    "log_loss": 0.004302629329210543,
    "mcc": 0.9970044865302841,
    "cohens_kappa": 0.997,
    "precision_macro": 0.9985044865403789,
    "precision_micro": 0.9985,
    "precision_weighted": 0.9985044865403788,
    "recall_macro": 0.9984999999999999,
    "recall_micro": 0.9985,
    "recall_weighted": 0.9985,
    "f1_macro": 0.9984999966249923,
    "f1_micro": 0.9985,
    "f1_weighted": 0.9984999966249924,
    "auroc_macro": 0.999998,
    "auroc_weighted": 0.999998,
    "auprc_macro": 0.9999980024955085
  },
  "per_class_metrics": {
    "0": {
      "precision": 0.9970089730807578,
      "recall": 1.0,
      "f1": 0.9985022466300548,
      "specificity": 0.997,
      "fpr": 0.003,
      "fnr": 0.0,
      "auroc": 0.999998,
      "auprc": 0.999998000999001,
      "support": 1000,
      "tp": 1000,
      "tn": 997,
      "fp": 3,
      "fn": 0
    },
    "1": {
      "precision": 1.0,
      "recall": 0.997,
      "f1": 0.99849774661993,
      "specificity": 1.0,
      "fpr": 0.0,
      "fnr": 0.003,
      "auroc": 0.999998,
      "auprc": 0.999998003992016,
      "support": 1000,
      "tp": 997,
      "tn": 1000,
      "fp": 0,
      "fn": 3
    }
  },
  "confusion_matrix": [
    [
      1000,
      0
    ],
    [
      3,
      997
    ]
  ]
}