{
  "experiment": "exp3",
  "condition": {
    "num_classes": 10,
    "class_list": [
      0,
      1,
      2,
      3,
      4,
      5,
      6,
      7,
      8,
      9
    ],
    "class_names": [
      "T-shirt/top",
      "Trouser",
      "Pullover",
      "Dress",
      "Coat",
      "Sandal",
      "Shirt",
      "Sneaker",
      "Bag",
      "Ankle boot"
    ],
    "combo_idx": 0,
    "subset_pct": 80,
    "num_samples": 48000,
    "samples_per_class": 4800,
    "train_samples": 43200,
    "val_samples": 4800,
    "test_samples": 10000
  },
  "seed": 73962792,
  "timestamp": "2026-01-18T02:01:22.202534",
  "training_dynamics": {
    "epochs_trained": 14,
    "best_epoch": 4,
    "best_val_accuracy": 0.9220833333333334,
    "final_train_loss": 0.08801078906627717,
    "final_val_loss": 0.2545225564390421,
    "training_time_seconds": 28.333496809005737
  },
  "training_history": {
    "train_loss": [
      0.47171214426005326,
      0.3057189512804703,
      0.26393804789693265,
      0.2299391752978166,
      0.2053243312129268,
      0.18783756799719953,
      0.17046612228508348,
      0.15378920450254724,
      0.13837228657884731,
      0.1284373093203262,
      0.11370283473145079,
      0.1047876222445457,
      0.09776776746191361,
      0.08801078906627717
    ],
    "val_loss": [
      0.3041593138376872,
      0.2603375413020452,
      0.25445222785075505,
      0.22123683313528697,
      0.23194074302911757,
      0.24415023113290468,
      0.23577525734901428,
      0.23245403041442236,
      0.23136048878232637,
      0.2374747305115064,
      0.23323004643122355,
      0.2535711361716191,
      0.2602915502587954,
      0.2545225564390421
    ],
    "val_accuracy": [
      0.8895833333333333,
      0.901875,
      0.9020833333333333,
      0.9158333333333334,
      0.915,
      0.9102083333333333,
      0.9116666666666666,
      0.91375,
      0.9175,
      0.9183333333333333,
      0.916875,
      0.9220833333333334,
      0.91375,
      0.9191666666666667
    ]
  },
  "global_metrics": {
    "accuracy": 0.9129,
    "balanced_accuracy": 0.9128999999999999,
    "top_3_accuracy": 0.9938,
    "top_5_accuracy": 0.9991,
    "log_loss": 0.24284999465890234,
    "mcc": 0.9033652362595793,
    "cohens_kappa": 0.9032222222222221,
    "precision_macro": 0.9135450832642515,
    "precision_micro": 0.9129,
    "precision_weighted": 0.9135450832642514,
    "recall_macro": 0.9128999999999999,
    "recall_micro": 0.9129,
    "recall_weighted": 0.9129,
    "f1_macro": 0.9126141166382666,
    "f1_micro": 0.9129,
    "f1_weighted": 0.9126141166382667,
    "auroc_macro": 0.9946673833333334,
    "auroc_weighted": 0.9946673833333333,
    "auprc_macro": 0.9630883575784137
  },
  "per_class_metrics": {
    "0": {
      "precision": 0.8414055080721747,
      "recall": 0.886,
      "f1": 0.8631271310277643,
      "specificity": 0.9814444444444445,
      "fpr": 0.018555555555555554,
      "fnr": 0.114,
      "auroc": 0.9919891111111111,
      "auprc": 0.9406814027275084,
      "support": 1000,
      "tp": 886,
      "tn": 8833,
      "fp": 167,
      "fn": 114
    },
    "1": {
      "precision": 0.993963782696177,
      "recall": 0.988,
      "f1": 0.9909729187562687,
      "specificity": 0.9993333333333333,
      "fpr": 0.0006666666666666666,
      "fnr": 0.012,
      "auroc": 0.9999224444444444,
      "auprc": 0.9994412381827182,
      "support": 1000,
      "tp": 988,
      "tn": 8994,
      "fp": 6,
      "fn": 12
    },
    "2": {
      "precision": 0.8753738783649053,
      "recall": 0.878,
      "f1": 0.8766849725411883,
      "specificity": 0.9861111111111112,
      "fpr": 0.013888888888888888,
      "fnr": 0.122,
      "auroc": 0.9913589444444445,
      "auprc": 0.941437502068277,
      "support": 1000,
      "tp": 878,
      "tn": 8875,
      "fp": 125,
      "fn": 122
    },
    "3": {
      "precision": 0.926954732510288,
      "recall": 0.901,
      "f1": 0.9137931034482758,
      "specificity": 0.9921111111111112,
      "fpr": 0.00788888888888889,
      "fnr": 0.099,
      "auroc": 0.9966598888888889,
      "auprc": 0.9732374528678953,
      "support": 1000,
      "tp": 901,
      "tn": 8929,
      "fp": 71,
      "fn": 99
    },
    "4": {
      "precision": 0.8341013824884793,
      "recall": 0.905,
      "f1": 0.86810551558753,
      "specificity": 0.98,
      "fpr": 0.02,
      "fnr": 0.095,
      "auroc": 0.992862111111111,
      "auprc": 0.9433399106609901,
      "support": 1000,
      "tp": 905,
      "tn": 8820,
      "fp": 180,
      "fn": 95
    },
    "5": {
      "precision": 0.9897959183673469,
      "recall": 0.97,
      "f1": 0.9797979797979798,
      "specificity": 0.9988888888888889,
      "fpr": 0.0011111111111111111,
      "fnr": 0.03,
      "auroc": 0.9996024444444445,
      "auprc": 0.9972915202915805,
      "support": 1000,
      "tp": 970,
      "tn": 8990,
      "fp": 10,
      "fn": 30
    },
    "6": {
      "precision": 0.7771679473106476,
      "recall": 0.708,
      "f1": 0.7409733124018839,
      "specificity": 0.9774444444444444,
      "fpr": 0.022555555555555554,
      "fnr": 0.292,
      "auroc": 0.975933888888889,
      "auprc": 0.8484488955106344,
      "support": 1000,
      "tp": 708,
      "tn": 8797,
      "fp": 203,
      "fn": 292
    },
    "7": {
      "precision": 0.9165120593692022,
      "recall": 0.988,
      "f1": 0.9509143407122232,
      "specificity": 0.99,
      "fpr": 0.01,
      "fnr": 0.012,
      "auroc": 0.9992828888888889,
      "auprc": 0.9938809237498034,
      "support": 1000,
      "tp": 988,
      "tn": 8910,
      "fp": 90,
      "fn": 12
    },
    "8": {
      "precision": 0.9928205128205129,
      "recall": 0.968,
      "f1": 0.9802531645569621,
      "specificity": 0.9992222222222222,
      "fpr": 0.0007777777777777777,
      "fnr": 0.032,
      "auroc": 0.999627111111111,
      "auprc": 0.9978963522347406,
      "support": 1000,
      "tp": 968,
      "tn": 8993,
      "fp": 7,
      "fn": 32
    },
    "9": {
      "precision": 0.9873551106427819,
      "recall": 0.937,
      "f1": 0.9615187275525912,
      "specificity": 0.9986666666666667,
      "fpr": 0.0013333333333333333,
      "fnr": 0.063,
      "auroc": 0.999435,
      "auprc": 0.995228377489989,
      "support": 1000,
      "tp": 937,
      "tn": 8988,
      "fp": 12,
      "fn": 63
    }
  },
  "confusion_matrix": [
    [
      886,
      0,
      13,
      14,
      4,
      1,
      79,
      0,
      3,
      0
    ],
    [
      2,
      988,
      0,
      8,
      2,
      0,
      0,
      0,
      0,
      0
    ],
    [
      14,
      1,
      878,
      6,
      60,
      0,
      41,
      0,
      0,
      0
    ],
    [
      21,
      3,
      11,
      901,
      34,
      0,
      30,
      0,
      0,
      0
    ],
    [
      1,
      0,
      36,
      14,
      905,
      0,
      44,
      0,
      0,
      0
    ],
    [
      0,
      0,
      0,
      0,
      0,
      970,
      0,
      27,
      0,
      3
    ],
    [
      125,
      0,
      60,
      26,
      77,
      0,
      708,
      0,
      4,
      0
    ],
    [
      0,
      0,
      0,
      0,
      0,
      3,
      0,
      988,
      0,
      9
    ],
    [
      4,
      2,
      4,
      3,
      3,
      2,
      9,
      5,
      968,
      0
    ],
    [
      0,
      0,
      1,
      0,
      0,
      4,
      0,
      58,
      0,
      937
    ]
  ]
}