{
  "experiment": "exp1",
  "condition": {
    "subset_pct": 15,
    "num_samples": 9000,
    "train_samples": 8100,
    "val_samples": 900
  },
  "seed": 20194682,
  "timestamp": "2026-01-06T21:04:54.296679",
  "training_dynamics": {
    "epochs_trained": 22,
    "best_epoch": 12,
    "best_val_accuracy": 0.8988888888888888,
    "final_train_loss": 0.03799567866326112,
    "final_val_loss": 0.4244534084081857,
    "training_time_seconds": 6.806980609893799
  },
  "training_history": {
    "train_loss": [
      0.7468736572997776,
      0.4588211157659846,
      0.38395081401809933,
      0.331883945920336,
      0.2926445613343885,
      0.24643325441934932,
      0.22366694536969417,
      0.204168242439041,
      0.1761735433961932,
      0.16294443592663824,
      0.1320830959328047,
      0.11365651780754094,
      0.11020136230045885,
      0.09036978456653713,
      0.08235294687173028,
      0.07223266998203251,
      0.056374231043572386,
      0.054315802982209,
      0.047438307987951386,
      0.0443297297635123,
      0.03637834983019848,
      0.03799567866326112
    ],
    "val_loss": [
      0.4220009708404541,
      0.3323030089007484,
      0.3380953706635369,
      0.31809683117601606,
      0.32345296382904054,
      0.35611023359828525,
      0.29621943700644704,
      0.3015558489825991,
      0.2917394819524553,
      0.3059379910760456,
      0.30264690885941187,
      0.2869308225148254,
      0.4221100252866745,
      0.3497883704635832,
      0.40767957581414116,
      0.33573401980929907,
      0.38070083220799766,
      0.3956440009011163,
      0.42825360925661193,
      0.3827802054087321,
      0.386879213017722,
      0.4244534084081857
    ],
    "val_accuracy": [
      0.8422222222222222,
      0.8766666666666667,
      0.8644444444444445,
      0.8711111111111111,
      0.8677777777777778,
      0.8733333333333333,
      0.8888888888888888,
      0.8911111111111111,
      0.8911111111111111,
      0.8933333333333333,
      0.8922222222222222,
      0.8977777777777778,
      0.8911111111111111,
      0.89,
      0.8744444444444445,
      0.8933333333333333,
      0.8988888888888888,
      0.8988888888888888,
      0.8777777777777778,
      0.8922222222222222,
      0.8955555555555555,
      0.8866666666666667
    ]
  },
  "global_metrics": {
    "accuracy": 0.8883,
    "balanced_accuracy": 0.8883000000000001,
    "top_3_accuracy": 0.9887,
    "top_5_accuracy": 0.9982,
    "log_loss": 0.34978413688321486,
    "mcc": 0.8761921427909132,
    "cohens_kappa": 0.8758888888888889,
    "precision_macro": 0.8884173595207466,
    "precision_micro": 0.8883,
    "precision_weighted": 0.8884173595207467,
    "recall_macro": 0.8883000000000001,
    "recall_micro": 0.8883,
    "recall_weighted": 0.8883,
    "f1_macro": 0.8872048225494321,
    "f1_micro": 0.8883,
    "f1_weighted": 0.8872048225494322,
    "auroc_macro": 0.9912007,
    "auroc_weighted": 0.9912006999999999,
    "auprc_macro": 0.942641065052211
  },
  "per_class_metrics": {
    "0": {
      "precision": 0.7533557046979866,
      "recall": 0.898,
      "f1": 0.8193430656934306,
      "specificity": 0.9673333333333334,
      "fpr": 0.03266666666666662,
      "fnr": 0.10199999999999998,
      "auroc": 0.9875155555555555,
      "auprc": 0.9065958739629907,
      "support": 1000,
      "tp": 898,
      "tn": 8706,
      "fp": 294,
      "fn": 102
    },
    "1": {
      "precision": 0.9828109201213346,
      "recall": 0.972,
      "f1": 0.9773755656108597,
      "specificity": 0.9981111111111111,
      "fpr": 0.00188888888888894,
      "fnr": 0.028000000000000025,
      "auroc": 0.9989614444444445,
      "auprc": 0.9954102009207808,
      "support": 1000,
      "tp": 972,
      "tn": 8983,
      "fp": 17,
      "fn": 28
    },
    "2": {
      "precision": 0.84375,
      "recall": 0.81,
      "f1": 0.826530612244898,
      "specificity": 0.9833333333333333,
      "fpr": 0.01666666666666672,
      "fnr": 0.18999999999999995,
      "auroc": 0.9844858888888889,
      "auprc": 0.9016610898809118,
      "support": 1000,
      "tp": 810,
      "tn": 8850,
      "fp": 150,
      "fn": 190
    },
    "3": {
      "precision": 0.8764822134387352,
      "recall": 0.887,
      "f1": 0.8817097415506958,
      "specificity": 0.9861111111111112,
      "fpr": 0.01388888888888884,
      "fnr": 0.11299999999999999,
      "auroc": 0.9935851666666666,
      "auprc": 0.9516956754405411,
      "support": 1000,
      "tp": 887,
      "tn": 8875,
      "fp": 125,
      "fn": 113
    },
    "4": {
      "precision": 0.85068349106204,
      "recall": 0.809,
      "f1": 0.8293182983085596,
      "specificity": 0.9842222222222222,
      "fpr": 0.01577777777777778,
      "fnr": 0.19099999999999995,
      "auroc": 0.9882282777777779,
      "auprc": 0.9109392714672344,
      "support": 1000,
      "tp": 809,
      "tn": 8858,
      "fp": 142,
      "fn": 191
    },
    "5": {
      "precision": 0.9768378650553877,
      "recall": 0.97,
      "f1": 0.9734069242348219,
      "specificity": 0.9974444444444445,
      "fpr": 0.002555555555555533,
      "fnr": 0.030000000000000027,
      "auroc": 0.9991444444444444,
      "auprc": 0.993804688589384,
      "support": 1000,
      "tp": 970,
      "tn": 8977,
      "fp": 23,
      "fn": 30
    },
    "6": {
      "precision": 0.7418604651162791,
      "recall": 0.638,
      "f1": 0.6860215053763441,
      "specificity": 0.9753333333333334,
      "fpr": 0.024666666666666615,
      "fnr": 0.362,
      "auroc": 0.9640695555555556,
      "auprc": 0.7915023678003508,
      "support": 1000,
      "tp": 638,
      "tn": 8778,
      "fp": 222,
      "fn": 362
    },
    "7": {
      "precision": 0.9365853658536586,
      "recall": 0.96,
      "f1": 0.9481481481481482,
      "specificity": 0.9927777777777778,
      "fpr": 0.007222222222222241,
      "fnr": 0.040000000000000036,
      "auroc": 0.9986392222222222,
      "auprc": 0.9880526371322352,
      "support": 1000,
      "tp": 960,
      "tn": 8935,
      "fp": 65,
      "fn": 40
    },
    "8": {
      "precision": 0.958171206225681,
      "recall": 0.985,
      "f1": 0.9714003944773175,
      "specificity": 0.9952222222222222,
      "fpr": 0.00477777777777777,
      "fnr": 0.015000000000000013,
      "auroc": 0.9990140000000001,
      "auprc": 0.9952051062098264,
      "support": 1000,
      "tp": 985,
      "tn": 8957,
      "fp": 43,
      "fn": 15
    },
    "9": {
      "precision": 0.9636363636363636,
      "recall": 0.954,
      "f1": 0.9587939698492463,
      "specificity": 0.996,
      "fpr": 0.0040000000000000036,
      "fnr": 0.04600000000000004,
      "auroc": 0.9983634444444445,
      "auprc": 0.991543739117854,
      "support": 1000,
      "tp": 954,
      "tn": 8964,
      "fp": 36,
      "fn": 46
    }
  },
  "confusion_matrix": [
    [
      898,
      0,
      11,
      17,
      1,
      2,
      60,
      0,
      11,
      0
    ],
    [
      8,
      972,
      0,
      17,
      1,
      0,
      0,
      0,
      2,
      0
    ],
    [
      29,
      3,
      810,
      14,
      58,
      0,
      79,
      0,
      7,
      0
    ],
    [
      49,
      11,
      3,
      887,
      18,
      0,
      30,
      0,
      2,
      0
    ],
    [
      2,
      0,
      84,
      48,
      809,
      0,
      53,
      0,
      3,
      1
    ],
    [
      0,
      0,
      0,
      0,
      0,
      970,
      0,
      21,
      0,
      9
    ],
    [
      204,
      1,
      52,
      26,
      62,
      0,
      638,
      0,
      17,
      0
    ],
    [
      0,
      0,
      0,
      0,
      0,
      14,
      0,
      960,
      0,
      26
    ],
    [
      2,
      2,
      0,
      3,
      2,
      2,
      0,
      4,
      985,
      0
    ],
    [
      0,
      0,
      0,
      0,
      0,
      5,
      0,
      40,
      1,
      954
    ]
  ]
}