{
  "experiment": "exp1",
  "condition": {
    "subset_pct": 20,
    "num_samples": 12000,
    "train_samples": 10800,
    "val_samples": 1200
  },
  "seed": 20194682,
  "timestamp": "2026-01-06T21:05:01.190185",
  "training_dynamics": {
    "epochs_trained": 16,
    "best_epoch": 6,
    "best_val_accuracy": 0.8933333333333333,
    "final_train_loss": 0.057589525394086565,
    "final_val_loss": 0.4511746096611023,
    "training_time_seconds": 6.571305751800537
  },
  "training_history": {
    "train_loss": [
      0.6755702405638949,
      0.4177402819578464,
      0.3427463747869582,
      0.2948738153605066,
      0.25786880364079445,
      0.23415372194446757,
      0.2044657533823033,
      0.1814450846004063,
      0.1639136334098655,
      0.14112257270814751,
      0.1288404333344578,
      0.09995741361873389,
      0.08398874370193869,
      0.08042843233154723,
      0.07142122211100081,
      0.057589525394086565
    ],
    "val_loss": [
      0.4629454175631205,
      0.39385278781255084,
      0.3835615535577138,
      0.38064163565635684,
      0.36657747109731037,
      0.3230278992652893,
      0.3913404667377472,
      0.3629875349998474,
      0.36896775285402933,
      0.36903369665145874,
      0.3414322423934937,
      0.3876894307136536,
      0.38084194739659627,
      0.41228105465571085,
      0.42989206155141196,
      0.4511746096611023
    ],
    "val_accuracy": [
      0.8391666666666666,
      0.8433333333333334,
      0.8475,
      0.8633333333333333,
      0.8808333333333334,
      0.8866666666666667,
      0.86,
      0.8758333333333334,
      0.885,
      0.8758333333333334,
      0.8933333333333333,
      0.8933333333333333,
      0.8841666666666667,
      0.8875,
      0.8791666666666667,
      0.8875
    ]
  },
  "global_metrics": {
    "accuracy": 0.8877,
    "balanced_accuracy": 0.8877,
    "top_3_accuracy": 0.9902,
    "top_5_accuracy": 0.9979,
    "log_loss": 0.31374392377395405,
    "mcc": 0.8753688004104357,
    "cohens_kappa": 0.8752222222222222,
    "precision_macro": 0.8880703020031664,
    "precision_micro": 0.8877,
    "precision_weighted": 0.8880703020031662,
    "recall_macro": 0.8877,
    "recall_micro": 0.8877,
    "recall_weighted": 0.8877,
    "f1_macro": 0.8872511876845877,
    "f1_micro": 0.8877,
    "f1_weighted": 0.8872511876845878,
    "auroc_macro": 0.9911216666666667,
    "auroc_weighted": 0.9911216666666667,
    "auprc_macro": 0.9423937880558402
  },
  "per_class_metrics": {
    "0": {
      "precision": 0.8604143947655398,
      "recall": 0.789,
      "f1": 0.8231611893583723,
      "specificity": 0.9857777777777778,
      "fpr": 0.014222222222222247,
      "fnr": 0.21099999999999997,
      "auroc": 0.9882845555555556,
      "auprc": 0.9121434737522499,
      "support": 1000,
      "tp": 789,
      "tn": 8872,
      "fp": 128,
      "fn": 211
    },
    "1": {
      "precision": 0.9799398194583752,
      "recall": 0.977,
      "f1": 0.9784677015523284,
      "specificity": 0.9977777777777778,
      "fpr": 0.0022222222222222365,
      "fnr": 0.02300000000000002,
      "auroc": 0.9994506666666667,
      "auprc": 0.9968893742712229,
      "support": 1000,
      "tp": 977,
      "tn": 8980,
      "fp": 20,
      "fn": 23
    },
    "2": {
      "precision": 0.8652792990142387,
      "recall": 0.79,
      "f1": 0.8259278619968635,
      "specificity": 0.9863333333333333,
      "fpr": 0.013666666666666716,
      "fnr": 0.20999999999999996,
      "auroc": 0.9863293333333334,
      "auprc": 0.9086651704622374,
      "support": 1000,
      "tp": 790,
      "tn": 8877,
      "fp": 123,
      "fn": 210
    },
    "3": {
      "precision": 0.8312274368231047,
      "recall": 0.921,
      "f1": 0.8738140417457306,
      "specificity": 0.9792222222222222,
      "fpr": 0.020777777777777784,
      "fnr": 0.07899999999999996,
      "auroc": 0.9941002777777778,
      "auprc": 0.9529373561945433,
      "support": 1000,
      "tp": 921,
      "tn": 8813,
      "fp": 187,
      "fn": 79
    },
    "4": {
      "precision": 0.7952830188679245,
      "recall": 0.843,
      "f1": 0.8184466019417476,
      "specificity": 0.9758888888888889,
      "fpr": 0.024111111111111083,
      "fnr": 0.15700000000000003,
      "auroc": 0.9863697777777779,
      "auprc": 0.8925241427735537,
      "support": 1000,
      "tp": 843,
      "tn": 8783,
      "fp": 217,
      "fn": 157
    },
    "5": {
      "precision": 0.9769076305220884,
      "recall": 0.973,
      "f1": 0.9749498997995992,
      "specificity": 0.9974444444444445,
      "fpr": 0.002555555555555533,
      "fnr": 0.027000000000000024,
      "auroc": 0.9995308333333334,
      "auprc": 0.9962417582791251,
      "support": 1000,
      "tp": 973,
      "tn": 8977,
      "fp": 23,
      "fn": 27
    },
    "6": {
      "precision": 0.6967545638945233,
      "recall": 0.687,
      "f1": 0.6918429003021148,
      "specificity": 0.9667777777777777,
      "fpr": 0.033222222222222264,
      "fnr": 0.31299999999999994,
      "auroc": 0.9601252222222223,
      "auprc": 0.7851466404852511,
      "support": 1000,
      "tp": 687,
      "tn": 8701,
      "fp": 299,
      "fn": 313
    },
    "7": {
      "precision": 0.9472636815920398,
      "recall": 0.952,
      "f1": 0.9496259351620947,
      "specificity": 0.9941111111111111,
      "fpr": 0.0058888888888889435,
      "fnr": 0.04800000000000004,
      "auroc": 0.998847,
      "auprc": 0.9901527245436158,
      "support": 1000,
      "tp": 952,
      "tn": 8947,
      "fp": 53,
      "fn": 48
    },
    "8": {
      "precision": 0.9683481701285855,
      "recall": 0.979,
      "f1": 0.973644952759821,
      "specificity": 0.9964444444444445,
      "fpr": 0.003555555555555534,
      "fnr": 0.02100000000000002,
      "auroc": 0.999161,
      "auprc": 0.9959888527924058,
      "support": 1000,
      "tp": 979,
      "tn": 8968,
      "fp": 32,
      "fn": 21
    },
    "9": {
      "precision": 0.9592850049652433,
      "recall": 0.966,
      "f1": 0.9626307922272048,
      "specificity": 0.9954444444444445,
      "fpr": 0.004555555555555535,
      "fnr": 0.03400000000000003,
      "auroc": 0.999018,
      "auprc": 0.9932483870041975,
      "support": 1000,
      "tp": 966,
      "tn": 8959,
      "fp": 41,
      "fn": 34
    }
  },
  "confusion_matrix": [
    [
      789,
      2,
      15,
      68,
      7,
      2,
      107,
      0,
      10,
      0
    ],
    [
      0,
      977,
      0,
      14,
      7,
      0,
      0,
      0,
      2,
      0
    ],
    [
      13,
      2,
      790,
      12,
      88,
      0,
      94,
      0,
      1,
      0
    ],
    [
      8,
      12,
      5,
      921,
      30,
      0,
      23,
      0,
      1,
      0
    ],
    [
      0,
      1,
      49,
      33,
      843,
      0,
      72,
      0,
      2,
      0
    ],
    [
      0,
      0,
      0,
      0,
      0,
      973,
      0,
      19,
      0,
      8
    ],
    [
      106,
      1,
      54,
      55,
      82,
      0,
      687,
      0,
      15,
      0
    ],
    [
      0,
      0,
      0,
      0,
      0,
      15,
      0,
      952,
      0,
      33
    ],
    [
      1,
      2,
      0,
      5,
      3,
      2,
      3,
      5,
      979,
      0
    ],
    [
      0,
      0,
      0,
      0,
      0,
      4,
      0,
      29,
      1,
      966
    ]
  ]
}