{
  "experiment": "exp1",
  "condition": {
    "subset_pct": 60,
    "num_samples": 36000,
    "train_samples": 32400,
    "val_samples": 3600
  },
  "seed": 20194682,
  "timestamp": "2026-01-06T21:07:40.015125",
  "training_dynamics": {
    "epochs_trained": 20,
    "best_epoch": 10,
    "best_val_accuracy": 0.9263888888888889,
    "final_train_loss": 0.05940069462249838,
    "final_val_loss": 0.3106289991405275,
    "training_time_seconds": 39.01703214645386
  },
  "training_history": {
    "train_loss": [
      0.5131006592359298,
      0.3318595296650008,
      0.28388086631453247,
      0.24688368969591412,
      0.21808333396617713,
      0.198711291991571,
      0.18190551249409567,
      0.161634867386323,
      0.14391220140930347,
      0.13076652996095092,
      0.11912474822421987,
      0.10891942677494043,
      0.0918862685796307,
      0.08682799897169514,
      0.08061499766917271,
      0.07619512814287228,
      0.07087157331719347,
      0.06370660610643034,
      0.05917609528880897,
      0.05940069462249838
    ],
    "val_loss": [
      0.3028447084956699,
      0.27853116075197853,
      0.2771034916241964,
      0.26933362536960176,
      0.2506798842218187,
      0.2770898399088118,
      0.2212301782766978,
      0.22037767966588337,
      0.24016812867588466,
      0.21630903297000462,
      0.25006937238905164,
      0.2468675059742398,
      0.2527934508853488,
      0.2571729364660051,
      0.3029654762479994,
      0.2811933717462752,
      0.2777309039566252,
      0.33063994255330825,
      0.2844468567106459,
      0.3106289991405275
    ],
    "val_accuracy": [
      0.8958333333333334,
      0.8983333333333333,
      0.8963888888888889,
      0.8994444444444445,
      0.91,
      0.8986111111111111,
      0.9238888888888889,
      0.9219444444444445,
      0.9172222222222223,
      0.9230555555555555,
      0.9208333333333333,
      0.9241666666666667,
      0.9263888888888889,
      0.9247222222222222,
      0.9133333333333333,
      0.9194444444444444,
      0.9227777777777778,
      0.9219444444444445,
      0.9163888888888889,
      0.9236111111111112
    ]
  },
  "global_metrics": {
    "accuracy": 0.9128,
    "balanced_accuracy": 0.9128000000000001,
    "top_3_accuracy": 0.9925,
    "top_5_accuracy": 0.9988,
    "log_loss": 0.2556248164593627,
    "mcc": 0.9032350635388163,
    "cohens_kappa": 0.9031111111111111,
    "precision_macro": 0.9143943788090112,
    "precision_micro": 0.9128,
    "precision_weighted": 0.9143943788090113,
    "recall_macro": 0.9128000000000001,
    "recall_micro": 0.9128,
    "recall_weighted": 0.9128,
    "f1_macro": 0.9130386985023413,
    "f1_micro": 0.9128,
    "f1_weighted": 0.9130386985023413,
    "auroc_macro": 0.9944259777777777,
    "auroc_weighted": 0.9944259777777777,
    "auprc_macro": 0.9619329760823989
  },
  "per_class_metrics": {
    "0": {
      "precision": 0.8550583657587548,
      "recall": 0.879,
      "f1": 0.8668639053254438,
      "specificity": 0.9834444444444445,
      "fpr": 0.016555555555555546,
      "fnr": 0.121,
      "auroc": 0.9920483333333332,
      "auprc": 0.9456006767431275,
      "support": 1000,
      "tp": 879,
      "tn": 8851,
      "fp": 149,
      "fn": 121
    },
    "1": {
      "precision": 0.9929292929292929,
      "recall": 0.983,
      "f1": 0.9879396984924623,
      "specificity": 0.9992222222222222,
      "fpr": 0.0007777777777777661,
      "fnr": 0.017000000000000015,
      "auroc": 0.9995365555555555,
      "auprc": 0.9985149584265549,
      "support": 1000,
      "tp": 983,
      "tn": 8993,
      "fp": 7,
      "fn": 17
    },
    "2": {
      "precision": 0.8563162970106075,
      "recall": 0.888,
      "f1": 0.8718703976435934,
      "specificity": 0.9834444444444445,
      "fpr": 0.016555555555555546,
      "fnr": 0.11199999999999999,
      "auroc": 0.9909804444444446,
      "auprc": 0.9418995230205849,
      "support": 1000,
      "tp": 888,
      "tn": 8851,
      "fp": 149,
      "fn": 112
    },
    "3": {
      "precision": 0.917753259779338,
      "recall": 0.915,
      "f1": 0.9163745618427642,
      "specificity": 0.9908888888888889,
      "fpr": 0.00911111111111107,
      "fnr": 0.08499999999999996,
      "auroc": 0.9966350555555555,
      "auprc": 0.9695929045486545,
      "support": 1000,
      "tp": 915,
      "tn": 8918,
      "fp": 82,
      "fn": 85
    },
    "4": {
      "precision": 0.9043778801843319,
      "recall": 0.785,
      "f1": 0.8404710920770878,
      "specificity": 0.9907777777777778,
      "fpr": 0.009222222222222243,
      "fnr": 0.21499999999999997,
      "auroc": 0.9916896666666667,
      "auprc": 0.9328621205531656,
      "support": 1000,
      "tp": 785,
      "tn": 8917,
      "fp": 83,
      "fn": 215
    },
    "5": {
      "precision": 0.981,
      "recall": 0.981,
      "f1": 0.9810000000000001,
      "specificity": 0.9978888888888889,
      "fpr": 0.0021111111111110636,
      "fnr": 0.019000000000000017,
      "auroc": 0.9994034444444445,
      "auprc": 0.9970128574636026,
      "support": 1000,
      "tp": 981,
      "tn": 8981,
      "fp": 19,
      "fn": 19
    },
    "6": {
      "precision": 0.7261682242990655,
      "recall": 0.777,
      "f1": 0.7507246376811595,
      "specificity": 0.9674444444444444,
      "fpr": 0.03255555555555556,
      "fnr": 0.22299999999999998,
      "auroc": 0.9760702222222222,
      "auprc": 0.8492971963179453,
      "support": 1000,
      "tp": 777,
      "tn": 8707,
      "fp": 293,
      "fn": 223
    },
    "7": {
      "precision": 0.9592850049652433,
      "recall": 0.966,
      "f1": 0.9626307922272048,
      "specificity": 0.9954444444444445,
      "fpr": 0.004555555555555535,
      "fnr": 0.03400000000000003,
      "auroc": 0.9991233888888889,
      "auprc": 0.9920576652178282,
      "support": 1000,
      "tp": 966,
      "tn": 8959,
      "fp": 41,
      "fn": 34
    },
    "8": {
      "precision": 0.9771598808341608,
      "recall": 0.984,
      "f1": 0.9805680119581465,
      "specificity": 0.9974444444444445,
      "fpr": 0.002555555555555533,
      "fnr": 0.016000000000000014,
      "auroc": 0.9994986666666668,
      "auprc": 0.9972777227653098,
      "support": 1000,
      "tp": 984,
      "tn": 8977,
      "fp": 23,
      "fn": 16
    },
    "9": {
      "precision": 0.9738955823293173,
      "recall": 0.97,
      "f1": 0.9719438877755512,
      "specificity": 0.9971111111111111,
      "fpr": 0.002888888888888941,
      "fnr": 0.030000000000000027,
      "auroc": 0.999274,
      "auprc": 0.9952141357672152,
      "support": 1000,
      "tp": 970,
      "tn": 8974,
      "fp": 26,
      "fn": 30
    }
  },
  "confusion_matrix": [
    [
      879,
      0,
      14,
      12,
      4,
      2,
      84,
      0,
      5,
      0
    ],
    [
      2,
      983,
      1,
      10,
      1,
      0,
      1,
      0,
      2,
      0
    ],
    [
      13,
      1,
      888,
      8,
      23,
      0,
      66,
      0,
      1,
      0
    ],
    [
      18,
      3,
      7,
      915,
      22,
      0,
      34,
      0,
      1,
      0
    ],
    [
      2,
      0,
      78,
      27,
      785,
      0,
      106,
      0,
      2,
      0
    ],
    [
      0,
      0,
      0,
      0,
      0,
      981,
      0,
      16,
      1,
      2
    ],
    [
      111,
      0,
      49,
      22,
      31,
      0,
      777,
      0,
      10,
      0
    ],
    [
      0,
      0,
      0,
      0,
      0,
      10,
      0,
      966,
      0,
      24
    ],
    [
      3,
      3,
      0,
      3,
      2,
      1,
      2,
      2,
      984,
      0
    ],
    [
      0,
      0,
      0,
      0,
      0,
      6,
      0,
      23,
      1,
      970
    ]
  ]
}