{
  "experiment": "exp3",
  "condition": {
    "num_classes": 7,
    "class_list": [
      0,
      1,
      3,
      4,
      6,
      8,
      9
    ],
    "class_names": [
      "T-shirt/top",
      "Trouser",
      "Dress",
      "Coat",
      "Shirt",
      "Bag",
      "Ankle boot"
    ],
    "combo_idx": 2,
    "subset_pct": 40,
    "num_samples": 16800,
    "samples_per_class": 2400,
    "train_samples": 15120,
    "val_samples": 1680,
    "test_samples": 7000
  },
  "seed": 14994796,
  "timestamp": "2026-01-17T20:20:45.041413",
  "training_dynamics": {
    "epochs_trained": 16,
    "best_epoch": 6,
    "best_val_accuracy": 0.9232142857142858,
    "final_train_loss": 0.046785603513163104,
    "final_val_loss": 0.32306218658174785,
    "training_time_seconds": 11.339084386825562
  },
  "training_history": {
    "train_loss": [
      0.4572173562922558,
      0.305508830879308,
      0.256432258818723,
      0.21554829882858675,
      0.19187486534820328,
      0.16754439361550638,
      0.14028699057891902,
      0.1264905518918978,
      0.10666214807139796,
      0.09405550489178564,
      0.07909926942663605,
      0.07227198066158448,
      0.05499560591658648,
      0.05020868256079025,
      0.0503129145142304,
      0.046785603513163104
    ],
    "val_loss": [
      0.33664420559292746,
      0.43023770877293177,
      0.29201825772012985,
      0.24961466306731814,
      0.24794954231807165,
      0.22805550410633996,
      0.25059582874888464,
      0.2485012200616655,
      0.24367542976424808,
      0.2515227993329366,
      0.2693371243420101,
      0.2882473295643216,
      0.29309423721971967,
      0.3091052676950182,
      0.32376155172075544,
      0.32306218658174785
    ],
    "val_accuracy": [
      0.8791666666666667,
      0.8404761904761905,
      0.8964285714285715,
      0.9130952380952381,
      0.9095238095238095,
      0.9160714285714285,
      0.9125,
      0.9172619047619047,
      0.9232142857142858,
      0.9202380952380952,
      0.9214285714285714,
      0.9172619047619047,
      0.9119047619047619,
      0.919047619047619,
      0.9184523809523809,
      0.9136904761904762
    ]
  },
  "global_metrics": {
    "accuracy": 0.9098571428571428,
    "balanced_accuracy": 0.9098571428571427,
    "top_3_accuracy": 0.9935714285714285,
    "top_5_accuracy": 0.9991428571428571,
    "log_loss": 0.23776981219107582,
    "mcc": 0.8949965785494736,
    "cohens_kappa": 0.8948333333333334,
    "precision_macro": 0.9114581648201014,
    "precision_micro": 0.9098571428571428,
    "precision_weighted": 0.9114581648201016,
    "recall_macro": 0.9098571428571427,
    "recall_micro": 0.9098571428571428,
    "recall_weighted": 0.9098571428571428,
    "f1_macro": 0.9101947438654793,
    "f1_micro": 0.9098571428571428,
    "f1_weighted": 0.910194743865479,
    "auroc_macro": 0.9918983809523808,
    "auroc_weighted": 0.991898380952381,
    "auprc_macro": 0.9613835891269648
  },
  "per_class_metrics": {
    "0": {
      "precision": 0.896361631753032,
      "recall": 0.813,
      "f1": 0.852648138437336,
      "specificity": 0.9843333333333333,
      "fpr": 0.015666666666666666,
      "fnr": 0.187,
      "auroc": 0.9886994999999998,
      "auprc": 0.9404736340614195,
      "support": 1000,
      "tp": 813,
      "tn": 5906,
      "fp": 94,
      "fn": 187
    },
    "1": {
      "precision": 0.9819639278557114,
      "recall": 0.98,
      "f1": 0.9809809809809811,
      "specificity": 0.997,
      "fpr": 0.003,
      "fnr": 0.02,
      "auroc": 0.9995481666666666,
      "auprc": 0.997773526476779,
      "support": 1000,
      "tp": 980,
      "tn": 5982,
      "fp": 18,
      "fn": 20
    },
    "2": {
      "precision": 0.9087261785356068,
      "recall": 0.906,
      "f1": 0.9073610415623435,
      "specificity": 0.9848333333333333,
      "fpr": 0.015166666666666667,
      "fnr": 0.094,
      "auroc": 0.9945073333333334,
      "auprc": 0.9696950220220191,
      "support": 1000,
      "tp": 906,
      "tn": 5909,
      "fp": 91,
      "fn": 94
    },
    "3": {
      "precision": 0.8801198801198801,
      "recall": 0.881,
      "f1": 0.8805597201399301,
      "specificity": 0.98,
      "fpr": 0.02,
      "fnr": 0.119,
      "auroc": 0.9924151666666666,
      "auprc": 0.9570648545102292,
      "support": 1000,
      "tp": 881,
      "tn": 5880,
      "fp": 120,
      "fn": 119
    },
    "4": {
      "precision": 0.7425925925925926,
      "recall": 0.802,
      "f1": 0.7711538461538462,
      "specificity": 0.9536666666666667,
      "fpr": 0.04633333333333333,
      "fnr": 0.198,
      "auroc": 0.9687220000000001,
      "auprc": 0.8670633075899987,
      "support": 1000,
      "tp": 802,
      "tn": 5722,
      "fp": 278,
      "fn": 198
    },
    "5": {
      "precision": 0.9724409448818898,
      "recall": 0.988,
      "f1": 0.9801587301587301,
      "specificity": 0.9953333333333333,
      "fpr": 0.004666666666666667,
      "fnr": 0.012,
      "auroc": 0.9994069999999999,
      "auprc": 0.9976740454559662,
      "support": 1000,
      "tp": 988,
      "tn": 5972,
      "fp": 28,
      "fn": 12
    },
    "6": {
      "precision": 0.998001998001998,
      "recall": 0.999,
      "f1": 0.9985007496251873,
      "specificity": 0.9996666666666667,
      "fpr": 0.0003333333333333333,
      "fnr": 0.001,
      "auroc": 0.9999895000000001,
      "auprc": 0.9999407337723424,
      "support": 1000,
      "tp": 999,
      "tn": 5998,
      "fp": 2,
      "fn": 1
    }
  },
  "confusion_matrix": [
    [
      813,
      0,
      19,
      8,
      149,
      11,
      0
    ],
    [
      0,
      980,
      13,
      4,
      1,
      2,
      0
    ],
    [
      9,
      11,
      906,
      26,
      45,
      2,
      1
    ],
    [
      1,
      1,
      32,
      881,
      80,
      5,
      0
    ],
    [
      80,
      4,
      26,
      81,
      802,
      7,
      0
    ],
    [
      4,
      2,
      1,
      1,
      3,
      988,
      1
    ],
    [
      0,
      0,
      0,
      0,
      0,
      1,
      999
    ]
  ]
}