{
  "experiment": "exp3",
  "condition": {
    "num_classes": 6,
    "class_list": [
      2,
      3,
      5,
      6,
      8,
      9
    ],
    "class_names": [
      "Pullover",
      "Dress",
      "Sandal",
      "Shirt",
      "Bag",
      "Ankle boot"
    ],
    "combo_idx": 4,
    "subset_pct": 100,
    "num_samples": 36000,
    "samples_per_class": 6000,
    "train_samples": 32400,
    "val_samples": 3600,
    "test_samples": 6000
  },
  "seed": 14994796,
  "timestamp": "2026-01-17T20:14:18.673384",
  "training_dynamics": {
    "epochs_trained": 18,
    "best_epoch": 8,
    "best_val_accuracy": 0.9627777777777777,
    "final_train_loss": 0.029476767108687043,
    "final_val_loss": 0.18046368015304526,
    "training_time_seconds": 35.07318353652954
  },
  "training_history": {
    "train_loss": [
      0.25988884697782144,
      0.1564785320480782,
      0.125903400002852,
      0.10720517581854111,
      0.09387118921337807,
      0.08316423130796624,
      0.07467781271991233,
      0.06441072686676384,
      0.05678364505125228,
      0.052550602755720564,
      0.04880364662260405,
      0.04001990400936227,
      0.04031650642539499,
      0.03704634042678555,
      0.03446106480331669,
      0.029911020155183245,
      0.029307680050266127,
      0.029476767108687043
    ],
    "val_loss": [
      0.1411921628502508,
      0.12982458872099717,
      0.12222574622577263,
      0.11773253667064838,
      0.14558772079413757,
      0.1363679808166085,
      0.12117037573150204,
      0.11185591243563169,
      0.11593882156329023,
      0.12635119124587316,
      0.14229287686499043,
      0.13318693310850196,
      0.14213365922270088,
      0.18848155110133424,
      0.18330359984810154,
      0.18318601508695995,
      0.19787894712436052,
      0.18046368015304526
    ],
    "val_accuracy": [
      0.9472222222222222,
      0.9533333333333334,
      0.9544444444444444,
      0.9597222222222223,
      0.9472222222222222,
      0.9527777777777777,
      0.9561111111111111,
      0.9627777777777777,
      0.96,
      0.9616666666666667,
      0.9552777777777778,
      0.9575,
      0.9569444444444445,
      0.9547222222222222,
      0.9530555555555555,
      0.9561111111111111,
      0.9480555555555555,
      0.9597222222222223
    ]
  },
  "global_metrics": {
    "accuracy": 0.9543333333333334,
    "balanced_accuracy": 0.9543333333333331,
    "top_3_accuracy": 0.999,
    "top_5_accuracy": 1.0,
    "log_loss": 0.1392873564561732,
    "mcc": 0.9452801631568977,
    "cohens_kappa": 0.9452,
    "precision_macro": 0.9543843989459156,
    "precision_micro": 0.9543333333333334,
    "precision_weighted": 0.9543843989459158,
    "recall_macro": 0.9543333333333331,
    "recall_micro": 0.9543333333333334,
    "recall_weighted": 0.9543333333333334,
    "f1_macro": 0.9541651104540838,
    "f1_micro": 0.9543333333333334,
    "f1_weighted": 0.9541651104540836,
    "auroc_macro": 0.9970537166666666,
    "auroc_weighted": 0.9970537166666666,
    "auprc_macro": 0.9872509277045879
  },
  "per_class_metrics": {
    "0": {
      "precision": 0.8966507177033493,
      "recall": 0.937,
      "f1": 0.9163814180929096,
      "specificity": 0.9784,
      "fpr": 0.0216,
      "fnr": 0.063,
      "auroc": 0.994477,
      "auprc": 0.9745186088435838,
      "support": 1000,
      "tp": 937,
      "tn": 4892,
      "fp": 108,
      "fn": 63
    },
    "1": {
      "precision": 0.9493041749502982,
      "recall": 0.955,
      "f1": 0.9521435692921236,
      "specificity": 0.9898,
      "fpr": 0.0102,
      "fnr": 0.045,
      "auroc": 0.9981606999999999,
      "auprc": 0.9907626171490164,
      "support": 1000,
      "tp": 955,
      "tn": 4949,
      "fp": 51,
      "fn": 45
    },
    "2": {
      "precision": 0.9871159563924677,
      "recall": 0.996,
      "f1": 0.9915380786460926,
      "specificity": 0.9974,
      "fpr": 0.0026,
      "fnr": 0.004,
      "auroc": 0.9999319999999999,
      "auprc": 0.9996559332628285,
      "support": 1000,
      "tp": 996,
      "tn": 4987,
      "fp": 13,
      "fn": 4
    },
    "3": {
      "precision": 0.9091869060190074,
      "recall": 0.861,
      "f1": 0.884437596302003,
      "specificity": 0.9828,
      "fpr": 0.0172,
      "fnr": 0.139,
      "auroc": 0.9903537999999998,
      "auprc": 0.9605508098818729,
      "support": 1000,
      "tp": 861,
      "tn": 4914,
      "fp": 86,
      "fn": 139
    },
    "4": {
      "precision": 0.9850597609561753,
      "recall": 0.989,
      "f1": 0.9870259481037924,
      "specificity": 0.997,
      "fpr": 0.003,
      "fnr": 0.011,
      "auroc": 0.999787,
      "auprc": 0.999084787910211,
      "support": 1000,
      "tp": 989,
      "tn": 4985,
      "fp": 15,
      "fn": 11
    },
    "5": {
      "precision": 0.9989888776541962,
      "recall": 0.988,
      "f1": 0.9934640522875817,
      "specificity": 0.9998,
      "fpr": 0.0002,
      "fnr": 0.012,
      "auroc": 0.9996118,
      "auprc": 0.9989328091800151,
      "support": 1000,
      "tp": 988,
      "tn": 4999,
      "fp": 1,
      "fn": 12
    }
  },
  "confusion_matrix": [
    [
      937,
      11,
      0,
      52,
      0,
      0
    ],
    [
      14,
      955,
      0,
      30,
      1,
      0
    ],
    [
      0,
      0,
      996,
      0,
      3,
      1
    ],
    [
      92,
      36,
      0,
      861,
      11,
      0
    ],
    [
      1,
      4,
      2,
      4,
      989,
      0
    ],
    [
      1,
      0,
      11,
      0,
      0,
      988
    ]
  ]
}