{
  "experiment": "exp3",
  "condition": {
    "num_classes": 2,
    "class_list": [
      2,
      8
    ],
    "class_names": [
      "Pullover",
      "Bag"
    ],
    "combo_idx": 2,
    "subset_pct": 60,
    "num_samples": 7200,
    "samples_per_class": 3600,
    "train_samples": 6480,
    "val_samples": 720,
    "test_samples": 2000
  },
  "seed": 14994796,
  "timestamp": "2026-01-17T19:31:56.678436",
  "training_dynamics": {
    "epochs_trained": 22,
    "best_epoch": 12,
    "best_val_accuracy": 0.9986111111111111,
    "final_train_loss": 4.036505375233455e-05,
    "final_val_loss": 0.004936427045100168,
    "training_time_seconds": 6.463587999343872
  },
  "training_history": {
    "train_loss": [
      0.08551575408052361,
      0.035215562184377776,
      0.014617554751406288,
      0.014581863969985587,
      0.005770566780234267,
      0.0022132241018608494,
      0.007907455049444609,
      0.008793309797011699,
      0.0031432764050056423,
      0.008578007816361284,
      0.0015994813940575987,
      0.00029271056411173547,
      7.997838050318576e-05,
      9.150255990406032e-05,
      8.686597336298304e-05,
      7.773006161285451e-05,
      5.518644858329044e-05,
      3.8366636998739074e-05,
      3.404141947875556e-05,
      4.806420943792795e-05,
      5.491040957283486e-05,
      4.036505375233455e-05
    ],
    "val_loss": [
      0.04544884745652477,
      0.021178916489912405,
      0.011435773686712815,
      0.007341244001872837,
      0.01179403900168836,
      0.010100691183470189,
      0.01486902126731972,
      0.0069918278808472675,
      0.004611899584981276,
      0.008101290016849007,
      0.00579329468099685,
      0.003487745258179429,
      0.004853274010484812,
      0.0049978516710527604,
      0.00610521159423014,
      0.004049324463347956,
      0.004271115783922141,
      0.004748539148850896,
      0.0052170430776944466,
      0.005545269626681046,
      0.00534765159847868,
      0.004936427045100168
    ],
    "val_accuracy": [
      0.9875,
      0.9916666666666667,
      0.9944444444444445,
      0.9986111111111111,
      0.9930555555555556,
      0.9958333333333333,
      0.9944444444444445,
      0.9958333333333333,
      0.9972222222222222,
      0.9972222222222222,
      0.9986111111111111,
      0.9972222222222222,
      0.9972222222222222,
      0.9972222222222222,
      0.9986111111111111,
      0.9972222222222222,
      0.9972222222222222,
      0.9972222222222222,
      0.9972222222222222,
      0.9972222222222222,
      0.9972222222222222,
      0.9972222222222222
    ]
  },
  "global_metrics": {
    "accuracy": 0.9975,
    "balanced_accuracy": 0.9975,
    "top_3_accuracy": 1.0,
    "top_5_accuracy": 1.0,
    "log_loss": 0.008636767789950418,
    "mcc": 0.9950004975003731,
    "cohens_kappa": 0.995,
    "precision_macro": 0.9975004975004975,
    "precision_micro": 0.9975,
    "precision_weighted": 0.9975004975004974,
    "recall_macro": 0.9975,
    "recall_micro": 0.9975,
    "recall_weighted": 0.9975,
    "f1_macro": 0.9974999993749998,
    "f1_micro": 0.9975,
    "f1_weighted": 0.9974999993749998,
    "auroc_macro": 0.999962,
    "auroc_weighted": 0.999962,
    "auprc_macro": 0.999962175256324
  },
  "per_class_metrics": {
    "0": {
      "precision": 0.997002997002997,
      "recall": 0.998,
      "f1": 0.9975012493753124,
      "specificity": 0.997,
      "fpr": 0.003,
      "fnr": 0.002,
      "auroc": 0.999962,
      "auprc": 0.9999618412285605,
      "support": 1000,
      "tp": 998,
      "tn": 997,
      "fp": 3,
      "fn": 2
    },
    "1": {
      "precision": 0.997997997997998,
      "recall": 0.997,
      "f1": 0.9974987493746873,
      "specificity": 0.998,
      "fpr": 0.002,
      "fnr": 0.003,
      "auroc": 0.999962,
      "auprc": 0.9999625092840876,
      "support": 1000,
      "tp": 997,
      "tn": 998,
      "fp": 2,
      "fn": 3
    }
  },
  "confusion_matrix": [
    [
      998,
      2
    ],
    [
      3,
      997
    ]
  ]
}