{
  "experiment": "exp3",
  "condition": {
    "num_classes": 6,
    "class_list": [
      0,
      2,
      4,
      5,
      7,
      8
    ],
    "class_names": [
      "T-shirt/top",
      "Pullover",
      "Coat",
      "Sandal",
      "Sneaker",
      "Bag"
    ],
    "combo_idx": 2,
    "subset_pct": 50,
    "num_samples": 18000,
    "samples_per_class": 3000,
    "train_samples": 16200,
    "val_samples": 1800,
    "test_samples": 6000
  },
  "seed": 14994796,
  "timestamp": "2026-01-17T20:07:19.980921",
  "training_dynamics": {
    "epochs_trained": 18,
    "best_epoch": 8,
    "best_val_accuracy": 0.9622222222222222,
    "final_train_loss": 0.020476942943930664,
    "final_val_loss": 0.17328185938893714,
    "training_time_seconds": 13.603189945220947
  },
  "training_history": {
    "train_loss": [
      0.31234730205197975,
      0.17286452171429406,
      0.1362835337796549,
      0.10845453915090894,
      0.09466305181134756,
      0.0786874749510747,
      0.07244610774888122,
      0.0568782376349119,
      0.05558063489234617,
      0.04880367809637105,
      0.0448642004754277,
      0.038892658852227764,
      0.032425725070381994,
      0.03217023497002335,
      0.029110959797958278,
      0.02442482503096199,
      0.025959835022364333,
      0.020476942943930664
    ],
    "val_loss": [
      0.17279788388146294,
      0.12526768498950536,
      0.13027901397811043,
      0.13942676842212676,
      0.11762324538495805,
      0.12783211681577894,
      0.11632418248388503,
      0.11522590690188937,
      0.1331823973523246,
      0.1659151950147417,
      0.15784265173806084,
      0.1384851364956962,
      0.14077575641787715,
      0.13543360490765838,
      0.1476119123161253,
      0.177540952840613,
      0.14569723473654853,
      0.17328185938893714
    ],
    "val_accuracy": [
      0.9422222222222222,
      0.9577777777777777,
      0.9522222222222222,
      0.9488888888888889,
      0.9544444444444444,
      0.9538888888888889,
      0.9605555555555556,
      0.9622222222222222,
      0.9566666666666667,
      0.9455555555555556,
      0.9488888888888889,
      0.9605555555555556,
      0.9611111111111111,
      0.96,
      0.9588888888888889,
      0.9572222222222222,
      0.9588888888888889,
      0.9622222222222222
    ]
  },
  "global_metrics": {
    "accuracy": 0.9585,
    "balanced_accuracy": 0.9585,
    "top_3_accuracy": 0.9981666666666666,
    "top_5_accuracy": 1.0,
    "log_loss": 0.1332929631432966,
    "mcc": 0.9502975372094437,
    "cohens_kappa": 0.9501999999999999,
    "precision_macro": 0.9586868863793301,
    "precision_micro": 0.9585,
    "precision_weighted": 0.9586868863793301,
    "recall_macro": 0.9585,
    "recall_micro": 0.9585,
    "recall_weighted": 0.9585,
    "f1_macro": 0.9583489233505332,
    "f1_micro": 0.9585,
    "f1_weighted": 0.9583489233505332,
    "auroc_macro": 0.9974698499999999,
    "auroc_weighted": 0.99746985,
    "auprc_macro": 0.9891429190561069
  },
  "per_class_metrics": {
    "0": {
      "precision": 0.9664634146341463,
      "recall": 0.951,
      "f1": 0.9586693548387096,
      "specificity": 0.9934,
      "fpr": 0.0066,
      "fnr": 0.049,
      "auroc": 0.9979016,
      "auprc": 0.9901883024681154,
      "support": 1000,
      "tp": 951,
      "tn": 4967,
      "fp": 33,
      "fn": 49
    },
    "1": {
      "precision": 0.9330543933054394,
      "recall": 0.892,
      "f1": 0.9120654396728015,
      "specificity": 0.9872,
      "fpr": 0.0128,
      "fnr": 0.108,
      "auroc": 0.9923242,
      "auprc": 0.9709887194345402,
      "support": 1000,
      "tp": 892,
      "tn": 4936,
      "fp": 64,
      "fn": 108
    },
    "2": {
      "precision": 0.9199614271938283,
      "recall": 0.954,
      "f1": 0.9366715758468336,
      "specificity": 0.9834,
      "fpr": 0.0166,
      "fnr": 0.046,
      "auroc": 0.9957638999999999,
      "auprc": 0.9775388496903721,
      "support": 1000,
      "tp": 954,
      "tn": 4917,
      "fp": 83,
      "fn": 46
    },
    "3": {
      "precision": 0.9958677685950413,
      "recall": 0.964,
      "f1": 0.9796747967479674,
      "specificity": 0.9992,
      "fpr": 0.0008,
      "fnr": 0.036,
      "auroc": 0.9996472,
      "auprc": 0.9985137460489373,
      "support": 1000,
      "tp": 964,
      "tn": 4996,
      "fp": 4,
      "fn": 36
    },
    "4": {
      "precision": 0.9651500484027106,
      "recall": 0.997,
      "f1": 0.9808165272995574,
      "specificity": 0.9928,
      "fpr": 0.0072,
      "fnr": 0.003,
      "auroc": 0.9998347999999999,
      "auprc": 0.9991573483414598,
      "support": 1000,
      "tp": 997,
      "tn": 4964,
      "fp": 36,
      "fn": 3
    },
    "5": {
      "precision": 0.9716242661448141,
      "recall": 0.993,
      "f1": 0.9821958456973294,
      "specificity": 0.9942,
      "fpr": 0.0058,
      "fnr": 0.007,
      "auroc": 0.9993474,
      "auprc": 0.9984705483532164,
      "support": 1000,
      "tp": 993,
      "tn": 4971,
      "fp": 29,
      "fn": 7
    }
  },
  "confusion_matrix": [
    [
      951,
      24,
      5,
      1,
      0,
      19
    ],
    [
      28,
      892,
      77,
      0,
      0,
      3
    ],
    [
      1,
      38,
      954,
      0,
      0,
      7
    ],
    [
      1,
      1,
      0,
      964,
      34,
      0
    ],
    [
      0,
      0,
      0,
      3,
      997,
      0
    ],
    [
      3,
      1,
      1,
      0,
      2,
      993
    ]
  ]
}