{
  "experiment": "exp3",
  "condition": {
    "num_classes": 8,
    "class_list": [
      0,
      1,
      3,
      4,
      5,
      7,
      8,
      9
    ],
    "class_names": [
      "T-shirt/top",
      "Trouser",
      "Dress",
      "Coat",
      "Sandal",
      "Sneaker",
      "Bag",
      "Ankle boot"
    ],
    "combo_idx": 2,
    "subset_pct": 40,
    "num_samples": 19200,
    "samples_per_class": 2400,
    "train_samples": 17280,
    "val_samples": 1920,
    "test_samples": 8000
  },
  "seed": 14994796,
  "timestamp": "2026-01-17T20:36:28.826285",
  "training_dynamics": {
    "epochs_trained": 18,
    "best_epoch": 8,
    "best_val_accuracy": 0.96875,
    "final_train_loss": 0.01664917112998578,
    "final_val_loss": 0.16467005330972218,
    "training_time_seconds": 15.55791974067688
  },
  "training_history": {
    "train_loss": [
      0.3160369526732851,
      0.16262248183980033,
      0.12648748300831628,
      0.1053696003018154,
      0.08592195359093172,
      0.0765840425690705,
      0.06484180075737338,
      0.05590372197933633,
      0.04839386082970089,
      0.04023216981182082,
      0.032787713611981385,
      0.03848112961363599,
      0.023350744452909567,
      0.026665237703558956,
      0.022063658959275388,
      0.022774980372061555,
      0.023622511847147337,
      0.01664917112998578
    ],
    "val_loss": [
      0.16263547691827018,
      0.14460879682252806,
      0.12980936230160295,
      0.1276859146853288,
      0.13045047524695594,
      0.13035244379813474,
      0.11859877679186563,
      0.11501464541846265,
      0.14708742363533625,
      0.12998277868609875,
      0.16761171749870604,
      0.12951837590274712,
      0.1538429523197313,
      0.13757723462379848,
      0.16500668477577468,
      0.13579472662143718,
      0.1349304552616862,
      0.16467005330972218
    ],
    "val_accuracy": [
      0.9494791666666667,
      0.953125,
      0.9598958333333333,
      0.9583333333333334,
      0.9604166666666667,
      0.9572916666666667,
      0.9619791666666667,
      0.9640625,
      0.9567708333333333,
      0.9619791666666667,
      0.959375,
      0.9630208333333333,
      0.9604166666666667,
      0.96875,
      0.9619791666666667,
      0.9671875,
      0.959375,
      0.9671875
    ]
  },
  "global_metrics": {
    "accuracy": 0.960625,
    "balanced_accuracy": 0.9606250000000001,
    "top_3_accuracy": 0.998125,
    "top_5_accuracy": 0.999625,
    "log_loss": 0.11968154694721085,
    "mcc": 0.9550739869899922,
    "cohens_kappa": 0.955,
    "precision_macro": 0.9611757155607004,
    "precision_micro": 0.960625,
    "precision_weighted": 0.9611757155607004,
    "recall_macro": 0.9606250000000001,
    "recall_micro": 0.960625,
    "recall_weighted": 0.960625,
    "f1_macro": 0.9606432725564836,
    "f1_micro": 0.960625,
    "f1_weighted": 0.9606432725564835,
    "auroc_macro": 0.9988073392857143,
    "auroc_weighted": 0.9988073392857143,
    "auprc_macro": 0.9929584937649729
  },
  "per_class_metrics": {
    "0": {
      "precision": 0.971252566735113,
      "recall": 0.946,
      "f1": 0.9584599797365754,
      "specificity": 0.996,
      "fpr": 0.004,
      "fnr": 0.054,
      "auroc": 0.9976782857142857,
      "auprc": 0.990565899512702,
      "support": 1000,
      "tp": 946,
      "tn": 6972,
      "fp": 28,
      "fn": 54
    },
    "1": {
      "precision": 0.9929221435793731,
      "recall": 0.982,
      "f1": 0.987430869783811,
      "specificity": 0.999,
      "fpr": 0.001,
      "fnr": 0.018,
      "auroc": 0.9996782857142856,
      "auprc": 0.998341708813013,
      "support": 1000,
      "tp": 982,
      "tn": 6993,
      "fp": 7,
      "fn": 18
    },
    "2": {
      "precision": 0.9268774703557312,
      "recall": 0.938,
      "f1": 0.9324055666003975,
      "specificity": 0.9894285714285714,
      "fpr": 0.010571428571428572,
      "fnr": 0.062,
      "auroc": 0.9972856428571428,
      "auprc": 0.9794205157028507,
      "support": 1000,
      "tp": 938,
      "tn": 6926,
      "fp": 74,
      "fn": 62
    },
    "3": {
      "precision": 0.943081452404318,
      "recall": 0.961,
      "f1": 0.9519564140663694,
      "specificity": 0.9917142857142857,
      "fpr": 0.008285714285714285,
      "fnr": 0.039,
      "auroc": 0.9989552857142857,
      "auprc": 0.993748073395099,
      "support": 1000,
      "tp": 961,
      "tn": 6942,
      "fp": 58,
      "fn": 39
    },
    "4": {
      "precision": 0.9731343283582089,
      "recall": 0.978,
      "f1": 0.9755610972568578,
      "specificity": 0.9961428571428571,
      "fpr": 0.003857142857142857,
      "fnr": 0.022,
      "auroc": 0.9995312857142857,
      "auprc": 0.9970864809374266,
      "support": 1000,
      "tp": 978,
      "tn": 6973,
      "fp": 27,
      "fn": 22
    },
    "5": {
      "precision": 0.9734607218683652,
      "recall": 0.917,
      "f1": 0.9443872296601443,
      "specificity": 0.9964285714285714,
      "fpr": 0.0035714285714285713,
      "fnr": 0.083,
      "auroc": 0.9986828571428571,
      "auprc": 0.9923916769237059,
      "support": 1000,
      "tp": 917,
      "tn": 6975,
      "fp": 25,
      "fn": 83
    },
    "6": {
      "precision": 0.9839357429718876,
      "recall": 0.98,
      "f1": 0.9819639278557115,
      "specificity": 0.9977142857142857,
      "fpr": 0.002285714285714286,
      "fnr": 0.02,
      "auroc": 0.9995539999999999,
      "auprc": 0.997641611808266,
      "support": 1000,
      "tp": 980,
      "tn": 6984,
      "fp": 16,
      "fn": 20
    },
    "7": {
      "precision": 0.9247412982126059,
      "recall": 0.983,
      "f1": 0.9529810954920019,
      "specificity": 0.9885714285714285,
      "fpr": 0.011428571428571429,
      "fnr": 0.017,
      "auroc": 0.9990930714285714,
      "auprc": 0.9944719830267206,
      "support": 1000,
      "tp": 983,
      "tn": 6920,
      "fp": 80,
      "fn": 17
    }
  },
  "confusion_matrix": [
    [
      946,
      0,
      31,
      10,
      2,
      0,
      11,
      0
    ],
    [
      1,
      982,
      10,
      6,
      0,
      0,
      1,
      0
    ],
    [
      19,
      6,
      938,
      35,
      0,
      0,
      1,
      1
    ],
    [
      5,
      0,
      31,
      961,
      0,
      0,
      2,
      1
    ],
    [
      0,
      0,
      0,
      0,
      978,
      8,
      0,
      14
    ],
    [
      0,
      0,
      0,
      0,
      19,
      917,
      0,
      64
    ],
    [
      3,
      1,
      2,
      7,
      5,
      2,
      980,
      0
    ],
    [
      0,
      0,
      0,
      0,
      1,
      15,
      1,
      983
    ]
  ]
}