{
  "experiment": "exp3",
  "condition": {
    "num_classes": 4,
    "class_list": [
      1,
      5,
      7,
      9
    ],
    "class_names": [
      "Trouser",
      "Sandal",
      "Sneaker",
      "Ankle boot"
    ],
    "combo_idx": 4,
    "subset_pct": 30,
    "num_samples": 7200,
    "samples_per_class": 1800,
    "train_samples": 6480,
    "val_samples": 720,
    "test_samples": 4000
  },
  "seed": 14994796,
  "timestamp": "2026-01-17T19:49:37.060070",
  "training_dynamics": {
    "epochs_trained": 17,
    "best_epoch": 7,
    "best_val_accuracy": 0.9805555555555555,
    "final_train_loss": 0.0091874953953212,
    "final_val_loss": 0.08335306930303987,
    "training_time_seconds": 5.304083824157715
  },
  "training_history": {
    "train_loss": [
      0.23406987845459404,
      0.10847190232472677,
      0.07387791406911086,
      0.05569423575356018,
      0.042529440240697096,
      0.043833036117219164,
      0.04357502298593959,
      0.020623667974552305,
      0.01816019263944826,
      0.027466426176639896,
      0.007798269468527424,
      0.013032001130483752,
      0.009471868069393916,
      0.011274658315361355,
      0.014641505120094983,
      0.009051097499882328,
      0.0091874953953212
    ],
    "val_loss": [
      0.16938100788328384,
      0.07740050264530712,
      0.06761270018501414,
      0.11187207963731553,
      0.11710483994748858,
      0.31899397969245913,
      0.06393786532183489,
      0.07442141017980046,
      0.07969036714898216,
      0.06421561446040869,
      0.07266625304085512,
      0.08037370824151568,
      0.11255247633671388,
      0.07966059231354544,
      0.0914845533009308,
      0.08925784716330883,
      0.08335306930303987
    ],
    "val_accuracy": [
      0.9402777777777778,
      0.9763888888888889,
      0.9777777777777777,
      0.9486111111111111,
      0.9541666666666667,
      0.9083333333333333,
      0.9805555555555555,
      0.9777777777777777,
      0.9791666666666666,
      0.9777777777777777,
      0.9805555555555555,
      0.9763888888888889,
      0.9777777777777777,
      0.975,
      0.975,
      0.975,
      0.9763888888888889
    ]
  },
  "global_metrics": {
    "accuracy": 0.97125,
    "balanced_accuracy": 0.9712500000000001,
    "top_3_accuracy": 1.0,
    "top_5_accuracy": 1.0,
    "log_loss": 0.08951607520703998,
    "mcc": 0.9618644302930038,
    "cohens_kappa": 0.9616666666666667,
    "precision_macro": 0.9720748857271324,
    "precision_micro": 0.97125,
    "precision_weighted": 0.9720748857271324,
    "recall_macro": 0.9712500000000001,
    "recall_micro": 0.97125,
    "recall_weighted": 0.97125,
    "f1_macro": 0.971375317091393,
    "f1_micro": 0.97125,
    "f1_weighted": 0.971375317091393,
    "auroc_macro": 0.9983629166666667,
    "auroc_weighted": 0.9983629166666665,
    "auprc_macro": 0.995441990908044
  },
  "per_class_metrics": {
    "0": {
      "precision": 1.0,
      "recall": 1.0,
      "f1": 1.0,
      "specificity": 1.0,
      "fpr": 0.0,
      "fnr": 0.0,
      "auroc": 1.0,
      "auprc": 1.0,
      "support": 1000,
      "tp": 1000,
      "tn": 3000,
      "fp": 0,
      "fn": 0
    },
    "1": {
      "precision": 0.9887410440122825,
      "recall": 0.966,
      "f1": 0.9772382397572078,
      "specificity": 0.9963333333333333,
      "fpr": 0.0036666666666666666,
      "fnr": 0.034,
      "auroc": 0.998567,
      "auprc": 0.9967075352701259,
      "support": 1000,
      "tp": 966,
      "tn": 2989,
      "fp": 11,
      "fn": 34
    },
    "2": {
      "precision": 0.923368022705771,
      "recall": 0.976,
      "f1": 0.948954788526981,
      "specificity": 0.973,
      "fpr": 0.027,
      "fnr": 0.024,
      "auroc": 0.9968066666666666,
      "auprc": 0.9906650489679332,
      "support": 1000,
      "tp": 976,
      "tn": 2919,
      "fp": 81,
      "fn": 24
    },
    "3": {
      "precision": 0.9761904761904762,
      "recall": 0.943,
      "f1": 0.9593082400813835,
      "specificity": 0.9923333333333333,
      "fpr": 0.007666666666666666,
      "fnr": 0.057,
      "auroc": 0.998078,
      "auprc": 0.9943953793941169,
      "support": 1000,
      "tp": 943,
      "tn": 2977,
      "fp": 23,
      "fn": 57
    }
  },
  "confusion_matrix": [
    [
      1000,
      0,
      0,
      0
    ],
    [
      0,
      966,
      31,
      3
    ],
    [
      0,
      4,
      976,
      20
    ],
    [
      0,
      7,
      50,
      943
    ]
  ]
}