{
  "experiment": "exp3",
  "condition": {
    "num_classes": 9,
    "class_list": [
      0,
      1,
      3,
      4,
      5,
      6,
      7,
      8,
      9
    ],
    "class_names": [
      "T-shirt/top",
      "Trouser",
      "Dress",
      "Coat",
      "Sandal",
      "Shirt",
      "Sneaker",
      "Bag",
      "Ankle boot"
    ],
    "combo_idx": 3,
    "subset_pct": 40,
    "num_samples": 21600,
    "samples_per_class": 2400,
    "train_samples": 19440,
    "val_samples": 2160,
    "test_samples": 9000
  },
  "seed": 14994796,
  "timestamp": "2026-01-17T20:57:19.480483",
  "training_dynamics": {
    "epochs_trained": 18,
    "best_epoch": 8,
    "best_val_accuracy": 0.9291666666666667,
    "final_train_loss": 0.03972530186633536,
    "final_val_loss": 0.3327204035388099,
    "training_time_seconds": 22.232669830322266
  },
  "training_history": {
    "train_loss": [
      0.46445451804289695,
      0.29063076410736693,
      0.24267028603016547,
      0.20437545078120342,
      0.18385791630288095,
      0.16178438210810878,
      0.1384618047342979,
      0.12702941363309755,
      0.11223566884444536,
      0.10137624626574841,
      0.08269250526791438,
      0.07187879948239577,
      0.06658266538962428,
      0.059926081882287305,
      0.054589149686523196,
      0.04690590567540647,
      0.04696604169408889,
      0.03972530186633536
    ],
    "val_loss": [
      0.30082008915918845,
      0.2925539939491837,
      0.23552802392730007,
      0.22781948414113787,
      0.23086537056499057,
      0.23432552019755046,
      0.2575586356498577,
      0.2191828140506038,
      0.22944515866261941,
      0.2535451732299946,
      0.25036529699961346,
      0.24130217079763058,
      0.2892147426252012,
      0.2754391607311037,
      0.28302351699935063,
      0.3113874607064106,
      0.2873914082845052,
      0.3327204035388099
    ],
    "val_accuracy": [
      0.8851851851851852,
      0.8870370370370371,
      0.9101851851851852,
      0.913425925925926,
      0.9175925925925926,
      0.9199074074074074,
      0.9120370370370371,
      0.9226851851851852,
      0.9226851851851852,
      0.9226851851851852,
      0.9277777777777778,
      0.9282407407407407,
      0.9199074074074074,
      0.9268518518518518,
      0.9291666666666667,
      0.9226851851851852,
      0.9254629629629629,
      0.9185185185185185
    ]
  },
  "global_metrics": {
    "accuracy": 0.918,
    "balanced_accuracy": 0.918,
    "top_3_accuracy": 0.9938888888888889,
    "top_5_accuracy": 0.9992222222222222,
    "log_loss": 0.23673904597970855,
    "mcc": 0.9078383294011977,
    "cohens_kappa": 0.9077500000000001,
    "precision_macro": 0.9194584125029485,
    "precision_micro": 0.918,
    "precision_weighted": 0.9194584125029485,
    "recall_macro": 0.918,
    "recall_micro": 0.918,
    "recall_weighted": 0.918,
    "f1_macro": 0.9183645943825586,
    "f1_micro": 0.918,
    "f1_weighted": 0.9183645943825585,
    "auroc_macro": 0.9947953194444445,
    "auroc_weighted": 0.9947953194444443,
    "auprc_macro": 0.9671629433520708
  },
  "per_class_metrics": {
    "0": {
      "precision": 0.8269598470363289,
      "recall": 0.865,
      "f1": 0.8455522971652003,
      "specificity": 0.977375,
      "fpr": 0.022625,
      "fnr": 0.135,
      "auroc": 0.9898802499999999,
      "auprc": 0.9325362174688369,
      "support": 1000,
      "tp": 865,
      "tn": 7819,
      "fp": 181,
      "fn": 135
    },
    "1": {
      "precision": 0.9948927477017364,
      "recall": 0.974,
      "f1": 0.9843355229914098,
      "specificity": 0.999375,
      "fpr": 0.000625,
      "fnr": 0.026,
      "auroc": 0.99971225,
      "auprc": 0.998295938319907,
      "support": 1000,
      "tp": 974,
      "tn": 7995,
      "fp": 5,
      "fn": 26
    },
    "2": {
      "precision": 0.9423286180631121,
      "recall": 0.866,
      "f1": 0.9025534132360604,
      "specificity": 0.993375,
      "fpr": 0.006625,
      "fnr": 0.134,
      "auroc": 0.9955621250000001,
      "auprc": 0.9683581015051245,
      "support": 1000,
      "tp": 866,
      "tn": 7947,
      "fp": 53,
      "fn": 134
    },
    "3": {
      "precision": 0.8677606177606177,
      "recall": 0.899,
      "f1": 0.8831041257367386,
      "specificity": 0.982875,
      "fpr": 0.017125,
      "fnr": 0.101,
      "auroc": 0.9940825000000001,
      "auprc": 0.9575291678667316,
      "support": 1000,
      "tp": 899,
      "tn": 7863,
      "fp": 137,
      "fn": 101
    },
    "4": {
      "precision": 0.9761904761904762,
      "recall": 0.984,
      "f1": 0.9800796812749003,
      "specificity": 0.997,
      "fpr": 0.003,
      "fnr": 0.016,
      "auroc": 0.9995618749999999,
      "auprc": 0.9966430859320462,
      "support": 1000,
      "tp": 984,
      "tn": 7976,
      "fp": 24,
      "fn": 16
    },
    "5": {
      "precision": 0.7650542941757157,
      "recall": 0.775,
      "f1": 0.7699950322901142,
      "specificity": 0.97025,
      "fpr": 0.02975,
      "fnr": 0.225,
      "auroc": 0.977640375,
      "auprc": 0.8691726769331811,
      "support": 1000,
      "tp": 775,
      "tn": 7762,
      "fp": 238,
      "fn": 225
    },
    "6": {
      "precision": 0.9365994236311239,
      "recall": 0.975,
      "f1": 0.9554140127388535,
      "specificity": 0.99175,
      "fpr": 0.00825,
      "fnr": 0.025,
      "auroc": 0.9987778749999999,
      "auprc": 0.99178773913659,
      "support": 1000,
      "tp": 975,
      "tn": 7934,
      "fp": 66,
      "fn": 25
    },
    "7": {
      "precision": 0.980980980980981,
      "recall": 0.98,
      "f1": 0.9804902451225612,
      "specificity": 0.997625,
      "fpr": 0.002375,
      "fnr": 0.02,
      "auroc": 0.999470125,
      "auprc": 0.9972909798183484,
      "support": 1000,
      "tp": 980,
      "tn": 7981,
      "fp": 19,
      "fn": 20
    },
    "8": {
      "precision": 0.9843587069864442,
      "recall": 0.944,
      "f1": 0.9637570188871873,
      "specificity": 0.998125,
      "fpr": 0.001875,
      "fnr": 0.056,
      "auroc": 0.9984705,
      "auprc": 0.9928525831878707,
      "support": 1000,
      "tp": 944,
      "tn": 7985,
      "fp": 15,
      "fn": 56
    }
  },
  "confusion_matrix": [
    [
      865,
      0,
      13,
      5,
      1,
      111,
      0,
      5,
      0
    ],
    [
      6,
      974,
      8,
      8,
      0,
      2,
      0,
      2,
      0
    ],
    [
      40,
      3,
      866,
      40,
      2,
      48,
      0,
      1,
      0
    ],
    [
      6,
      0,
      21,
      899,
      0,
      72,
      0,
      2,
      0
    ],
    [
      0,
      0,
      0,
      0,
      984,
      0,
      14,
      0,
      2
    ],
    [
      124,
      0,
      9,
      82,
      1,
      775,
      0,
      9,
      0
    ],
    [
      0,
      0,
      0,
      0,
      12,
      0,
      975,
      0,
      13
    ],
    [
      5,
      2,
      2,
      2,
      3,
      4,
      2,
      980,
      0
    ],
    [
      0,
      0,
      0,
      0,
      5,
      1,
      50,
      0,
      944
    ]
  ]
}