{
  "experiment": "exp3",
  "condition": {
    "num_classes": 9,
    "class_list": [
      0,
      1,
      2,
      3,
      4,
      5,
      6,
      7,
      9
    ],
    "class_names": [
      "T-shirt/top",
      "Trouser",
      "Pullover",
      "Dress",
      "Coat",
      "Sandal",
      "Shirt",
      "Sneaker",
      "Ankle boot"
    ],
    "combo_idx": 1,
    "subset_pct": 50,
    "num_samples": 27000,
    "samples_per_class": 3000,
    "train_samples": 24300,
    "val_samples": 2700,
    "test_samples": 9000
  },
  "seed": 14994796,
  "timestamp": "2026-01-17T20:49:58.509141",
  "training_dynamics": {
    "epochs_trained": 15,
    "best_epoch": 5,
    "best_val_accuracy": 0.9155555555555556,
    "final_train_loss": 0.07837867147142166,
    "final_val_loss": 0.342875205397054,
    "training_time_seconds": 16.684843063354492
  },
  "training_history": {
    "train_loss": [
      0.5479132593070206,
      0.3561917860649134,
      0.30567308456489917,
      0.2674225309373517,
      0.2345610199594184,
      0.21328890016792637,
      0.18809440939834243,
      0.1679333128917374,
      0.1512215646473985,
      0.13423911640910727,
      0.11534254869789277,
      0.10737639936912609,
      0.09401303839404136,
      0.08392518336737627,
      0.07837867147142166
    ],
    "val_loss": [
      0.3747314291971701,
      0.2833090397163674,
      0.2891685403055615,
      0.27487330513971825,
      0.24942318591806623,
      0.255904173873089,
      0.2803408024487672,
      0.2541946217969612,
      0.2874678443537818,
      0.26845113392229436,
      0.2697265694980268,
      0.2904704208230531,
      0.3116464029418098,
      0.30525585017822404,
      0.342875205397054
    ],
    "val_accuracy": [
      0.8625925925925926,
      0.8951851851851852,
      0.8951851851851852,
      0.8937037037037037,
      0.9155555555555556,
      0.9044444444444445,
      0.9003703703703704,
      0.9122222222222223,
      0.904074074074074,
      0.9114814814814814,
      0.9103703703703704,
      0.9051851851851852,
      0.9085185185185185,
      0.9118518518518518,
      0.9111111111111111
    ]
  },
  "global_metrics": {
    "accuracy": 0.8984444444444445,
    "balanced_accuracy": 0.8984444444444445,
    "top_3_accuracy": 0.9918888888888889,
    "top_5_accuracy": 0.9993333333333333,
    "log_loss": 0.2803615004006027,
    "mcc": 0.8858624624568459,
    "cohens_kappa": 0.88575,
    "precision_macro": 0.8980853675527379,
    "precision_micro": 0.8984444444444445,
    "precision_weighted": 0.8980853675527378,
    "recall_macro": 0.8984444444444445,
    "recall_micro": 0.8984444444444445,
    "recall_weighted": 0.8984444444444445,
    "f1_macro": 0.8978304934006799,
    "f1_micro": 0.8984444444444445,
    "f1_weighted": 0.89783049340068,
    "auroc_macro": 0.9923297222222222,
    "auroc_weighted": 0.9923297222222223,
    "auprc_macro": 0.9537048959179713
  },
  "per_class_metrics": {
    "0": {
      "precision": 0.8572834645669292,
      "recall": 0.871,
      "f1": 0.8640873015873015,
      "specificity": 0.981875,
      "fpr": 0.018125,
      "fnr": 0.129,
      "auroc": 0.9901886249999999,
      "auprc": 0.9371933643320879,
      "support": 1000,
      "tp": 871,
      "tn": 7855,
      "fp": 145,
      "fn": 129
    },
    "1": {
      "precision": 0.986,
      "recall": 0.986,
      "f1": 0.986,
      "specificity": 0.99825,
      "fpr": 0.00175,
      "fnr": 0.014,
      "auroc": 0.9996791250000001,
      "auprc": 0.9983453464797181,
      "support": 1000,
      "tp": 986,
      "tn": 7986,
      "fp": 14,
      "fn": 14
    },
    "2": {
      "precision": 0.8792924037460979,
      "recall": 0.845,
      "f1": 0.8618052014278429,
      "specificity": 0.9855,
      "fpr": 0.0145,
      "fnr": 0.155,
      "auroc": 0.9893492499999998,
      "auprc": 0.9387827441662205,
      "support": 1000,
      "tp": 845,
      "tn": 7884,
      "fp": 116,
      "fn": 155
    },
    "3": {
      "precision": 0.8857965451055663,
      "recall": 0.923,
      "f1": 0.9040156709108718,
      "specificity": 0.985125,
      "fpr": 0.014875,
      "fnr": 0.077,
      "auroc": 0.9953311249999999,
      "auprc": 0.9653114174929021,
      "support": 1000,
      "tp": 923,
      "tn": 7881,
      "fp": 119,
      "fn": 77
    },
    "4": {
      "precision": 0.8309591642924976,
      "recall": 0.875,
      "f1": 0.852411105698977,
      "specificity": 0.97775,
      "fpr": 0.02225,
      "fnr": 0.125,
      "auroc": 0.9904826250000001,
      "auprc": 0.933824570957071,
      "support": 1000,
      "tp": 875,
      "tn": 7822,
      "fp": 178,
      "fn": 125
    },
    "5": {
      "precision": 0.9886947584789312,
      "recall": 0.962,
      "f1": 0.9751647237709072,
      "specificity": 0.998625,
      "fpr": 0.001375,
      "fnr": 0.038,
      "auroc": 0.99963675,
      "auprc": 0.9972357652562063,
      "support": 1000,
      "tp": 962,
      "tn": 7989,
      "fp": 11,
      "fn": 38
    },
    "6": {
      "precision": 0.7483801295896328,
      "recall": 0.693,
      "f1": 0.7196261682242989,
      "specificity": 0.970875,
      "fpr": 0.029125,
      "fnr": 0.307,
      "auroc": 0.967951,
      "auprc": 0.825131772516691,
      "support": 1000,
      "tp": 693,
      "tn": 7767,
      "fp": 233,
      "fn": 307
    },
    "7": {
      "precision": 0.924015009380863,
      "recall": 0.985,
      "f1": 0.9535333978702808,
      "specificity": 0.989875,
      "fpr": 0.010125,
      "fnr": 0.015,
      "auroc": 0.9990653749999999,
      "auprc": 0.9926484542651771,
      "support": 1000,
      "tp": 985,
      "tn": 7919,
      "fp": 81,
      "fn": 15
    },
    "8": {
      "precision": 0.9823468328141225,
      "recall": 0.946,
      "f1": 0.9638308711156394,
      "specificity": 0.997875,
      "fpr": 0.002125,
      "fnr": 0.054,
      "auroc": 0.9992836249999999,
      "auprc": 0.9948706277956676,
      "support": 1000,
      "tp": 946,
      "tn": 7983,
      "fp": 17,
      "fn": 54
    }
  },
  "confusion_matrix": [
    [
      871,
      0,
      7,
      32,
      4,
      3,
      83,
      0,
      0
    ],
    [
      0,
      986,
      0,
      10,
      1,
      0,
      3,
      0,
      0
    ],
    [
      16,
      1,
      845,
      12,
      55,
      0,
      71,
      0,
      0
    ],
    [
      10,
      8,
      5,
      923,
      26,
      0,
      28,
      0,
      0
    ],
    [
      0,
      2,
      46,
      30,
      875,
      0,
      47,
      0,
      0
    ],
    [
      0,
      0,
      0,
      0,
      0,
      962,
      0,
      33,
      5
    ],
    [
      119,
      3,
      58,
      35,
      92,
      0,
      693,
      0,
      0
    ],
    [
      0,
      0,
      0,
      0,
      0,
      3,
      0,
      985,
      12
    ],
    [
      0,
      0,
      0,
      0,
      0,
      5,
      1,
      48,
      946
    ]
  ]
}