{
  "experiment": "exp3",
  "condition": {
    "num_classes": 6,
    "class_list": [
      2,
      3,
      5,
      6,
      8,
      9
    ],
    "class_names": [
      "Pullover",
      "Dress",
      "Sandal",
      "Shirt",
      "Bag",
      "Ankle boot"
    ],
    "combo_idx": 4,
    "subset_pct": 20,
    "num_samples": 7200,
    "samples_per_class": 1200,
    "train_samples": 6480,
    "val_samples": 720,
    "test_samples": 6000
  },
  "seed": 14994796,
  "timestamp": "2026-01-17T20:11:37.201256",
  "training_dynamics": {
    "epochs_trained": 14,
    "best_epoch": 4,
    "best_val_accuracy": 0.9513888888888888,
    "final_train_loss": 0.02897915922164661,
    "final_val_loss": 0.20377202892882956,
    "training_time_seconds": 5.143844842910767
  },
  "training_history": {
    "train_loss": [
      0.4366510893199958,
      0.241723407790357,
      0.17818512289109184,
      0.13870666029990888,
      0.11397687033476199,
      0.10024345718214617,
      0.08913675791529171,
      0.05872770892250735,
      0.0483544866746182,
      0.04670153810259174,
      0.03332070296278735,
      0.028806482587813164,
      0.02981579660748442,
      0.02897915922164661
    ],
    "val_loss": [
      0.23554463022285038,
      0.18166069255934822,
      0.17423804336123996,
      0.1537707309756014,
      0.15803804022984372,
      0.15526117500331665,
      0.21186138370798693,
      0.1609995757229626,
      0.1598926126336058,
      0.2010601975230707,
      0.16905653836826484,
      0.19308633897453548,
      0.19446316947643127,
      0.20377202892882956
    ],
    "val_accuracy": [
      0.9236111111111112,
      0.9305555555555556,
      0.9291666666666667,
      0.9513888888888888,
      0.9472222222222222,
      0.9513888888888888,
      0.9222222222222223,
      0.9472222222222222,
      0.9444444444444444,
      0.9388888888888889,
      0.95,
      0.9375,
      0.9444444444444444,
      0.9402777777777778
    ]
  },
  "global_metrics": {
    "accuracy": 0.9296666666666666,
    "balanced_accuracy": 0.9296666666666668,
    "top_3_accuracy": 0.995,
    "top_5_accuracy": 0.9993333333333333,
    "log_loss": 0.21100826449284452,
    "mcc": 0.9159999212675077,
    "cohens_kappa": 0.9156,
    "precision_macro": 0.9297629795742416,
    "precision_micro": 0.9296666666666666,
    "precision_weighted": 0.9297629795742416,
    "recall_macro": 0.9296666666666668,
    "recall_micro": 0.9296666666666666,
    "recall_weighted": 0.9296666666666666,
    "f1_macro": 0.9287009679139023,
    "f1_micro": 0.9296666666666666,
    "f1_weighted": 0.9287009679139022,
    "auroc_macro": 0.9941792166666668,
    "auroc_weighted": 0.9941792166666665,
    "auprc_macro": 0.9755092418598371
  },
  "per_class_metrics": {
    "0": {
      "precision": 0.862298195631529,
      "recall": 0.908,
      "f1": 0.8845591816853385,
      "specificity": 0.971,
      "fpr": 0.029,
      "fnr": 0.092,
      "auroc": 0.9892336999999999,
      "auprc": 0.9537853795823549,
      "support": 1000,
      "tp": 908,
      "tn": 4855,
      "fp": 145,
      "fn": 92
    },
    "1": {
      "precision": 0.9032863849765258,
      "recall": 0.962,
      "f1": 0.9317191283292977,
      "specificity": 0.9794,
      "fpr": 0.0206,
      "fnr": 0.038,
      "auroc": 0.9965284,
      "auprc": 0.9820060410170698,
      "support": 1000,
      "tp": 962,
      "tn": 4897,
      "fp": 103,
      "fn": 38
    },
    "2": {
      "precision": 0.9604628736740598,
      "recall": 0.996,
      "f1": 0.9779086892488953,
      "specificity": 0.9918,
      "fpr": 0.0082,
      "fnr": 0.004,
      "auroc": 0.9996144,
      "auprc": 0.9977127687923788,
      "support": 1000,
      "tp": 996,
      "tn": 4959,
      "fp": 41,
      "fn": 4
    },
    "3": {
      "precision": 0.8906789413118527,
      "recall": 0.774,
      "f1": 0.8282504012841091,
      "specificity": 0.981,
      "fpr": 0.019,
      "fnr": 0.226,
      "auroc": 0.982426,
      "auprc": 0.9276707949248207,
      "support": 1000,
      "tp": 774,
      "tn": 4905,
      "fp": 95,
      "fn": 226
    },
    "4": {
      "precision": 0.9690309690309691,
      "recall": 0.97,
      "f1": 0.9695152423788106,
      "specificity": 0.9938,
      "fpr": 0.0062,
      "fnr": 0.03,
      "auroc": 0.9984388,
      "auprc": 0.9948130463178364,
      "support": 1000,
      "tp": 970,
      "tn": 4969,
      "fp": 31,
      "fn": 30
    },
    "5": {
      "precision": 0.9928205128205129,
      "recall": 0.968,
      "f1": 0.9802531645569621,
      "specificity": 0.9986,
      "fpr": 0.0014,
      "fnr": 0.032,
      "auroc": 0.998834,
      "auprc": 0.9970674205245623,
      "support": 1000,
      "tp": 968,
      "tn": 4993,
      "fp": 7,
      "fn": 32
    }
  },
  "confusion_matrix": [
    [
      908,
      25,
      0,
      62,
      5,
      0
    ],
    [
      5,
      962,
      0,
      28,
      4,
      1
    ],
    [
      0,
      0,
      996,
      0,
      0,
      4
    ],
    [
      131,
      72,
      1,
      774,
      22,
      0
    ],
    [
      9,
      6,
      9,
      4,
      970,
      2
    ],
    [
      0,
      0,
      31,
      1,
      0,
      968
    ]
  ]
}