{
  "experiment": "exp3",
  "condition": {
    "num_classes": 8,
    "class_list": [
      0,
      1,
      3,
      4,
      5,
      7,
      8,
      9
    ],
    "class_names": [
      "T-shirt/top",
      "Trouser",
      "Dress",
      "Coat",
      "Sandal",
      "Sneaker",
      "Bag",
      "Ankle boot"
    ],
    "combo_idx": 2,
    "subset_pct": 90,
    "num_samples": 43200,
    "samples_per_class": 5400,
    "train_samples": 38880,
    "val_samples": 4320,
    "test_samples": 8000
  },
  "seed": 14994796,
  "timestamp": "2026-01-17T20:38:33.575887",
  "training_dynamics": {
    "epochs_trained": 18,
    "best_epoch": 8,
    "best_val_accuracy": 0.9712962962962963,
    "final_train_loss": 0.02217488994964649,
    "final_val_loss": 0.12604253371418625,
    "training_time_seconds": 32.86524486541748
  },
  "training_history": {
    "train_loss": [
      0.23329342950110962,
      0.12931308420037999,
      0.10288155544932172,
      0.08728174322076436,
      0.07463627916915452,
      0.06607769870032298,
      0.059609472359098664,
      0.05082158610649027,
      0.047409435789871314,
      0.040438510148305795,
      0.034202049894558606,
      0.03576034110741794,
      0.03143010690109804,
      0.027156224359870113,
      0.029633484119346434,
      0.025131780505058775,
      0.02420008670696916,
      0.02217488994964649
    ],
    "val_loss": [
      0.12823226126255813,
      0.1331633885977445,
      0.12409866275610747,
      0.10366099003564429,
      0.11962668062360199,
      0.10015923169062094,
      0.10094343419014304,
      0.09505091871790312,
      0.10721672958935853,
      0.0958372744490151,
      0.11663517158616472,
      0.0986157003859127,
      0.10018929539041387,
      0.12466692636134448,
      0.10836148662837568,
      0.11711989119648933,
      0.12014425930877527,
      0.12604253371418625
    ],
    "val_accuracy": [
      0.9548611111111112,
      0.9546296296296296,
      0.961574074074074,
      0.9641203703703703,
      0.9601851851851851,
      0.9668981481481481,
      0.968287037037037,
      0.96875,
      0.9668981481481481,
      0.9712962962962963,
      0.9689814814814814,
      0.9678240740740741,
      0.9701388888888889,
      0.9666666666666667,
      0.96875,
      0.9662037037037037,
      0.9650462962962963,
      0.9706018518518519
    ]
  },
  "global_metrics": {
    "accuracy": 0.97075,
    "balanced_accuracy": 0.97075,
    "top_3_accuracy": 0.999375,
    "top_5_accuracy": 1.0,
    "log_loss": 0.0901226810487672,
    "mcc": 0.9666265623802044,
    "cohens_kappa": 0.9665714285714285,
    "precision_macro": 0.9713607200428573,
    "precision_micro": 0.97075,
    "precision_weighted": 0.9713607200428573,
    "recall_macro": 0.97075,
    "recall_micro": 0.97075,
    "recall_weighted": 0.97075,
    "f1_macro": 0.9708673451053587,
    "f1_micro": 0.97075,
    "f1_weighted": 0.9708673451053587,
    "auroc_macro": 0.9992003928571428,
    "auroc_weighted": 0.9992003928571428,
    "auprc_macro": 0.9951036437441576
  },
  "per_class_metrics": {
    "0": {
      "precision": 0.967032967032967,
      "recall": 0.968,
      "f1": 0.9675162418790604,
      "specificity": 0.9952857142857143,
      "fpr": 0.004714285714285714,
      "fnr": 0.032,
      "auroc": 0.9985504285714285,
      "auprc": 0.991964739613868,
      "support": 1000,
      "tp": 968,
      "tn": 6967,
      "fp": 33,
      "fn": 32
    },
    "1": {
      "precision": 0.9979716024340771,
      "recall": 0.984,
      "f1": 0.9909365558912387,
      "specificity": 0.9997142857142857,
      "fpr": 0.00028571428571428574,
      "fnr": 0.016,
      "auroc": 0.9998942857142857,
      "auprc": 0.9994807180581684,
      "support": 1000,
      "tp": 984,
      "tn": 6998,
      "fp": 2,
      "fn": 16
    },
    "2": {
      "precision": 0.9198473282442748,
      "recall": 0.964,
      "f1": 0.94140625,
      "specificity": 0.988,
      "fpr": 0.012,
      "fnr": 0.036,
      "auroc": 0.9977984285714286,
      "auprc": 0.9858452762128519,
      "support": 1000,
      "tp": 964,
      "tn": 6916,
      "fp": 84,
      "fn": 36
    },
    "3": {
      "precision": 0.980269989615784,
      "recall": 0.944,
      "f1": 0.9617931737137035,
      "specificity": 0.9972857142857143,
      "fpr": 0.0027142857142857142,
      "fnr": 0.056,
      "auroc": 0.9993652857142856,
      "auprc": 0.995848743935751,
      "support": 1000,
      "tp": 944,
      "tn": 6981,
      "fp": 19,
      "fn": 56
    },
    "4": {
      "precision": 0.9929078014184397,
      "recall": 0.98,
      "f1": 0.9864116758933064,
      "specificity": 0.999,
      "fpr": 0.001,
      "fnr": 0.02,
      "auroc": 0.9997752857142856,
      "auprc": 0.9986187807527387,
      "support": 1000,
      "tp": 980,
      "tn": 6993,
      "fp": 7,
      "fn": 20
    },
    "5": {
      "precision": 0.944337811900192,
      "recall": 0.984,
      "f1": 0.9637610186092067,
      "specificity": 0.9917142857142857,
      "fpr": 0.008285714285714285,
      "fnr": 0.016,
      "auroc": 0.9992348571428572,
      "auprc": 0.9949671486375508,
      "support": 1000,
      "tp": 984,
      "tn": 6942,
      "fp": 58,
      "fn": 16
    },
    "6": {
      "precision": 0.9869608826479438,
      "recall": 0.984,
      "f1": 0.985478217325989,
      "specificity": 0.9981428571428571,
      "fpr": 0.0018571428571428571,
      "fnr": 0.016,
      "auroc": 0.9996814285714285,
      "auprc": 0.9984740390807963,
      "support": 1000,
      "tp": 984,
      "tn": 6987,
      "fp": 13,
      "fn": 16
    },
    "7": {
      "precision": 0.9815573770491803,
      "recall": 0.958,
      "f1": 0.9696356275303644,
      "specificity": 0.9974285714285714,
      "fpr": 0.0025714285714285713,
      "fnr": 0.042,
      "auroc": 0.9993031428571428,
      "auprc": 0.9956297036615358,
      "support": 1000,
      "tp": 958,
      "tn": 6982,
      "fp": 18,
      "fn": 42
    }
  },
  "confusion_matrix": [
    [
      968,
      0,
      18,
      5,
      1,
      0,
      8,
      0
    ],
    [
      1,
      984,
      14,
      0,
      0,
      0,
      1,
      0
    ],
    [
      23,
      1,
      964,
      12,
      0,
      0,
      0,
      0
    ],
    [
      5,
      0,
      48,
      944,
      0,
      0,
      3,
      0
    ],
    [
      0,
      0,
      0,
      0,
      980,
      15,
      0,
      5
    ],
    [
      0,
      0,
      0,
      0,
      3,
      984,
      0,
      13
    ],
    [
      4,
      1,
      4,
      2,
      0,
      5,
      984,
      0
    ],
    [
      0,
      0,
      0,
      0,
      3,
      38,
      1,
      958
    ]
  ]
}