{
  "experiment": "exp3",
  "condition": {
    "num_classes": 5,
    "class_list": [
      1,
      2,
      3,
      5,
      9
    ],
    "class_names": [
      "Trouser",
      "Pullover",
      "Dress",
      "Sandal",
      "Ankle boot"
    ],
    "combo_idx": 4,
    "subset_pct": 90,
    "num_samples": 27000,
    "samples_per_class": 5400,
    "train_samples": 24300,
    "val_samples": 2700,
    "test_samples": 5000
  },
  "seed": 14994796,
  "timestamp": "2026-01-17T20:01:34.395691",
  "training_dynamics": {
    "epochs_trained": 14,
    "best_epoch": 4,
    "best_val_accuracy": 0.9903703703703703,
    "final_train_loss": 0.011003750586104089,
    "final_val_loss": 0.036722839539784384,
    "training_time_seconds": 15.981750726699829
  },
  "training_history": {
    "train_loss": [
      0.10860524762323813,
      0.0519926027235526,
      0.04295769803621193,
      0.03651757838746753,
      0.029200051419320517,
      0.0239134087652354,
      0.02031316300260522,
      0.01812633263607016,
      0.016326582972033064,
      0.018813456357173363,
      0.013351658011877014,
      0.014519228790188783,
      0.01051065913408437,
      0.011003750586104089
    ],
    "val_loss": [
      0.049708981745772894,
      0.04559163597170953,
      0.0423465618573957,
      0.032325935584527475,
      0.05410179026700832,
      0.032582984025831575,
      0.036674172692000864,
      0.03489916873405929,
      0.0371594193322515,
      0.04102509974777974,
      0.06970817260858085,
      0.04612871531172897,
      0.037424116223550366,
      0.036722839539784384
    ],
    "val_accuracy": [
      0.9844444444444445,
      0.9866666666666667,
      0.9881481481481481,
      0.9903703703703703,
      0.9855555555555555,
      0.9903703703703703,
      0.9881481481481481,
      0.9888888888888889,
      0.9888888888888889,
      0.9888888888888889,
      0.9840740740740741,
      0.9881481481481481,
      0.9896296296296296,
      0.9888888888888889
    ]
  },
  "global_metrics": {
    "accuracy": 0.9872,
    "balanced_accuracy": 0.9872,
    "top_3_accuracy": 0.9998,
    "top_5_accuracy": 1.0,
    "log_loss": 0.04199606262117287,
    "mcc": 0.9840090037235764,
    "cohens_kappa": 0.984,
    "precision_macro": 0.9872720475794654,
    "precision_micro": 0.9872,
    "precision_weighted": 0.9872720475794656,
    "recall_macro": 0.9872,
    "recall_micro": 0.9872,
    "recall_weighted": 0.9872,
    "f1_macro": 0.9872178564236741,
    "f1_micro": 0.9872,
    "f1_weighted": 0.987217856423674,
    "auroc_macro": 0.9995908,
    "auroc_weighted": 0.9995907999999999,
    "auprc_macro": 0.9982565966364984
  },
  "per_class_metrics": {
    "0": {
      "precision": 0.9979695431472081,
      "recall": 0.983,
      "f1": 0.9904282115869018,
      "specificity": 0.9995,
      "fpr": 0.0005,
      "fnr": 0.017,
      "auroc": 0.9996780000000001,
      "auprc": 0.999193608563181,
      "support": 1000,
      "tp": 983,
      "tn": 3998,
      "fp": 2,
      "fn": 17
    },
    "1": {
      "precision": 0.9772277227722772,
      "recall": 0.987,
      "f1": 0.9820895522388059,
      "specificity": 0.99425,
      "fpr": 0.00575,
      "fnr": 0.013,
      "auroc": 0.99948525,
      "auprc": 0.9981755625742047,
      "support": 1000,
      "tp": 987,
      "tn": 3977,
      "fp": 23,
      "fn": 13
    },
    "2": {
      "precision": 0.9721669980119284,
      "recall": 0.978,
      "f1": 0.9750747756729811,
      "specificity": 0.993,
      "fpr": 0.007,
      "fnr": 0.022,
      "auroc": 0.9989399999999999,
      "auprc": 0.9944884038530426,
      "support": 1000,
      "tp": 978,
      "tn": 3972,
      "fp": 28,
      "fn": 22
    },
    "3": {
      "precision": 0.994005994005994,
      "recall": 0.995,
      "f1": 0.9945027486256871,
      "specificity": 0.9985,
      "fpr": 0.0015,
      "fnr": 0.005,
      "auroc": 0.999938,
      "auprc": 0.9997539246018279,
      "support": 1000,
      "tp": 995,
      "tn": 3994,
      "fp": 6,
      "fn": 5
    },
    "4": {
      "precision": 0.9949899799599199,
      "recall": 0.993,
      "f1": 0.993993993993994,
      "specificity": 0.99875,
      "fpr": 0.00125,
      "fnr": 0.007,
      "auroc": 0.99991275,
      "auprc": 0.9996714835902358,
      "support": 1000,
      "tp": 993,
      "tn": 3995,
      "fp": 5,
      "fn": 7
    }
  },
  "confusion_matrix": [
    [
      983,
      1,
      16,
      0,
      0
    ],
    [
      1,
      987,
      12,
      0,
      0
    ],
    [
      1,
      21,
      978,
      0,
      0
    ],
    [
      0,
      0,
      0,
      995,
      5
    ],
    [
      0,
      1,
      0,
      6,
      993
    ]
  ]
}