{
  "experiment": "exp3",
  "condition": {
    "num_classes": 7,
    "class_list": [
      1,
      2,
      3,
      5,
      6,
      8,
      9
    ],
    "class_names": [
      "Trouser",
      "Pullover",
      "Dress",
      "Sandal",
      "Shirt",
      "Bag",
      "Ankle boot"
    ],
    "combo_idx": 3,
    "subset_pct": 80,
    "num_samples": 33600,
    "samples_per_class": 4800,
    "train_samples": 30240,
    "val_samples": 3360,
    "test_samples": 7000
  },
  "seed": 14994796,
  "timestamp": "2026-01-17T20:24:45.852740",
  "training_dynamics": {
    "epochs_trained": 15,
    "best_epoch": 5,
    "best_val_accuracy": 0.9636904761904762,
    "final_train_loss": 0.029954439578132395,
    "final_val_loss": 0.14363274667412043,
    "training_time_seconds": 21.24016523361206
  },
  "training_history": {
    "train_loss": [
      0.2707814568886041,
      0.15471327561790607,
      0.1271643624591777,
      0.10419223140570755,
      0.09306881223838721,
      0.08149893702171254,
      0.07281433319550866,
      0.06060711408612844,
      0.05495874211832046,
      0.05033752598935624,
      0.045471948877185676,
      0.04204573155992151,
      0.0381175186385373,
      0.03394980745910112,
      0.029954439578132395
    ],
    "val_loss": [
      0.15995335848558517,
      0.1247167085253057,
      0.11810992988092558,
      0.11652600754584586,
      0.10414007758455616,
      0.11107968872501736,
      0.11671540671516033,
      0.1290187659362952,
      0.13974553240197046,
      0.12411295111690249,
      0.15125098881267365,
      0.12783252272222723,
      0.13300026625040032,
      0.16457199945691087,
      0.14363274667412043
    ],
    "val_accuracy": [
      0.9431547619047619,
      0.9544642857142858,
      0.9574404761904762,
      0.9592261904761905,
      0.9636904761904762,
      0.9586309523809524,
      0.9607142857142857,
      0.9583333333333334,
      0.9547619047619048,
      0.9607142857142857,
      0.9538690476190477,
      0.962202380952381,
      0.9595238095238096,
      0.9526785714285714,
      0.9625
    ]
  },
  "global_metrics": {
    "accuracy": 0.9572857142857143,
    "balanced_accuracy": 0.9572857142857144,
    "top_3_accuracy": 0.9981428571428571,
    "top_5_accuracy": 1.0,
    "log_loss": 0.12321568082344272,
    "mcc": 0.9502189527718597,
    "cohens_kappa": 0.9501666666666667,
    "precision_macro": 0.9580729499248581,
    "precision_micro": 0.9572857142857143,
    "precision_weighted": 0.9580729499248578,
    "recall_macro": 0.9572857142857144,
    "recall_micro": 0.9572857142857143,
    "recall_weighted": 0.9572857142857143,
    "f1_macro": 0.9575364636834681,
    "f1_micro": 0.9572857142857143,
    "f1_weighted": 0.9575364636834681,
    "auroc_macro": 0.9976032857142857,
    "auroc_weighted": 0.9976032857142856,
    "auprc_macro": 0.9874877783227543
  },
  "per_class_metrics": {
    "0": {
      "precision": 0.9939271255060729,
      "recall": 0.982,
      "f1": 0.9879275653923542,
      "specificity": 0.999,
      "fpr": 0.001,
      "fnr": 0.018,
      "auroc": 0.9997103333333333,
      "auprc": 0.9989852129775926,
      "support": 1000,
      "tp": 982,
      "tn": 5994,
      "fp": 6,
      "fn": 18
    },
    "1": {
      "precision": 0.9252049180327869,
      "recall": 0.903,
      "f1": 0.9139676113360323,
      "specificity": 0.9878333333333333,
      "fpr": 0.012166666666666666,
      "fnr": 0.097,
      "auroc": 0.9949750000000002,
      "auprc": 0.9726595515982006,
      "support": 1000,
      "tp": 903,
      "tn": 5927,
      "fp": 73,
      "fn": 97
    },
    "2": {
      "precision": 0.9531568228105907,
      "recall": 0.936,
      "f1": 0.9445005045408679,
      "specificity": 0.9923333333333333,
      "fpr": 0.007666666666666666,
      "fnr": 0.064,
      "auroc": 0.9977523333333334,
      "auprc": 0.9855473217454821,
      "support": 1000,
      "tp": 936,
      "tn": 5954,
      "fp": 46,
      "fn": 64
    },
    "3": {
      "precision": 0.991,
      "recall": 0.991,
      "f1": 0.991,
      "specificity": 0.9985,
      "fpr": 0.0015,
      "fnr": 0.009,
      "auroc": 0.9999278333333333,
      "auprc": 0.9995729773482636,
      "support": 1000,
      "tp": 991,
      "tn": 5991,
      "fp": 9,
      "fn": 9
    },
    "4": {
      "precision": 0.8602455146364495,
      "recall": 0.911,
      "f1": 0.8848955803788248,
      "specificity": 0.9753333333333334,
      "fpr": 0.024666666666666667,
      "fnr": 0.089,
      "auroc": 0.9913144999999999,
      "auprc": 0.9576806034165964,
      "support": 1000,
      "tp": 911,
      "tn": 5852,
      "fp": 148,
      "fn": 89
    },
    "5": {
      "precision": 0.992936427850656,
      "recall": 0.984,
      "f1": 0.9884480160723255,
      "specificity": 0.9988333333333334,
      "fpr": 0.0011666666666666668,
      "fnr": 0.016,
      "auroc": 0.9996653333333333,
      "auprc": 0.998571876891392,
      "support": 1000,
      "tp": 984,
      "tn": 5993,
      "fp": 7,
      "fn": 16
    },
    "6": {
      "precision": 0.9900398406374502,
      "recall": 0.994,
      "f1": 0.9920159680638723,
      "specificity": 0.9983333333333333,
      "fpr": 0.0016666666666666668,
      "fnr": 0.006,
      "auroc": 0.9998776666666667,
      "auprc": 0.9993969042817514,
      "support": 1000,
      "tp": 994,
      "tn": 5990,
      "fp": 10,
      "fn": 6
    }
  },
  "confusion_matrix": [
    [
      982,
      0,
      14,
      0,
      3,
      1,
      0
    ],
    [
      1,
      903,
      9,
      0,
      87,
      0,
      0
    ],
    [
      3,
      8,
      936,
      0,
      52,
      0,
      1
    ],
    [
      0,
      0,
      0,
      991,
      0,
      0,
      9
    ],
    [
      1,
      62,
      20,
      0,
      911,
      6,
      0
    ],
    [
      1,
      3,
      3,
      4,
      5,
      984,
      0
    ],
    [
      0,
      0,
      0,
      5,
      1,
      0,
      994
    ]
  ]
}