{
  "experiment": "exp3",
  "condition": {
    "num_classes": 3,
    "class_list": [
      3,
      7,
      8
    ],
    "class_names": [
      "Dress",
      "Sneaker",
      "Bag"
    ],
    "combo_idx": 4,
    "subset_pct": 100,
    "num_samples": 18000,
    "samples_per_class": 6000,
    "train_samples": 16200,
    "val_samples": 1800,
    "test_samples": 3000
  },
  "seed": 14994796,
  "timestamp": "2026-01-17T19:41:33.286521",
  "training_dynamics": {
    "epochs_trained": 30,
    "best_epoch": 20,
    "best_val_accuracy": 0.9961111111111111,
    "final_train_loss": 0.0013390103352797834,
    "final_val_loss": 0.02040105349668819,
    "training_time_seconds": 25.660752773284912
  },
  "training_history": {
    "train_loss": [
      0.04664357075482372,
      0.022348809740439655,
      0.012451479150706836,
      0.008441846619752048,
      0.007736105277625774,
      0.005727221644711901,
      0.0030537157335848095,
      0.003770013765687523,
      0.004739636731295023,
      0.011317503694247026,
      0.003916668670765429,
      0.0007215231342230687,
      0.000460393994574386,
      0.0002917812696151414,
      0.0032318065453829374,
      0.006912410334644922,
      0.002321070554750453,
      0.003455947078479635,
      0.004806948830308533,
      0.004586508242987289,
      0.005113163578098519,
      0.0006412464790803969,
      0.0003110836387725963,
      0.00020094647512631424,
      0.0001280090033239188,
      0.00021010053184164555,
      0.00012586571053489705,
      0.005153993100653154,
      0.013121781386907396,
      0.0013390103352797834
    ],
    "val_loss": [
      0.0493433913298779,
      0.025355680065436495,
      0.028785993417000603,
      0.02573822921517098,
      0.0214776350883767,
      0.025935006101175936,
      0.021395579844958976,
      0.027993962026965972,
      0.5670900472005208,
      0.023375424289972416,
      0.020751982305599895,
      0.021131122925322012,
      0.01828206645609397,
      0.032447151978190536,
      0.07370052559905951,
      0.030908215439724496,
      0.02440517775818282,
      0.038641435531608294,
      0.021514821992576698,
      0.01600792967623824,
      0.022109391002809894,
      0.0162617774261,
      0.03134265936315286,
      0.02102212718569313,
      0.022601900237390914,
      0.023638477178384014,
      0.023033913485841266,
      0.02807295820746933,
      0.02047280422761105,
      0.02040105349668819
    ],
    "val_accuracy": [
      0.9866666666666667,
      0.9916666666666667,
      0.9911111111111112,
      0.9922222222222222,
      0.9927777777777778,
      0.9922222222222222,
      0.9938888888888889,
      0.9944444444444445,
      0.8761111111111111,
      0.9922222222222222,
      0.9938888888888889,
      0.9944444444444445,
      0.995,
      0.9938888888888889,
      0.9888888888888889,
      0.9933333333333333,
      0.9961111111111111,
      0.9911111111111112,
      0.9944444444444445,
      0.9955555555555555,
      0.9944444444444445,
      0.9961111111111111,
      0.9922222222222222,
      0.995,
      0.995,
      0.9955555555555555,
      0.9938888888888889,
      0.9922222222222222,
      0.9938888888888889,
      0.9955555555555555
    ]
  },
  "global_metrics": {
    "accuracy": 0.996,
    "balanced_accuracy": 0.996,
    "top_3_accuracy": 1.0,
    "top_5_accuracy": 1.0,
    "log_loss": 0.011126849426905878,
    "mcc": 0.9940021536736662,
    "cohens_kappa": 0.994,
    "precision_macro": 0.9960009729646603,
    "precision_micro": 0.996,
    "precision_weighted": 0.9960009729646603,
    "recall_macro": 0.996,
    "recall_micro": 0.996,
    "recall_weighted": 0.996,
    "f1_macro": 0.9959983250718873,
    "f1_micro": 0.996,
    "f1_weighted": 0.9959983250718873,
    "auroc_macro": 0.9999408333333334,
    "auroc_weighted": 0.9999408333333333,
    "auprc_macro": 0.9998844621711198
  },
  "per_class_metrics": {
    "0": {
      "precision": 0.9969879518072289,
      "recall": 0.993,
      "f1": 0.9949899799599199,
      "specificity": 0.9985,
      "fpr": 0.0015,
      "fnr": 0.007,
      "auroc": 0.999928,
      "auprc": 0.9998509305576434,
      "support": 1000,
      "tp": 993,
      "tn": 1997,
      "fp": 3,
      "fn": 7
    },
    "1": {
      "precision": 0.9970089730807578,
      "recall": 1.0,
      "f1": 0.9985022466300548,
      "specificity": 0.9985,
      "fpr": 0.0015,
      "fnr": 0.0,
      "auroc": 0.999998,
      "auprc": 0.9999960059900179,
      "support": 1000,
      "tp": 1000,
      "tn": 1997,
      "fp": 3,
      "fn": 0
    },
    "2": {
      "precision": 0.994005994005994,
      "recall": 0.995,
      "f1": 0.9945027486256871,
      "specificity": 0.997,
      "fpr": 0.003,
      "fnr": 0.005,
      "auroc": 0.9998965,
      "auprc": 0.999806449965698,
      "support": 1000,
      "tp": 995,
      "tn": 1994,
      "fp": 6,
      "fn": 5
    }
  },
  "confusion_matrix": [
    [
      993,
      1,
      6
    ],
    [
      0,
      1000,
      0
    ],
    [
      3,
      2,
      995
    ]
  ]
}