{
  "experiment": "exp3",
  "condition": {
    "num_classes": 3,
    "class_list": [
      0,
      6,
      8
    ],
    "class_names": [
      "T-shirt/top",
      "Shirt",
      "Bag"
    ],
    "combo_idx": 1,
    "subset_pct": 40,
    "num_samples": 7200,
    "samples_per_class": 2400,
    "train_samples": 6480,
    "val_samples": 720,
    "test_samples": 3000
  },
  "seed": 14994796,
  "timestamp": "2026-01-17T19:35:30.392425",
  "training_dynamics": {
    "epochs_trained": 22,
    "best_epoch": 12,
    "best_val_accuracy": 0.925,
    "final_train_loss": 0.011066569190577366,
    "final_val_loss": 0.3811266968647639,
    "training_time_seconds": 6.392000198364258
  },
  "training_history": {
    "train_loss": [
      0.37514108886905745,
      0.2680189404271397,
      0.2265159075020575,
      0.20026804660173023,
      0.1710825039475572,
      0.14086173474788666,
      0.12582486376677657,
      0.10812395270548615,
      0.08909487578214384,
      0.08812525776196636,
      0.06921612452624329,
      0.05588589772563793,
      0.05308663517273232,
      0.05375799917451599,
      0.029126416330280548,
      0.018269767810124904,
      0.022720843499330075,
      0.027230580370729406,
      0.03881057644920314,
      0.014022288115822948,
      0.025611223763810226,
      0.011066569190577366
    ],
    "val_loss": [
      0.31613203154669867,
      0.2695197277598911,
      0.28192215032047696,
      0.2548906445503235,
      0.21796867847442628,
      0.20931110249625312,
      0.24081893497043186,
      0.26395821505122713,
      0.3034428639544381,
      0.27698770927058325,
      0.3078821221987406,
      0.20395671361022524,
      0.26985500388675265,
      0.2714742918809255,
      0.3241074211067624,
      0.3640075531270769,
      0.3341896984933151,
      0.39059199028544955,
      0.27294207612673443,
      0.33387954036394757,
      0.31906057761775125,
      0.3811266968647639
    ],
    "val_accuracy": [
      0.8680555555555556,
      0.8736111111111111,
      0.875,
      0.8819444444444444,
      0.9041666666666667,
      0.9013888888888889,
      0.9041666666666667,
      0.9013888888888889,
      0.9,
      0.9055555555555556,
      0.8972222222222223,
      0.9236111111111112,
      0.9194444444444444,
      0.9152777777777777,
      0.9236111111111112,
      0.8972222222222223,
      0.925,
      0.9125,
      0.9027777777777778,
      0.9138888888888889,
      0.9222222222222223,
      0.9055555555555556
    ]
  },
  "global_metrics": {
    "accuracy": 0.9113333333333333,
    "balanced_accuracy": 0.9113333333333333,
    "top_3_accuracy": 1.0,
    "top_5_accuracy": 1.0,
    "log_loss": 0.25827153910097733,
    "mcc": 0.8671840070623188,
    "cohens_kappa": 0.867,
    "precision_macro": 0.911983353439267,
    "precision_micro": 0.9113333333333333,
    "precision_weighted": 0.9119833534392671,
    "recall_macro": 0.9113333333333333,
    "recall_micro": 0.9113333333333333,
    "recall_weighted": 0.9113333333333333,
    "f1_macro": 0.9114741128308728,
    "f1_micro": 0.9113333333333333,
    "f1_weighted": 0.9114741128308727,
    "auroc_macro": 0.9823708333333333,
    "auroc_weighted": 0.9823708333333332,
    "auprc_macro": 0.9670607920545292
  },
  "per_class_metrics": {
    "0": {
      "precision": 0.8875128998968008,
      "recall": 0.86,
      "f1": 0.8735398679532759,
      "specificity": 0.9455,
      "fpr": 0.0545,
      "fnr": 0.14,
      "auroc": 0.9737384999999998,
      "auprc": 0.9492540810452159,
      "support": 1000,
      "tp": 860,
      "tn": 1891,
      "fp": 109,
      "fn": 140
    },
    "1": {
      "precision": 0.8585178055822906,
      "recall": 0.892,
      "f1": 0.8749386954389408,
      "specificity": 0.9265,
      "fpr": 0.0735,
      "fnr": 0.108,
      "auroc": 0.974329,
      "auprc": 0.9533008545463171,
      "support": 1000,
      "tp": 892,
      "tn": 1853,
      "fp": 147,
      "fn": 108
    },
    "2": {
      "precision": 0.9899193548387096,
      "recall": 0.982,
      "f1": 0.9859437751004014,
      "specificity": 0.995,
      "fpr": 0.005,
      "fnr": 0.018,
      "auroc": 0.9990450000000001,
      "auprc": 0.9986274405720548,
      "support": 1000,
      "tp": 982,
      "tn": 1990,
      "fp": 10,
      "fn": 18
    }
  },
  "confusion_matrix": [
    [
      860,
      133,
      7
    ],
    [
      105,
      892,
      3
    ],
    [
      4,
      14,
      982
    ]
  ]
}