{
  "experiment": "exp3",
  "condition": {
    "num_classes": 3,
    "class_list": [
      0,
      6,
      8
    ],
    "class_names": [
      "T-shirt/top",
      "Shirt",
      "Bag"
    ],
    "combo_idx": 1,
    "subset_pct": 70,
    "num_samples": 12600,
    "samples_per_class": 4200,
    "train_samples": 11340,
    "val_samples": 1260,
    "test_samples": 3000
  },
  "seed": 14994796,
  "timestamp": "2026-01-17T19:35:50.812816",
  "training_dynamics": {
    "epochs_trained": 16,
    "best_epoch": 6,
    "best_val_accuracy": 0.9293650793650794,
    "final_train_loss": 0.035295308357153055,
    "final_val_loss": 0.29912008116879163,
    "training_time_seconds": 8.217305898666382
  },
  "training_history": {
    "train_loss": [
      0.3370483243900738,
      0.24453787606083946,
      0.21186931753593885,
      0.1864249272418491,
      0.16363368480560486,
      0.14487880671375922,
      0.12730766447742334,
      0.11013696853364452,
      0.09564509224983749,
      0.07932859131871962,
      0.06779816209631606,
      0.06748776181517274,
      0.057462878975875965,
      0.047871342680961146,
      0.04154354030658161,
      0.035295308357153055
    ],
    "val_loss": [
      0.21844623419973586,
      0.2470315178235372,
      0.19032684342255668,
      0.27453116821864293,
      0.23281495038952146,
      0.1891736887513645,
      0.21254112008545134,
      0.20003414269950653,
      0.23502943977004007,
      0.25162107383921034,
      0.2671718210454971,
      0.23212220567086386,
      0.2605338694439048,
      0.2585627421736717,
      0.23897070040305454,
      0.29912008116879163
    ],
    "val_accuracy": [
      0.9126984126984127,
      0.8896825396825396,
      0.9182539682539682,
      0.8992063492063492,
      0.9063492063492063,
      0.919047619047619,
      0.9063492063492063,
      0.9206349206349206,
      0.9158730158730158,
      0.9214285714285714,
      0.9174603174603174,
      0.9238095238095239,
      0.9119047619047619,
      0.9238095238095239,
      0.9293650793650794,
      0.9214285714285714
    ]
  },
  "global_metrics": {
    "accuracy": 0.912,
    "balanced_accuracy": 0.912,
    "top_3_accuracy": 1.0,
    "top_5_accuracy": 1.0,
    "log_loss": 0.21222058860611598,
    "mcc": 0.8687944413451543,
    "cohens_kappa": 0.868,
    "precision_macro": 0.9126293957633274,
    "precision_micro": 0.912,
    "precision_weighted": 0.9126293957633274,
    "recall_macro": 0.912,
    "recall_micro": 0.912,
    "recall_weighted": 0.912,
    "f1_macro": 0.9114866682176794,
    "f1_micro": 0.912,
    "f1_weighted": 0.9114866682176795,
    "auroc_macro": 0.98407,
    "auroc_weighted": 0.98407,
    "auprc_macro": 0.970408405276329
  },
  "per_class_metrics": {
    "0": {
      "precision": 0.8549905838041432,
      "recall": 0.908,
      "f1": 0.880698351115422,
      "specificity": 0.923,
      "fpr": 0.077,
      "fnr": 0.092,
      "auroc": 0.976647,
      "auprc": 0.9548419148274122,
      "support": 1000,
      "tp": 908,
      "tn": 1846,
      "fp": 154,
      "fn": 92
    },
    "1": {
      "precision": 0.9074074074074074,
      "recall": 0.833,
      "f1": 0.8686131386861314,
      "specificity": 0.9575,
      "fpr": 0.0425,
      "fnr": 0.167,
      "auroc": 0.97656,
      "auprc": 0.9575251671422301,
      "support": 1000,
      "tp": 833,
      "tn": 1915,
      "fp": 85,
      "fn": 167
    },
    "2": {
      "precision": 0.9754901960784313,
      "recall": 0.995,
      "f1": 0.9851485148514851,
      "specificity": 0.9875,
      "fpr": 0.0125,
      "fnr": 0.005,
      "auroc": 0.999003,
      "auprc": 0.9988581338593446,
      "support": 1000,
      "tp": 995,
      "tn": 1975,
      "fp": 25,
      "fn": 5
    }
  },
  "confusion_matrix": [
    [
      908,
      83,
      9
    ],
    [
      151,
      833,
      16
    ],
    [
      3,
      2,
      995
    ]
  ]
}