{
  "experiment": "exp3",
  "condition": {
    "num_classes": 5,
    "class_list": [
      1,
      2,
      3,
      5,
      9
    ],
    "class_names": [
      "Trouser",
      "Pullover",
      "Dress",
      "Sandal",
      "Ankle boot"
    ],
    "combo_idx": 4,
    "subset_pct": 30,
    "num_samples": 9000,
    "samples_per_class": 1800,
    "train_samples": 8100,
    "val_samples": 900,
    "test_samples": 5000
  },
  "seed": 14994796,
  "timestamp": "2026-01-17T20:00:17.199272",
  "training_dynamics": {
    "epochs_trained": 17,
    "best_epoch": 7,
    "best_val_accuracy": 0.9833333333333333,
    "final_train_loss": 0.005599496951503184,
    "final_val_loss": 0.06251851352785401,
    "training_time_seconds": 7.0146543979644775
  },
  "training_history": {
    "train_loss": [
      0.1745028646413501,
      0.07250099786095263,
      0.06314490648998519,
      0.04485192487940309,
      0.035017270050341574,
      0.034781470584983785,
      0.024634158402391686,
      0.024987197272556532,
      0.017724900461520678,
      0.014766140433608584,
      0.019057998333707696,
      0.02273183596603697,
      0.014559008175451959,
      0.008908418631896113,
      0.004026147533753771,
      0.005488239356871088,
      0.005599496951503184
    ],
    "val_loss": [
      0.0692943968768749,
      0.08660391871662189,
      0.05075614627554185,
      0.06249869697158121,
      0.0563244606755648,
      0.07030970873802693,
      0.04889005727167791,
      0.0878305452298769,
      0.06246500433950536,
      0.05554336287580857,
      0.062245231189687424,
      0.11300599876375095,
      0.05945317946628267,
      0.06010942154247257,
      0.0586720835091531,
      0.06729977997744173,
      0.06251851352785401
    ],
    "val_accuracy": [
      0.9777777777777777,
      0.9744444444444444,
      0.9811111111111112,
      0.98,
      0.9766666666666667,
      0.9711111111111111,
      0.98,
      0.9755555555555555,
      0.9811111111111112,
      0.9822222222222222,
      0.9777777777777777,
      0.9777777777777777,
      0.98,
      0.98,
      0.9777777777777777,
      0.9833333333333333,
      0.9811111111111112
    ]
  },
  "global_metrics": {
    "accuracy": 0.9804,
    "balanced_accuracy": 0.9804,
    "top_3_accuracy": 0.9996,
    "top_5_accuracy": 1.0,
    "log_loss": 0.06268903680360662,
    "mcc": 0.9755453639141576,
    "cohens_kappa": 0.9755,
    "precision_macro": 0.9806544017284061,
    "precision_micro": 0.9804,
    "precision_weighted": 0.9806544017284061,
    "recall_macro": 0.9804,
    "recall_micro": 0.9804,
    "recall_weighted": 0.9804,
    "f1_macro": 0.9804368877545837,
    "f1_micro": 0.9804,
    "f1_weighted": 0.9804368877545838,
    "auroc_macro": 0.9994221,
    "auroc_weighted": 0.9994221,
    "auprc_macro": 0.9979662979573657
  },
  "per_class_metrics": {
    "0": {
      "precision": 0.9889001009081736,
      "recall": 0.98,
      "f1": 0.9844299347061779,
      "specificity": 0.99725,
      "fpr": 0.00275,
      "fnr": 0.02,
      "auroc": 0.9997335,
      "auprc": 0.9989917484272434,
      "support": 1000,
      "tp": 980,
      "tn": 3989,
      "fp": 11,
      "fn": 20
    },
    "1": {
      "precision": 0.9847405900305188,
      "recall": 0.968,
      "f1": 0.9762985375693394,
      "specificity": 0.99625,
      "fpr": 0.00375,
      "fnr": 0.032,
      "auroc": 0.99890675,
      "auprc": 0.996991360578607,
      "support": 1000,
      "tp": 968,
      "tn": 3985,
      "fp": 15,
      "fn": 32
    },
    "2": {
      "precision": 0.9532619279454723,
      "recall": 0.979,
      "f1": 0.9659595461272817,
      "specificity": 0.988,
      "fpr": 0.012,
      "fnr": 0.021,
      "auroc": 0.9988195,
      "auprc": 0.9950498926052066,
      "support": 1000,
      "tp": 979,
      "tn": 3952,
      "fp": 48,
      "fn": 21
    },
    "3": {
      "precision": 0.9979591836734694,
      "recall": 0.978,
      "f1": 0.9878787878787879,
      "specificity": 0.9995,
      "fpr": 0.0005,
      "fnr": 0.022,
      "auroc": 0.9998692499999999,
      "auprc": 0.9994998508449684,
      "support": 1000,
      "tp": 978,
      "tn": 3998,
      "fp": 2,
      "fn": 22
    },
    "4": {
      "precision": 0.9784102060843964,
      "recall": 0.997,
      "f1": 0.9876176324913324,
      "specificity": 0.9945,
      "fpr": 0.0055,
      "fnr": 0.003,
      "auroc": 0.9997815000000001,
      "auprc": 0.9992986373308029,
      "support": 1000,
      "tp": 997,
      "tn": 3978,
      "fp": 22,
      "fn": 3
    }
  },
  "confusion_matrix": [
    [
      980,
      3,
      17,
      0,
      0
    ],
    [
      1,
      968,
      31,
      0,
      0
    ],
    [
      10,
      11,
      979,
      0,
      0
    ],
    [
      0,
      0,
      0,
      978,
      22
    ],
    [
      0,
      1,
      0,
      2,
      997
    ]
  ]
}