{
  "experiment": "exp3",
  "condition": {
    "num_classes": 9,
    "class_list": [
      0,
      2,
      3,
      4,
      5,
      6,
      7,
      8,
      9
    ],
    "class_names": [
      "T-shirt/top",
      "Pullover",
      "Dress",
      "Coat",
      "Sandal",
      "Shirt",
      "Sneaker",
      "Bag",
      "Ankle boot"
    ],
    "combo_idx": 4,
    "subset_pct": 10,
    "num_samples": 5400,
    "samples_per_class": 600,
    "train_samples": 4860,
    "val_samples": 540,
    "test_samples": 9000
  },
  "seed": 14994796,
  "timestamp": "2026-01-17T21:01:05.860658",
  "training_dynamics": {
    "epochs_trained": 15,
    "best_epoch": 5,
    "best_val_accuracy": 0.8814814814814815,
    "final_train_loss": 0.06248877761199286,
    "final_val_loss": 0.5017378127133405,
    "training_time_seconds": 3.786879301071167
  },
  "training_history": {
    "train_loss": [
      0.8790338494275746,
      0.5380642170968809,
      0.44738152250647545,
      0.37911446392536163,
      0.3254295401275158,
      0.2877727572463061,
      0.2504474136390184,
      0.20713472072231143,
      0.16900050316594148,
      0.14491546286368057,
      0.14170412126144297,
      0.10615105885326077,
      0.08773711703619674,
      0.0738196395411107,
      0.06248877761199286
    ],
    "val_loss": [
      0.5962980067288434,
      0.4352800526000835,
      0.4137009541193644,
      0.3721911938102157,
      0.3640518859580711,
      0.4332939448180022,
      0.36744018616499724,
      0.38510050729469014,
      0.38223141564263236,
      0.4654228077994453,
      0.3986072716889558,
      0.4118758342884205,
      0.41134239037831627,
      0.44682554183182893,
      0.5017378127133405
    ],
    "val_accuracy": [
      0.762962962962963,
      0.8444444444444444,
      0.8481481481481481,
      0.8555555555555555,
      0.8759259259259259,
      0.8351851851851851,
      0.8629629629629629,
      0.8740740740740741,
      0.8796296296296297,
      0.8444444444444444,
      0.8648148148148148,
      0.8814814814814815,
      0.8740740740740741,
      0.85,
      0.8722222222222222
    ]
  },
  "global_metrics": {
    "accuracy": 0.8494444444444444,
    "balanced_accuracy": 0.8494444444444444,
    "top_3_accuracy": 0.9801111111111112,
    "top_5_accuracy": 0.9962222222222222,
    "log_loss": 0.42540531415240995,
    "mcc": 0.8320778513019227,
    "cohens_kappa": 0.830625,
    "precision_macro": 0.8539120195588226,
    "precision_micro": 0.8494444444444444,
    "precision_weighted": 0.8539120195588226,
    "recall_macro": 0.8494444444444444,
    "recall_micro": 0.8494444444444444,
    "recall_weighted": 0.8494444444444444,
    "f1_macro": 0.8457405759288189,
    "f1_micro": 0.8494444444444444,
    "f1_weighted": 0.8457405759288188,
    "auroc_macro": 0.9857601527777778,
    "auroc_weighted": 0.9857601527777777,
    "auprc_macro": 0.9185904507318328
  },
  "per_class_metrics": {
    "0": {
      "precision": 0.7375415282392026,
      "recall": 0.888,
      "f1": 0.8058076225045371,
      "specificity": 0.9605,
      "fpr": 0.0395,
      "fnr": 0.112,
      "auroc": 0.982251625,
      "auprc": 0.8846234981618255,
      "support": 1000,
      "tp": 888,
      "tn": 7684,
      "fp": 316,
      "fn": 112
    },
    "1": {
      "precision": 0.7520361990950226,
      "recall": 0.831,
      "f1": 0.7895486935866983,
      "specificity": 0.96575,
      "fpr": 0.03425,
      "fnr": 0.169,
      "auroc": 0.980041125,
      "auprc": 0.8855562898270646,
      "support": 1000,
      "tp": 831,
      "tn": 7726,
      "fp": 274,
      "fn": 169
    },
    "2": {
      "precision": 0.9532595325953259,
      "recall": 0.775,
      "f1": 0.8549365692222834,
      "specificity": 0.99525,
      "fpr": 0.00475,
      "fnr": 0.225,
      "auroc": 0.9932030000000001,
      "auprc": 0.9537111811040179,
      "support": 1000,
      "tp": 775,
      "tn": 7962,
      "fp": 38,
      "fn": 225
    },
    "3": {
      "precision": 0.7370689655172413,
      "recall": 0.855,
      "f1": 0.7916666666666665,
      "specificity": 0.961875,
      "fpr": 0.038125,
      "fnr": 0.145,
      "auroc": 0.9798920000000001,
      "auprc": 0.859165642672483,
      "support": 1000,
      "tp": 855,
      "tn": 7695,
      "fp": 305,
      "fn": 145
    },
    "4": {
      "precision": 0.9802083333333333,
      "recall": 0.941,
      "f1": 0.960204081632653,
      "specificity": 0.997625,
      "fpr": 0.002375,
      "fnr": 0.059,
      "auroc": 0.9986022499999999,
      "auprc": 0.9915212780900415,
      "support": 1000,
      "tp": 941,
      "tn": 7981,
      "fp": 19,
      "fn": 59
    },
    "5": {
      "precision": 0.7442922374429224,
      "recall": 0.489,
      "f1": 0.5902232951116476,
      "specificity": 0.979,
      "fpr": 0.021,
      "fnr": 0.511,
      "auroc": 0.943076375,
      "auprc": 0.7234274654856772,
      "support": 1000,
      "tp": 489,
      "tn": 7832,
      "fp": 168,
      "fn": 511
    },
    "6": {
      "precision": 0.8792792792792793,
      "recall": 0.976,
      "f1": 0.9251184834123223,
      "specificity": 0.98325,
      "fpr": 0.01675,
      "fnr": 0.024,
      "auroc": 0.9982139999999999,
      "auprc": 0.9861274017489811,
      "support": 1000,
      "tp": 976,
      "tn": 7866,
      "fp": 134,
      "fn": 24
    },
    "7": {
      "precision": 0.9249762583095916,
      "recall": 0.974,
      "f1": 0.9488553336580613,
      "specificity": 0.990125,
      "fpr": 0.009875,
      "fnr": 0.026,
      "auroc": 0.998842875,
      "auprc": 0.9935277884330426,
      "support": 1000,
      "tp": 974,
      "tn": 7921,
      "fp": 79,
      "fn": 26
    },
    "8": {
      "precision": 0.976545842217484,
      "recall": 0.916,
      "f1": 0.9453044375644994,
      "specificity": 0.99725,
      "fpr": 0.00275,
      "fnr": 0.084,
      "auroc": 0.997718125,
      "auprc": 0.9896535110633613,
      "support": 1000,
      "tp": 916,
      "tn": 7978,
      "fp": 22,
      "fn": 84
    }
  },
  "confusion_matrix": [
    [
      888,
      39,
      9,
      7,
      4,
      38,
      0,
      15,
      0
    ],
    [
      22,
      831,
      5,
      100,
      0,
      34,
      0,
      8,
      0
    ],
    [
      79,
      27,
      775,
      60,
      1,
      43,
      0,
      14,
      1
    ],
    [
      1,
      68,
      14,
      855,
      0,
      51,
      0,
      11,
      0
    ],
    [
      1,
      0,
      0,
      0,
      941,
      1,
      53,
      0,
      4
    ],
    [
      209,
      132,
      7,
      135,
      0,
      489,
      0,
      28,
      0
    ],
    [
      0,
      0,
      0,
      0,
      7,
      0,
      976,
      1,
      16
    ],
    [
      4,
      8,
      3,
      3,
      3,
      1,
      3,
      974,
      1
    ],
    [
      0,
      0,
      0,
      0,
      4,
      0,
      78,
      2,
      916
    ]
  ]
}