{
  "experiment": "exp3",
  "condition": {
    "num_classes": 8,
    "class_list": [
      0,
      1,
      2,
      3,
      4,
      5,
      6,
      9
    ],
    "class_names": [
      "T-shirt/top",
      "Trouser",
      "Pullover",
      "Dress",
      "Coat",
      "Sandal",
      "Shirt",
      "Ankle boot"
    ],
    "combo_idx": 0,
    "subset_pct": 10,
    "num_samples": 4800,
    "samples_per_class": 600,
    "train_samples": 4320,
    "val_samples": 480,
    "test_samples": 8000
  },
  "seed": 14994796,
  "timestamp": "2026-01-17T20:29:18.334031",
  "training_dynamics": {
    "epochs_trained": 17,
    "best_epoch": 7,
    "best_val_accuracy": 0.8791666666666667,
    "final_train_loss": 0.0386567738468704,
    "final_val_loss": 0.578468366463979,
    "training_time_seconds": 3.771580934524536
  },
  "training_history": {
    "train_loss": [
      0.7679412649834857,
      0.4898202616502257,
      0.3960847674923785,
      0.3403703620766892,
      0.320236898958683,
      0.26982273095670867,
      0.22641119930674047,
      0.2054764148505295,
      0.16722113244673786,
      0.1305931944619207,
      0.11675655387122841,
      0.10726446806288817,
      0.09100815741454854,
      0.08763695250758353,
      0.07700061959707562,
      0.04779930505901575,
      0.0386567738468704
    ],
    "val_loss": [
      0.5501443902651469,
      0.49623367190361023,
      0.3797847290833791,
      0.3932595193386078,
      0.379176261027654,
      0.3874865770339966,
      0.37853649655977883,
      0.4173083504041036,
      0.4008320530255636,
      0.4173117419083913,
      0.4822781324386597,
      0.4719214876492818,
      0.43172391653060915,
      0.5257315595944723,
      0.47317576011021933,
      0.4730439821879069,
      0.578468366463979
    ],
    "val_accuracy": [
      0.7395833333333334,
      0.8208333333333333,
      0.8583333333333333,
      0.85,
      0.8583333333333333,
      0.86875,
      0.8625,
      0.8520833333333333,
      0.8479166666666667,
      0.8645833333333334,
      0.8645833333333334,
      0.8645833333333334,
      0.8791666666666667,
      0.8583333333333333,
      0.8625,
      0.8708333333333333,
      0.8708333333333333
    ]
  },
  "global_metrics": {
    "accuracy": 0.862875,
    "balanced_accuracy": 0.8628750000000001,
    "top_3_accuracy": 0.9885,
    "top_5_accuracy": 0.999,
    "log_loss": 0.3853912344873364,
    "mcc": 0.8439902881322627,
    "cohens_kappa": 0.8432857142857143,
    "precision_macro": 0.8622639517431869,
    "precision_micro": 0.862875,
    "precision_weighted": 0.8622639517431869,
    "recall_macro": 0.8628750000000001,
    "recall_micro": 0.862875,
    "recall_weighted": 0.862875,
    "f1_macro": 0.8601112358764218,
    "f1_micro": 0.862875,
    "f1_weighted": 0.8601112358764219,
    "auroc_macro": 0.9844301964285714,
    "auroc_weighted": 0.9844301964285714,
    "auprc_macro": 0.9197313715594502
  },
  "per_class_metrics": {
    "0": {
      "precision": 0.7943127962085308,
      "recall": 0.838,
      "f1": 0.8155717761557176,
      "specificity": 0.969,
      "fpr": 0.031,
      "fnr": 0.162,
      "auroc": 0.9828384285714286,
      "auprc": 0.9006637215056964,
      "support": 1000,
      "tp": 838,
      "tn": 6783,
      "fp": 217,
      "fn": 162
    },
    "1": {
      "precision": 0.9938080495356038,
      "recall": 0.963,
      "f1": 0.9781615033011681,
      "specificity": 0.9991428571428571,
      "fpr": 0.0008571428571428571,
      "fnr": 0.037,
      "auroc": 0.9992871428571428,
      "auprc": 0.9963816930341454,
      "support": 1000,
      "tp": 963,
      "tn": 6994,
      "fp": 6,
      "fn": 37
    },
    "2": {
      "precision": 0.7960151802656547,
      "recall": 0.839,
      "f1": 0.8169425511197663,
      "specificity": 0.9692857142857143,
      "fpr": 0.030714285714285715,
      "fnr": 0.161,
      "auroc": 0.9781742857142859,
      "auprc": 0.8910368204113552,
      "support": 1000,
      "tp": 839,
      "tn": 6785,
      "fp": 215,
      "fn": 161
    },
    "3": {
      "precision": 0.8240072202166066,
      "recall": 0.913,
      "f1": 0.8662239089184063,
      "specificity": 0.9721428571428572,
      "fpr": 0.027857142857142858,
      "fnr": 0.087,
      "auroc": 0.992299,
      "auprc": 0.9531468658385404,
      "support": 1000,
      "tp": 913,
      "tn": 6805,
      "fp": 195,
      "fn": 87
    },
    "4": {
      "precision": 0.7599629286376274,
      "recall": 0.82,
      "f1": 0.7888407888407888,
      "specificity": 0.963,
      "fpr": 0.037,
      "fnr": 0.18,
      "auroc": 0.9790091428571428,
      "auprc": 0.8724146982691247,
      "support": 1000,
      "tp": 820,
      "tn": 6741,
      "fp": 259,
      "fn": 180
    },
    "5": {
      "precision": 0.987,
      "recall": 0.987,
      "f1": 0.987,
      "specificity": 0.9981428571428571,
      "fpr": 0.0018571428571428571,
      "fnr": 0.013,
      "auroc": 0.9997001428571428,
      "auprc": 0.998355822320542,
      "support": 1000,
      "tp": 987,
      "tn": 6987,
      "fp": 13,
      "fn": 13
    },
    "6": {
      "precision": 0.7520325203252033,
      "recall": 0.555,
      "f1": 0.6386651323360184,
      "specificity": 0.9738571428571429,
      "fpr": 0.02614285714285714,
      "fnr": 0.445,
      "auroc": 0.9444758571428572,
      "auprc": 0.7473680966482552,
      "support": 1000,
      "tp": 555,
      "tn": 6817,
      "fp": 183,
      "fn": 445
    },
    "7": {
      "precision": 0.9909729187562688,
      "recall": 0.988,
      "f1": 0.9894842263395093,
      "specificity": 0.9987142857142857,
      "fpr": 0.0012857142857142856,
      "fnr": 0.012,
      "auroc": 0.9996575714285714,
      "auprc": 0.998483254447942,
      "support": 1000,
      "tp": 988,
      "tn": 6991,
      "fp": 9,
      "fn": 12
    }
  },
  "confusion_matrix": [
    [
      838,
      0,
      10,
      58,
      12,
      3,
      79,
      0
    ],
    [
      1,
      963,
      6,
      22,
      5,
      0,
      3,
      0
    ],
    [
      36,
      1,
      839,
      12,
      70,
      0,
      42,
      0
    ],
    [
      23,
      5,
      7,
      913,
      27,
      0,
      25,
      0
    ],
    [
      1,
      0,
      99,
      46,
      820,
      0,
      34,
      0
    ],
    [
      0,
      0,
      0,
      4,
      0,
      987,
      0,
      9
    ],
    [
      156,
      0,
      92,
      52,
      145,
      0,
      555,
      0
    ],
    [
      0,
      0,
      1,
      1,
      0,
      10,
      0,
      988
    ]
  ]
}