{
  "experiment": "exp3",
  "condition": {
    "num_classes": 9,
    "class_list": [
      0,
      2,
      3,
      4,
      5,
      6,
      7,
      8,
      9
    ],
    "class_names": [
      "T-shirt/top",
      "Pullover",
      "Dress",
      "Coat",
      "Sandal",
      "Shirt",
      "Sneaker",
      "Bag",
      "Ankle boot"
    ],
    "combo_idx": 4,
    "subset_pct": 50,
    "num_samples": 27000,
    "samples_per_class": 3000,
    "train_samples": 24300,
    "val_samples": 2700,
    "test_samples": 9000
  },
  "seed": 14994796,
  "timestamp": "2026-01-17T21:02:10.127312",
  "training_dynamics": {
    "epochs_trained": 17,
    "best_epoch": 7,
    "best_val_accuracy": 0.9096296296296297,
    "final_train_loss": 0.06568436787806843,
    "final_val_loss": 0.3717188200244197,
    "training_time_seconds": 19.84999418258667
  },
  "training_history": {
    "train_loss": [
      0.5585712160326932,
      0.3596477976362956,
      0.3082631852085653,
      0.2710125508473108,
      0.23974303224761234,
      0.21752400117877282,
      0.19388017912248248,
      0.1727487076073885,
      0.15525216792563074,
      0.13739424777756395,
      0.12426613101147507,
      0.11051756272239513,
      0.10285912535741533,
      0.08684858537377103,
      0.08056047449966794,
      0.07497141995271178,
      0.06568436787806843
    ],
    "val_loss": [
      0.3693753582901425,
      0.29324241744147406,
      0.2894105412783446,
      0.27140471860214516,
      0.26019714805814953,
      0.2855482187094512,
      0.24654419978459677,
      0.26019019329989396,
      0.27499287914346765,
      0.311846904291047,
      0.2805645074667754,
      0.3229493198129866,
      0.2941339864554229,
      0.28796043201729105,
      0.3176489597779733,
      0.3278699685026098,
      0.3717188200244197
    ],
    "val_accuracy": [
      0.8648148148148148,
      0.89,
      0.8914814814814814,
      0.8966666666666666,
      0.9022222222222223,
      0.8951851851851852,
      0.9062962962962963,
      0.904074074074074,
      0.9,
      0.8922222222222222,
      0.902962962962963,
      0.9062962962962963,
      0.9033333333333333,
      0.9096296296296297,
      0.9081481481481481,
      0.9044444444444445,
      0.9081481481481481
    ]
  },
  "global_metrics": {
    "accuracy": 0.9014444444444445,
    "balanced_accuracy": 0.9014444444444444,
    "top_3_accuracy": 0.9927777777777778,
    "top_5_accuracy": 0.9991111111111111,
    "log_loss": 0.2782942755150815,
    "mcc": 0.889234555505777,
    "cohens_kappa": 0.8891249999999999,
    "precision_macro": 0.9027599169982682,
    "precision_micro": 0.9014444444444445,
    "precision_weighted": 0.9027599169982683,
    "recall_macro": 0.9014444444444444,
    "recall_micro": 0.9014444444444445,
    "recall_weighted": 0.9014444444444445,
    "f1_macro": 0.9016528458620172,
    "f1_micro": 0.9014444444444445,
    "f1_weighted": 0.9016528458620173,
    "auroc_macro": 0.9929272430555556,
    "auroc_weighted": 0.9929272430555555,
    "auprc_macro": 0.9575193292821136
  },
  "per_class_metrics": {
    "0": {
      "precision": 0.8301886792452831,
      "recall": 0.88,
      "f1": 0.8543689320388349,
      "specificity": 0.9775,
      "fpr": 0.0225,
      "fnr": 0.12,
      "auroc": 0.989225875,
      "auprc": 0.9355155239069034,
      "support": 1000,
      "tp": 880,
      "tn": 7820,
      "fp": 180,
      "fn": 120
    },
    "1": {
      "precision": 0.9093851132686084,
      "recall": 0.843,
      "f1": 0.8749351323300467,
      "specificity": 0.9895,
      "fpr": 0.0105,
      "fnr": 0.157,
      "auroc": 0.9907467499999999,
      "auprc": 0.9487862621393658,
      "support": 1000,
      "tp": 843,
      "tn": 7916,
      "fp": 84,
      "fn": 157
    },
    "2": {
      "precision": 0.9353813559322034,
      "recall": 0.883,
      "f1": 0.9084362139917695,
      "specificity": 0.992375,
      "fpr": 0.007625,
      "fnr": 0.117,
      "auroc": 0.9962008125,
      "auprc": 0.9717533808636929,
      "support": 1000,
      "tp": 883,
      "tn": 7939,
      "fp": 61,
      "fn": 117
    },
    "3": {
      "precision": 0.8479307025986526,
      "recall": 0.881,
      "f1": 0.8641490926924963,
      "specificity": 0.98025,
      "fpr": 0.01975,
      "fnr": 0.119,
      "auroc": 0.9918495,
      "auprc": 0.9363892275838496,
      "support": 1000,
      "tp": 881,
      "tn": 7842,
      "fp": 158,
      "fn": 119
    },
    "4": {
      "precision": 0.9685658153241651,
      "recall": 0.986,
      "f1": 0.977205153617443,
      "specificity": 0.996,
      "fpr": 0.004,
      "fnr": 0.014,
      "auroc": 0.9996950000000001,
      "auprc": 0.9977146611371344,
      "support": 1000,
      "tp": 986,
      "tn": 7968,
      "fp": 32,
      "fn": 14
    },
    "5": {
      "precision": 0.7364798426745329,
      "recall": 0.749,
      "f1": 0.7426871591472483,
      "specificity": 0.9665,
      "fpr": 0.0335,
      "fnr": 0.251,
      "auroc": 0.97100175,
      "auprc": 0.8425213414365252,
      "support": 1000,
      "tp": 749,
      "tn": 7732,
      "fp": 268,
      "fn": 251
    },
    "6": {
      "precision": 0.9737670514165793,
      "recall": 0.928,
      "f1": 0.9503328213005633,
      "specificity": 0.996875,
      "fpr": 0.003125,
      "fnr": 0.072,
      "auroc": 0.9990490000000001,
      "auprc": 0.9931129538034653,
      "support": 1000,
      "tp": 928,
      "tn": 7975,
      "fp": 25,
      "fn": 72
    },
    "7": {
      "precision": 0.9791252485089463,
      "recall": 0.985,
      "f1": 0.9820538384845463,
      "specificity": 0.997375,
      "fpr": 0.002625,
      "fnr": 0.015,
      "auroc": 0.99937875,
      "auprc": 0.9974953290569353,
      "support": 1000,
      "tp": 985,
      "tn": 7979,
      "fp": 21,
      "fn": 15
    },
    "8": {
      "precision": 0.944015444015444,
      "recall": 0.978,
      "f1": 0.9607072691552062,
      "specificity": 0.99275,
      "fpr": 0.00725,
      "fnr": 0.022,
      "auroc": 0.99919775,
      "auprc": 0.994385283611151,
      "support": 1000,
      "tp": 978,
      "tn": 7942,
      "fp": 58,
      "fn": 22
    }
  },
  "confusion_matrix": [
    [
      880,
      6,
      6,
      5,
      2,
      91,
      0,
      10,
      0
    ],
    [
      22,
      843,
      8,
      55,
      0,
      72,
      0,
      0,
      0
    ],
    [
      40,
      11,
      883,
      23,
      0,
      40,
      0,
      1,
      2
    ],
    [
      2,
      29,
      24,
      881,
      0,
      62,
      0,
      2,
      0
    ],
    [
      0,
      0,
      0,
      0,
      986,
      0,
      6,
      0,
      8
    ],
    [
      113,
      38,
      20,
      73,
      0,
      749,
      0,
      7,
      0
    ],
    [
      0,
      0,
      0,
      0,
      24,
      0,
      928,
      0,
      48
    ],
    [
      3,
      0,
      3,
      2,
      1,
      3,
      3,
      985,
      0
    ],
    [
      0,
      0,
      0,
      0,
      5,
      0,
      16,
      1,
      978
    ]
  ]
}