{
  "experiment": "exp3",
  "condition": {
    "num_classes": 8,
    "class_list": [
      0,
      1,
      3,
      4,
      5,
      6,
      7,
      8
    ],
    "class_names": [
      "T-shirt/top",
      "Trouser",
      "Dress",
      "Coat",
      "Sandal",
      "Shirt",
      "Sneaker",
      "Bag"
    ],
    "combo_idx": 1,
    "subset_pct": 30,
    "num_samples": 14400,
    "samples_per_class": 1800,
    "train_samples": 12960,
    "val_samples": 1440,
    "test_samples": 8000
  },
  "seed": 14994796,
  "timestamp": "2026-01-17T20:32:39.816710",
  "training_dynamics": {
    "epochs_trained": 18,
    "best_epoch": 8,
    "best_val_accuracy": 0.9298611111111111,
    "final_train_loss": 0.03235733070814514,
    "final_val_loss": 0.35024708724684184,
    "training_time_seconds": 10.648973941802979
  },
  "training_history": {
    "train_loss": [
      0.5076615841958323,
      0.3064079551127157,
      0.2569291811491468,
      0.21891145077832228,
      0.1895744126895672,
      0.16795696758577977,
      0.13325802646944382,
      0.11704956208874145,
      0.09828008406249614,
      0.08863733510206927,
      0.07466341044038094,
      0.06780355466584781,
      0.05533715035179125,
      0.047706189485074116,
      0.043681607989988894,
      0.040722387373731864,
      0.03095604072748156,
      0.03235733070814514
    ],
    "val_loss": [
      0.2845944987403022,
      0.2475587917698754,
      0.22377568284670513,
      0.2573436283402973,
      0.22098988327715133,
      0.23006988366444905,
      0.1958221228586303,
      0.19033133255110846,
      0.2142479689584838,
      0.21161338984966277,
      0.2608276597327656,
      0.2802414854367574,
      0.2947861828737789,
      0.2730978531969918,
      0.275539364417394,
      0.2937423636515935,
      0.3204802370733685,
      0.35024708724684184
    ],
    "val_accuracy": [
      0.8965277777777778,
      0.9006944444444445,
      0.9111111111111111,
      0.9041666666666667,
      0.9083333333333333,
      0.9159722222222222,
      0.9298611111111111,
      0.9208333333333333,
      0.9229166666666667,
      0.9263888888888889,
      0.9201388888888888,
      0.9215277777777777,
      0.9201388888888888,
      0.9256944444444445,
      0.925,
      0.9208333333333333,
      0.9215277777777777,
      0.9243055555555556
    ]
  },
  "global_metrics": {
    "accuracy": 0.904,
    "balanced_accuracy": 0.904,
    "top_3_accuracy": 0.992875,
    "top_5_accuracy": 0.9995,
    "log_loss": 0.25755034920801384,
    "mcc": 0.8903975297963848,
    "cohens_kappa": 0.8902857142857143,
    "precision_macro": 0.9048232452577695,
    "precision_micro": 0.904,
    "precision_weighted": 0.9048232452577694,
    "recall_macro": 0.904,
    "recall_micro": 0.904,
    "recall_weighted": 0.904,
    "f1_macro": 0.9040184330654792,
    "f1_micro": 0.904,
    "f1_weighted": 0.9040184330654792,
    "auroc_macro": 0.9924141785714286,
    "auroc_weighted": 0.9924141785714286,
    "auprc_macro": 0.9586379168553996
  },
  "per_class_metrics": {
    "0": {
      "precision": 0.8208530805687204,
      "recall": 0.866,
      "f1": 0.8428223844282239,
      "specificity": 0.973,
      "fpr": 0.027,
      "fnr": 0.134,
      "auroc": 0.9875442857142857,
      "auprc": 0.9302272686140274,
      "support": 1000,
      "tp": 866,
      "tn": 6811,
      "fp": 189,
      "fn": 134
    },
    "1": {
      "precision": 0.9908069458631257,
      "recall": 0.97,
      "f1": 0.9802930773117736,
      "specificity": 0.9987142857142857,
      "fpr": 0.0012857142857142856,
      "fnr": 0.03,
      "auroc": 0.9995614285714286,
      "auprc": 0.9978278342454197,
      "support": 1000,
      "tp": 970,
      "tn": 6991,
      "fp": 9,
      "fn": 30
    },
    "2": {
      "precision": 0.8772770853307766,
      "recall": 0.915,
      "f1": 0.8957415565345082,
      "specificity": 0.9817142857142858,
      "fpr": 0.018285714285714287,
      "fnr": 0.085,
      "auroc": 0.9943124285714285,
      "auprc": 0.965372007286462,
      "support": 1000,
      "tp": 915,
      "tn": 6872,
      "fp": 128,
      "fn": 85
    },
    "3": {
      "precision": 0.8875413450937155,
      "recall": 0.805,
      "f1": 0.844257996853697,
      "specificity": 0.9854285714285714,
      "fpr": 0.014571428571428572,
      "fnr": 0.195,
      "auroc": 0.9909451428571429,
      "auprc": 0.9427637598644798,
      "support": 1000,
      "tp": 805,
      "tn": 6898,
      "fp": 102,
      "fn": 195
    },
    "4": {
      "precision": 0.981018981018981,
      "recall": 0.982,
      "f1": 0.9815092453773112,
      "specificity": 0.9972857142857143,
      "fpr": 0.0027142857142857142,
      "fnr": 0.018,
      "auroc": 0.9992571428571428,
      "auprc": 0.997212977331546,
      "support": 1000,
      "tp": 982,
      "tn": 6981,
      "fp": 19,
      "fn": 18
    },
    "5": {
      "precision": 0.7249255213505462,
      "recall": 0.73,
      "f1": 0.7274539113104136,
      "specificity": 0.9604285714285714,
      "fpr": 0.03957142857142857,
      "fnr": 0.27,
      "auroc": 0.9686255714285714,
      "auprc": 0.8409495394652757,
      "support": 1000,
      "tp": 730,
      "tn": 6723,
      "fp": 277,
      "fn": 270
    },
    "6": {
      "precision": 0.9801390268123138,
      "recall": 0.987,
      "f1": 0.9835575485799701,
      "specificity": 0.9971428571428571,
      "fpr": 0.002857142857142857,
      "fnr": 0.013,
      "auroc": 0.999714,
      "auprc": 0.9977235540835337,
      "support": 1000,
      "tp": 987,
      "tn": 6980,
      "fp": 20,
      "fn": 13
    },
    "7": {
      "precision": 0.9760239760239761,
      "recall": 0.977,
      "f1": 0.976511744127936,
      "specificity": 0.9965714285714286,
      "fpr": 0.0034285714285714284,
      "fnr": 0.023,
      "auroc": 0.9993534285714285,
      "auprc": 0.9970263939524523,
      "support": 1000,
      "tp": 977,
      "tn": 6976,
      "fp": 24,
      "fn": 23
    }
  },
  "confusion_matrix": [
    [
      866,
      1,
      26,
      5,
      2,
      95,
      0,
      5
    ],
    [
      3,
      970,
      19,
      4,
      0,
      3,
      0,
      1
    ],
    [
      18,
      6,
      915,
      25,
      0,
      33,
      0,
      3
    ],
    [
      5,
      0,
      46,
      805,
      0,
      141,
      0,
      3
    ],
    [
      0,
      0,
      0,
      0,
      982,
      0,
      17,
      1
    ],
    [
      158,
      1,
      33,
      67,
      0,
      730,
      0,
      11
    ],
    [
      0,
      0,
      0,
      0,
      13,
      0,
      987,
      0
    ],
    [
      5,
      1,
      4,
      1,
      4,
      5,
      3,
      977
    ]
  ]
}