{
  "experiment": "exp3",
  "condition": {
    "num_classes": 2,
    "class_list": [
      5,
      8
    ],
    "class_names": [
      "Sandal",
      "Bag"
    ],
    "combo_idx": 3,
    "subset_pct": 70,
    "num_samples": 8400,
    "samples_per_class": 4200,
    "train_samples": 7560,
    "val_samples": 840,
    "test_samples": 2000
  },
  "seed": 14994796,
  "timestamp": "2026-01-17T19:32:59.489716",
  "training_dynamics": {
    "epochs_trained": 23,
    "best_epoch": 13,
    "best_val_accuracy": 1.0,
    "final_train_loss": 5.097660718123383e-05,
    "final_val_loss": 0.0005247358594710065,
    "training_time_seconds": 7.867952585220337
  },
  "training_history": {
    "train_loss": [
      0.04341097898436945,
      0.007223123098197566,
      0.005001508310528641,
      0.00393402897024213,
      0.0004292724360132089,
      0.0032699083998362338,
      0.008194364180215553,
      0.00047548506877974014,
      0.0020752144751099637,
      0.002249266107739703,
      0.0009526489351386695,
      0.00027741398364115725,
      0.0008593328108964525,
      9.124966811286715e-05,
      0.00010159061038044521,
      3.859226932444252e-05,
      3.8899623196819814e-05,
      2.303284834741272e-05,
      2.0591573608359467e-05,
      2.9165153972933375e-05,
      5.2548355626197557e-05,
      6.550066161000985e-05,
      5.097660718123383e-05
    ],
    "val_loss": [
      0.0033678847357545495,
      0.0025750695056829154,
      0.0012446862584467122,
      0.004215025773875763,
      0.00037254683737133055,
      0.055835763329551334,
      0.0036343130187862557,
      0.0003937087321814726,
      0.0012502308386111898,
      0.00015700112094886468,
      0.0023598763344807594,
      0.0008288459226432246,
      0.00014486421864386926,
      0.00030485362221519436,
      0.0006267612676917148,
      0.0003234002042864588,
      0.00017633262462671457,
      0.0002498425692205449,
      0.0004927501046732833,
      0.0006619996730432289,
      0.0003142131891890932,
      0.00040537851077309436,
      0.0005247358594710065
    ],
    "val_accuracy": [
      0.9988095238095238,
      0.9988095238095238,
      1.0,
      0.9976190476190476,
      1.0,
      0.9833333333333333,
      0.9976190476190476,
      1.0,
      1.0,
      1.0,
      0.9988095238095238,
      1.0,
      1.0,
      1.0,
      1.0,
      1.0,
      1.0,
      1.0,
      1.0,
      1.0,
      1.0,
      1.0,
      1.0
    ]
  },
  "global_metrics": {
    "accuracy": 0.999,
    "balanced_accuracy": 0.999,
    "top_3_accuracy": 1.0,
    "top_5_accuracy": 1.0,
    "log_loss": 0.003002127938761575,
    "mcc": 0.998001996005988,
    "cohens_kappa": 0.998,
    "precision_macro": 0.999001996007984,
    "precision_micro": 0.999,
    "precision_weighted": 0.999001996007984,
    "recall_macro": 0.999,
    "recall_micro": 0.999,
    "recall_weighted": 0.999,
    "f1_macro": 0.998999998999999,
    "f1_micro": 0.999,
    "f1_weighted": 0.998999998999999,
    "auroc_macro": 1.0,
    "auroc_weighted": 1.0,
    "auprc_macro": 1.0
  },
  "per_class_metrics": {
    "0": {
      "precision": 0.998003992015968,
      "recall": 1.0,
      "f1": 0.9990009990009989,
      "specificity": 0.998,
      "fpr": 0.002,
      "fnr": 0.0,
      "auroc": 1.0,
      "auprc": 1.0,
      "support": 1000,
      "tp": 1000,
      "tn": 998,
      "fp": 2,
      "fn": 0
    },
    "1": {
      "precision": 1.0,
      "recall": 0.998,
      "f1": 0.998998998998999,
      "specificity": 1.0,
      "fpr": 0.0,
      "fnr": 0.002,
      "auroc": 1.0,
      "auprc": 1.0,
      "support": 1000,
      "tp": 998,
      "tn": 1000,
      "fp": 0,
      "fn": 2
    }
  },
  "confusion_matrix": [
    [
      1000,
      0
    ],
    [
      2,
      998
    ]
  ]
}