{
  "experiment": "exp3",
  "condition": {
    "num_classes": 5,
    "class_list": [
      1,
      2,
      3,
      5,
      9
    ],
    "class_names": [
      "Trouser",
      "Pullover",
      "Dress",
      "Sandal",
      "Ankle boot"
    ],
    "combo_idx": 4,
    "subset_pct": 40,
    "num_samples": 12000,
    "samples_per_class": 2400,
    "train_samples": 10800,
    "val_samples": 1200,
    "test_samples": 5000
  },
  "seed": 14994796,
  "timestamp": "2026-01-17T20:00:24.837024",
  "training_dynamics": {
    "epochs_trained": 14,
    "best_epoch": 4,
    "best_val_accuracy": 0.9808333333333333,
    "final_train_loss": 0.01498243829085438,
    "final_val_loss": 0.06674525983554001,
    "training_time_seconds": 7.376928806304932
  },
  "training_history": {
    "train_loss": [
      0.15332281496926878,
      0.0694118347790467,
      0.05351875617014542,
      0.038073041377804026,
      0.03910448265533354,
      0.02699169884769924,
      0.025902213794303252,
      0.019927408153910368,
      0.018065748566891804,
      0.010773039554025683,
      0.016605361680984643,
      0.005896697566662322,
      0.01318746808726768,
      0.01498243829085438
    ],
    "val_loss": [
      0.06863460198044777,
      0.08460577408472697,
      0.06473026672999065,
      0.04852948303023974,
      0.06630495867381493,
      0.06229621173270668,
      0.06776366353345414,
      0.05454417615973701,
      0.07177151320191721,
      0.06458735189788664,
      0.06991433896357194,
      0.09458941036136821,
      0.07728740125273664,
      0.06674525983554001
    ],
    "val_accuracy": [
      0.9725,
      0.9691666666666666,
      0.9725,
      0.9808333333333333,
      0.9791666666666666,
      0.9758333333333333,
      0.9783333333333334,
      0.9808333333333333,
      0.9725,
      0.9808333333333333,
      0.9783333333333334,
      0.9808333333333333,
      0.9775,
      0.9783333333333334
    ]
  },
  "global_metrics": {
    "accuracy": 0.9824,
    "balanced_accuracy": 0.9823999999999998,
    "top_3_accuracy": 0.9998,
    "top_5_accuracy": 1.0,
    "log_loss": 0.05582086618086596,
    "mcc": 0.978017408864818,
    "cohens_kappa": 0.978,
    "precision_macro": 0.9824891451546384,
    "precision_micro": 0.9824,
    "precision_weighted": 0.9824891451546383,
    "recall_macro": 0.9823999999999998,
    "recall_micro": 0.9824,
    "recall_weighted": 0.9824,
    "f1_macro": 0.9824099014696579,
    "f1_micro": 0.9824,
    "f1_weighted": 0.9824099014696578,
    "auroc_macro": 0.9993661500000002,
    "auroc_weighted": 0.9993661500000001,
    "auprc_macro": 0.9976209039759405
  },
  "per_class_metrics": {
    "0": {
      "precision": 0.9929221435793731,
      "recall": 0.982,
      "f1": 0.987430869783811,
      "specificity": 0.99825,
      "fpr": 0.00175,
      "fnr": 0.018,
      "auroc": 0.9996795,
      "auprc": 0.9990041461832981,
      "support": 1000,
      "tp": 982,
      "tn": 3993,
      "fp": 7,
      "fn": 18
    },
    "1": {
      "precision": 0.9646712463199215,
      "recall": 0.983,
      "f1": 0.9737493808816245,
      "specificity": 0.991,
      "fpr": 0.009,
      "fnr": 0.017,
      "auroc": 0.99935125,
      "auprc": 0.9976342559053969,
      "support": 1000,
      "tp": 983,
      "tn": 3964,
      "fp": 36,
      "fn": 17
    },
    "2": {
      "precision": 0.9677744209466264,
      "recall": 0.961,
      "f1": 0.9643753135975917,
      "specificity": 0.992,
      "fpr": 0.008,
      "fnr": 0.039,
      "auroc": 0.998765,
      "auprc": 0.9946315260336445,
      "support": 1000,
      "tp": 961,
      "tn": 3968,
      "fp": 32,
      "fn": 39
    },
    "3": {
      "precision": 0.9890981169474727,
      "recall": 0.998,
      "f1": 0.9935291189646591,
      "specificity": 0.99725,
      "fpr": 0.00275,
      "fnr": 0.002,
      "auroc": 0.999719,
      "auprc": 0.9982907688118557,
      "support": 1000,
      "tp": 998,
      "tn": 3989,
      "fp": 11,
      "fn": 2
    },
    "4": {
      "precision": 0.997979797979798,
      "recall": 0.988,
      "f1": 0.9929648241206029,
      "specificity": 0.9995,
      "fpr": 0.0005,
      "fnr": 0.012,
      "auroc": 0.9993160000000001,
      "auprc": 0.9985438229455067,
      "support": 1000,
      "tp": 988,
      "tn": 3998,
      "fp": 2,
      "fn": 12
    }
  },
  "confusion_matrix": [
    [
      982,
      2,
      16,
      0,
      0
    ],
    [
      1,
      983,
      16,
      0,
      0
    ],
    [
      6,
      33,
      961,
      0,
      0
    ],
    [
      0,
      0,
      0,
      998,
      2
    ],
    [
      0,
      1,
      0,
      11,
      988
    ]
  ]
}