{
  "experiment": "exp3",
  "condition": {
    "num_classes": 4,
    "class_list": [
      1,
      4,
      5,
      9
    ],
    "class_names": [
      "Trouser",
      "Coat",
      "Sandal",
      "Ankle boot"
    ],
    "combo_idx": 2,
    "subset_pct": 90,
    "num_samples": 21600,
    "samples_per_class": 5400,
    "train_samples": 19440,
    "val_samples": 2160,
    "test_samples": 4000
  },
  "seed": 14994796,
  "timestamp": "2026-01-17T19:47:00.345169",
  "training_dynamics": {
    "epochs_trained": 29,
    "best_epoch": 19,
    "best_val_accuracy": 0.9962962962962963,
    "final_train_loss": 0.00037296037178548075,
    "final_val_loss": 0.05458597289795459,
    "training_time_seconds": 27.45171332359314
  },
  "training_history": {
    "train_loss": [
      0.06112751387052796,
      0.024308455149893188,
      0.013552738060896349,
      0.014767655618135521,
      0.008866793877530199,
      0.0078269334518591,
      0.008246701431696573,
      0.008080942090463108,
      0.006618345876903295,
      0.004898674294675007,
      0.0028552888980500845,
      0.001377656620674765,
      0.005646669148510934,
      0.006347395868942653,
      0.0027369024695121282,
      0.0023859913806108437,
      0.008064793424622215,
      0.004204849570988089,
      0.002556395505951209,
      0.001738714557915662,
      0.0007714665202611309,
      0.005175722690451248,
      0.00718803463955079,
      0.0018968415421281143,
      0.003308199910798904,
      0.0032383388779440962,
      0.0022398227329685333,
      0.00041385609314696577,
      0.00037296037178548075
    ],
    "val_loss": [
      0.029131929905809185,
      0.03556433827098873,
      0.026138769332599756,
      0.02647482152851471,
      0.02784022530109656,
      0.03233604628206834,
      0.038735206717926,
      0.03886317752411641,
      0.020470226054624584,
      0.02533721314690343,
      0.025003051211947253,
      0.028751379900734685,
      0.026491584140603663,
      0.025273967036089206,
      0.04300035139564257,
      0.03424342833513273,
      0.030724768440376027,
      0.02142847950283761,
      0.013749667695743416,
      0.029216880015986102,
      0.026799458028464566,
      0.044535978854454934,
      0.03175882813623132,
      0.029264201364586136,
      0.03979880801386268,
      0.0323504615286799,
      0.024886220701238117,
      0.027266605954432803,
      0.05458597289795459
    ],
    "val_accuracy": [
      0.9912037037037037,
      0.9884259259259259,
      0.9925925925925926,
      0.9925925925925926,
      0.9930555555555556,
      0.9921296296296296,
      0.9935185185185185,
      0.9935185185185185,
      0.9949074074074075,
      0.9925925925925926,
      0.9953703703703703,
      0.9944444444444445,
      0.9939814814814815,
      0.9930555555555556,
      0.9935185185185185,
      0.9935185185185185,
      0.9939814814814815,
      0.9958333333333333,
      0.9958333333333333,
      0.9944444444444445,
      0.9935185185185185,
      0.9888888888888889,
      0.9939814814814815,
      0.9962962962962963,
      0.9935185185185185,
      0.9939814814814815,
      0.9958333333333333,
      0.9958333333333333,
      0.9930555555555556
    ]
  },
  "global_metrics": {
    "accuracy": 0.994,
    "balanced_accuracy": 0.994,
    "top_3_accuracy": 0.99975,
    "top_5_accuracy": 1.0,
    "log_loss": 0.025557599817543283,
    "mcc": 0.9920056213811151,
    "cohens_kappa": 0.992,
    "precision_macro": 0.9940167070096084,
    "precision_micro": 0.994,
    "precision_weighted": 0.9940167070096083,
    "recall_macro": 0.994,
    "recall_micro": 0.994,
    "recall_weighted": 0.994,
    "f1_macro": 0.9939999264988464,
    "f1_micro": 0.994,
    "f1_weighted": 0.9939999264988464,
    "auroc_macro": 0.9999308333333332,
    "auroc_weighted": 0.9999308333333333,
    "auprc_macro": 0.9997978576743172
  },
  "per_class_metrics": {
    "0": {
      "precision": 0.9979959919839679,
      "recall": 0.996,
      "f1": 0.9969969969969971,
      "specificity": 0.9993333333333333,
      "fpr": 0.0006666666666666666,
      "fnr": 0.004,
      "auroc": 0.9999883333333333,
      "auprc": 0.9999648593525722,
      "support": 1000,
      "tp": 996,
      "tn": 2998,
      "fp": 2,
      "fn": 4
    },
    "1": {
      "precision": 0.9960079840319361,
      "recall": 0.998,
      "f1": 0.997002997002997,
      "specificity": 0.9986666666666667,
      "fpr": 0.0013333333333333333,
      "fnr": 0.002,
      "auroc": 0.9999876666666666,
      "auprc": 0.9999635156092918,
      "support": 1000,
      "tp": 998,
      "tn": 2996,
      "fp": 4,
      "fn": 2
    },
    "2": {
      "precision": 0.9949596774193549,
      "recall": 0.987,
      "f1": 0.9909638554216869,
      "specificity": 0.9983333333333333,
      "fpr": 0.0016666666666666668,
      "fnr": 0.013,
      "auroc": 0.9998726666666666,
      "auprc": 0.9996178070176015,
      "support": 1000,
      "tp": 987,
      "tn": 2995,
      "fp": 5,
      "fn": 13
    },
    "3": {
      "precision": 0.9871031746031746,
      "recall": 0.995,
      "f1": 0.9910358565737053,
      "specificity": 0.9956666666666667,
      "fpr": 0.004333333333333333,
      "fnr": 0.005,
      "auroc": 0.9998746666666667,
      "auprc": 0.9996452487178035,
      "support": 1000,
      "tp": 995,
      "tn": 2987,
      "fp": 13,
      "fn": 5
    }
  },
  "confusion_matrix": [
    [
      996,
      4,
      0,
      0
    ],
    [
      2,
      998,
      0,
      0
    ],
    [
      0,
      0,
      987,
      13
    ],
    [
      0,
      0,
      5,
      995
    ]
  ]
}