{
  "experiment": "exp3",
  "condition": {
    "num_classes": 2,
    "class_list": [
      5,
      8
    ],
    "class_names": [
      "Sandal",
      "Bag"
    ],
    "combo_idx": 3,
    "subset_pct": 50,
    "num_samples": 6000,
    "samples_per_class": 3000,
    "train_samples": 5400,
    "val_samples": 600,
    "test_samples": 2000
  },
  "seed": 14994796,
  "timestamp": "2026-01-17T19:32:45.313907",
  "training_dynamics": {
    "epochs_trained": 17,
    "best_epoch": 7,
    "best_val_accuracy": 1.0,
    "final_train_loss": 5.796355435951655e-05,
    "final_val_loss": 0.00020683642969477963,
    "training_time_seconds": 4.055562496185303
  },
  "training_history": {
    "train_loss": [
      0.0509987211188726,
      0.008412046525165136,
      0.006881743161712246,
      0.0028444019141555628,
      0.0009480932186808305,
      0.00020579635158676811,
      7.01051405331675e-05,
      6.299085265548938e-05,
      3.417932278968211e-05,
      9.927226801464178e-05,
      0.0009591315761580892,
      0.02479031542663292,
      0.006533245993411102,
      0.0014006055613576256,
      0.000928689888541231,
      0.00011636507217979349,
      5.796355435951655e-05
    ],
    "val_loss": [
      0.006625059982761741,
      0.00354346703417832,
      0.003434880170195053,
      0.003173550496060974,
      0.0005090959154949815,
      0.0001677327756124214,
      9.16957706726862e-05,
      0.0001752067742017971,
      0.00013543451297133894,
      0.0001633487342769513,
      0.003765365006693173,
      0.00869375955463814,
      0.0038843779827948312,
      0.00021008409088002129,
      0.00010518677700777819,
      0.0006271915366145701,
      0.00020683642969477963
    ],
    "val_accuracy": [
      0.9983333333333333,
      0.9966666666666667,
      0.9983333333333333,
      0.9966666666666667,
      1.0,
      1.0,
      1.0,
      1.0,
      1.0,
      1.0,
      0.9983333333333333,
      0.9966666666666667,
      0.9983333333333333,
      1.0,
      1.0,
      1.0,
      1.0
    ]
  },
  "global_metrics": {
    "accuracy": 0.997,
    "balanced_accuracy": 0.997,
    "top_3_accuracy": 1.0,
    "top_5_accuracy": 1.0,
    "log_loss": 0.008508928970365873,
    "mcc": 0.9940178924830985,
    "cohens_kappa": 0.994,
    "precision_macro": 0.9970178926441352,
    "precision_micro": 0.997,
    "precision_weighted": 0.9970178926441351,
    "recall_macro": 0.997,
    "recall_micro": 0.997,
    "recall_weighted": 0.997,
    "f1_macro": 0.996999972999757,
    "f1_micro": 0.997,
    "f1_weighted": 0.996999972999757,
    "auroc_macro": 0.999992,
    "auroc_weighted": 0.999992,
    "auprc_macro": 0.9999920159441893
  },
  "per_class_metrics": {
    "0": {
      "precision": 0.9940357852882704,
      "recall": 1.0,
      "f1": 0.9970089730807578,
      "specificity": 0.994,
      "fpr": 0.006,
      "fnr": 0.0,
      "auroc": 0.999992,
      "auprc": 0.9999920279003627,
      "support": 1000,
      "tp": 1000,
      "tn": 994,
      "fp": 6,
      "fn": 0
    },
    "1": {
      "precision": 1.0,
      "recall": 0.994,
      "f1": 0.9969909729187563,
      "specificity": 1.0,
      "fpr": 0.0,
      "fnr": 0.006,
      "auroc": 0.999992,
      "auprc": 0.9999920039880159,
      "support": 1000,
      "tp": 994,
      "tn": 1000,
      "fp": 0,
      "fn": 6
    }
  },
  "confusion_matrix": [
    [
      1000,
      0
    ],
    [
      6,
      994
    ]
  ]
}