{
  "experiment": "exp3",
  "condition": {
    "num_classes": 6,
    "class_list": [
      2,
      3,
      5,
      6,
      8,
      9
    ],
    "class_names": [
      "Pullover",
      "Dress",
      "Sandal",
      "Shirt",
      "Bag",
      "Ankle boot"
    ],
    "combo_idx": 4,
    "subset_pct": 70,
    "num_samples": 25200,
    "samples_per_class": 4200,
    "train_samples": 22680,
    "val_samples": 2520,
    "test_samples": 6000
  },
  "seed": 14994796,
  "timestamp": "2026-01-17T20:12:50.540942",
  "training_dynamics": {
    "epochs_trained": 16,
    "best_epoch": 6,
    "best_val_accuracy": 0.9626984126984127,
    "final_train_loss": 0.02901681702203629,
    "final_val_loss": 0.15901204137693323,
    "training_time_seconds": 19.38722038269043
  },
  "training_history": {
    "train_loss": [
      0.2934713842583374,
      0.16639071909159842,
      0.13673461485706584,
      0.11279239595251184,
      0.09969288031767372,
      0.08819341799637802,
      0.0727920830643303,
      0.06707363087342869,
      0.05853107009561811,
      0.04985801756355754,
      0.04583763304874826,
      0.04042680078336943,
      0.03868726199742039,
      0.033692396511766455,
      0.034436274239298244,
      0.02901681702203629
    ],
    "val_loss": [
      0.17316599509545735,
      0.1404118575747051,
      0.13264282939452973,
      0.12520846286936413,
      0.12588807234451885,
      0.11542117420643094,
      0.1466153586431155,
      0.13611818306029788,
      0.12674751418923574,
      0.14065948489994284,
      0.15439172439750226,
      0.1658133164048195,
      0.14031935907190754,
      0.19414780608245305,
      0.16634776106192953,
      0.15901204137693323
    ],
    "val_accuracy": [
      0.9376984126984127,
      0.9472222222222222,
      0.9523809523809523,
      0.957936507936508,
      0.9519841269841269,
      0.9626984126984127,
      0.9511904761904761,
      0.9575396825396826,
      0.9603174603174603,
      0.9583333333333334,
      0.957936507936508,
      0.9543650793650794,
      0.9603174603174603,
      0.9488095238095238,
      0.9543650793650794,
      0.9591269841269842
    ]
  },
  "global_metrics": {
    "accuracy": 0.953,
    "balanced_accuracy": 0.953,
    "top_3_accuracy": 0.9985,
    "top_5_accuracy": 1.0,
    "log_loss": 0.13681502242030547,
    "mcc": 0.9436323986018709,
    "cohens_kappa": 0.9436,
    "precision_macro": 0.9531507537229853,
    "precision_micro": 0.953,
    "precision_weighted": 0.9531507537229853,
    "recall_macro": 0.953,
    "recall_micro": 0.953,
    "recall_weighted": 0.953,
    "f1_macro": 0.9529976616561527,
    "f1_micro": 0.953,
    "f1_weighted": 0.9529976616561527,
    "auroc_macro": 0.9968716666666668,
    "auroc_weighted": 0.9968716666666666,
    "auprc_macro": 0.9861695695302838
  },
  "per_class_metrics": {
    "0": {
      "precision": 0.8964181994191674,
      "recall": 0.926,
      "f1": 0.9109690113133301,
      "specificity": 0.9786,
      "fpr": 0.0214,
      "fnr": 0.074,
      "auroc": 0.9938718,
      "auprc": 0.9726187392089101,
      "support": 1000,
      "tp": 926,
      "tn": 4893,
      "fp": 107,
      "fn": 74
    },
    "1": {
      "precision": 0.9502982107355865,
      "recall": 0.956,
      "f1": 0.9531405782652045,
      "specificity": 0.99,
      "fpr": 0.01,
      "fnr": 0.044,
      "auroc": 0.9981816,
      "auprc": 0.9907480362288847,
      "support": 1000,
      "tp": 956,
      "tn": 4950,
      "fp": 50,
      "fn": 44
    },
    "2": {
      "precision": 0.9890547263681592,
      "recall": 0.994,
      "f1": 0.9915211970074813,
      "specificity": 0.9978,
      "fpr": 0.0022,
      "fnr": 0.006,
      "auroc": 0.9998632,
      "auprc": 0.9992340261993689,
      "support": 1000,
      "tp": 994,
      "tn": 4989,
      "fp": 11,
      "fn": 6
    },
    "3": {
      "precision": 0.8921971252566735,
      "recall": 0.869,
      "f1": 0.8804457953394124,
      "specificity": 0.979,
      "fpr": 0.021,
      "fnr": 0.131,
      "auroc": 0.9898551999999999,
      "auprc": 0.9564322873293423,
      "support": 1000,
      "tp": 869,
      "tn": 4895,
      "fp": 105,
      "fn": 131
    },
    "4": {
      "precision": 0.9969543147208122,
      "recall": 0.982,
      "f1": 0.9894206549118388,
      "specificity": 0.9994,
      "fpr": 0.0006,
      "fnr": 0.018,
      "auroc": 0.9997541999999999,
      "auprc": 0.9989751163221904,
      "support": 1000,
      "tp": 982,
      "tn": 4997,
      "fp": 3,
      "fn": 18
    },
    "5": {
      "precision": 0.9939819458375125,
      "recall": 0.991,
      "f1": 0.9924887330996494,
      "specificity": 0.9988,
      "fpr": 0.0012,
      "fnr": 0.009,
      "auroc": 0.999704,
      "auprc": 0.9990092118930066,
      "support": 1000,
      "tp": 991,
      "tn": 4994,
      "fp": 6,
      "fn": 9
    }
  },
  "confusion_matrix": [
    [
      926,
      11,
      0,
      63,
      0,
      0
    ],
    [
      9,
      956,
      0,
      35,
      0,
      0
    ],
    [
      0,
      0,
      994,
      0,
      0,
      6
    ],
    [
      94,
      34,
      0,
      869,
      3,
      0
    ],
    [
      4,
      5,
      3,
      6,
      982,
      0
    ],
    [
      0,
      0,
      8,
      1,
      0,
      991
    ]
  ]
}