{
  "experiment": "exp3",
  "condition": {
    "num_classes": 4,
    "class_list": [
      0,
      1,
      2,
      4
    ],
    "class_names": [
      "T-shirt/top",
      "Trouser",
      "Pullover",
      "Coat"
    ],
    "combo_idx": 0,
    "subset_pct": 70,
    "num_samples": 16800,
    "samples_per_class": 4200,
    "train_samples": 15120,
    "val_samples": 1680,
    "test_samples": 4000
  },
  "seed": 14994796,
  "timestamp": "2026-01-17T19:42:26.630695",
  "training_dynamics": {
    "epochs_trained": 13,
    "best_epoch": 3,
    "best_val_accuracy": 0.9547619047619048,
    "final_train_loss": 0.04197162231096393,
    "final_val_loss": 0.29318162912414186,
    "training_time_seconds": 9.799988508224487
  },
  "training_history": {
    "train_loss": [
      0.2936686327374434,
      0.18552930969037587,
      0.15300987365376598,
      0.12513413512096877,
      0.11000129481471038,
      0.09290992178981691,
      0.07661664277267984,
      0.07309341323974577,
      0.061258600572839314,
      0.05200217890318381,
      0.053094104065005726,
      0.039702163673229984,
      0.04197162231096393
    ],
    "val_loss": [
      0.1857221231574104,
      0.1693045763742356,
      0.1435826266095752,
      0.15599961295014336,
      0.14991580361411685,
      0.14380110793170475,
      0.21826595138935817,
      0.19408766570545377,
      0.1489984195856821,
      0.15763414544718607,
      0.16363226608151482,
      0.22068607282070887,
      0.29318162912414186
    ],
    "val_accuracy": [
      0.9285714285714286,
      0.9398809523809524,
      0.9494047619047619,
      0.9422619047619047,
      0.950595238095238,
      0.9535714285714286,
      0.930952380952381,
      0.9470238095238095,
      0.9517857142857142,
      0.9488095238095238,
      0.9547619047619048,
      0.9369047619047619,
      0.9273809523809524
    ]
  },
  "global_metrics": {
    "accuracy": 0.946,
    "balanced_accuracy": 0.946,
    "top_3_accuracy": 0.9995,
    "top_5_accuracy": 1.0,
    "log_loss": 0.15077648324627735,
    "mcc": 0.9280724698214716,
    "cohens_kappa": 0.928,
    "precision_macro": 0.9464349473254882,
    "precision_micro": 0.946,
    "precision_weighted": 0.9464349473254882,
    "recall_macro": 0.946,
    "recall_micro": 0.946,
    "recall_weighted": 0.946,
    "f1_macro": 0.9461101502002971,
    "f1_micro": 0.946,
    "f1_weighted": 0.9461101502002971,
    "auroc_macro": 0.9940226666666667,
    "auroc_weighted": 0.9940226666666667,
    "auprc_macro": 0.9836569064538407
  },
  "per_class_metrics": {
    "0": {
      "precision": 0.9744637385086823,
      "recall": 0.954,
      "f1": 0.9641232945932289,
      "specificity": 0.9916666666666667,
      "fpr": 0.008333333333333333,
      "fnr": 0.046,
      "auroc": 0.9977136666666667,
      "auprc": 0.992973072393209,
      "support": 1000,
      "tp": 954,
      "tn": 2975,
      "fp": 25,
      "fn": 46
    },
    "1": {
      "precision": 0.9939759036144579,
      "recall": 0.99,
      "f1": 0.9919839679358716,
      "specificity": 0.998,
      "fpr": 0.002,
      "fnr": 0.01,
      "auroc": 0.9999366666666667,
      "auprc": 0.9998122725821743,
      "support": 1000,
      "tp": 990,
      "tn": 2994,
      "fp": 6,
      "fn": 10
    },
    "2": {
      "precision": 0.9089989888776542,
      "recall": 0.899,
      "f1": 0.9039718451483157,
      "specificity": 0.97,
      "fpr": 0.03,
      "fnr": 0.101,
      "auroc": 0.9863346666666666,
      "auprc": 0.9656370554171433,
      "support": 1000,
      "tp": 899,
      "tn": 2910,
      "fp": 90,
      "fn": 101
    },
    "3": {
      "precision": 0.9083011583011583,
      "recall": 0.941,
      "f1": 0.9243614931237721,
      "specificity": 0.9683333333333334,
      "fpr": 0.03166666666666667,
      "fnr": 0.059,
      "auroc": 0.9921056666666666,
      "auprc": 0.9762052254228362,
      "support": 1000,
      "tp": 941,
      "tn": 2905,
      "fp": 95,
      "fn": 59
    }
  },
  "confusion_matrix": [
    [
      954,
      3,
      33,
      10
    ],
    [
      4,
      990,
      2,
      4
    ],
    [
      19,
      1,
      899,
      81
    ],
    [
      2,
      2,
      55,
      941
    ]
  ]
}