{
  "experiment": "exp3",
  "condition": {
    "num_classes": 5,
    "class_list": [
      1,
      2,
      3,
      5,
      7
    ],
    "class_names": [
      "Trouser",
      "Pullover",
      "Dress",
      "Sandal",
      "Sneaker"
    ],
    "combo_idx": 3,
    "subset_pct": 90,
    "num_samples": 27000,
    "samples_per_class": 5400,
    "train_samples": 24300,
    "val_samples": 2700,
    "test_samples": 5000
  },
  "seed": 14994796,
  "timestamp": "2026-01-17T19:59:38.760633",
  "training_dynamics": {
    "epochs_trained": 26,
    "best_epoch": 16,
    "best_val_accuracy": 0.9885185185185185,
    "final_train_loss": 0.006387257137533341,
    "final_val_loss": 0.07949964027110211,
    "training_time_seconds": 31.402033805847168
  },
  "training_history": {
    "train_loss": [
      0.13254870641976596,
      0.061750890343989194,
      0.046864565460035874,
      0.03819906962514659,
      0.028884235617557638,
      0.030031122186751177,
      0.023282361589525336,
      0.01782479097085965,
      0.01799646914051233,
      0.01752343323915786,
      0.0135247083857968,
      0.014357133614535805,
      0.016363423848873168,
      0.011376878078437201,
      0.012158918590955038,
      0.012453646243107198,
      0.007623952496434963,
      0.00503130032565375,
      0.011343170403635763,
      0.011686653738118032,
      0.010710546285080407,
      0.007016494348743818,
      0.00913685192275759,
      0.0077956980295264084,
      0.011050773066828792,
      0.006387257137533341
    ],
    "val_loss": [
      0.06994492931498422,
      0.0570423079751156,
      0.05440148253545717,
      0.048150552126958415,
      0.06632373725650487,
      0.05666547397220576,
      0.04769040979100046,
      0.05310460121396722,
      0.051914344588467096,
      0.05103045068198332,
      0.06843636497182565,
      0.07873375545911215,
      0.05381011086084914,
      0.061283635091795415,
      0.07801598283910641,
      0.04116366638397772,
      0.05323136915293246,
      0.04625010234784525,
      0.05772543674541844,
      0.048279478707850945,
      0.058477724749935546,
      0.058937626596690045,
      0.055183734517561756,
      0.05918593298308594,
      0.062051923203333796,
      0.07949964027110211
    ],
    "val_accuracy": [
      0.9781481481481481,
      0.9792592592592593,
      0.9825925925925926,
      0.9837037037037037,
      0.9822222222222222,
      0.9822222222222222,
      0.9862962962962963,
      0.9859259259259259,
      0.9851851851851852,
      0.9859259259259259,
      0.9859259259259259,
      0.9774074074074074,
      0.9859259259259259,
      0.9848148148148148,
      0.9818518518518519,
      0.9885185185185185,
      0.9881481481481481,
      0.9881481481481481,
      0.9833333333333333,
      0.9881481481481481,
      0.9844444444444445,
      0.9862962962962963,
      0.9874074074074074,
      0.9851851851851852,
      0.9848148148148148,
      0.9818518518518519
    ]
  },
  "global_metrics": {
    "accuracy": 0.9864,
    "balanced_accuracy": 0.9864,
    "top_3_accuracy": 0.9998,
    "top_5_accuracy": 1.0,
    "log_loss": 0.06040743418964178,
    "mcc": 0.9830069793743303,
    "cohens_kappa": 0.983,
    "precision_macro": 0.986405442469571,
    "precision_micro": 0.9864,
    "precision_weighted": 0.9864054424695708,
    "recall_macro": 0.9864,
    "recall_micro": 0.9864,
    "recall_weighted": 0.9864,
    "f1_macro": 0.9863887255700664,
    "f1_micro": 0.9864,
    "f1_weighted": 0.9863887255700663,
    "auroc_macro": 0.9993276999999999,
    "auroc_weighted": 0.9993277,
    "auprc_macro": 0.9976159803676214
  },
  "per_class_metrics": {
    "0": {
      "precision": 0.9900299102691924,
      "recall": 0.993,
      "f1": 0.9915127309036444,
      "specificity": 0.9975,
      "fpr": 0.0025,
      "fnr": 0.007,
      "auroc": 0.999618,
      "auprc": 0.9991351537325589,
      "support": 1000,
      "tp": 993,
      "tn": 3990,
      "fp": 10,
      "fn": 7
    },
    "1": {
      "precision": 0.979187314172448,
      "recall": 0.988,
      "f1": 0.9835739173718268,
      "specificity": 0.99475,
      "fpr": 0.00525,
      "fnr": 0.012,
      "auroc": 0.9989644999999999,
      "auprc": 0.9963955524279007,
      "support": 1000,
      "tp": 988,
      "tn": 3979,
      "fp": 21,
      "fn": 12
    },
    "2": {
      "precision": 0.983789260385005,
      "recall": 0.971,
      "f1": 0.9773527931555108,
      "specificity": 0.996,
      "fpr": 0.004,
      "fnr": 0.029,
      "auroc": 0.9988615,
      "auprc": 0.9950717073118451,
      "support": 1000,
      "tp": 971,
      "tn": 3984,
      "fp": 16,
      "fn": 29
    },
    "3": {
      "precision": 0.9909729187562688,
      "recall": 0.988,
      "f1": 0.9894842263395093,
      "specificity": 0.99775,
      "fpr": 0.00225,
      "fnr": 0.012,
      "auroc": 0.9995338750000001,
      "auprc": 0.9988321452979471,
      "support": 1000,
      "tp": 988,
      "tn": 3991,
      "fp": 9,
      "fn": 12
    },
    "4": {
      "precision": 0.9880478087649402,
      "recall": 0.992,
      "f1": 0.9900199600798404,
      "specificity": 0.997,
      "fpr": 0.003,
      "fnr": 0.008,
      "auroc": 0.999660625,
      "auprc": 0.998645343067856,
      "support": 1000,
      "tp": 992,
      "tn": 3988,
      "fp": 12,
      "fn": 8
    }
  },
  "confusion_matrix": [
    [
      993,
      2,
      5,
      0,
      0
    ],
    [
      1,
      988,
      11,
      0,
      0
    ],
    [
      9,
      19,
      971,
      1,
      0
    ],
    [
      0,
      0,
      0,
      988,
      12
    ],
    [
      0,
      0,
      0,
      8,
      992
    ]
  ]
}