{
  "experiment": "exp3",
  "condition": {
    "num_classes": 9,
    "class_list": [
      0,
      2,
      3,
      4,
      5,
      6,
      7,
      8,
      9
    ],
    "class_names": [
      "T-shirt/top",
      "Pullover",
      "Dress",
      "Coat",
      "Sandal",
      "Shirt",
      "Sneaker",
      "Bag",
      "Ankle boot"
    ],
    "combo_idx": 4,
    "subset_pct": 30,
    "num_samples": 16200,
    "samples_per_class": 1800,
    "train_samples": 14580,
    "val_samples": 1620,
    "test_samples": 9000
  },
  "seed": 14994796,
  "timestamp": "2026-01-17T21:01:32.033555",
  "training_dynamics": {
    "epochs_trained": 20,
    "best_epoch": 10,
    "best_val_accuracy": 0.9141975308641975,
    "final_train_loss": 0.04981135308084879,
    "final_val_loss": 0.4347801552878486,
    "training_time_seconds": 14.846612691879272
  },
  "training_history": {
    "train_loss": [
      0.6337292024440933,
      0.4082531973458173,
      0.3445058781000083,
      0.3044232572183797,
      0.27048256627300327,
      0.24099821081025558,
      0.21034088636045917,
      0.18148492369800806,
      0.16874511391251235,
      0.1451330706640555,
      0.1277915721987946,
      0.10806433665729537,
      0.09113796322459453,
      0.08516177453362105,
      0.07941548378010721,
      0.062416468388523515,
      0.06415297865475479,
      0.05318391058806395,
      0.05731478823847219,
      0.04981135308084879
    ],
    "val_loss": [
      0.36610217962735964,
      0.3584802462730879,
      0.29943456399587937,
      0.26422677098968883,
      0.2551647480255292,
      0.2585599924311226,
      0.24805822107526992,
      0.26914949755609774,
      0.2872990986447275,
      0.2459915135377719,
      0.254461806938972,
      0.28077631887094473,
      0.27800235512815874,
      0.447684426513719,
      0.3574900898668501,
      0.3956655730435878,
      0.3064480482060232,
      0.3236603476383068,
      0.32557969630500416,
      0.4347801552878486
    ],
    "val_accuracy": [
      0.8592592592592593,
      0.858641975308642,
      0.8907407407407407,
      0.8919753086419753,
      0.9018518518518519,
      0.9037037037037037,
      0.9049382716049382,
      0.8987654320987655,
      0.891358024691358,
      0.908641975308642,
      0.9141975308641975,
      0.9055555555555556,
      0.9055555555555556,
      0.8851851851851852,
      0.8950617283950617,
      0.8944444444444445,
      0.9080246913580247,
      0.9061728395061729,
      0.9104938271604939,
      0.8950617283950617
    ]
  },
  "global_metrics": {
    "accuracy": 0.896,
    "balanced_accuracy": 0.896,
    "top_3_accuracy": 0.9908888888888889,
    "top_5_accuracy": 0.9982222222222222,
    "log_loss": 0.3220005903142068,
    "mcc": 0.8831454611303912,
    "cohens_kappa": 0.883,
    "precision_macro": 0.8944230712858529,
    "precision_micro": 0.896,
    "precision_weighted": 0.8944230712858529,
    "recall_macro": 0.896,
    "recall_micro": 0.896,
    "recall_weighted": 0.896,
    "f1_macro": 0.8946674160184607,
    "f1_micro": 0.896,
    "f1_weighted": 0.8946674160184607,
    "auroc_macro": 0.9912997430555556,
    "auroc_weighted": 0.9912997430555558,
    "auprc_macro": 0.9492420809461642
  },
  "per_class_metrics": {
    "0": {
      "precision": 0.8330188679245283,
      "recall": 0.883,
      "f1": 0.8572815533980583,
      "specificity": 0.977875,
      "fpr": 0.022125,
      "fnr": 0.117,
      "auroc": 0.9877882499999999,
      "auprc": 0.9284444889970661,
      "support": 1000,
      "tp": 883,
      "tn": 7823,
      "fp": 177,
      "fn": 117
    },
    "1": {
      "precision": 0.8581632653061224,
      "recall": 0.841,
      "f1": 0.8494949494949495,
      "specificity": 0.982625,
      "fpr": 0.017375,
      "fnr": 0.159,
      "auroc": 0.988102375,
      "auprc": 0.9321612193489338,
      "support": 1000,
      "tp": 841,
      "tn": 7861,
      "fp": 139,
      "fn": 159
    },
    "2": {
      "precision": 0.8897266729500471,
      "recall": 0.944,
      "f1": 0.9160601649684619,
      "specificity": 0.985375,
      "fpr": 0.014625,
      "fnr": 0.056,
      "auroc": 0.995743625,
      "auprc": 0.971367614789875,
      "support": 1000,
      "tp": 944,
      "tn": 7883,
      "fp": 117,
      "fn": 56
    },
    "3": {
      "precision": 0.8343313373253493,
      "recall": 0.836,
      "f1": 0.8351648351648351,
      "specificity": 0.97925,
      "fpr": 0.02075,
      "fnr": 0.164,
      "auroc": 0.9887119999999999,
      "auprc": 0.9172627670057297,
      "support": 1000,
      "tp": 836,
      "tn": 7834,
      "fp": 166,
      "fn": 164
    },
    "4": {
      "precision": 0.9788732394366197,
      "recall": 0.973,
      "f1": 0.97592778335005,
      "specificity": 0.997375,
      "fpr": 0.002625,
      "fnr": 0.027,
      "auroc": 0.9992183750000001,
      "auprc": 0.9959567771890637,
      "support": 1000,
      "tp": 973,
      "tn": 7979,
      "fp": 21,
      "fn": 27
    },
    "5": {
      "precision": 0.7657142857142857,
      "recall": 0.67,
      "f1": 0.7146666666666666,
      "specificity": 0.974375,
      "fpr": 0.025625,
      "fnr": 0.33,
      "auroc": 0.964860625,
      "auprc": 0.8159923696312149,
      "support": 1000,
      "tp": 670,
      "tn": 7795,
      "fp": 205,
      "fn": 330
    },
    "6": {
      "precision": 0.958291956305859,
      "recall": 0.965,
      "f1": 0.9616342800199302,
      "specificity": 0.99475,
      "fpr": 0.00525,
      "fnr": 0.035,
      "auroc": 0.999005875,
      "auprc": 0.9926107792633734,
      "support": 1000,
      "tp": 965,
      "tn": 7958,
      "fp": 42,
      "fn": 35
    },
    "7": {
      "precision": 0.968503937007874,
      "recall": 0.984,
      "f1": 0.976190476190476,
      "specificity": 0.996,
      "fpr": 0.004,
      "fnr": 0.016,
      "auroc": 0.9992360625000001,
      "auprc": 0.996063740305508,
      "support": 1000,
      "tp": 984,
      "tn": 7968,
      "fp": 32,
      "fn": 16
    },
    "8": {
      "precision": 0.96318407960199,
      "recall": 0.968,
      "f1": 0.9655860349127182,
      "specificity": 0.995375,
      "fpr": 0.004625,
      "fnr": 0.032,
      "auroc": 0.9990305,
      "auprc": 0.9933189719847132,
      "support": 1000,
      "tp": 968,
      "tn": 7963,
      "fp": 37,
      "fn": 32
    }
  },
  "confusion_matrix": [
    [
      883,
      10,
      19,
      5,
      5,
      70,
      0,
      8,
      0
    ],
    [
      29,
      841,
      9,
      51,
      0,
      66,
      0,
      4,
      0
    ],
    [
      16,
      8,
      944,
      12,
      0,
      20,
      0,
      0,
      0
    ],
    [
      1,
      66,
      49,
      836,
      0,
      46,
      0,
      2,
      0
    ],
    [
      0,
      0,
      0,
      0,
      973,
      0,
      15,
      2,
      10
    ],
    [
      129,
      54,
      36,
      96,
      1,
      670,
      0,
      14,
      0
    ],
    [
      0,
      0,
      0,
      0,
      8,
      0,
      965,
      1,
      26
    ],
    [
      2,
      1,
      4,
      2,
      3,
      3,
      0,
      984,
      1
    ],
    [
      0,
      0,
      0,
      0,
      4,
      0,
      27,
      1,
      968
    ]
  ]
}