{
  "experiment": "exp3",
  "condition": {
    "num_classes": 9,
    "class_list": [
      0,
      1,
      3,
      4,
      5,
      6,
      7,
      8,
      9
    ],
    "class_names": [
      "T-shirt/top",
      "Trouser",
      "Dress",
      "Coat",
      "Sandal",
      "Shirt",
      "Sneaker",
      "Bag",
      "Ankle boot"
    ],
    "combo_idx": 3,
    "subset_pct": 60,
    "num_samples": 32400,
    "samples_per_class": 3600,
    "train_samples": 29160,
    "val_samples": 3240,
    "test_samples": 9000
  },
  "seed": 14994796,
  "timestamp": "2026-01-17T20:58:17.012333",
  "training_dynamics": {
    "epochs_trained": 21,
    "best_epoch": 11,
    "best_val_accuracy": 0.933641975308642,
    "final_train_loss": 0.03702817058339797,
    "final_val_loss": 0.3325508342296989,
    "training_time_seconds": 33.28753924369812
  },
  "training_history": {
    "train_loss": [
      0.4079755959509496,
      0.26416178895650727,
      0.2184026987994449,
      0.1888969832083635,
      0.16643012957157274,
      0.1449833364438331,
      0.12825585706894727,
      0.11960517923682601,
      0.10116641519983348,
      0.09336845601986472,
      0.08658515554321766,
      0.07485527908552046,
      0.06540885219746678,
      0.06210967570720976,
      0.05634296026076762,
      0.05456429042648157,
      0.04817655670666953,
      0.04667055674546741,
      0.04006642077371923,
      0.041591279857752135,
      0.03702817058339797
    ],
    "val_loss": [
      0.2622361153732111,
      0.2624810935538492,
      0.23233278533558788,
      0.20106854126041318,
      0.21224754886862673,
      0.22696041067441305,
      0.188953865935773,
      0.19098368375389665,
      0.2383018238676919,
      0.20018833897731922,
      0.186400032190629,
      0.22667041310557612,
      0.23044345044059517,
      0.23270744445883199,
      0.23682719866434734,
      0.2548401655974212,
      0.24666007889641656,
      0.2632978736618419,
      0.2605620863996906,
      0.32557132472226646,
      0.3325508342296989
    ],
    "val_accuracy": [
      0.9012345679012346,
      0.8996913580246914,
      0.9101851851851852,
      0.9225308641975308,
      0.9194444444444444,
      0.9203703703703704,
      0.9330246913580247,
      0.9299382716049382,
      0.9243827160493827,
      0.933641975308642,
      0.9302469135802469,
      0.925,
      0.9308641975308642,
      0.9262345679012346,
      0.9296296296296296,
      0.9277777777777778,
      0.9333333333333333,
      0.9268518518518518,
      0.9277777777777778,
      0.9222222222222223,
      0.9191358024691358
    ]
  },
  "global_metrics": {
    "accuracy": 0.9275555555555556,
    "balanced_accuracy": 0.9275555555555557,
    "top_3_accuracy": 0.9955555555555555,
    "top_5_accuracy": 0.9991111111111111,
    "log_loss": 0.21280525528246672,
    "mcc": 0.9186666127471195,
    "cohens_kappa": 0.9185,
    "precision_macro": 0.9273114680783363,
    "precision_micro": 0.9275555555555556,
    "precision_weighted": 0.9273114680783361,
    "recall_macro": 0.9275555555555557,
    "recall_micro": 0.9275555555555556,
    "recall_weighted": 0.9275555555555556,
    "f1_macro": 0.9268026217609024,
    "f1_micro": 0.9275555555555556,
    "f1_weighted": 0.9268026217609023,
    "auroc_macro": 0.9956558333333333,
    "auroc_weighted": 0.9956558333333333,
    "auprc_macro": 0.9718060716730493
  },
  "per_class_metrics": {
    "0": {
      "precision": 0.8359592215013901,
      "recall": 0.902,
      "f1": 0.8677248677248677,
      "specificity": 0.977875,
      "fpr": 0.022125,
      "fnr": 0.098,
      "auroc": 0.991343125,
      "auprc": 0.945346175427515,
      "support": 1000,
      "tp": 902,
      "tn": 7823,
      "fp": 177,
      "fn": 98
    },
    "1": {
      "precision": 0.9918781725888325,
      "recall": 0.977,
      "f1": 0.9843828715365239,
      "specificity": 0.999,
      "fpr": 0.001,
      "fnr": 0.023,
      "auroc": 0.999555375,
      "auprc": 0.9981154112254598,
      "support": 1000,
      "tp": 977,
      "tn": 7992,
      "fp": 8,
      "fn": 23
    },
    "2": {
      "precision": 0.9192422731804586,
      "recall": 0.922,
      "f1": 0.9206190713929107,
      "specificity": 0.989875,
      "fpr": 0.010125,
      "fnr": 0.078,
      "auroc": 0.9965068125,
      "auprc": 0.9728399572336939,
      "support": 1000,
      "tp": 922,
      "tn": 7919,
      "fp": 81,
      "fn": 78
    },
    "3": {
      "precision": 0.8759541984732825,
      "recall": 0.918,
      "f1": 0.896484375,
      "specificity": 0.98375,
      "fpr": 0.01625,
      "fnr": 0.082,
      "auroc": 0.9953535,
      "auprc": 0.9669742700422049,
      "support": 1000,
      "tp": 918,
      "tn": 7870,
      "fp": 130,
      "fn": 82
    },
    "4": {
      "precision": 0.983,
      "recall": 0.983,
      "f1": 0.983,
      "specificity": 0.997875,
      "fpr": 0.002125,
      "fnr": 0.017,
      "auroc": 0.9996433125,
      "auprc": 0.9978034889974383,
      "support": 1000,
      "tp": 983,
      "tn": 7983,
      "fp": 17,
      "fn": 17
    },
    "5": {
      "precision": 0.8342922899884925,
      "recall": 0.725,
      "f1": 0.7758159443552701,
      "specificity": 0.982,
      "fpr": 0.018,
      "fnr": 0.275,
      "auroc": 0.9811218750000001,
      "auprc": 0.8806983092159953,
      "support": 1000,
      "tp": 725,
      "tn": 7856,
      "fp": 144,
      "fn": 275
    },
    "6": {
      "precision": 0.9602780536246276,
      "recall": 0.967,
      "f1": 0.9636273044344793,
      "specificity": 0.995,
      "fpr": 0.005,
      "fnr": 0.033,
      "auroc": 0.998931,
      "auprc": 0.9928679800256138,
      "support": 1000,
      "tp": 967,
      "tn": 7960,
      "fp": 40,
      "fn": 33
    },
    "7": {
      "precision": 0.9762611275964391,
      "recall": 0.987,
      "f1": 0.9816011934361014,
      "specificity": 0.997,
      "fpr": 0.003,
      "fnr": 0.013,
      "auroc": 0.9992725,
      "auprc": 0.9971597797924404,
      "support": 1000,
      "tp": 987,
      "tn": 7976,
      "fp": 24,
      "fn": 13
    },
    "8": {
      "precision": 0.968937875751503,
      "recall": 0.967,
      "f1": 0.967967967967968,
      "specificity": 0.996125,
      "fpr": 0.003875,
      "fnr": 0.033,
      "auroc": 0.999175,
      "auprc": 0.9944492730970836,
      "support": 1000,
      "tp": 967,
      "tn": 7969,
      "fp": 31,
      "fn": 33
    }
  },
  "confusion_matrix": [
    [
      902,
      1,
      12,
      7,
      2,
      68,
      0,
      8,
      0
    ],
    [
      5,
      977,
      12,
      2,
      0,
      3,
      0,
      1,
      0
    ],
    [
      23,
      3,
      922,
      25,
      0,
      26,
      0,
      1,
      0
    ],
    [
      0,
      1,
      32,
      918,
      0,
      45,
      0,
      4,
      0
    ],
    [
      0,
      0,
      0,
      0,
      983,
      0,
      11,
      1,
      5
    ],
    [
      146,
      1,
      24,
      95,
      0,
      725,
      0,
      9,
      0
    ],
    [
      0,
      0,
      0,
      0,
      8,
      0,
      967,
      0,
      25
    ],
    [
      3,
      2,
      1,
      1,
      1,
      2,
      2,
      987,
      1
    ],
    [
      0,
      0,
      0,
      0,
      6,
      0,
      27,
      0,
      967
    ]
  ]
}