{
  "experiment": "exp3",
  "condition": {
    "num_classes": 7,
    "class_list": [
      0,
      1,
      2,
      3,
      4,
      6,
      8
    ],
    "class_names": [
      "T-shirt/top",
      "Trouser",
      "Pullover",
      "Dress",
      "Coat",
      "Shirt",
      "Bag"
    ],
    "combo_idx": 0,
    "subset_pct": 20,
    "num_samples": 8400,
    "samples_per_class": 1200,
    "train_samples": 7560,
    "val_samples": 840,
    "test_samples": 7000
  },
  "seed": 14994796,
  "timestamp": "2026-01-17T20:14:32.496257",
  "training_dynamics": {
    "epochs_trained": 21,
    "best_epoch": 11,
    "best_val_accuracy": 0.8857142857142857,
    "final_train_loss": 0.03608028617092729,
    "final_val_loss": 0.6212187399245089,
    "training_time_seconds": 9.462985754013062
  },
  "training_history": {
    "train_loss": [
      0.7743342969597888,
      0.49514456206009166,
      0.4192106849005242,
      0.34801603891268496,
      0.31496925852378876,
      0.27368083584490194,
      0.2293689741181726,
      0.20404206338424644,
      0.177027649629642,
      0.15510784523921603,
      0.12182165641619377,
      0.13547070543555653,
      0.11404666745988261,
      0.07722037842012003,
      0.07269728341053765,
      0.07935263282627243,
      0.05814215502928661,
      0.06545527512403283,
      0.041110913665425186,
      0.03835681684337461,
      0.03608028617092729
    ],
    "val_loss": [
      0.544428294471332,
      0.5006876500589507,
      0.4935029659952436,
      0.4327045573365121,
      0.39450576323128883,
      0.43703738074483617,
      0.466590154578998,
      0.38283305942480056,
      0.47539224622859844,
      0.427246512372845,
      0.3678197192737744,
      0.4137059266368548,
      0.4789032871347098,
      0.5086249276818264,
      0.6435136628491039,
      0.5074679065584426,
      0.5346953823779975,
      0.51370568110918,
      0.5403429255299713,
      0.5156701309736708,
      0.6212187399245089
    ],
    "val_accuracy": [
      0.8107142857142857,
      0.8107142857142857,
      0.8166666666666667,
      0.8297619047619048,
      0.8583333333333333,
      0.8452380952380952,
      0.8416666666666667,
      0.8809523809523809,
      0.8547619047619047,
      0.8607142857142858,
      0.8738095238095238,
      0.8857142857142857,
      0.8571428571428571,
      0.8642857142857143,
      0.8488095238095238,
      0.8678571428571429,
      0.8821428571428571,
      0.8690476190476191,
      0.8642857142857143,
      0.8845238095238095,
      0.8690476190476191
    ]
  },
  "global_metrics": {
    "accuracy": 0.8704285714285714,
    "balanced_accuracy": 0.8704285714285714,
    "top_3_accuracy": 0.9855714285714285,
    "top_5_accuracy": 0.9964285714285714,
    "log_loss": 0.39926539410647766,
    "mcc": 0.8490843355033744,
    "cohens_kappa": 0.8488333333333333,
    "precision_macro": 0.8689008827932401,
    "precision_micro": 0.8704285714285714,
    "precision_weighted": 0.8689008827932398,
    "recall_macro": 0.8704285714285714,
    "recall_micro": 0.8704285714285714,
    "recall_weighted": 0.8704285714285714,
    "f1_macro": 0.8689468779237399,
    "f1_micro": 0.8704285714285714,
    "f1_weighted": 0.8689468779237399,
    "auroc_macro": 0.9839604285714285,
    "auroc_weighted": 0.9839604285714285,
    "auprc_macro": 0.9302707083633491
  },
  "per_class_metrics": {
    "0": {
      "precision": 0.8095238095238095,
      "recall": 0.867,
      "f1": 0.8372766779333655,
      "specificity": 0.966,
      "fpr": 0.034,
      "fnr": 0.133,
      "auroc": 0.9824160833333333,
      "auprc": 0.9188477062660758,
      "support": 1000,
      "tp": 867,
      "tn": 5796,
      "fp": 204,
      "fn": 133
    },
    "1": {
      "precision": 0.9828973843058351,
      "recall": 0.977,
      "f1": 0.9799398194583752,
      "specificity": 0.9971666666666666,
      "fpr": 0.0028333333333333335,
      "fnr": 0.023,
      "auroc": 0.9991918333333333,
      "auprc": 0.9969971994954046,
      "support": 1000,
      "tp": 977,
      "tn": 5983,
      "fp": 17,
      "fn": 23
    },
    "2": {
      "precision": 0.8473736372646185,
      "recall": 0.855,
      "f1": 0.8511697361871577,
      "specificity": 0.9743333333333334,
      "fpr": 0.025666666666666667,
      "fnr": 0.145,
      "auroc": 0.9813584166666668,
      "auprc": 0.9225339924752852,
      "support": 1000,
      "tp": 855,
      "tn": 5846,
      "fp": 154,
      "fn": 145
    },
    "3": {
      "precision": 0.8681010289990645,
      "recall": 0.928,
      "f1": 0.8970517158047366,
      "specificity": 0.9765,
      "fpr": 0.0235,
      "fnr": 0.072,
      "auroc": 0.9924769166666666,
      "auprc": 0.9623123405178351,
      "support": 1000,
      "tp": 928,
      "tn": 5859,
      "fp": 141,
      "fn": 72
    },
    "4": {
      "precision": 0.8586497890295358,
      "recall": 0.814,
      "f1": 0.8357289527720738,
      "specificity": 0.9776666666666667,
      "fpr": 0.022333333333333334,
      "fnr": 0.186,
      "auroc": 0.9835856666666666,
      "auprc": 0.9180579596460742,
      "support": 1000,
      "tp": 814,
      "tn": 5866,
      "fp": 134,
      "fn": 186
    },
    "5": {
      "precision": 0.745230078563412,
      "recall": 0.664,
      "f1": 0.7022739291380222,
      "specificity": 0.9621666666666666,
      "fpr": 0.03783333333333333,
      "fnr": 0.336,
      "auroc": 0.949812,
      "auprc": 0.797434605067379,
      "support": 1000,
      "tp": 664,
      "tn": 5773,
      "fp": 227,
      "fn": 336
    },
    "6": {
      "precision": 0.9705304518664047,
      "recall": 0.988,
      "f1": 0.979187314172448,
      "specificity": 0.995,
      "fpr": 0.005,
      "fnr": 0.012,
      "auroc": 0.9988820833333334,
      "auprc": 0.9957111550753903,
      "support": 1000,
      "tp": 988,
      "tn": 5970,
      "fp": 30,
      "fn": 12
    }
  },
  "confusion_matrix": [
    [
      867,
      1,
      20,
      31,
      3,
      66,
      12
    ],
    [
      3,
      977,
      1,
      15,
      1,
      1,
      2
    ],
    [
      22,
      1,
      855,
      9,
      55,
      56,
      2
    ],
    [
      16,
      9,
      7,
      928,
      18,
      22,
      0
    ],
    [
      2,
      1,
      57,
      43,
      814,
      82,
      1
    ],
    [
      159,
      2,
      67,
      40,
      55,
      664,
      13
    ],
    [
      2,
      3,
      2,
      3,
      2,
      0,
      988
    ]
  ]
}