{
  "experiment": "exp3",
  "condition": {
    "num_classes": 5,
    "class_list": [
      0,
      1,
      3,
      5,
      7
    ],
    "class_names": [
      "T-shirt/top",
      "Trouser",
      "Dress",
      "Sandal",
      "Sneaker"
    ],
    "combo_idx": 2,
    "subset_pct": 80,
    "num_samples": 24000,
    "samples_per_class": 4800,
    "train_samples": 21600,
    "val_samples": 2400,
    "test_samples": 5000
  },
  "seed": 14994796,
  "timestamp": "2026-01-17T19:56:54.272080",
  "training_dynamics": {
    "epochs_trained": 16,
    "best_epoch": 6,
    "best_val_accuracy": 0.9870833333333333,
    "final_train_loss": 0.015497222637441693,
    "final_val_loss": 0.07417136816463123,
    "training_time_seconds": 18.090129375457764
  },
  "training_history": {
    "train_loss": [
      0.17068390620420493,
      0.08703754038257888,
      0.06595909906091091,
      0.053120072612286816,
      0.04251340187182953,
      0.03216986545274095,
      0.03269865684107583,
      0.024187359666815525,
      0.018783530610794002,
      0.021716063007724076,
      0.01716551841694735,
      0.01342746682891129,
      0.018174873872253854,
      0.012404222139421701,
      0.016682069725012034,
      0.015497222637441693
    ],
    "val_loss": [
      0.11166600818435352,
      0.0644476334253947,
      0.062276310368130604,
      0.060774605901290975,
      0.0908070624868075,
      0.048373300805687906,
      0.05396186158371468,
      0.0517291163901488,
      0.06030315046586717,
      0.05203376245529701,
      0.06970142022279711,
      0.05971982623120615,
      0.0654513048872468,
      0.06646107213857855,
      0.0588596502460617,
      0.07417136816463123
    ],
    "val_accuracy": [
      0.96,
      0.9758333333333333,
      0.9783333333333334,
      0.9783333333333334,
      0.9708333333333333,
      0.98375,
      0.9841666666666666,
      0.985,
      0.9829166666666667,
      0.9829166666666667,
      0.9816666666666667,
      0.9829166666666667,
      0.9820833333333333,
      0.9833333333333333,
      0.9870833333333333,
      0.9795833333333334
    ]
  },
  "global_metrics": {
    "accuracy": 0.9824,
    "balanced_accuracy": 0.9823999999999999,
    "top_3_accuracy": 1.0,
    "top_5_accuracy": 1.0,
    "log_loss": 0.05880310445961378,
    "mcc": 0.9780115406042691,
    "cohens_kappa": 0.978,
    "precision_macro": 0.9824416162299643,
    "precision_micro": 0.9824,
    "precision_weighted": 0.9824416162299644,
    "recall_macro": 0.9823999999999999,
    "recall_micro": 0.9824,
    "recall_weighted": 0.9824,
    "f1_macro": 0.9823978700608332,
    "f1_micro": 0.9824,
    "f1_weighted": 0.9823978700608331,
    "auroc_macro": 0.999221175,
    "auroc_weighted": 0.9992211750000001,
    "auprc_macro": 0.9971298932597762
  },
  "per_class_metrics": {
    "0": {
      "precision": 0.9766260162601627,
      "recall": 0.961,
      "f1": 0.96875,
      "specificity": 0.99425,
      "fpr": 0.00575,
      "fnr": 0.039,
      "auroc": 0.9984247500000001,
      "auprc": 0.9951282056429911,
      "support": 1000,
      "tp": 961,
      "tn": 3977,
      "fp": 23,
      "fn": 39
    },
    "1": {
      "precision": 0.993,
      "recall": 0.993,
      "f1": 0.993,
      "specificity": 0.99825,
      "fpr": 0.00175,
      "fnr": 0.007,
      "auroc": 0.9997097500000001,
      "auprc": 0.9991961062044644,
      "support": 1000,
      "tp": 993,
      "tn": 3993,
      "fp": 7,
      "fn": 7
    },
    "2": {
      "precision": 0.960552268244576,
      "recall": 0.974,
      "f1": 0.9672293942403178,
      "specificity": 0.99,
      "fpr": 0.01,
      "fnr": 0.026,
      "auroc": 0.998486,
      "auprc": 0.9932149842877659,
      "support": 1000,
      "tp": 974,
      "tn": 3960,
      "fp": 40,
      "fn": 26
    },
    "3": {
      "precision": 0.9890438247011952,
      "recall": 0.993,
      "f1": 0.9910179640718562,
      "specificity": 0.99725,
      "fpr": 0.00275,
      "fnr": 0.007,
      "auroc": 0.999741625,
      "auprc": 0.9990109147975742,
      "support": 1000,
      "tp": 993,
      "tn": 3989,
      "fp": 11,
      "fn": 7
    },
    "4": {
      "precision": 0.9929859719438878,
      "recall": 0.991,
      "f1": 0.9919919919919921,
      "specificity": 0.99825,
      "fpr": 0.00175,
      "fnr": 0.009,
      "auroc": 0.9997437499999999,
      "auprc": 0.999099255366085,
      "support": 1000,
      "tp": 991,
      "tn": 3993,
      "fp": 7,
      "fn": 9
    }
  },
  "confusion_matrix": [
    [
      961,
      3,
      34,
      2,
      0
    ],
    [
      1,
      993,
      6,
      0,
      0
    ],
    [
      22,
      4,
      974,
      0,
      0
    ],
    [
      0,
      0,
      0,
      993,
      7
    ],
    [
      0,
      0,
      0,
      9,
      991
    ]
  ]
}