{
  "experiment": "exp3",
  "condition": {
    "num_classes": 8,
    "class_list": [
      0,
      1,
      3,
      4,
      5,
      6,
      7,
      8
    ],
    "class_names": [
      "T-shirt/top",
      "Trouser",
      "Dress",
      "Coat",
      "Sandal",
      "Shirt",
      "Sneaker",
      "Bag"
    ],
    "combo_idx": 1,
    "subset_pct": 100,
    "num_samples": 48000,
    "samples_per_class": 6000,
    "train_samples": 43200,
    "val_samples": 4800,
    "test_samples": 8000
  },
  "seed": 14994796,
  "timestamp": "2026-01-17T20:35:50.435789",
  "training_dynamics": {
    "epochs_trained": 16,
    "best_epoch": 6,
    "best_val_accuracy": 0.935,
    "final_train_loss": 0.05397955868738117,
    "final_val_loss": 0.25018188561002414,
    "training_time_seconds": 37.652841567993164
  },
  "training_history": {
    "train_loss": [
      0.36945982584246884,
      0.23555905004894293,
      0.19480188853762767,
      0.17204158715627813,
      0.1532811842141328,
      0.13529031546027573,
      0.12361413022296296,
      0.10997574640093026,
      0.10045451192806164,
      0.0905224786395276,
      0.08046813271042925,
      0.07690233093237987,
      0.06870050688170724,
      0.06378394676130955,
      0.058482679776260975,
      0.05397955868738117
    ],
    "val_loss": [
      0.24558427900075913,
      0.21423948764801026,
      0.20383551319440205,
      0.18631522223353386,
      0.1824289390941461,
      0.17400489429632823,
      0.18611297135551771,
      0.19406488180160522,
      0.20094928567608197,
      0.19773807163039844,
      0.2173773670941591,
      0.19972192923227947,
      0.2151778673628966,
      0.2652428776025772,
      0.23865971783796947,
      0.25018188561002414
    ],
    "val_accuracy": [
      0.9025,
      0.915625,
      0.9239583333333333,
      0.929375,
      0.9283333333333333,
      0.935,
      0.9308333333333333,
      0.9347916666666667,
      0.9320833333333334,
      0.93375,
      0.9327083333333334,
      0.9325,
      0.9314583333333334,
      0.9216666666666666,
      0.9266666666666666,
      0.9291666666666667
    ]
  },
  "global_metrics": {
    "accuracy": 0.93125,
    "balanced_accuracy": 0.93125,
    "top_3_accuracy": 0.995375,
    "top_5_accuracy": 0.9995,
    "log_loss": 0.18314521629669248,
    "mcc": 0.9214795339470406,
    "cohens_kappa": 0.9214285714285715,
    "precision_macro": 0.9309412151793316,
    "precision_micro": 0.93125,
    "precision_weighted": 0.9309412151793315,
    "recall_macro": 0.93125,
    "recall_micro": 0.93125,
    "recall_weighted": 0.93125,
    "f1_macro": 0.9309231651639376,
    "f1_micro": 0.93125,
    "f1_weighted": 0.9309231651639376,
    "auroc_macro": 0.9956605000000001,
    "auroc_weighted": 0.9956605,
    "auprc_macro": 0.9748200347530466
  },
  "per_class_metrics": {
    "0": {
      "precision": 0.8695652173913043,
      "recall": 0.88,
      "f1": 0.874751491053678,
      "specificity": 0.9811428571428571,
      "fpr": 0.018857142857142857,
      "fnr": 0.12,
      "auroc": 0.992381,
      "auprc": 0.9536561297868784,
      "support": 1000,
      "tp": 880,
      "tn": 6868,
      "fp": 132,
      "fn": 120
    },
    "1": {
      "precision": 1.0,
      "recall": 0.974,
      "f1": 0.9868287740628165,
      "specificity": 1.0,
      "fpr": 0.0,
      "fnr": 0.026,
      "auroc": 0.9996781428571428,
      "auprc": 0.9988451416868184,
      "support": 1000,
      "tp": 974,
      "tn": 7000,
      "fp": 0,
      "fn": 26
    },
    "2": {
      "precision": 0.9223968565815324,
      "recall": 0.939,
      "f1": 0.9306243805748264,
      "specificity": 0.9887142857142858,
      "fpr": 0.011285714285714286,
      "fnr": 0.061,
      "auroc": 0.9965617142857143,
      "auprc": 0.9763943340187476,
      "support": 1000,
      "tp": 939,
      "tn": 6921,
      "fp": 79,
      "fn": 61
    },
    "3": {
      "precision": 0.8917874396135266,
      "recall": 0.923,
      "f1": 0.9071253071253071,
      "specificity": 0.984,
      "fpr": 0.016,
      "fnr": 0.077,
      "auroc": 0.9959684285714284,
      "auprc": 0.9746873939993942,
      "support": 1000,
      "tp": 923,
      "tn": 6888,
      "fp": 112,
      "fn": 77
    },
    "4": {
      "precision": 0.9928716904276986,
      "recall": 0.975,
      "f1": 0.9838546922300706,
      "specificity": 0.999,
      "fpr": 0.001,
      "fnr": 0.025,
      "auroc": 0.9997214285714285,
      "auprc": 0.9986471520399295,
      "support": 1000,
      "tp": 975,
      "tn": 6993,
      "fp": 7,
      "fn": 25
    },
    "5": {
      "precision": 0.8171247357293869,
      "recall": 0.773,
      "f1": 0.7944501541623844,
      "specificity": 0.9752857142857143,
      "fpr": 0.024714285714285713,
      "fnr": 0.227,
      "auroc": 0.9815064285714287,
      "auprc": 0.8990290936341904,
      "support": 1000,
      "tp": 773,
      "tn": 6827,
      "fp": 173,
      "fn": 227
    },
    "6": {
      "precision": 0.9745347698334965,
      "recall": 0.995,
      "f1": 0.9846610588817418,
      "specificity": 0.9962857142857143,
      "fpr": 0.0037142857142857142,
      "fnr": 0.005,
      "auroc": 0.9998774285714286,
      "auprc": 0.9990970668224345,
      "support": 1000,
      "tp": 995,
      "tn": 6974,
      "fp": 26,
      "fn": 5
    },
    "7": {
      "precision": 0.9792490118577075,
      "recall": 0.991,
      "f1": 0.9850894632206759,
      "specificity": 0.997,
      "fpr": 0.003,
      "fnr": 0.009,
      "auroc": 0.9995894285714285,
      "auprc": 0.9982039660359796,
      "support": 1000,
      "tp": 991,
      "tn": 6979,
      "fp": 21,
      "fn": 9
    }
  },
  "confusion_matrix": [
    [
      880,
      0,
      13,
      2,
      1,
      97,
      0,
      7
    ],
    [
      1,
      974,
      19,
      3,
      0,
      1,
      0,
      2
    ],
    [
      14,
      0,
      939,
      22,
      0,
      23,
      0,
      2
    ],
    [
      0,
      0,
      26,
      923,
      0,
      50,
      0,
      1
    ],
    [
      0,
      0,
      0,
      0,
      975,
      0,
      25,
      0
    ],
    [
      115,
      0,
      19,
      84,
      0,
      773,
      0,
      9
    ],
    [
      0,
      0,
      0,
      0,
      5,
      0,
      995,
      0
    ],
    [
      2,
      0,
      2,
      1,
      1,
      2,
      1,
      991
    ]
  ]
}