{
  "experiment": "exp3",
  "condition": {
    "num_classes": 4,
    "class_list": [
      1,
      4,
      5,
      8
    ],
    "class_names": [
      "Trouser",
      "Coat",
      "Sandal",
      "Bag"
    ],
    "combo_idx": 1,
    "subset_pct": 100,
    "num_samples": 24000,
    "samples_per_class": 6000,
    "train_samples": 21600,
    "val_samples": 2400,
    "test_samples": 4000
  },
  "seed": 14994796,
  "timestamp": "2026-01-17T19:45:06.208362",
  "training_dynamics": {
    "epochs_trained": 16,
    "best_epoch": 6,
    "best_val_accuracy": 0.9954166666666666,
    "final_train_loss": 0.0033872638230748892,
    "final_val_loss": 0.02065855470086414,
    "training_time_seconds": 16.611144542694092
  },
  "training_history": {
    "train_loss": [
      0.06764583632118515,
      0.0271984351718469,
      0.01827105443790168,
      0.014161513340604332,
      0.010901826294528657,
      0.009051055161501625,
      0.009195698290977546,
      0.004467846403778591,
      0.0066660602450844325,
      0.006284731464214519,
      0.00413001488717871,
      0.009089950208070382,
      0.004735393546705586,
      0.0022126976051864275,
      0.001755428784643168,
      0.0033872638230748892
    ],
    "val_loss": [
      0.04370411097382506,
      0.02998176998012544,
      0.025508602302676688,
      0.023944843264180237,
      0.02676569580837774,
      0.012076728987267416,
      0.012574462645958798,
      0.01721332286848868,
      0.028315024030501568,
      0.017591435658572057,
      0.024525954063904766,
      0.017755919536672687,
      0.025397852841063773,
      0.023680889267796677,
      0.01888057290570335,
      0.02065855470086414
    ],
    "val_accuracy": [
      0.9858333333333333,
      0.99,
      0.9933333333333333,
      0.9933333333333333,
      0.9929166666666667,
      0.9954166666666666,
      0.9945833333333334,
      0.9941666666666666,
      0.9895833333333334,
      0.99375,
      0.995,
      0.9929166666666667,
      0.99375,
      0.9954166666666666,
      0.9941666666666666,
      0.995
    ]
  },
  "global_metrics": {
    "accuracy": 0.99275,
    "balanced_accuracy": 0.99275,
    "top_3_accuracy": 0.99975,
    "top_5_accuracy": 1.0,
    "log_loss": 0.021659987182131586,
    "mcc": 0.9903352314776794,
    "cohens_kappa": 0.9903333333333333,
    "precision_macro": 0.9927569276002493,
    "precision_micro": 0.99275,
    "precision_weighted": 0.9927569276002494,
    "recall_macro": 0.99275,
    "recall_micro": 0.99275,
    "recall_weighted": 0.99275,
    "f1_macro": 0.9927506051860617,
    "f1_micro": 0.99275,
    "f1_weighted": 0.9927506051860617,
    "auroc_macro": 0.9999152500000001,
    "auroc_weighted": 0.9999152500000001,
    "auprc_macro": 0.999755315245471
  },
  "per_class_metrics": {
    "0": {
      "precision": 0.9969849246231156,
      "recall": 0.992,
      "f1": 0.9944862155388471,
      "specificity": 0.999,
      "fpr": 0.001,
      "fnr": 0.008,
      "auroc": 0.9999166666666667,
      "auprc": 0.9997760569156874,
      "support": 1000,
      "tp": 992,
      "tn": 2997,
      "fp": 3,
      "fn": 8
    },
    "1": {
      "precision": 0.9880478087649402,
      "recall": 0.992,
      "f1": 0.9900199600798404,
      "specificity": 0.996,
      "fpr": 0.004,
      "fnr": 0.008,
      "auroc": 0.9999033333333334,
      "auprc": 0.9997097192218257,
      "support": 1000,
      "tp": 992,
      "tn": 2988,
      "fp": 12,
      "fn": 8
    },
    "2": {
      "precision": 0.9970059880239521,
      "recall": 0.999,
      "f1": 0.998001998001998,
      "specificity": 0.999,
      "fpr": 0.001,
      "fnr": 0.001,
      "auroc": 0.999998,
      "auprc": 0.9999940059680718,
      "support": 1000,
      "tp": 999,
      "tn": 2997,
      "fp": 3,
      "fn": 1
    },
    "3": {
      "precision": 0.988988988988989,
      "recall": 0.988,
      "f1": 0.9884942471235618,
      "specificity": 0.9963333333333333,
      "fpr": 0.0036666666666666666,
      "fnr": 0.012,
      "auroc": 0.9998430000000001,
      "auprc": 0.9995414788762993,
      "support": 1000,
      "tp": 988,
      "tn": 2989,
      "fp": 11,
      "fn": 12
    }
  },
  "confusion_matrix": [
    [
      992,
      4,
      0,
      4
    ],
    [
      2,
      992,
      0,
      6
    ],
    [
      0,
      0,
      999,
      1
    ],
    [
      1,
      8,
      3,
      988
    ]
  ]
}