{
  "experiment": "exp3",
  "condition": {
    "num_classes": 4,
    "class_list": [
      1,
      4,
      5,
      9
    ],
    "class_names": [
      "Trouser",
      "Coat",
      "Sandal",
      "Ankle boot"
    ],
    "combo_idx": 2,
    "subset_pct": 80,
    "num_samples": 19200,
    "samples_per_class": 4800,
    "train_samples": 17280,
    "val_samples": 1920,
    "test_samples": 4000
  },
  "seed": 14994796,
  "timestamp": "2026-01-17T19:46:32.655380",
  "training_dynamics": {
    "epochs_trained": 22,
    "best_epoch": 12,
    "best_val_accuracy": 0.9958333333333333,
    "final_train_loss": 0.0021719179410397333,
    "final_val_loss": 0.026031001530499982,
    "training_time_seconds": 18.8199360370636
  },
  "training_history": {
    "train_loss": [
      0.06682268231546644,
      0.024729729150809968,
      0.017805904630949953,
      0.013982911241220319,
      0.008702069284724227,
      0.009598433308710136,
      0.00736072718789863,
      0.005360130009913283,
      0.00318786146071059,
      0.005795668157323537,
      0.00724281393896928,
      0.003447126818957292,
      0.004930984678016843,
      0.0037184861784188192,
      0.0038061319865021316,
      0.0078095184302768485,
      0.001443711631631467,
      0.006187387398623051,
      0.0031383930257671065,
      0.0019629337851739593,
      0.008346123535672498,
      0.0021719179410397333
    ],
    "val_loss": [
      0.021245766958842675,
      0.020886023934872357,
      0.017806600437810023,
      0.014812291352670096,
      0.01504387693245614,
      0.01876026184994165,
      0.022781992118810497,
      0.016368838466587477,
      0.021701329723994908,
      0.02475385976455679,
      0.01660310006279057,
      0.012311925087487907,
      0.020257957770608452,
      0.015476285189591484,
      0.01749415586057997,
      0.03239960488984555,
      0.015494705229881826,
      0.02887024615373169,
      0.023294774989331777,
      0.01934208220087991,
      0.01279658573409203,
      0.026031001530499982
    ],
    "val_accuracy": [
      0.9942708333333333,
      0.9932291666666667,
      0.9947916666666666,
      0.9953125,
      0.9953125,
      0.99375,
      0.99375,
      0.9953125,
      0.99375,
      0.9916666666666667,
      0.9947916666666666,
      0.9953125,
      0.9947916666666666,
      0.9947916666666666,
      0.9958333333333333,
      0.9921875,
      0.9953125,
      0.9921875,
      0.99375,
      0.9947916666666666,
      0.9958333333333333,
      0.9953125
    ]
  },
  "global_metrics": {
    "accuracy": 0.99525,
    "balanced_accuracy": 0.9952500000000001,
    "top_3_accuracy": 0.99925,
    "top_5_accuracy": 1.0,
    "log_loss": 0.022996920493581634,
    "mcc": 0.9936689024242122,
    "cohens_kappa": 0.9936666666666667,
    "precision_macro": 0.9952556797815029,
    "precision_micro": 0.99525,
    "precision_weighted": 0.995255679781503,
    "recall_macro": 0.9952500000000001,
    "recall_micro": 0.99525,
    "recall_weighted": 0.99525,
    "f1_macro": 0.9952494811137198,
    "f1_micro": 0.99525,
    "f1_weighted": 0.9952494811137197,
    "auroc_macro": 0.9998155000000001,
    "auroc_weighted": 0.9998155000000002,
    "auprc_macro": 0.9994405097439175
  },
  "per_class_metrics": {
    "0": {
      "precision": 0.9979959919839679,
      "recall": 0.996,
      "f1": 0.9969969969969971,
      "specificity": 0.9993333333333333,
      "fpr": 0.0006666666666666666,
      "fnr": 0.004,
      "auroc": 0.9999863333333334,
      "auprc": 0.999958920979237,
      "support": 1000,
      "tp": 996,
      "tn": 2998,
      "fp": 2,
      "fn": 4
    },
    "1": {
      "precision": 0.9950149551345963,
      "recall": 0.998,
      "f1": 0.9965052421367948,
      "specificity": 0.9983333333333333,
      "fpr": 0.0016666666666666668,
      "fnr": 0.002,
      "auroc": 0.9999836666666667,
      "auprc": 0.9999521127621109,
      "support": 1000,
      "tp": 998,
      "tn": 2995,
      "fp": 5,
      "fn": 2
    },
    "2": {
      "precision": 0.9920318725099602,
      "recall": 0.996,
      "f1": 0.9940119760479043,
      "specificity": 0.9973333333333333,
      "fpr": 0.0026666666666666666,
      "fnr": 0.004,
      "auroc": 0.9996389999999999,
      "auprc": 0.9987155781199533,
      "support": 1000,
      "tp": 996,
      "tn": 2992,
      "fp": 8,
      "fn": 4
    },
    "3": {
      "precision": 0.9959798994974874,
      "recall": 0.991,
      "f1": 0.993483709273183,
      "specificity": 0.9986666666666667,
      "fpr": 0.0013333333333333333,
      "fnr": 0.009,
      "auroc": 0.999653,
      "auprc": 0.9991354271143691,
      "support": 1000,
      "tp": 991,
      "tn": 2996,
      "fp": 4,
      "fn": 9
    }
  },
  "confusion_matrix": [
    [
      996,
      4,
      0,
      0
    ],
    [
      2,
      998,
      0,
      0
    ],
    [
      0,
      0,
      996,
      4
    ],
    [
      0,
      1,
      8,
      991
    ]
  ]
}