{
  "experiment": "exp3",
  "condition": {
    "num_classes": 4,
    "class_list": [
      0,
      1,
      2,
      4
    ],
    "class_names": [
      "T-shirt/top",
      "Trouser",
      "Pullover",
      "Coat"
    ],
    "combo_idx": 0,
    "subset_pct": 50,
    "num_samples": 12000,
    "samples_per_class": 3000,
    "train_samples": 10800,
    "val_samples": 1200,
    "test_samples": 4000
  },
  "seed": 14994796,
  "timestamp": "2026-01-17T19:42:04.960039",
  "training_dynamics": {
    "epochs_trained": 17,
    "best_epoch": 7,
    "best_val_accuracy": 0.9558333333333333,
    "final_train_loss": 0.024106714637542263,
    "final_val_loss": 0.17739216754833856,
    "training_time_seconds": 9.154907703399658
  },
  "training_history": {
    "train_loss": [
      0.3326986801077628,
      0.195109602019808,
      0.15807481844132468,
      0.1331249898707373,
      0.11481703886178118,
      0.09867869995358075,
      0.08895513412030139,
      0.07737012721388739,
      0.06744752509640695,
      0.058697265014879006,
      0.04946891461036129,
      0.049683063519710795,
      0.04060412608996342,
      0.03902943955028992,
      0.030640732937495186,
      0.029360557133786533,
      0.024106714637542263
    ],
    "val_loss": [
      0.22658918817838034,
      0.1964798617362976,
      0.15110892951488494,
      0.13968006432056426,
      0.13636648118495942,
      0.17277850210666656,
      0.1315616817275683,
      0.13796991060177485,
      0.14225815763076147,
      0.14445546140273413,
      0.1703478854894638,
      0.15693176050980887,
      0.14908627400795618,
      0.17628865162531535,
      0.18962728331486384,
      0.1692822281519572,
      0.17739216754833856
    ],
    "val_accuracy": [
      0.9016666666666666,
      0.9233333333333333,
      0.9341666666666667,
      0.9425,
      0.9483333333333334,
      0.9341666666666667,
      0.9558333333333333,
      0.9425,
      0.9383333333333334,
      0.945,
      0.9441666666666667,
      0.9358333333333333,
      0.9525,
      0.9433333333333334,
      0.9483333333333334,
      0.9516666666666667,
      0.9491666666666667
    ]
  },
  "global_metrics": {
    "accuracy": 0.94275,
    "balanced_accuracy": 0.94275,
    "top_3_accuracy": 0.999,
    "top_5_accuracy": 1.0,
    "log_loss": 0.15766188101583337,
    "mcc": 0.9237580462531141,
    "cohens_kappa": 0.9236666666666666,
    "precision_macro": 0.9433849581327003,
    "precision_micro": 0.94275,
    "precision_weighted": 0.9433849581327003,
    "recall_macro": 0.94275,
    "recall_micro": 0.94275,
    "recall_weighted": 0.94275,
    "f1_macro": 0.9429329462693951,
    "f1_micro": 0.94275,
    "f1_weighted": 0.942932946269395,
    "auroc_macro": 0.9946429166666666,
    "auroc_weighted": 0.9946429166666666,
    "auprc_macro": 0.9854239132114573
  },
  "per_class_metrics": {
    "0": {
      "precision": 0.9582089552238806,
      "recall": 0.963,
      "f1": 0.9605985037406484,
      "specificity": 0.986,
      "fpr": 0.014,
      "fnr": 0.037,
      "auroc": 0.9975196666666666,
      "auprc": 0.9924061851932118,
      "support": 1000,
      "tp": 963,
      "tn": 2958,
      "fp": 42,
      "fn": 37
    },
    "1": {
      "precision": 0.9969574036511156,
      "recall": 0.983,
      "f1": 0.9899295065458208,
      "specificity": 0.999,
      "fpr": 0.001,
      "fnr": 0.017,
      "auroc": 0.9999146666666667,
      "auprc": 0.9997542124738352,
      "support": 1000,
      "tp": 983,
      "tn": 2997,
      "fp": 3,
      "fn": 17
    },
    "2": {
      "precision": 0.8852459016393442,
      "recall": 0.918,
      "f1": 0.9013254786450663,
      "specificity": 0.9603333333333334,
      "fpr": 0.03966666666666667,
      "fnr": 0.082,
      "auroc": 0.988172,
      "auprc": 0.9707052706142446,
      "support": 1000,
      "tp": 918,
      "tn": 2881,
      "fp": 119,
      "fn": 82
    },
    "3": {
      "precision": 0.9331275720164609,
      "recall": 0.907,
      "f1": 0.9198782961460447,
      "specificity": 0.9783333333333334,
      "fpr": 0.021666666666666667,
      "fnr": 0.093,
      "auroc": 0.9929653333333333,
      "auprc": 0.9788299845645378,
      "support": 1000,
      "tp": 907,
      "tn": 2935,
      "fp": 65,
      "fn": 93
    }
  },
  "confusion_matrix": [
    [
      963,
      1,
      29,
      7
    ],
    [
      9,
      983,
      4,
      4
    ],
    [
      27,
      1,
      918,
      54
    ],
    [
      6,
      1,
      86,
      907
    ]
  ]
}