{
  "experiment": "exp3",
  "condition": {
    "num_classes": 5,
    "class_list": [
      0,
      1,
      2,
      3,
      8
    ],
    "class_names": [
      "T-shirt/top",
      "Trouser",
      "Pullover",
      "Dress",
      "Bag"
    ],
    "combo_idx": 0,
    "subset_pct": 20,
    "num_samples": 6000,
    "samples_per_class": 1200,
    "train_samples": 5400,
    "val_samples": 600,
    "test_samples": 5000
  },
  "seed": 14994796,
  "timestamp": "2026-01-17T19:51:07.416168",
  "training_dynamics": {
    "epochs_trained": 16,
    "best_epoch": 6,
    "best_val_accuracy": 0.9666666666666667,
    "final_train_loss": 0.008764531109088293,
    "final_val_loss": 0.29586267868677774,
    "training_time_seconds": 4.057040691375732
  },
  "training_history": {
    "train_loss": [
      0.3499064936357386,
      0.17076975562993219,
      0.1337160215000896,
      0.10275733172893524,
      0.09214181458467946,
      0.07620861019720049,
      0.05839417251374791,
      0.05223052819286857,
      0.03567064985331586,
      0.04460827383651015,
      0.032918768795207144,
      0.020876337840523132,
      0.02624139232930782,
      0.010973592956468244,
      0.0057605073872871474,
      0.008764531109088293
    ],
    "val_loss": [
      0.16927263816197713,
      0.22554154594739279,
      0.15512635111808776,
      0.1797997236251831,
      0.21479528903961181,
      0.14387475887934367,
      0.17327716370423635,
      0.14702303449312845,
      0.14741458863019943,
      0.19460010727246602,
      0.15385648469130198,
      0.17090571244557698,
      0.20817752917607626,
      0.21189381927251816,
      0.2035705687602361,
      0.29586267868677774
    ],
    "val_accuracy": [
      0.9566666666666667,
      0.9233333333333333,
      0.955,
      0.9566666666666667,
      0.9466666666666667,
      0.96,
      0.955,
      0.9583333333333334,
      0.9666666666666667,
      0.9483333333333334,
      0.9616666666666667,
      0.9633333333333334,
      0.9583333333333334,
      0.9666666666666667,
      0.9633333333333334,
      0.9533333333333334
    ]
  },
  "global_metrics": {
    "accuracy": 0.957,
    "balanced_accuracy": 0.9570000000000001,
    "top_3_accuracy": 0.9964,
    "top_5_accuracy": 1.0,
    "log_loss": 0.14859237127224711,
    "mcc": 0.9463180427134946,
    "cohens_kappa": 0.94625,
    "precision_macro": 0.9573251118667333,
    "precision_micro": 0.957,
    "precision_weighted": 0.9573251118667333,
    "recall_macro": 0.9570000000000001,
    "recall_micro": 0.957,
    "recall_weighted": 0.957,
    "f1_macro": 0.9570267761884441,
    "f1_micro": 0.957,
    "f1_weighted": 0.9570267761884442,
    "auroc_macro": 0.9965490750000001,
    "auroc_weighted": 0.9965490749999999,
    "auprc_macro": 0.9885773101813322
  },
  "per_class_metrics": {
    "0": {
      "precision": 0.9443872296601442,
      "recall": 0.917,
      "f1": 0.930492135971588,
      "specificity": 0.9865,
      "fpr": 0.0135,
      "fnr": 0.083,
      "auroc": 0.9927184999999998,
      "auprc": 0.9767162092008524,
      "support": 1000,
      "tp": 917,
      "tn": 3946,
      "fp": 54,
      "fn": 83
    },
    "1": {
      "precision": 0.9938587512794268,
      "recall": 0.971,
      "f1": 0.9822964087000506,
      "specificity": 0.9985,
      "fpr": 0.0015,
      "fnr": 0.029,
      "auroc": 0.9991975,
      "auprc": 0.9975592344098019,
      "support": 1000,
      "tp": 971,
      "tn": 3994,
      "fp": 6,
      "fn": 29
    },
    "2": {
      "precision": 0.9296046287367405,
      "recall": 0.964,
      "f1": 0.9464899361806578,
      "specificity": 0.98175,
      "fpr": 0.01825,
      "fnr": 0.036,
      "auroc": 0.9962583749999999,
      "auprc": 0.9894079740391708,
      "support": 1000,
      "tp": 964,
      "tn": 3927,
      "fp": 73,
      "fn": 36
    },
    "3": {
      "precision": 0.9357072205736894,
      "recall": 0.946,
      "f1": 0.940825459970164,
      "specificity": 0.98375,
      "fpr": 0.01625,
      "fnr": 0.054,
      "auroc": 0.9951650000000001,
      "auprc": 0.9813223813794429,
      "support": 1000,
      "tp": 946,
      "tn": 3935,
      "fp": 65,
      "fn": 54
    },
    "4": {
      "precision": 0.9830677290836654,
      "recall": 0.987,
      "f1": 0.9850299401197605,
      "specificity": 0.99575,
      "fpr": 0.00425,
      "fnr": 0.013,
      "auroc": 0.999406,
      "auprc": 0.9978807518773927,
      "support": 1000,
      "tp": 987,
      "tn": 3983,
      "fp": 17,
      "fn": 13
    }
  },
  "confusion_matrix": [
    [
      917,
      2,
      40,
      31,
      10
    ],
    [
      2,
      971,
      8,
      17,
      2
    ],
    [
      22,
      0,
      964,
      12,
      2
    ],
    [
      28,
      4,
      19,
      946,
      3
    ],
    [
      2,
      0,
      6,
      5,
      987
    ]
  ]
}