{
  "experiment": "exp3",
  "condition": {
    "num_classes": 9,
    "class_list": [
      0,
      1,
      3,
      4,
      5,
      6,
      7,
      8,
      9
    ],
    "class_names": [
      "T-shirt/top",
      "Trouser",
      "Dress",
      "Coat",
      "Sandal",
      "Shirt",
      "Sneaker",
      "Bag",
      "Ankle boot"
    ],
    "combo_idx": 3,
    "subset_pct": 10,
    "num_samples": 5400,
    "samples_per_class": 600,
    "train_samples": 4860,
    "val_samples": 540,
    "test_samples": 9000
  },
  "seed": 14994796,
  "timestamp": "2026-01-17T20:56:32.031548",
  "training_dynamics": {
    "epochs_trained": 17,
    "best_epoch": 7,
    "best_val_accuracy": 0.9,
    "final_train_loss": 0.024870063161391665,
    "final_val_loss": 0.3919936873294689,
    "training_time_seconds": 4.637422323226929
  },
  "training_history": {
    "train_loss": [
      0.7231131572472421,
      0.4042038768529892,
      0.32988058883500726,
      0.2641553525861941,
      0.24056585574228512,
      0.1941634414619521,
      0.18667709146087108,
      0.1492404821083734,
      0.11187285121138159,
      0.08967710325592443,
      0.07969635943146913,
      0.06820436341590003,
      0.07193246572646067,
      0.053179089899027816,
      0.043634928615861816,
      0.043052246628672276,
      0.024870063161391665
    ],
    "val_loss": [
      0.45483401351504854,
      0.3486078405821765,
      0.33719555139541624,
      0.3028575795668143,
      0.2904391717027735,
      0.3488389456713641,
      0.27245271757796957,
      0.35303573895383766,
      0.32679346910229434,
      0.3475937862087179,
      0.3436764717102051,
      0.43331898274245084,
      0.35527558635782314,
      0.32932878887211836,
      0.3815579310611442,
      0.42909537310953494,
      0.3919936873294689
    ],
    "val_accuracy": [
      0.8240740740740741,
      0.8833333333333333,
      0.8666666666666667,
      0.8740740740740741,
      0.8944444444444445,
      0.8759259259259259,
      0.8981481481481481,
      0.8907407407407407,
      0.8944444444444445,
      0.9,
      0.8851851851851852,
      0.8759259259259259,
      0.8925925925925926,
      0.8851851851851852,
      0.8944444444444445,
      0.8851851851851852,
      0.8981481481481481
    ]
  },
  "global_metrics": {
    "accuracy": 0.8941111111111111,
    "balanced_accuracy": 0.894111111111111,
    "top_3_accuracy": 0.9911111111111112,
    "top_5_accuracy": 0.999,
    "log_loss": 0.2943599381886105,
    "mcc": 0.8810249093529512,
    "cohens_kappa": 0.880875,
    "precision_macro": 0.8948123341313478,
    "precision_micro": 0.8941111111111111,
    "precision_weighted": 0.8948123341313479,
    "recall_macro": 0.894111111111111,
    "recall_micro": 0.8941111111111111,
    "recall_weighted": 0.8941111111111111,
    "f1_macro": 0.8939299033054701,
    "f1_micro": 0.8941111111111111,
    "f1_weighted": 0.8939299033054702,
    "auroc_macro": 0.9914920833333333,
    "auroc_weighted": 0.9914920833333334,
    "auprc_macro": 0.9466209453216666
  },
  "per_class_metrics": {
    "0": {
      "precision": 0.8247213779128673,
      "recall": 0.814,
      "f1": 0.8193256165072975,
      "specificity": 0.978375,
      "fpr": 0.021625,
      "fnr": 0.186,
      "auroc": 0.98561025,
      "auprc": 0.9031317187500082,
      "support": 1000,
      "tp": 814,
      "tn": 7827,
      "fp": 173,
      "fn": 186
    },
    "1": {
      "precision": 0.9947698744769874,
      "recall": 0.951,
      "f1": 0.9723926380368098,
      "specificity": 0.999375,
      "fpr": 0.000625,
      "fnr": 0.049,
      "auroc": 0.999287125,
      "auprc": 0.9962356131852863,
      "support": 1000,
      "tp": 951,
      "tn": 7995,
      "fp": 5,
      "fn": 49
    },
    "2": {
      "precision": 0.8928571428571429,
      "recall": 0.875,
      "f1": 0.8838383838383839,
      "specificity": 0.986875,
      "fpr": 0.013125,
      "fnr": 0.125,
      "auroc": 0.99334,
      "auprc": 0.9540258253401119,
      "support": 1000,
      "tp": 875,
      "tn": 7895,
      "fp": 105,
      "fn": 125
    },
    "3": {
      "precision": 0.7955752212389381,
      "recall": 0.899,
      "f1": 0.844131455399061,
      "specificity": 0.971125,
      "fpr": 0.028875,
      "fnr": 0.101,
      "auroc": 0.9892776250000002,
      "auprc": 0.9244191522939688,
      "support": 1000,
      "tp": 899,
      "tn": 7769,
      "fp": 231,
      "fn": 101
    },
    "4": {
      "precision": 0.9785932721712538,
      "recall": 0.96,
      "f1": 0.9692074709742554,
      "specificity": 0.997375,
      "fpr": 0.002625,
      "fnr": 0.04,
      "auroc": 0.9991685000000001,
      "auprc": 0.9943397848969444,
      "support": 1000,
      "tp": 960,
      "tn": 7979,
      "fp": 21,
      "fn": 40
    },
    "5": {
      "precision": 0.70276008492569,
      "recall": 0.662,
      "f1": 0.6817713697219361,
      "specificity": 0.965,
      "fpr": 0.035,
      "fnr": 0.338,
      "auroc": 0.961059875,
      "auprc": 0.7748707512484707,
      "support": 1000,
      "tp": 662,
      "tn": 7720,
      "fp": 280,
      "fn": 338
    },
    "6": {
      "precision": 0.9294685990338164,
      "recall": 0.962,
      "f1": 0.9454545454545453,
      "specificity": 0.990875,
      "fpr": 0.009125,
      "fnr": 0.038,
      "auroc": 0.998283375,
      "auprc": 0.9871320850636769,
      "support": 1000,
      "tp": 962,
      "tn": 7927,
      "fp": 73,
      "fn": 38
    },
    "7": {
      "precision": 0.973026973026973,
      "recall": 0.974,
      "f1": 0.9735132433783108,
      "specificity": 0.996625,
      "fpr": 0.003375,
      "fnr": 0.026,
      "auroc": 0.9990418750000001,
      "auprc": 0.9948421451776893,
      "support": 1000,
      "tp": 974,
      "tn": 7973,
      "fp": 27,
      "fn": 26
    },
    "8": {
      "precision": 0.9615384615384616,
      "recall": 0.95,
      "f1": 0.9557344064386318,
      "specificity": 0.99525,
      "fpr": 0.00475,
      "fnr": 0.05,
      "auroc": 0.998360125,
      "auprc": 0.9905914319388431,
      "support": 1000,
      "tp": 950,
      "tn": 7962,
      "fp": 38,
      "fn": 50
    }
  },
  "confusion_matrix": [
    [
      814,
      1,
      32,
      10,
      1,
      134,
      2,
      6,
      0
    ],
    [
      0,
      951,
      29,
      9,
      0,
      6,
      0,
      5,
      0
    ],
    [
      15,
      2,
      875,
      52,
      0,
      54,
      0,
      1,
      1
    ],
    [
      1,
      0,
      21,
      899,
      0,
      76,
      0,
      3,
      0
    ],
    [
      1,
      0,
      1,
      0,
      960,
      0,
      24,
      0,
      14
    ],
    [
      154,
      0,
      17,
      155,
      0,
      662,
      0,
      12,
      0
    ],
    [
      0,
      0,
      0,
      0,
      16,
      0,
      962,
      0,
      22
    ],
    [
      2,
      2,
      5,
      5,
      1,
      9,
      1,
      974,
      1
    ],
    [
      0,
      0,
      0,
      0,
      3,
      1,
      46,
      0,
      950
    ]
  ]
}