{
  "experiment": "exp3",
  "condition": {
    "num_classes": 7,
    "class_list": [
      0,
      1,
      2,
      3,
      5,
      7,
      8
    ],
    "class_names": [
      "T-shirt/top",
      "Trouser",
      "Pullover",
      "Dress",
      "Sandal",
      "Sneaker",
      "Bag"
    ],
    "combo_idx": 1,
    "subset_pct": 30,
    "num_samples": 12600,
    "samples_per_class": 1800,
    "train_samples": 11340,
    "val_samples": 1260,
    "test_samples": 7000
  },
  "seed": 14994796,
  "timestamp": "2026-01-17T20:17:40.805140",
  "training_dynamics": {
    "epochs_trained": 16,
    "best_epoch": 6,
    "best_val_accuracy": 0.9666666666666667,
    "final_train_loss": 0.015559131000485282,
    "final_val_loss": 0.16477006587480741,
    "training_time_seconds": 8.80089783668518
  },
  "training_history": {
    "train_loss": [
      0.30824789371383327,
      0.14653933810049227,
      0.12147945616645424,
      0.09115805282791177,
      0.0759996338753982,
      0.05832647818292418,
      0.04824477393249458,
      0.04146702143427748,
      0.040740516325825135,
      0.038590304404392504,
      0.02591495567100813,
      0.026262783023575844,
      0.012429584024880824,
      0.02310738325590893,
      0.01731241604791015,
      0.015559131000485282
    ],
    "val_loss": [
      0.16054903519532038,
      0.12875822158086866,
      0.17806459821405865,
      0.13028904537832925,
      0.1315559663942882,
      0.12034964651342422,
      0.14844082385774643,
      0.2079201453734958,
      0.15342447279937685,
      0.14862711282949598,
      0.1532537990146213,
      0.145669030457262,
      0.21197681313469297,
      0.14869523885704222,
      0.18783872222143505,
      0.16477006587480741
    ],
    "val_accuracy": [
      0.9523809523809523,
      0.9571428571428572,
      0.9492063492063492,
      0.9611111111111111,
      0.9634920634920635,
      0.9666666666666667,
      0.957936507936508,
      0.9531746031746032,
      0.9555555555555556,
      0.9587301587301588,
      0.9611111111111111,
      0.9634920634920635,
      0.9563492063492064,
      0.9626984126984127,
      0.9626984126984127,
      0.9666666666666667
    ]
  },
  "global_metrics": {
    "accuracy": 0.9667142857142857,
    "balanced_accuracy": 0.9667142857142856,
    "top_3_accuracy": 0.9961428571428571,
    "top_5_accuracy": 0.9997142857142857,
    "log_loss": 0.11775440255046957,
    "mcc": 0.9611957318341926,
    "cohens_kappa": 0.9611666666666667,
    "precision_macro": 0.9670589279362964,
    "precision_micro": 0.9667142857142857,
    "precision_weighted": 0.9670589279362966,
    "recall_macro": 0.9667142857142856,
    "recall_micro": 0.9667142857142857,
    "recall_weighted": 0.9667142857142857,
    "f1_macro": 0.9667996442207627,
    "f1_micro": 0.9667142857142857,
    "f1_weighted": 0.9667996442207627,
    "auroc_macro": 0.998406238095238,
    "auroc_weighted": 0.998406238095238,
    "auprc_macro": 0.9921091881267146
  },
  "per_class_metrics": {
    "0": {
      "precision": 0.9345238095238095,
      "recall": 0.942,
      "f1": 0.9382470119521913,
      "specificity": 0.989,
      "fpr": 0.011,
      "fnr": 0.058,
      "auroc": 0.995553,
      "auprc": 0.980601053272605,
      "support": 1000,
      "tp": 942,
      "tn": 5934,
      "fp": 66,
      "fn": 58
    },
    "1": {
      "precision": 0.9979402677651905,
      "recall": 0.969,
      "f1": 0.9832572298325722,
      "specificity": 0.9996666666666667,
      "fpr": 0.0003333333333333333,
      "fnr": 0.031,
      "auroc": 0.9997161666666666,
      "auprc": 0.9986545746376134,
      "support": 1000,
      "tp": 969,
      "tn": 5998,
      "fp": 2,
      "fn": 31
    },
    "2": {
      "precision": 0.9343629343629344,
      "recall": 0.968,
      "f1": 0.9508840864440079,
      "specificity": 0.9886666666666667,
      "fpr": 0.011333333333333334,
      "fnr": 0.032,
      "auroc": 0.9976206666666668,
      "auprc": 0.9895997240411117,
      "support": 1000,
      "tp": 968,
      "tn": 5932,
      "fp": 68,
      "fn": 32
    },
    "3": {
      "precision": 0.9485887096774194,
      "recall": 0.941,
      "f1": 0.9447791164658634,
      "specificity": 0.9915,
      "fpr": 0.0085,
      "fnr": 0.059,
      "auroc": 0.9972376666666666,
      "auprc": 0.9820137890139349,
      "support": 1000,
      "tp": 941,
      "tn": 5949,
      "fp": 51,
      "fn": 59
    },
    "4": {
      "precision": 0.9811320754716981,
      "recall": 0.988,
      "f1": 0.9845540607872446,
      "specificity": 0.9968333333333333,
      "fpr": 0.0031666666666666666,
      "fnr": 0.012,
      "auroc": 0.9996898333333334,
      "auprc": 0.9983525729791378,
      "support": 1000,
      "tp": 988,
      "tn": 5981,
      "fp": 19,
      "fn": 12
    },
    "5": {
      "precision": 0.983016983016983,
      "recall": 0.984,
      "f1": 0.9835082458770614,
      "specificity": 0.9971666666666666,
      "fpr": 0.0028333333333333335,
      "fnr": 0.016,
      "auroc": 0.9997368333333334,
      "auprc": 0.9983524409686471,
      "support": 1000,
      "tp": 984,
      "tn": 5983,
      "fp": 17,
      "fn": 16
    },
    "6": {
      "precision": 0.9898477157360406,
      "recall": 0.975,
      "f1": 0.982367758186398,
      "specificity": 0.9983333333333333,
      "fpr": 0.0016666666666666668,
      "fnr": 0.025,
      "auroc": 0.9992894999999999,
      "auprc": 0.9971901619739526,
      "support": 1000,
      "tp": 975,
      "tn": 5990,
      "fp": 10,
      "fn": 25
    }
  },
  "confusion_matrix": [
    [
      942,
      0,
      35,
      16,
      1,
      0,
      6
    ],
    [
      2,
      969,
      6,
      21,
      0,
      0,
      2
    ],
    [
      22,
      0,
      968,
      9,
      0,
      0,
      1
    ],
    [
      37,
      1,
      20,
      941,
      0,
      0,
      1
    ],
    [
      0,
      0,
      0,
      0,
      988,
      12,
      0
    ],
    [
      0,
      0,
      0,
      0,
      16,
      984,
      0
    ],
    [
      5,
      1,
      7,
      5,
      2,
      5,
      975
    ]
  ]
}