{
  "experiment": "exp3",
  "condition": {
    "num_classes": 6,
    "class_list": [
      0,
      2,
      4,
      5,
      7,
      8
    ],
    "class_names": [
      "T-shirt/top",
      "Pullover",
      "Coat",
      "Sandal",
      "Sneaker",
      "Bag"
    ],
    "combo_idx": 2,
    "subset_pct": 10,
    "num_samples": 3600,
    "samples_per_class": 600,
    "train_samples": 3240,
    "val_samples": 360,
    "test_samples": 6000
  },
  "seed": 14994796,
  "timestamp": "2026-01-17T20:06:42.164590",
  "training_dynamics": {
    "epochs_trained": 20,
    "best_epoch": 10,
    "best_val_accuracy": 0.9555555555555556,
    "final_train_loss": 0.004709211939959513,
    "final_val_loss": 0.24111127791305384,
    "training_time_seconds": 3.0904884338378906
  },
  "training_history": {
    "train_loss": [
      0.5766006334155214,
      0.27393270210892545,
      0.21697140660356073,
      0.1727502091842539,
      0.13535018568383714,
      0.10412035824037065,
      0.10121103525892192,
      0.06848532041790438,
      0.06788328277202797,
      0.07662869054897159,
      0.03648377612561864,
      0.04270560624917932,
      0.07132921372448989,
      0.03899628446921341,
      0.027110700333472706,
      0.027250196145591783,
      0.010966114325485393,
      0.020208885963987924,
      0.015324517079017252,
      0.004709211939959513
    ],
    "val_loss": [
      0.3073606196377012,
      0.2911682751443651,
      0.29419662770297794,
      0.24369625084929997,
      0.24326901535193127,
      0.2788002712859048,
      0.24888144185145697,
      0.2614939891629749,
      0.26104515393575034,
      0.21350942883226606,
      0.2776878719528516,
      0.26054338845941755,
      0.3003799001375834,
      0.2519646316766739,
      0.2910817073451148,
      0.2619830187824037,
      0.24137353897094727,
      0.32973969247606066,
      0.2517191317346361,
      0.24111127791305384
    ],
    "val_accuracy": [
      0.875,
      0.9,
      0.9138888888888889,
      0.9305555555555556,
      0.9166666666666666,
      0.9194444444444444,
      0.9388888888888889,
      0.9222222222222223,
      0.9333333333333333,
      0.9388888888888889,
      0.9333333333333333,
      0.9472222222222222,
      0.9111111111111111,
      0.9388888888888889,
      0.9444444444444444,
      0.9444444444444444,
      0.95,
      0.9388888888888889,
      0.9472222222222222,
      0.9555555555555556
    ]
  },
  "global_metrics": {
    "accuracy": 0.941,
    "balanced_accuracy": 0.941,
    "top_3_accuracy": 0.9966666666666667,
    "top_5_accuracy": 0.9998333333333334,
    "log_loss": 0.1931574573347911,
    "mcc": 0.9293214702547622,
    "cohens_kappa": 0.9292,
    "precision_macro": 0.9410061914296728,
    "precision_micro": 0.941,
    "precision_weighted": 0.9410061914296728,
    "recall_macro": 0.941,
    "recall_micro": 0.941,
    "recall_weighted": 0.941,
    "f1_macro": 0.9407015995871867,
    "f1_micro": 0.941,
    "f1_weighted": 0.9407015995871868,
    "auroc_macro": 0.9957132666666667,
    "auroc_weighted": 0.9957132666666666,
    "auprc_macro": 0.9813968605236022
  },
  "per_class_metrics": {
    "0": {
      "precision": 0.9596774193548387,
      "recall": 0.952,
      "f1": 0.9558232931726908,
      "specificity": 0.992,
      "fpr": 0.008,
      "fnr": 0.048,
      "auroc": 0.9964759999999999,
      "auprc": 0.9863967784565645,
      "support": 1000,
      "tp": 952,
      "tn": 4960,
      "fp": 40,
      "fn": 48
    },
    "1": {
      "precision": 0.9056806002143623,
      "recall": 0.845,
      "f1": 0.8742886704604241,
      "specificity": 0.9824,
      "fpr": 0.0176,
      "fnr": 0.155,
      "auroc": 0.9886154,
      "auprc": 0.9515371756498328,
      "support": 1000,
      "tp": 845,
      "tn": 4912,
      "fp": 88,
      "fn": 155
    },
    "2": {
      "precision": 0.8791946308724832,
      "recall": 0.917,
      "f1": 0.8976994615761136,
      "specificity": 0.9748,
      "fpr": 0.0252,
      "fnr": 0.083,
      "auroc": 0.9922152,
      "auprc": 0.9623560779385764,
      "support": 1000,
      "tp": 917,
      "tn": 4874,
      "fp": 126,
      "fn": 83
    },
    "3": {
      "precision": 0.9776422764227642,
      "recall": 0.962,
      "f1": 0.969758064516129,
      "specificity": 0.9956,
      "fpr": 0.0044,
      "fnr": 0.038,
      "auroc": 0.998853,
      "auprc": 0.9954433185977468,
      "support": 1000,
      "tp": 962,
      "tn": 4978,
      "fp": 22,
      "fn": 38
    },
    "4": {
      "precision": 0.9637254901960784,
      "recall": 0.983,
      "f1": 0.9732673267326734,
      "specificity": 0.9926,
      "fpr": 0.0074,
      "fnr": 0.017,
      "auroc": 0.9992797999999999,
      "auprc": 0.9961853581591279,
      "support": 1000,
      "tp": 983,
      "tn": 4963,
      "fp": 37,
      "fn": 17
    },
    "5": {
      "precision": 0.9601167315175098,
      "recall": 0.987,
      "f1": 0.9733727810650888,
      "specificity": 0.9918,
      "fpr": 0.0082,
      "fnr": 0.013,
      "auroc": 0.9988402000000001,
      "auprc": 0.9964624543397647,
      "support": 1000,
      "tp": 987,
      "tn": 4959,
      "fp": 41,
      "fn": 13
    }
  },
  "confusion_matrix": [
    [
      952,
      19,
      9,
      4,
      0,
      16
    ],
    [
      33,
      845,
      114,
      0,
      0,
      8
    ],
    [
      3,
      68,
      917,
      0,
      0,
      12
    ],
    [
      0,
      0,
      0,
      962,
      34,
      4
    ],
    [
      0,
      0,
      0,
      16,
      983,
      1
    ],
    [
      4,
      1,
      3,
      2,
      3,
      987
    ]
  ]
}