{
  "experiment": "exp3",
  "condition": {
    "num_classes": 8,
    "class_list": [
      1,
      2,
      3,
      4,
      5,
      7,
      8,
      9
    ],
    "class_names": [
      "Trouser",
      "Pullover",
      "Dress",
      "Coat",
      "Sandal",
      "Sneaker",
      "Bag",
      "Ankle boot"
    ],
    "combo_idx": 3,
    "subset_pct": 50,
    "num_samples": 24000,
    "samples_per_class": 3000,
    "train_samples": 21600,
    "val_samples": 2400,
    "test_samples": 8000
  },
  "seed": 14994796,
  "timestamp": "2026-01-17T20:40:00.190191",
  "training_dynamics": {
    "epochs_trained": 18,
    "best_epoch": 8,
    "best_val_accuracy": 0.95625,
    "final_train_loss": 0.029538013332488275,
    "final_val_loss": 0.1913717552026113,
    "training_time_seconds": 17.78023076057434
  },
  "training_history": {
    "train_loss": [
      0.3324854880924056,
      0.18063638397883733,
      0.1487764594249824,
      0.11904512851129799,
      0.10025245939882901,
      0.09158251240033899,
      0.07911923494377344,
      0.06705025194237593,
      0.06273584932876894,
      0.05719588352119297,
      0.0515739411892667,
      0.044394740313718636,
      0.043926677335957454,
      0.037544570457515414,
      0.029246437000906365,
      0.03245769918998896,
      0.030054105109929178,
      0.029538013332488275
    ],
    "val_loss": [
      0.18212997953097027,
      0.17311986138423283,
      0.14542678912480672,
      0.16863285819689433,
      0.15632678826649984,
      0.13938853825132053,
      0.17146106471618017,
      0.13912008980909985,
      0.1649014835556348,
      0.14685073122382164,
      0.17333552214006584,
      0.17817871772994598,
      0.16615420291821162,
      0.21001355866591134,
      0.19294435866177082,
      0.1758491338044405,
      0.17637419732908408,
      0.1913717552026113
    ],
    "val_accuracy": [
      0.9370833333333334,
      0.9354166666666667,
      0.945,
      0.9383333333333334,
      0.9504166666666667,
      0.9554166666666667,
      0.94625,
      0.95625,
      0.94875,
      0.9541666666666667,
      0.95,
      0.9516666666666667,
      0.95125,
      0.94625,
      0.9466666666666667,
      0.9558333333333333,
      0.9491666666666667,
      0.9541666666666667
    ]
  },
  "global_metrics": {
    "accuracy": 0.955,
    "balanced_accuracy": 0.955,
    "top_3_accuracy": 0.998875,
    "top_5_accuracy": 0.99975,
    "log_loss": 0.12852811840846073,
    "mcc": 0.9485951437464656,
    "cohens_kappa": 0.9485714285714286,
    "precision_macro": 0.9551690929313252,
    "precision_micro": 0.955,
    "precision_weighted": 0.9551690929313253,
    "recall_macro": 0.955,
    "recall_micro": 0.955,
    "recall_weighted": 0.955,
    "f1_macro": 0.9550015699680013,
    "f1_micro": 0.955,
    "f1_weighted": 0.9550015699680013,
    "auroc_macro": 0.9982994821428571,
    "auroc_weighted": 0.9982994821428572,
    "auprc_macro": 0.9894437801976405
  },
  "per_class_metrics": {
    "0": {
      "precision": 0.9899193548387096,
      "recall": 0.982,
      "f1": 0.9859437751004014,
      "specificity": 0.9985714285714286,
      "fpr": 0.0014285714285714286,
      "fnr": 0.018,
      "auroc": 0.9998325714285715,
      "auprc": 0.9989724027878311,
      "support": 1000,
      "tp": 982,
      "tn": 6990,
      "fp": 10,
      "fn": 18
    },
    "1": {
      "precision": 0.9235412474849095,
      "recall": 0.918,
      "f1": 0.9207622868605818,
      "specificity": 0.9891428571428571,
      "fpr": 0.010857142857142857,
      "fnr": 0.082,
      "auroc": 0.9956004285714285,
      "auprc": 0.9774741564319576,
      "support": 1000,
      "tp": 918,
      "tn": 6924,
      "fp": 76,
      "fn": 82
    },
    "2": {
      "precision": 0.9307992202729045,
      "recall": 0.955,
      "f1": 0.9427443237907207,
      "specificity": 0.9898571428571429,
      "fpr": 0.010142857142857143,
      "fnr": 0.045,
      "auroc": 0.9982335714285715,
      "auprc": 0.9864393447624538,
      "support": 1000,
      "tp": 955,
      "tn": 6929,
      "fp": 71,
      "fn": 45
    },
    "3": {
      "precision": 0.9138804457953394,
      "recall": 0.902,
      "f1": 0.9079013588324107,
      "specificity": 0.9878571428571429,
      "fpr": 0.012142857142857143,
      "fnr": 0.098,
      "auroc": 0.9953951428571428,
      "auprc": 0.9690822594215638,
      "support": 1000,
      "tp": 902,
      "tn": 6915,
      "fp": 85,
      "fn": 98
    },
    "4": {
      "precision": 0.9886947584789312,
      "recall": 0.962,
      "f1": 0.9751647237709072,
      "specificity": 0.9984285714285714,
      "fpr": 0.0015714285714285715,
      "fnr": 0.038,
      "auroc": 0.9996701428571428,
      "auprc": 0.9978661486214198,
      "support": 1000,
      "tp": 962,
      "tn": 6989,
      "fp": 11,
      "fn": 38
    },
    "5": {
      "precision": 0.9627766599597586,
      "recall": 0.957,
      "f1": 0.9598796389167503,
      "specificity": 0.9947142857142857,
      "fpr": 0.005285714285714286,
      "fnr": 0.043,
      "auroc": 0.9987761428571429,
      "auprc": 0.9918409456762294,
      "support": 1000,
      "tp": 957,
      "tn": 6963,
      "fp": 37,
      "fn": 43
    },
    "6": {
      "precision": 0.984015984015984,
      "recall": 0.985,
      "f1": 0.9845077461269365,
      "specificity": 0.9977142857142857,
      "fpr": 0.002285714285714286,
      "fnr": 0.015,
      "auroc": 0.9998307142857144,
      "auprc": 0.9989169070928494,
      "support": 1000,
      "tp": 985,
      "tn": 6984,
      "fp": 16,
      "fn": 15
    },
    "7": {
      "precision": 0.9477250726040658,
      "recall": 0.979,
      "f1": 0.9631087063453025,
      "specificity": 0.9922857142857143,
      "fpr": 0.007714285714285714,
      "fnr": 0.021,
      "auroc": 0.9990571428571428,
      "auprc": 0.9949580767868185,
      "support": 1000,
      "tp": 979,
      "tn": 6946,
      "fp": 54,
      "fn": 21
    }
  },
  "confusion_matrix": [
    [
      982,
      2,
      13,
      1,
      0,
      0,
      2,
      0
    ],
    [
      2,
      918,
      18,
      59,
      0,
      0,
      3,
      0
    ],
    [
      7,
      15,
      955,
      18,
      0,
      0,
      5,
      0
    ],
    [
      1,
      58,
      36,
      902,
      0,
      0,
      3,
      0
    ],
    [
      0,
      0,
      0,
      0,
      962,
      19,
      2,
      17
    ],
    [
      0,
      0,
      0,
      0,
      6,
      957,
      0,
      37
    ],
    [
      0,
      1,
      4,
      7,
      1,
      2,
      985,
      0
    ],
    [
      0,
      0,
      0,
      0,
      4,
      16,
      1,
      979
    ]
  ]
}