{
  "experiment": "exp3",
  "condition": {
    "num_classes": 9,
    "class_list": [
      0,
      1,
      2,
      3,
      4,
      5,
      6,
      7,
      8
    ],
    "class_names": [
      "T-shirt/top",
      "Trouser",
      "Pullover",
      "Dress",
      "Coat",
      "Sandal",
      "Shirt",
      "Sneaker",
      "Bag"
    ],
    "combo_idx": 0,
    "subset_pct": 80,
    "num_samples": 43200,
    "samples_per_class": 4800,
    "train_samples": 38880,
    "val_samples": 4320,
    "test_samples": 9000
  },
  "seed": 14994796,
  "timestamp": "2026-01-17T20:47:38.918674",
  "training_dynamics": {
    "epochs_trained": 18,
    "best_epoch": 8,
    "best_val_accuracy": 0.9254629629629629,
    "final_train_loss": 0.06249139978976209,
    "final_val_loss": 0.2932049408555031,
    "training_time_seconds": 34.09701991081238
  },
  "training_history": {
    "train_loss": [
      0.47645773233747796,
      0.3091649231623466,
      0.25946821727005664,
      0.2304172465442925,
      0.20646505442595012,
      0.18532678780243977,
      0.16774266810879404,
      0.1523465013015084,
      0.13747197041275763,
      0.12213185155231163,
      0.11184816064901258,
      0.10180461288760662,
      0.09533693839177049,
      0.08323234396735452,
      0.07949871153687127,
      0.07062371791030991,
      0.06731464384632234,
      0.06249139978976209
    ],
    "val_loss": [
      0.2916631802364632,
      0.24528956336003763,
      0.24236304053553828,
      0.22218110186082346,
      0.23379727326057576,
      0.21785714328289033,
      0.21476735566501265,
      0.21435665493762052,
      0.23368870533174937,
      0.2301952863181079,
      0.2355814549933981,
      0.28068185299634935,
      0.25121521392354257,
      0.2883227262232039,
      0.27609059302895156,
      0.2687258212654679,
      0.2678724175526036,
      0.2932049408555031
    ],
    "val_accuracy": [
      0.8918981481481482,
      0.9108796296296297,
      0.9074074074074074,
      0.9178240740740741,
      0.9148148148148149,
      0.9210648148148148,
      0.9233796296296296,
      0.9224537037037037,
      0.9254629629629629,
      0.9231481481481482,
      0.9229166666666667,
      0.9178240740740741,
      0.9252314814814815,
      0.9166666666666666,
      0.9226851851851852,
      0.9145833333333333,
      0.9215277777777777,
      0.9164351851851852
    ]
  },
  "global_metrics": {
    "accuracy": 0.9125555555555556,
    "balanced_accuracy": 0.9125555555555557,
    "top_3_accuracy": 0.9935555555555555,
    "top_5_accuracy": 0.9992222222222222,
    "log_loss": 0.2423428672125265,
    "mcc": 0.9018646773342338,
    "cohens_kappa": 0.901625,
    "precision_macro": 0.915549898338996,
    "precision_micro": 0.9125555555555556,
    "precision_weighted": 0.915549898338996,
    "recall_macro": 0.9125555555555557,
    "recall_micro": 0.9125555555555556,
    "recall_weighted": 0.9125555555555556,
    "f1_macro": 0.9131618143234065,
    "f1_micro": 0.9125555555555556,
    "f1_weighted": 0.9131618143234066,
    "auroc_macro": 0.9943010486111111,
    "auroc_weighted": 0.9943010486111111,
    "auprc_macro": 0.9645017872738322
  },
  "per_class_metrics": {
    "0": {
      "precision": 0.8957894736842106,
      "recall": 0.851,
      "f1": 0.8728205128205128,
      "specificity": 0.987625,
      "fpr": 0.012375,
      "fnr": 0.149,
      "auroc": 0.99233075,
      "auprc": 0.9516565835263193,
      "support": 1000,
      "tp": 851,
      "tn": 7901,
      "fp": 99,
      "fn": 149
    },
    "1": {
      "precision": 0.9840954274353877,
      "recall": 0.99,
      "f1": 0.9870388833499502,
      "specificity": 0.998,
      "fpr": 0.002,
      "fnr": 0.01,
      "auroc": 0.999625,
      "auprc": 0.9985646315187295,
      "support": 1000,
      "tp": 990,
      "tn": 7984,
      "fp": 16,
      "fn": 10
    },
    "2": {
      "precision": 0.9137168141592921,
      "recall": 0.826,
      "f1": 0.8676470588235294,
      "specificity": 0.99025,
      "fpr": 0.00975,
      "fnr": 0.174,
      "auroc": 0.9918791250000001,
      "auprc": 0.9512985519265729,
      "support": 1000,
      "tp": 826,
      "tn": 7922,
      "fp": 78,
      "fn": 174
    },
    "3": {
      "precision": 0.9391025641025641,
      "recall": 0.879,
      "f1": 0.9080578512396694,
      "specificity": 0.992875,
      "fpr": 0.007125,
      "fnr": 0.121,
      "auroc": 0.9961326875000001,
      "auprc": 0.9722387732804639,
      "support": 1000,
      "tp": 879,
      "tn": 7943,
      "fp": 57,
      "fn": 121
    },
    "4": {
      "precision": 0.8152753108348135,
      "recall": 0.918,
      "f1": 0.863593603010348,
      "specificity": 0.974,
      "fpr": 0.026,
      "fnr": 0.082,
      "auroc": 0.9923942499999999,
      "auprc": 0.9476862874039222,
      "support": 1000,
      "tp": 918,
      "tn": 7792,
      "fp": 208,
      "fn": 82
    },
    "5": {
      "precision": 0.9929006085192698,
      "recall": 0.979,
      "f1": 0.985901309164149,
      "specificity": 0.999125,
      "fpr": 0.000875,
      "fnr": 0.021,
      "auroc": 0.9998735000000001,
      "auprc": 0.999085610681587,
      "support": 1000,
      "tp": 979,
      "tn": 7993,
      "fp": 7,
      "fn": 21
    },
    "6": {
      "precision": 0.7337662337662337,
      "recall": 0.791,
      "f1": 0.7613089509143407,
      "specificity": 0.964125,
      "fpr": 0.035875,
      "fnr": 0.209,
      "auroc": 0.97688325,
      "auprc": 0.8624784466162938,
      "support": 1000,
      "tp": 791,
      "tn": 7713,
      "fp": 287,
      "fn": 209
    },
    "7": {
      "precision": 0.9793307086614174,
      "recall": 0.995,
      "f1": 0.9871031746031748,
      "specificity": 0.997375,
      "fpr": 0.002625,
      "fnr": 0.005,
      "auroc": 0.9999217499999999,
      "auprc": 0.9993723622437432,
      "support": 1000,
      "tp": 995,
      "tn": 7979,
      "fp": 21,
      "fn": 5
    },
    "8": {
      "precision": 0.9859719438877755,
      "recall": 0.984,
      "f1": 0.9849849849849849,
      "specificity": 0.99825,
      "fpr": 0.00175,
      "fnr": 0.016,
      "auroc": 0.9996691249999999,
      "auprc": 0.998134838266858,
      "support": 1000,
      "tp": 984,
      "tn": 7986,
      "fp": 14,
      "fn": 16
    }
  },
  "confusion_matrix": [
    [
      851,
      0,
      10,
      16,
      3,
      1,
      114,
      0,
      5
    ],
    [
      0,
      990,
      2,
      6,
      0,
      0,
      1,
      0,
      1
    ],
    [
      13,
      1,
      826,
      6,
      73,
      0,
      80,
      0,
      1
    ],
    [
      10,
      9,
      7,
      879,
      59,
      0,
      35,
      0,
      1
    ],
    [
      0,
      0,
      20,
      10,
      918,
      0,
      52,
      0,
      0
    ],
    [
      0,
      0,
      0,
      0,
      0,
      979,
      0,
      20,
      1
    ],
    [
      73,
      4,
      39,
      17,
      71,
      0,
      791,
      0,
      5
    ],
    [
      0,
      0,
      0,
      0,
      0,
      5,
      0,
      995,
      0
    ],
    [
      3,
      2,
      0,
      2,
      2,
      1,
      5,
      1,
      984
    ]
  ]
}