{
  "experiment": "exp3",
  "condition": {
    "num_classes": 2,
    "class_list": [
      2,
      3
    ],
    "class_names": [
      "Pullover",
      "Dress"
    ],
    "combo_idx": 0,
    "subset_pct": 100,
    "num_samples": 12000,
    "samples_per_class": 6000,
    "train_samples": 10800,
    "val_samples": 1200,
    "test_samples": 2000
  },
  "seed": 14994796,
  "timestamp": "2026-01-17T19:30:52.271711",
  "training_dynamics": {
    "epochs_trained": 21,
    "best_epoch": 11,
    "best_val_accuracy": 0.99,
    "final_train_loss": 0.003705164207955673,
    "final_val_loss": 0.0574510762875434,
    "training_time_seconds": 10.515393733978271
  },
  "training_history": {
    "train_loss": [
      0.09281957160251644,
      0.04997176435754012,
      0.04075392866204079,
      0.034593245549438816,
      0.02675701005207981,
      0.023375413085047442,
      0.024925625392669102,
      0.018182993806229033,
      0.010336094871011822,
      0.011321902293469082,
      0.014451059095212172,
      0.008812986047626419,
      0.009690566923726418,
      0.008167381802453768,
      0.004167549070382863,
      0.004690488376108342,
      0.008157614023159824,
      0.007452346247649037,
      0.00291679999478198,
      0.007337951748618871,
      0.003705164207955673
    ],
    "val_loss": [
      0.04252674395839373,
      0.05626387938857078,
      0.03801616286238035,
      0.04763533013562361,
      0.04085922807455063,
      0.04803226719299952,
      0.04199473589658737,
      0.04404301973214994,
      0.04083773114097615,
      0.06043931680731476,
      0.032826712789634865,
      0.06430376363142083,
      0.03515946560694526,
      0.0462969822762534,
      0.05935205180236759,
      0.04959330479090568,
      0.0538373154681176,
      0.055559315510715045,
      0.057079794047555574,
      0.054149709932195644,
      0.0574510762875434
    ],
    "val_accuracy": [
      0.9866666666666667,
      0.9775,
      0.9866666666666667,
      0.9825,
      0.9858333333333333,
      0.9825,
      0.9866666666666667,
      0.9866666666666667,
      0.985,
      0.985,
      0.99,
      0.9816666666666667,
      0.9883333333333333,
      0.9883333333333333,
      0.9858333333333333,
      0.9858333333333333,
      0.9858333333333333,
      0.985,
      0.99,
      0.9866666666666667,
      0.985
    ]
  },
  "global_metrics": {
    "accuracy": 0.984,
    "balanced_accuracy": 0.984,
    "top_3_accuracy": 1.0,
    "top_5_accuracy": 1.0,
    "log_loss": 0.057701341996393346,
    "mcc": 0.9680019360058081,
    "cohens_kappa": 0.968,
    "precision_macro": 0.9840019360077441,
    "precision_micro": 0.984,
    "precision_weighted": 0.984001936007744,
    "recall_macro": 0.984,
    "recall_micro": 0.984,
    "recall_weighted": 0.984,
    "f1_macro": 0.983999983999984,
    "f1_micro": 0.984,
    "f1_weighted": 0.983999983999984,
    "auroc_macro": 0.9972154999999999,
    "auroc_weighted": 0.9972154999999999,
    "auprc_macro": 0.9970148246945367
  },
  "per_class_metrics": {
    "0": {
      "precision": 0.9849699398797596,
      "recall": 0.983,
      "f1": 0.9839839839839841,
      "specificity": 0.985,
      "fpr": 0.015,
      "fnr": 0.017,
      "auroc": 0.997215,
      "auprc": 0.9977980169614592,
      "support": 1000,
      "tp": 983,
      "tn": 985,
      "fp": 15,
      "fn": 17
    },
    "1": {
      "precision": 0.9830339321357285,
      "recall": 0.985,
      "f1": 0.984015984015984,
      "specificity": 0.983,
      "fpr": 0.017,
      "fnr": 0.015,
      "auroc": 0.9972154999999999,
      "auprc": 0.9962316324276141,
      "support": 1000,
      "tp": 985,
      "tn": 983,
      "fp": 17,
      "fn": 15
    }
  },
  "confusion_matrix": [
    [
      983,
      17
    ],
    [
      15,
      985
    ]
  ]
}