{
  "experiment": "exp3",
  "condition": {
    "num_classes": 6,
    "class_list": [
      0,
      1,
      3,
      4,
      6,
      8
    ],
    "class_names": [
      "T-shirt/top",
      "Trouser",
      "Dress",
      "Coat",
      "Shirt",
      "Bag"
    ],
    "combo_idx": 1,
    "subset_pct": 10,
    "num_samples": 3600,
    "samples_per_class": 600,
    "train_samples": 3240,
    "val_samples": 360,
    "test_samples": 6000
  },
  "seed": 14994796,
  "timestamp": "2026-01-17T20:04:19.782640",
  "training_dynamics": {
    "epochs_trained": 18,
    "best_epoch": 8,
    "best_val_accuracy": 0.8944444444444445,
    "final_train_loss": 0.025335173615637946,
    "final_val_loss": 0.48447638551394145,
    "training_time_seconds": 2.8777499198913574
  },
  "training_history": {
    "train_loss": [
      0.7310286211032494,
      0.4486843540387995,
      0.3633198375795402,
      0.34064554671446484,
      0.2624415279019113,
      0.21170863538396126,
      0.18409771355343799,
      0.14037035522507688,
      0.14201623727293575,
      0.09500440235669706,
      0.07570207361862355,
      0.051558694528306234,
      0.06952706886930209,
      0.04928105169286331,
      0.05422682510506289,
      0.050563004570921846,
      0.04744477175614413,
      0.025335173615637946
    ],
    "val_loss": [
      0.464399919907252,
      0.32474795050091215,
      0.34707836177614,
      0.32165485355589124,
      0.3514547646045685,
      0.31739700966411166,
      0.337459311220381,
      0.3129313667615255,
      0.33956518835491606,
      0.36803705361154343,
      0.3488847341802385,
      0.4265851510895623,
      0.4805730621019999,
      0.5288685282071431,
      0.46746046940485636,
      0.47102652192115785,
      0.5196739104059007,
      0.48447638551394145
    ],
    "val_accuracy": [
      0.8388888888888889,
      0.8722222222222222,
      0.8611111111111112,
      0.8638888888888889,
      0.8611111111111112,
      0.8694444444444445,
      0.875,
      0.8805555555555555,
      0.8694444444444445,
      0.8722222222222222,
      0.8944444444444445,
      0.8888888888888888,
      0.8638888888888889,
      0.8694444444444445,
      0.8666666666666667,
      0.8722222222222222,
      0.8694444444444445,
      0.875
    ]
  },
  "global_metrics": {
    "accuracy": 0.8678333333333333,
    "balanced_accuracy": 0.8678333333333333,
    "top_3_accuracy": 0.9878333333333333,
    "top_5_accuracy": 0.9991666666666666,
    "log_loss": 0.3988116863497644,
    "mcc": 0.8434887023499026,
    "cohens_kappa": 0.8414,
    "precision_macro": 0.8696622055670753,
    "precision_micro": 0.8678333333333333,
    "precision_weighted": 0.8696622055670752,
    "recall_macro": 0.8678333333333333,
    "recall_micro": 0.8678333333333333,
    "recall_weighted": 0.8678333333333333,
    "f1_macro": 0.8631365930007812,
    "f1_micro": 0.8678333333333333,
    "f1_weighted": 0.8631365930007812,
    "auroc_macro": 0.9824200333333334,
    "auroc_weighted": 0.9824200333333333,
    "auprc_macro": 0.9310869931996821
  },
  "per_class_metrics": {
    "0": {
      "precision": 0.7793345008756567,
      "recall": 0.89,
      "f1": 0.830999066293184,
      "specificity": 0.9496,
      "fpr": 0.0504,
      "fnr": 0.11,
      "auroc": 0.9781677999999998,
      "auprc": 0.9076160361667983,
      "support": 1000,
      "tp": 890,
      "tn": 4748,
      "fp": 252,
      "fn": 110
    },
    "1": {
      "precision": 0.9828456104944501,
      "recall": 0.974,
      "f1": 0.9784028126569563,
      "specificity": 0.9966,
      "fpr": 0.0034,
      "fnr": 0.026,
      "auroc": 0.9990368000000001,
      "auprc": 0.9962902621597111,
      "support": 1000,
      "tp": 974,
      "tn": 4983,
      "fp": 17,
      "fn": 26
    },
    "2": {
      "precision": 0.8886659979939819,
      "recall": 0.886,
      "f1": 0.8873309964947422,
      "specificity": 0.9778,
      "fpr": 0.0222,
      "fnr": 0.114,
      "auroc": 0.9894798,
      "auprc": 0.951944801846303,
      "support": 1000,
      "tp": 886,
      "tn": 4889,
      "fp": 111,
      "fn": 114
    },
    "3": {
      "precision": 0.7856525496974935,
      "recall": 0.909,
      "f1": 0.8428372739916551,
      "specificity": 0.9504,
      "fpr": 0.0496,
      "fnr": 0.091,
      "auroc": 0.9824744999999999,
      "auprc": 0.9282667269866021,
      "support": 1000,
      "tp": 909,
      "tn": 4752,
      "fp": 248,
      "fn": 91
    },
    "4": {
      "precision": 0.8279411764705882,
      "recall": 0.563,
      "f1": 0.6702380952380952,
      "specificity": 0.9766,
      "fpr": 0.0234,
      "fnr": 0.437,
      "auroc": 0.9468646,
      "auprc": 0.8068818143756765,
      "support": 1000,
      "tp": 563,
      "tn": 4883,
      "fp": 117,
      "fn": 437
    },
    "5": {
      "precision": 0.9535333978702807,
      "recall": 0.985,
      "f1": 0.969011313330054,
      "specificity": 0.9904,
      "fpr": 0.0096,
      "fnr": 0.015,
      "auroc": 0.9984967,
      "auprc": 0.9955223176630007,
      "support": 1000,
      "tp": 985,
      "tn": 4952,
      "fp": 48,
      "fn": 15
    }
  },
  "confusion_matrix": [
    [
      890,
      2,
      24,
      17,
      54,
      13
    ],
    [
      0,
      974,
      11,
      9,
      1,
      5
    ],
    [
      28,
      11,
      886,
      43,
      28,
      4
    ],
    [
      11,
      1,
      41,
      909,
      33,
      5
    ],
    [
      211,
      1,
      31,
      173,
      563,
      21
    ],
    [
      2,
      2,
      4,
      6,
      1,
      985
    ]
  ]
}