{
  "experiment": "exp3",
  "condition": {
    "num_classes": 8,
    "class_list": [
      0,
      1,
      3,
      4,
      5,
      6,
      7,
      8
    ],
    "class_names": [
      "T-shirt/top",
      "Trouser",
      "Dress",
      "Coat",
      "Sandal",
      "Shirt",
      "Sneaker",
      "Bag"
    ],
    "combo_idx": 1,
    "subset_pct": 20,
    "num_samples": 9600,
    "samples_per_class": 1200,
    "train_samples": 8640,
    "val_samples": 960,
    "test_samples": 8000
  },
  "seed": 14994796,
  "timestamp": "2026-01-17T20:32:28.816913",
  "training_dynamics": {
    "epochs_trained": 20,
    "best_epoch": 10,
    "best_val_accuracy": 0.9177083333333333,
    "final_train_loss": 0.02776212142780423,
    "final_val_loss": 0.3862774262825648,
    "training_time_seconds": 8.127190351486206
  },
  "training_history": {
    "train_loss": [
      0.5570665368327388,
      0.3376437389740237,
      0.27588005286675915,
      0.2351779782661685,
      0.21069568696397323,
      0.17702525073179493,
      0.1523051377799776,
      0.12875605569117599,
      0.11280539613906984,
      0.09340535193267796,
      0.07636186472243733,
      0.06969309304323461,
      0.0669928722118062,
      0.0629837258649921,
      0.0460189796484041,
      0.03299168267985806,
      0.03767161472976484,
      0.04049742500021778,
      0.03142154375781064,
      0.02776212142780423
    ],
    "val_loss": [
      0.36484174033006034,
      0.30306968887646996,
      0.29698465863863627,
      0.3015923897425334,
      0.28366696735223135,
      0.2523970032731692,
      0.3052498817443848,
      0.2494738350311915,
      0.3000174601872762,
      0.23666526824235917,
      0.2707605674862862,
      0.3255301207304001,
      0.3711761419971784,
      0.31380889962116876,
      0.2777502437432607,
      0.3652456988890966,
      0.37033199071884154,
      0.3728354165951411,
      0.4205740580956141,
      0.3862774262825648
    ],
    "val_accuracy": [
      0.8635416666666667,
      0.8854166666666666,
      0.8822916666666667,
      0.8854166666666666,
      0.9010416666666666,
      0.9041666666666667,
      0.90625,
      0.9083333333333333,
      0.9020833333333333,
      0.9177083333333333,
      0.909375,
      0.9072916666666667,
      0.8916666666666667,
      0.9114583333333334,
      0.9135416666666667,
      0.9104166666666667,
      0.9083333333333333,
      0.9114583333333334,
      0.8989583333333333,
      0.9104166666666667
    ]
  },
  "global_metrics": {
    "accuracy": 0.90825,
    "balanced_accuracy": 0.90825,
    "top_3_accuracy": 0.992375,
    "top_5_accuracy": 0.99875,
    "log_loss": 0.26366338902469705,
    "mcc": 0.8952341117279214,
    "cohens_kappa": 0.8951428571428571,
    "precision_macro": 0.9089096456770982,
    "precision_micro": 0.90825,
    "precision_weighted": 0.9089096456770982,
    "recall_macro": 0.90825,
    "recall_micro": 0.90825,
    "recall_weighted": 0.90825,
    "f1_macro": 0.9082560201446976,
    "f1_micro": 0.90825,
    "f1_weighted": 0.9082560201446975,
    "auroc_macro": 0.9925814821428571,
    "auroc_weighted": 0.9925814821428571,
    "auprc_macro": 0.9589694907067943
  },
  "per_class_metrics": {
    "0": {
      "precision": 0.8414141414141414,
      "recall": 0.833,
      "f1": 0.8371859296482411,
      "specificity": 0.9775714285714285,
      "fpr": 0.02242857142857143,
      "fnr": 0.167,
      "auroc": 0.9875535714285715,
      "auprc": 0.9234810650670006,
      "support": 1000,
      "tp": 833,
      "tn": 6843,
      "fp": 157,
      "fn": 167
    },
    "1": {
      "precision": 0.9867886178861789,
      "recall": 0.971,
      "f1": 0.9788306451612904,
      "specificity": 0.9981428571428571,
      "fpr": 0.0018571428571428571,
      "fnr": 0.029,
      "auroc": 0.999416,
      "auprc": 0.9969355885066769,
      "support": 1000,
      "tp": 971,
      "tn": 6987,
      "fp": 13,
      "fn": 29
    },
    "2": {
      "precision": 0.8812915479582146,
      "recall": 0.928,
      "f1": 0.9040428641013151,
      "specificity": 0.9821428571428571,
      "fpr": 0.017857142857142856,
      "fnr": 0.072,
      "auroc": 0.9943202857142857,
      "auprc": 0.9646190779901376,
      "support": 1000,
      "tp": 928,
      "tn": 6875,
      "fp": 125,
      "fn": 72
    },
    "3": {
      "precision": 0.9051254089422028,
      "recall": 0.83,
      "f1": 0.8659363588941054,
      "specificity": 0.9875714285714285,
      "fpr": 0.012428571428571428,
      "fnr": 0.17,
      "auroc": 0.9910034285714284,
      "auprc": 0.9480958230711046,
      "support": 1000,
      "tp": 830,
      "tn": 6913,
      "fp": 87,
      "fn": 170
    },
    "4": {
      "precision": 0.980980980980981,
      "recall": 0.98,
      "f1": 0.9804902451225612,
      "specificity": 0.9972857142857143,
      "fpr": 0.0027142857142857142,
      "fnr": 0.02,
      "auroc": 0.9996897142857143,
      "auprc": 0.9980505520301691,
      "support": 1000,
      "tp": 980,
      "tn": 6981,
      "fp": 19,
      "fn": 20
    },
    "5": {
      "precision": 0.7366375121477162,
      "recall": 0.758,
      "f1": 0.7471660916707737,
      "specificity": 0.9612857142857143,
      "fpr": 0.038714285714285715,
      "fnr": 0.242,
      "auroc": 0.9694967142857142,
      "auprc": 0.8453913443872915,
      "support": 1000,
      "tp": 758,
      "tn": 6729,
      "fp": 271,
      "fn": 242
    },
    "6": {
      "precision": 0.9811133200795229,
      "recall": 0.987,
      "f1": 0.9840478564307078,
      "specificity": 0.9972857142857143,
      "fpr": 0.0027142857142857142,
      "fnr": 0.013,
      "auroc": 0.9998154285714286,
      "auprc": 0.9986851128709253,
      "support": 1000,
      "tp": 987,
      "tn": 6981,
      "fp": 19,
      "fn": 13
    },
    "7": {
      "precision": 0.9579256360078278,
      "recall": 0.979,
      "f1": 0.9683481701285855,
      "specificity": 0.9938571428571429,
      "fpr": 0.006142857142857143,
      "fnr": 0.021,
      "auroc": 0.9993567142857144,
      "auprc": 0.9964973617310481,
      "support": 1000,
      "tp": 979,
      "tn": 6957,
      "fp": 43,
      "fn": 21
    }
  },
  "confusion_matrix": [
    [
      833,
      2,
      21,
      6,
      2,
      126,
      0,
      10
    ],
    [
      3,
      971,
      17,
      3,
      0,
      2,
      0,
      4
    ],
    [
      23,
      5,
      928,
      9,
      0,
      31,
      0,
      4
    ],
    [
      0,
      2,
      59,
      830,
      0,
      106,
      0,
      3
    ],
    [
      0,
      0,
      0,
      0,
      980,
      0,
      19,
      1
    ],
    [
      128,
      2,
      23,
      69,
      0,
      758,
      0,
      20
    ],
    [
      0,
      0,
      0,
      0,
      12,
      0,
      987,
      1
    ],
    [
      3,
      2,
      5,
      0,
      5,
      6,
      0,
      979
    ]
  ]
}