{
  "experiment": "exp3",
  "condition": {
    "num_classes": 5,
    "class_list": [
      0,
      1,
      2,
      6,
      8
    ],
    "class_names": [
      "T-shirt/top",
      "Trouser",
      "Pullover",
      "Shirt",
      "Bag"
    ],
    "combo_idx": 1,
    "subset_pct": 80,
    "num_samples": 24000,
    "samples_per_class": 4800,
    "train_samples": 21600,
    "val_samples": 2400,
    "test_samples": 5000
  },
  "seed": 14994796,
  "timestamp": "2026-01-17T19:54:28.638045",
  "training_dynamics": {
    "epochs_trained": 16,
    "best_epoch": 6,
    "best_val_accuracy": 0.9266666666666666,
    "final_train_loss": 0.0505119586475717,
    "final_val_loss": 0.2929563303788503,
    "training_time_seconds": 19.68936324119568
  },
  "training_history": {
    "train_loss": [
      0.39116240883543646,
      0.25689130155204315,
      0.2127549993480451,
      0.18805871458624948,
      0.1670213820489906,
      0.15053334888401468,
      0.1308556547575801,
      0.1135105148464794,
      0.10520186301144446,
      0.0976340195891508,
      0.08309245673586896,
      0.07737831468418373,
      0.0654758199175941,
      0.05717625101055597,
      0.05700371216448057,
      0.0505119586475717
    ],
    "val_loss": [
      0.3248431408405304,
      0.2338987284898758,
      0.21183681746323904,
      0.20883804450432458,
      0.2051252716779709,
      0.19962606678406397,
      0.21129716416200003,
      0.20681119898955028,
      0.21326047321160635,
      0.2456004766623179,
      0.2603048065304756,
      0.28052044451236724,
      0.26808296660582226,
      0.28172975063323974,
      0.28204981644948324,
      0.2929563303788503
    ],
    "val_accuracy": [
      0.87125,
      0.905,
      0.91375,
      0.91875,
      0.9179166666666667,
      0.925,
      0.9204166666666667,
      0.9220833333333334,
      0.9266666666666666,
      0.91625,
      0.9241666666666667,
      0.9183333333333333,
      0.9195833333333333,
      0.9120833333333334,
      0.9104166666666667,
      0.9245833333333333
    ]
  },
  "global_metrics": {
    "accuracy": 0.9136,
    "balanced_accuracy": 0.9136000000000001,
    "top_3_accuracy": 0.9992,
    "top_5_accuracy": 1.0,
    "log_loss": 0.22121481031320345,
    "mcc": 0.8923213828053446,
    "cohens_kappa": 0.892,
    "precision_macro": 0.9155442715411756,
    "precision_micro": 0.9136,
    "precision_weighted": 0.9155442715411755,
    "recall_macro": 0.9136000000000001,
    "recall_micro": 0.9136,
    "recall_weighted": 0.9136,
    "f1_macro": 0.9139169848478039,
    "f1_micro": 0.9136,
    "f1_weighted": 0.9139169848478039,
    "auroc_macro": 0.99023615,
    "auroc_weighted": 0.9902361499999999,
    "auprc_macro": 0.9665521267211659
  },
  "per_class_metrics": {
    "0": {
      "precision": 0.8361111111111111,
      "recall": 0.903,
      "f1": 0.8682692307692308,
      "specificity": 0.95575,
      "fpr": 0.04425,
      "fnr": 0.097,
      "auroc": 0.986523,
      "auprc": 0.9515064570255205,
      "support": 1000,
      "tp": 903,
      "tn": 3823,
      "fp": 177,
      "fn": 97
    },
    "1": {
      "precision": 0.9909729187562688,
      "recall": 0.988,
      "f1": 0.9894842263395093,
      "specificity": 0.99775,
      "fpr": 0.00225,
      "fnr": 0.012,
      "auroc": 0.999934,
      "auprc": 0.999739671891376,
      "support": 1000,
      "tp": 988,
      "tn": 3991,
      "fp": 9,
      "fn": 12
    },
    "2": {
      "precision": 0.9506037321624589,
      "recall": 0.866,
      "f1": 0.9063317634746205,
      "specificity": 0.98875,
      "fpr": 0.01125,
      "fnr": 0.134,
      "auroc": 0.9920470000000001,
      "auprc": 0.9699953249527635,
      "support": 1000,
      "tp": 866,
      "tn": 3955,
      "fp": 45,
      "fn": 134
    },
    "3": {
      "precision": 0.8169154228855722,
      "recall": 0.821,
      "f1": 0.8189526184538652,
      "specificity": 0.954,
      "fpr": 0.046,
      "fnr": 0.179,
      "auroc": 0.973004,
      "auprc": 0.9127217943429823,
      "support": 1000,
      "tp": 821,
      "tn": 3816,
      "fp": 184,
      "fn": 179
    },
    "4": {
      "precision": 0.9831181727904668,
      "recall": 0.99,
      "f1": 0.9865470852017938,
      "specificity": 0.99575,
      "fpr": 0.00425,
      "fnr": 0.01,
      "auroc": 0.99967275,
      "auprc": 0.9987973853931873,
      "support": 1000,
      "tp": 990,
      "tn": 3983,
      "fp": 17,
      "fn": 10
    }
  },
  "confusion_matrix": [
    [
      903,
      4,
      7,
      78,
      8
    ],
    [
      5,
      988,
      0,
      5,
      2
    ],
    [
      34,
      1,
      866,
      97,
      2
    ],
    [
      134,
      3,
      37,
      821,
      5
    ],
    [
      4,
      1,
      1,
      4,
      990
    ]
  ]
}