{
  "experiment": "exp3",
  "condition": {
    "num_classes": 3,
    "class_list": [
      0,
      2,
      9
    ],
    "class_names": [
      "T-shirt/top",
      "Pullover",
      "Ankle boot"
    ],
    "combo_idx": 0,
    "subset_pct": 60,
    "num_samples": 10800,
    "samples_per_class": 3600,
    "train_samples": 9720,
    "val_samples": 1080,
    "test_samples": 3000
  },
  "seed": 14994796,
  "timestamp": "2026-01-17T19:34:40.503941",
  "training_dynamics": {
    "epochs_trained": 12,
    "best_epoch": 2,
    "best_val_accuracy": 0.9861111111111112,
    "final_train_loss": 0.01598723306721551,
    "final_val_loss": 0.060399314826699316,
    "training_time_seconds": 5.132093667984009
  },
  "training_history": {
    "train_loss": [
      0.11192333691839226,
      0.05946420902220875,
      0.04816384821836101,
      0.04306839898038704,
      0.0377892683034971,
      0.03248569671919349,
      0.0273409491000118,
      0.02580473982781864,
      0.019738094171962553,
      0.01683141114354887,
      0.011446681356478382,
      0.01598723306721551
    ],
    "val_loss": [
      0.06541662688056628,
      0.041611079443935994,
      0.051187974048985375,
      0.0571130637217451,
      0.046770062187203656,
      0.05475672091598864,
      0.04293604799442821,
      0.05632272261988234,
      0.04356145312388738,
      0.07757706862908822,
      0.08039803889890512,
      0.060399314826699316
    ],
    "val_accuracy": [
      0.9787037037037037,
      0.9861111111111112,
      0.9824074074074074,
      0.9777777777777777,
      0.9824074074074074,
      0.9787037037037037,
      0.9814814814814815,
      0.9796296296296296,
      0.9833333333333333,
      0.9796296296296296,
      0.9787037037037037,
      0.9824074074074074
    ]
  },
  "global_metrics": {
    "accuracy": 0.981,
    "balanced_accuracy": 0.981,
    "top_3_accuracy": 1.0,
    "top_5_accuracy": 1.0,
    "log_loss": 0.06052735134646841,
    "mcc": 0.9715118201323846,
    "cohens_kappa": 0.9715,
    "precision_macro": 0.9810336008184405,
    "precision_micro": 0.981,
    "precision_weighted": 0.9810336008184405,
    "recall_macro": 0.981,
    "recall_micro": 0.981,
    "recall_weighted": 0.981,
    "f1_macro": 0.9810049918453895,
    "f1_micro": 0.981,
    "f1_weighted": 0.9810049918453895,
    "auroc_macro": 0.9983706666666666,
    "auroc_weighted": 0.9983706666666667,
    "auprc_macro": 0.9968127495536474
  },
  "per_class_metrics": {
    "0": {
      "precision": 0.9672943508424182,
      "recall": 0.976,
      "f1": 0.9716276754604282,
      "specificity": 0.9835,
      "fpr": 0.0165,
      "fnr": 0.024,
      "auroc": 0.997558,
      "auprc": 0.9949325440411951,
      "support": 1000,
      "tp": 976,
      "tn": 1967,
      "fp": 33,
      "fn": 24
    },
    "1": {
      "precision": 0.9758064516129032,
      "recall": 0.968,
      "f1": 0.9718875502008033,
      "specificity": 0.988,
      "fpr": 0.012,
      "fnr": 0.032,
      "auroc": 0.9975580000000001,
      "auprc": 0.9955136411276835,
      "support": 1000,
      "tp": 968,
      "tn": 1976,
      "fp": 24,
      "fn": 32
    },
    "2": {
      "precision": 1.0,
      "recall": 0.999,
      "f1": 0.9994997498749374,
      "specificity": 1.0,
      "fpr": 0.0,
      "fnr": 0.001,
      "auroc": 0.999996,
      "auprc": 0.9999920634920635,
      "support": 1000,
      "tp": 999,
      "tn": 2000,
      "fp": 0,
      "fn": 1
    }
  },
  "confusion_matrix": [
    [
      976,
      24,
      0
    ],
    [
      32,
      968,
      0
    ],
    [
      1,
      0,
      999
    ]
  ]
}