{
  "experiment": "exp3",
  "condition": {
    "num_classes": 2,
    "class_list": [
      5,
      8
    ],
    "class_names": [
      "Sandal",
      "Bag"
    ],
    "combo_idx": 3,
    "subset_pct": 90,
    "num_samples": 10800,
    "samples_per_class": 5400,
    "train_samples": 9720,
    "val_samples": 1080,
    "test_samples": 2000
  },
  "seed": 14994796,
  "timestamp": "2026-01-17T19:33:17.133627",
  "training_dynamics": {
    "epochs_trained": 22,
    "best_epoch": 12,
    "best_val_accuracy": 0.9990740740740741,
    "final_train_loss": 3.3268375038107334e-05,
    "final_val_loss": 0.013162629556609318,
    "training_time_seconds": 9.597344636917114
  },
  "training_history": {
    "train_loss": [
      0.03590579845599438,
      0.008218133197299506,
      0.0027757799194109553,
      0.0027881853173844797,
      0.00386640122982391,
      0.0034601176366154847,
      0.0028323979745345476,
      0.0010168593431767342,
      0.0001360252637676234,
      3.164489360395425e-05,
      2.956859346170404e-05,
      2.5531860241824833e-05,
      3.134445191147064e-05,
      3.0056627540070142e-05,
      0.00017844265770867494,
      0.011225823200334162,
      0.0023686172648578314,
      0.0005050491375535827,
      0.00017045989785838413,
      5.780430735687727e-05,
      4.9426245864032425e-05,
      3.3268375038107334e-05
    ],
    "val_loss": [
      0.021522240613207774,
      0.020517722918238078,
      0.010799161402691325,
      0.024258726795101715,
      0.015595511008602141,
      0.012925676652028213,
      0.021198083395030085,
      0.018412404959006517,
      0.01091632419860852,
      0.010213734743540584,
      0.010218767371994815,
      0.010008283996308752,
      0.010168867647930542,
      0.010180671340748194,
      0.02020133243418227,
      0.013938207717432373,
      0.02007020946001898,
      0.013511979810209596,
      0.016728820034381055,
      0.01443206208273127,
      0.014220313899992712,
      0.013162629556609318
    ],
    "val_accuracy": [
      0.9916666666666667,
      0.9953703703703703,
      0.9981481481481481,
      0.9972222222222222,
      0.9981481481481481,
      0.9962962962962963,
      0.9972222222222222,
      0.9962962962962963,
      0.9990740740740741,
      0.9981481481481481,
      0.9990740740740741,
      0.9981481481481481,
      0.9981481481481481,
      0.9981481481481481,
      0.9962962962962963,
      0.9962962962962963,
      0.9972222222222222,
      0.9981481481481481,
      0.9972222222222222,
      0.9972222222222222,
      0.9972222222222222,
      0.9972222222222222
    ]
  },
  "global_metrics": {
    "accuracy": 0.9985,
    "balanced_accuracy": 0.9984999999999999,
    "top_3_accuracy": 1.0,
    "top_5_accuracy": 1.0,
    "log_loss": 0.002295440104511316,
    "mcc": 0.9970044865302841,
    "cohens_kappa": 0.997,
    "precision_macro": 0.9985044865403789,
    "precision_micro": 0.9985,
    "precision_weighted": 0.9985044865403788,
    "recall_macro": 0.9984999999999999,
    "recall_micro": 0.9985,
    "recall_weighted": 0.9985,
    "f1_macro": 0.9984999966249923,
    "f1_micro": 0.9985,
    "f1_weighted": 0.9984999966249924,
    "auroc_macro": 1.0,
    "auroc_weighted": 1.0,
    "auprc_macro": 1.0
  },
  "per_class_metrics": {
    "0": {
      "precision": 0.9970089730807578,
      "recall": 1.0,
      "f1": 0.9985022466300548,
      "specificity": 0.997,
      "fpr": 0.003,
      "fnr": 0.0,
      "auroc": 1.0,
      "auprc": 1.0,
      "support": 1000,
      "tp": 1000,
      "tn": 997,
      "fp": 3,
      "fn": 0
    },
    "1": {
      "precision": 1.0,
      "recall": 0.997,
      "f1": 0.99849774661993,
      "specificity": 1.0,
      "fpr": 0.0,
      "fnr": 0.003,
      "auroc": 1.0,
      "auprc": 1.0,
      "support": 1000,
      "tp": 997,
      "tn": 1000,
      "fp": 0,
      "fn": 3
    }
  },
  "confusion_matrix": [
    [
      1000,
      0
    ],
    [
      3,
      997
    ]
  ]
}