{
  "experiment": "exp3",
  "condition": {
    "num_classes": 9,
    "class_list": [
      0,
      1,
      2,
      3,
      4,
      5,
      6,
      7,
      8
    ],
    "class_names": [
      "T-shirt/top",
      "Trouser",
      "Pullover",
      "Dress",
      "Coat",
      "Sandal",
      "Shirt",
      "Sneaker",
      "Bag"
    ],
    "combo_idx": 0,
    "subset_pct": 60,
    "num_samples": 32400,
    "samples_per_class": 3600,
    "train_samples": 29160,
    "val_samples": 3240,
    "test_samples": 9000
  },
  "seed": 14994796,
  "timestamp": "2026-01-17T20:46:39.289761",
  "training_dynamics": {
    "epochs_trained": 16,
    "best_epoch": 6,
    "best_val_accuracy": 0.9219135802469136,
    "final_train_loss": 0.06170762759345388,
    "final_val_loss": 0.33071094383428123,
    "training_time_seconds": 22.755321741104126
  },
  "training_history": {
    "train_loss": [
      0.5008153619342729,
      0.3278811050807698,
      0.2745512105491862,
      0.24304827802667492,
      0.2167852113284824,
      0.19043369257920667,
      0.17211866054455177,
      0.15247665817048728,
      0.13474748726411348,
      0.12301757542432792,
      0.10542959216451109,
      0.1017380008400467,
      0.08721615528083292,
      0.08458188402041662,
      0.07512970641357497,
      0.06170762759345388
    ],
    "val_loss": [
      0.34688657176347426,
      0.33068452565758316,
      0.2671859181221621,
      0.304683071963581,
      0.2532096302435722,
      0.23605339777322462,
      0.25692148396262415,
      0.25970271435784703,
      0.26865180598364935,
      0.2607375815326785,
      0.25337085565667095,
      0.28609306473790863,
      0.3216975169417299,
      0.30864813809777486,
      0.34281398087372017,
      0.33071094383428123
    ],
    "val_accuracy": [
      0.8808641975308642,
      0.8780864197530864,
      0.8987654320987655,
      0.887962962962963,
      0.9157407407407407,
      0.9145061728395062,
      0.9160493827160494,
      0.9219135802469136,
      0.9101851851851852,
      0.9166666666666666,
      0.9160493827160494,
      0.9120370370370371,
      0.9117283950617284,
      0.9188271604938272,
      0.9148148148148149,
      0.9191358024691358
    ]
  },
  "global_metrics": {
    "accuracy": 0.9067777777777778,
    "balanced_accuracy": 0.9067777777777777,
    "top_3_accuracy": 0.9917777777777778,
    "top_5_accuracy": 0.9986666666666667,
    "log_loss": 0.2580742922055901,
    "mcc": 0.8954557329806228,
    "cohens_kappa": 0.895125,
    "precision_macro": 0.9074449402262589,
    "precision_micro": 0.9067777777777778,
    "precision_weighted": 0.9074449402262588,
    "recall_macro": 0.9067777777777777,
    "recall_micro": 0.9067777777777778,
    "recall_weighted": 0.9067777777777778,
    "f1_macro": 0.9058929728090952,
    "f1_micro": 0.9067777777777778,
    "f1_weighted": 0.9058929728090952,
    "auroc_macro": 0.9932444652777779,
    "auroc_weighted": 0.9932444652777779,
    "auprc_macro": 0.9588649251892531
  },
  "per_class_metrics": {
    "0": {
      "precision": 0.8225806451612904,
      "recall": 0.918,
      "f1": 0.8676748582230625,
      "specificity": 0.97525,
      "fpr": 0.02475,
      "fnr": 0.082,
      "auroc": 0.99082475,
      "auprc": 0.9427399920501048,
      "support": 1000,
      "tp": 918,
      "tn": 7802,
      "fp": 198,
      "fn": 82
    },
    "1": {
      "precision": 0.984984984984985,
      "recall": 0.984,
      "f1": 0.9844922461230615,
      "specificity": 0.998125,
      "fpr": 0.001875,
      "fnr": 0.016,
      "auroc": 0.9997853750000001,
      "auprc": 0.9985758389375393,
      "support": 1000,
      "tp": 984,
      "tn": 7985,
      "fp": 15,
      "fn": 16
    },
    "2": {
      "precision": 0.8746145940390545,
      "recall": 0.851,
      "f1": 0.8626457171819564,
      "specificity": 0.98475,
      "fpr": 0.01525,
      "fnr": 0.149,
      "auroc": 0.990472375,
      "auprc": 0.9399780530370458,
      "support": 1000,
      "tp": 851,
      "tn": 7878,
      "fp": 122,
      "fn": 149
    },
    "3": {
      "precision": 0.926954732510288,
      "recall": 0.901,
      "f1": 0.9137931034482758,
      "specificity": 0.991125,
      "fpr": 0.008875,
      "fnr": 0.099,
      "auroc": 0.9959868124999999,
      "auprc": 0.9696829485564615,
      "support": 1000,
      "tp": 901,
      "tn": 7929,
      "fp": 71,
      "fn": 99
    },
    "4": {
      "precision": 0.8084532374100719,
      "recall": 0.899,
      "f1": 0.8513257575757576,
      "specificity": 0.973375,
      "fpr": 0.026625,
      "fnr": 0.101,
      "auroc": 0.9913155,
      "auprc": 0.9417197479162102,
      "support": 1000,
      "tp": 899,
      "tn": 7787,
      "fp": 213,
      "fn": 101
    },
    "5": {
      "precision": 0.9928352098259979,
      "recall": 0.97,
      "f1": 0.9812847749114819,
      "specificity": 0.999125,
      "fpr": 0.000875,
      "fnr": 0.03,
      "auroc": 0.999841,
      "auprc": 0.9988064412052199,
      "support": 1000,
      "tp": 970,
      "tn": 7993,
      "fp": 7,
      "fn": 30
    },
    "6": {
      "precision": 0.7978723404255319,
      "recall": 0.675,
      "f1": 0.7313109425785482,
      "specificity": 0.978625,
      "fpr": 0.021375,
      "fnr": 0.325,
      "auroc": 0.9716348749999999,
      "auprc": 0.8421163003001357,
      "support": 1000,
      "tp": 675,
      "tn": 7829,
      "fp": 171,
      "fn": 325
    },
    "7": {
      "precision": 0.967930029154519,
      "recall": 0.996,
      "f1": 0.9817644159684574,
      "specificity": 0.995875,
      "fpr": 0.004125,
      "fnr": 0.004,
      "auroc": 0.999892125,
      "auprc": 0.9991465974683746,
      "support": 1000,
      "tp": 996,
      "tn": 7967,
      "fp": 33,
      "fn": 4
    },
    "8": {
      "precision": 0.9907786885245902,
      "recall": 0.967,
      "f1": 0.9787449392712552,
      "specificity": 0.998875,
      "fpr": 0.001125,
      "fnr": 0.033,
      "auroc": 0.999447375,
      "auprc": 0.9970184072321867,
      "support": 1000,
      "tp": 967,
      "tn": 7991,
      "fp": 9,
      "fn": 33
    }
  },
  "confusion_matrix": [
    [
      918,
      0,
      14,
      12,
      5,
      1,
      48,
      0,
      2
    ],
    [
      2,
      984,
      1,
      9,
      1,
      0,
      1,
      0,
      2
    ],
    [
      16,
      1,
      851,
      5,
      80,
      0,
      46,
      0,
      1
    ],
    [
      20,
      10,
      13,
      901,
      28,
      0,
      28,
      0,
      0
    ],
    [
      1,
      0,
      39,
      21,
      899,
      0,
      39,
      0,
      1
    ],
    [
      0,
      0,
      0,
      0,
      0,
      970,
      0,
      29,
      1
    ],
    [
      155,
      2,
      54,
      20,
      92,
      0,
      675,
      0,
      2
    ],
    [
      0,
      0,
      0,
      0,
      0,
      4,
      0,
      996,
      0
    ],
    [
      4,
      2,
      1,
      4,
      7,
      2,
      9,
      4,
      967
    ]
  ]
}