{
  "experiment": "exp3",
  "condition": {
    "num_classes": 6,
    "class_list": [
      0,
      1,
      3,
      4,
      6,
      8
    ],
    "class_names": [
      "T-shirt/top",
      "Trouser",
      "Dress",
      "Coat",
      "Shirt",
      "Bag"
    ],
    "combo_idx": 1,
    "subset_pct": 30,
    "num_samples": 10800,
    "samples_per_class": 1800,
    "train_samples": 9720,
    "val_samples": 1080,
    "test_samples": 6000
  },
  "seed": 14994796,
  "timestamp": "2026-01-17T20:04:33.607640",
  "training_dynamics": {
    "epochs_trained": 17,
    "best_epoch": 7,
    "best_val_accuracy": 0.9166666666666666,
    "final_train_loss": 0.044937210371962896,
    "final_val_loss": 0.3280580034962407,
    "training_time_seconds": 7.937876462936401
  },
  "training_history": {
    "train_loss": [
      0.5639822696776766,
      0.3738495825152648,
      0.31379570047322075,
      0.2675574160622139,
      0.23618715266255955,
      0.20090215751215032,
      0.17143273223681668,
      0.1469309319447922,
      0.12303376854642441,
      0.11294143477846917,
      0.08453227015898417,
      0.07612318306622144,
      0.05711038406374619,
      0.058164148223831466,
      0.0482692220952901,
      0.048300560445855616,
      0.044937210371962896
    ],
    "val_loss": [
      0.339600505873009,
      0.2770280169116126,
      0.28800069866357025,
      0.2482785712789606,
      0.2773300291211517,
      0.2859824361624541,
      0.23463050999023297,
      0.27587584058443704,
      0.2939065038054078,
      0.29446362543989113,
      0.32162296418790465,
      0.31138378933623984,
      0.39767065246899924,
      0.34793583265057315,
      0.4450467621838605,
      0.3952889687485165,
      0.3280580034962407
    ],
    "val_accuracy": [
      0.8740740740740741,
      0.9027777777777778,
      0.8944444444444445,
      0.8935185185185185,
      0.8981481481481481,
      0.8972222222222223,
      0.9148148148148149,
      0.912962962962963,
      0.9018518518518519,
      0.9092592592592592,
      0.9101851851851852,
      0.9148148148148149,
      0.899074074074074,
      0.9037037037037037,
      0.8972222222222223,
      0.9027777777777778,
      0.9166666666666666
    ]
  },
  "global_metrics": {
    "accuracy": 0.8935,
    "balanced_accuracy": 0.8935,
    "top_3_accuracy": 0.9906666666666667,
    "top_5_accuracy": 0.9988333333333334,
    "log_loss": 0.2914274556591171,
    "mcc": 0.8723880489717503,
    "cohens_kappa": 0.8722000000000001,
    "precision_macro": 0.8952788009600372,
    "precision_micro": 0.8935,
    "precision_weighted": 0.8952788009600372,
    "recall_macro": 0.8935,
    "recall_micro": 0.8935,
    "recall_weighted": 0.8935,
    "f1_macro": 0.8939266341557294,
    "f1_micro": 0.8935,
    "f1_weighted": 0.8939266341557294,
    "auroc_macro": 0.9882822499999998,
    "auroc_weighted": 0.98828225,
    "auprc_macro": 0.9536786209919875
  },
  "per_class_metrics": {
    "0": {
      "precision": 0.8813928182807399,
      "recall": 0.81,
      "f1": 0.8441896821261072,
      "specificity": 0.9782,
      "fpr": 0.0218,
      "fnr": 0.19,
      "auroc": 0.985069,
      "auprc": 0.935616021828624,
      "support": 1000,
      "tp": 810,
      "tn": 4891,
      "fp": 109,
      "fn": 190
    },
    "1": {
      "precision": 0.9888663967611336,
      "recall": 0.977,
      "f1": 0.982897384305835,
      "specificity": 0.9978,
      "fpr": 0.0022,
      "fnr": 0.023,
      "auroc": 0.9994336,
      "auprc": 0.9978014732118611,
      "support": 1000,
      "tp": 977,
      "tn": 4989,
      "fp": 11,
      "fn": 23
    },
    "2": {
      "precision": 0.9092741935483871,
      "recall": 0.902,
      "f1": 0.9056224899598394,
      "specificity": 0.982,
      "fpr": 0.018,
      "fnr": 0.098,
      "auroc": 0.9928678999999999,
      "auprc": 0.9678010305826422,
      "support": 1000,
      "tp": 902,
      "tn": 4910,
      "fp": 90,
      "fn": 98
    },
    "3": {
      "precision": 0.8593012275731823,
      "recall": 0.91,
      "f1": 0.8839242350655658,
      "specificity": 0.9702,
      "fpr": 0.0298,
      "fnr": 0.09,
      "auroc": 0.9905839999999999,
      "auprc": 0.9573627708316076,
      "support": 1000,
      "tp": 910,
      "tn": 4851,
      "fp": 149,
      "fn": 90
    },
    "4": {
      "precision": 0.7459562321598477,
      "recall": 0.784,
      "f1": 0.764505119453925,
      "specificity": 0.9466,
      "fpr": 0.0534,
      "fnr": 0.216,
      "auroc": 0.9625360000000001,
      "auprc": 0.8661327188092537,
      "support": 1000,
      "tp": 784,
      "tn": 4733,
      "fp": 267,
      "fn": 216
    },
    "5": {
      "precision": 0.9868819374369324,
      "recall": 0.978,
      "f1": 0.9824208940231041,
      "specificity": 0.9974,
      "fpr": 0.0026,
      "fnr": 0.022,
      "auroc": 0.9992030000000001,
      "auprc": 0.9973577106879363,
      "support": 1000,
      "tp": 978,
      "tn": 4987,
      "fp": 13,
      "fn": 22
    }
  },
  "confusion_matrix": [
    [
      810,
      2,
      24,
      6,
      151,
      7
    ],
    [
      3,
      977,
      13,
      3,
      3,
      1
    ],
    [
      12,
      5,
      902,
      37,
      44,
      0
    ],
    [
      0,
      0,
      27,
      910,
      62,
      1
    ],
    [
      90,
      2,
      24,
      96,
      784,
      4
    ],
    [
      4,
      2,
      2,
      7,
      7,
      978
    ]
  ]
}