{
  "experiment": "exp3",
  "condition": {
    "num_classes": 4,
    "class_list": [
      1,
      4,
      5,
      9
    ],
    "class_names": [
      "Trouser",
      "Coat",
      "Sandal",
      "Ankle boot"
    ],
    "combo_idx": 2,
    "subset_pct": 40,
    "num_samples": 9600,
    "samples_per_class": 2400,
    "train_samples": 8640,
    "val_samples": 960,
    "test_samples": 4000
  },
  "seed": 14994796,
  "timestamp": "2026-01-17T19:45:24.094805",
  "training_dynamics": {
    "epochs_trained": 16,
    "best_epoch": 6,
    "best_val_accuracy": 0.99375,
    "final_train_loss": 0.00311134809642142,
    "final_val_loss": 0.022655794312481704,
    "training_time_seconds": 6.43073034286499
  },
  "training_history": {
    "train_loss": [
      0.09566926671605971,
      0.03150956422194011,
      0.01977172446290583,
      0.017438970006252122,
      0.010798906822391372,
      0.012124911959458754,
      0.0102574526651383,
      0.007797410727632976,
      0.005106621501553727,
      0.0015655071218437417,
      0.0003942622309447567,
      0.00038005019435634796,
      0.0071710649026499595,
      0.0065975748531383474,
      0.0036772232427581372,
      0.00311134809642142
    ],
    "val_loss": [
      0.028279429433556894,
      0.03577736170652012,
      0.023446386905076604,
      0.02691747506420749,
      0.03027397897094488,
      0.02047493336115925,
      0.02959769712627652,
      0.06264120906901856,
      0.033850523197179426,
      0.030689547035338667,
      0.021504074624287266,
      0.048422088727723654,
      0.036533690721626044,
      0.04296003915878828,
      0.026630204575000486,
      0.022655794312481704
    ],
    "val_accuracy": [
      0.9927083333333333,
      0.9864583333333333,
      0.99375,
      0.9927083333333333,
      0.9895833333333334,
      0.9916666666666667,
      0.990625,
      0.98125,
      0.9895833333333334,
      0.9927083333333333,
      0.99375,
      0.9895833333333334,
      0.990625,
      0.9916666666666667,
      0.9916666666666667,
      0.9895833333333334
    ]
  },
  "global_metrics": {
    "accuracy": 0.992,
    "balanced_accuracy": 0.992,
    "top_3_accuracy": 0.99975,
    "top_5_accuracy": 1.0,
    "log_loss": 0.02864606448398827,
    "mcc": 0.9893720020447458,
    "cohens_kappa": 0.9893333333333333,
    "precision_macro": 0.9921186525327794,
    "precision_micro": 0.992,
    "precision_weighted": 0.9921186525327794,
    "recall_macro": 0.992,
    "recall_micro": 0.992,
    "recall_weighted": 0.992,
    "f1_macro": 0.9920014420832628,
    "f1_micro": 0.992,
    "f1_weighted": 0.9920014420832629,
    "auroc_macro": 0.9999136666666666,
    "auroc_weighted": 0.9999136666666666,
    "auprc_macro": 0.9997524282453142
  },
  "per_class_metrics": {
    "0": {
      "precision": 0.9989785495403473,
      "recall": 0.978,
      "f1": 0.988377968671046,
      "specificity": 0.9996666666666667,
      "fpr": 0.0003333333333333333,
      "fnr": 0.022,
      "auroc": 0.9999053333333333,
      "auprc": 0.9997563747770745,
      "support": 1000,
      "tp": 978,
      "tn": 2999,
      "fp": 1,
      "fn": 22
    },
    "1": {
      "precision": 0.9774951076320939,
      "recall": 0.999,
      "f1": 0.9881305637982196,
      "specificity": 0.9923333333333333,
      "fpr": 0.007666666666666666,
      "fnr": 0.001,
      "auroc": 0.9999483333333333,
      "auprc": 0.999842205452933,
      "support": 1000,
      "tp": 999,
      "tn": 2977,
      "fp": 23,
      "fn": 1
    },
    "2": {
      "precision": 0.9950099800399201,
      "recall": 0.997,
      "f1": 0.9960039960039959,
      "specificity": 0.9983333333333333,
      "fpr": 0.0016666666666666668,
      "fnr": 0.003,
      "auroc": 0.9999066666666666,
      "auprc": 0.9996982697317875,
      "support": 1000,
      "tp": 997,
      "tn": 2995,
      "fp": 5,
      "fn": 3
    },
    "3": {
      "precision": 0.9969909729187563,
      "recall": 0.994,
      "f1": 0.9954932398597897,
      "specificity": 0.999,
      "fpr": 0.001,
      "fnr": 0.006,
      "auroc": 0.9998943333333333,
      "auprc": 0.9997128630194619,
      "support": 1000,
      "tp": 994,
      "tn": 2997,
      "fp": 3,
      "fn": 6
    }
  },
  "confusion_matrix": [
    [
      978,
      22,
      0,
      0
    ],
    [
      1,
      999,
      0,
      0
    ],
    [
      0,
      0,
      997,
      3
    ],
    [
      0,
      1,
      5,
      994
    ]
  ]
}