{
  "experiment": "exp3",
  "condition": {
    "num_classes": 7,
    "class_list": [
      0,
      1,
      2,
      3,
      5,
      7,
      8
    ],
    "class_names": [
      "T-shirt/top",
      "Trouser",
      "Pullover",
      "Dress",
      "Sandal",
      "Sneaker",
      "Bag"
    ],
    "combo_idx": 1,
    "subset_pct": 80,
    "num_samples": 33600,
    "samples_per_class": 4800,
    "train_samples": 30240,
    "val_samples": 3360,
    "test_samples": 7000
  },
  "seed": 14994796,
  "timestamp": "2026-01-17T20:19:14.195131",
  "training_dynamics": {
    "epochs_trained": 19,
    "best_epoch": 9,
    "best_val_accuracy": 0.9755952380952381,
    "final_train_loss": 0.01617052288522061,
    "final_val_loss": 0.12686765927355736,
    "training_time_seconds": 27.698697566986084
  },
  "training_history": {
    "train_loss": [
      0.21953176207698677,
      0.11410371063426768,
      0.09133782022904376,
      0.07349923286827215,
      0.06494442164631123,
      0.05736690604380956,
      0.04723023172032559,
      0.04338904078995679,
      0.03917130667555794,
      0.033443804233961094,
      0.0314411332340821,
      0.02498357744015464,
      0.0255271324161322,
      0.022320103336762574,
      0.023742461950669803,
      0.018941820481954287,
      0.02008057640204671,
      0.020148825545549264,
      0.01617052288522061
    ],
    "val_loss": [
      0.1276030434029443,
      0.10251981733100755,
      0.0912711155556497,
      0.08853302026344907,
      0.09634330865283984,
      0.09323382511557568,
      0.09565070567297794,
      0.09876511918181287,
      0.08491540020775228,
      0.09247661472652995,
      0.10158369709440324,
      0.08691872701969086,
      0.10643912982195616,
      0.10002489454290342,
      0.10086590199858793,
      0.12635312587288874,
      0.10695443194625633,
      0.0979693785331966,
      0.12686765927355736
    ],
    "val_accuracy": [
      0.9592261904761905,
      0.9648809523809524,
      0.9702380952380952,
      0.9699404761904762,
      0.9681547619047619,
      0.9723214285714286,
      0.9693452380952381,
      0.9702380952380952,
      0.9755952380952381,
      0.9747023809523809,
      0.9729166666666667,
      0.9744047619047619,
      0.9720238095238095,
      0.9741071428571428,
      0.9732142857142857,
      0.9708333333333333,
      0.9666666666666667,
      0.9747023809523809,
      0.9696428571428571
    ]
  },
  "global_metrics": {
    "accuracy": 0.9721428571428572,
    "balanced_accuracy": 0.9721428571428572,
    "top_3_accuracy": 0.9988571428571429,
    "top_5_accuracy": 1.0,
    "log_loss": 0.09662204322085546,
    "mcc": 0.9675252711686639,
    "cohens_kappa": 0.9675,
    "precision_macro": 0.9723728627678289,
    "precision_micro": 0.9721428571428572,
    "precision_weighted": 0.972372862767829,
    "recall_macro": 0.9721428571428572,
    "recall_micro": 0.9721428571428572,
    "recall_weighted": 0.9721428571428572,
    "f1_macro": 0.9721816719930236,
    "f1_micro": 0.9721428571428572,
    "f1_weighted": 0.9721816719930237,
    "auroc_macro": 0.9987373928571431,
    "auroc_weighted": 0.9987373928571429,
    "auprc_macro": 0.9937565653852322
  },
  "per_class_metrics": {
    "0": {
      "precision": 0.9296875,
      "recall": 0.952,
      "f1": 0.9407114624505929,
      "specificity": 0.988,
      "fpr": 0.012,
      "fnr": 0.048,
      "auroc": 0.9964560000000001,
      "auprc": 0.9838666016587665,
      "support": 1000,
      "tp": 952,
      "tn": 5928,
      "fp": 72,
      "fn": 48
    },
    "1": {
      "precision": 0.9949596774193549,
      "recall": 0.987,
      "f1": 0.9909638554216869,
      "specificity": 0.9991666666666666,
      "fpr": 0.0008333333333333334,
      "fnr": 0.013,
      "auroc": 0.9995681666666667,
      "auprc": 0.9984646638938061,
      "support": 1000,
      "tp": 987,
      "tn": 5995,
      "fp": 5,
      "fn": 13
    },
    "2": {
      "precision": 0.9781931464174455,
      "recall": 0.942,
      "f1": 0.9597554763117676,
      "specificity": 0.9965,
      "fpr": 0.0035,
      "fnr": 0.058,
      "auroc": 0.9975895,
      "auprc": 0.9901430225015754,
      "support": 1000,
      "tp": 942,
      "tn": 5979,
      "fp": 21,
      "fn": 58
    },
    "3": {
      "precision": 0.9466403162055336,
      "recall": 0.958,
      "f1": 0.9522862823061631,
      "specificity": 0.991,
      "fpr": 0.009,
      "fnr": 0.042,
      "auroc": 0.9980834166666668,
      "auprc": 0.9867966602360171,
      "support": 1000,
      "tp": 958,
      "tn": 5946,
      "fp": 54,
      "fn": 42
    },
    "4": {
      "precision": 0.9880239520958084,
      "recall": 0.99,
      "f1": 0.989010989010989,
      "specificity": 0.998,
      "fpr": 0.002,
      "fnr": 0.01,
      "auroc": 0.9997773333333333,
      "auprc": 0.9988905221880366,
      "support": 1000,
      "tp": 990,
      "tn": 5988,
      "fp": 12,
      "fn": 10
    },
    "5": {
      "precision": 0.9850894632206759,
      "recall": 0.991,
      "f1": 0.9880358923230309,
      "specificity": 0.9975,
      "fpr": 0.0025,
      "fnr": 0.009,
      "auroc": 0.999856,
      "auprc": 0.9991224444368607,
      "support": 1000,
      "tp": 991,
      "tn": 5985,
      "fp": 15,
      "fn": 9
    },
    "6": {
      "precision": 0.984015984015984,
      "recall": 0.985,
      "f1": 0.9845077461269365,
      "specificity": 0.9973333333333333,
      "fpr": 0.0026666666666666666,
      "fnr": 0.015,
      "auroc": 0.9998313333333334,
      "auprc": 0.9990120427815624,
      "support": 1000,
      "tp": 985,
      "tn": 5984,
      "fp": 16,
      "fn": 15
    }
  },
  "confusion_matrix": [
    [
      952,
      1,
      12,
      26,
      1,
      0,
      8
    ],
    [
      2,
      987,
      0,
      10,
      0,
      0,
      1
    ],
    [
      37,
      2,
      942,
      16,
      0,
      0,
      3
    ],
    [
      28,
      1,
      9,
      958,
      0,
      0,
      4
    ],
    [
      0,
      0,
      0,
      0,
      990,
      10,
      0
    ],
    [
      0,
      0,
      0,
      0,
      9,
      991,
      0
    ],
    [
      5,
      1,
      0,
      2,
      2,
      5,
      985
    ]
  ]
}