{
  "experiment": "exp3",
  "condition": {
    "num_classes": 8,
    "class_list": [
      1,
      2,
      3,
      4,
      5,
      7,
      8,
      9
    ],
    "class_names": [
      "Trouser",
      "Pullover",
      "Dress",
      "Coat",
      "Sandal",
      "Sneaker",
      "Bag",
      "Ankle boot"
    ],
    "combo_idx": 3,
    "subset_pct": 80,
    "num_samples": 38400,
    "samples_per_class": 4800,
    "train_samples": 34560,
    "val_samples": 3840,
    "test_samples": 8000
  },
  "seed": 14994796,
  "timestamp": "2026-01-17T20:41:13.263375",
  "training_dynamics": {
    "epochs_trained": 18,
    "best_epoch": 8,
    "best_val_accuracy": 0.9666666666666667,
    "final_train_loss": 0.028230378214006865,
    "final_val_loss": 0.1423237737811481,
    "training_time_seconds": 28.69626522064209
  },
  "training_history": {
    "train_loss": [
      0.2935633160587814,
      0.16304083253015522,
      0.1309060937276593,
      0.10977531181544893,
      0.0974164958042955,
      0.0851337362167046,
      0.07476463016398527,
      0.06714626971149334,
      0.06116323734297314,
      0.05290387772084041,
      0.05133561835822615,
      0.04410018746059871,
      0.04221209638533226,
      0.037597786115495385,
      0.03492407189634698,
      0.032446736005443164,
      0.030743139102479392,
      0.028230378214006865
    ],
    "val_loss": [
      0.1647970536723733,
      0.12854784823333223,
      0.1378034772661825,
      0.12599071459844707,
      0.10898102472225825,
      0.11501136349203686,
      0.108197538399448,
      0.1073924556064109,
      0.1109420569303135,
      0.14929256048053502,
      0.13172288092706974,
      0.12233750181815897,
      0.14008744714471202,
      0.1219725480885245,
      0.14054896178034446,
      0.16522505723599654,
      0.1482050742333134,
      0.1423237737811481
    ],
    "val_accuracy": [
      0.93828125,
      0.9541666666666667,
      0.95,
      0.95390625,
      0.9609375,
      0.96015625,
      0.9635416666666666,
      0.96484375,
      0.9666666666666667,
      0.9549479166666667,
      0.9640625,
      0.9635416666666666,
      0.96171875,
      0.9661458333333334,
      0.9572916666666667,
      0.9588541666666667,
      0.9604166666666667,
      0.9653645833333333
    ]
  },
  "global_metrics": {
    "accuracy": 0.962375,
    "balanced_accuracy": 0.962375,
    "top_3_accuracy": 0.99875,
    "top_5_accuracy": 0.999875,
    "log_loss": 0.1139945110192392,
    "mcc": 0.9570316338362826,
    "cohens_kappa": 0.957,
    "precision_macro": 0.9628675220256993,
    "precision_micro": 0.962375,
    "precision_weighted": 0.9628675220256991,
    "recall_macro": 0.962375,
    "recall_micro": 0.962375,
    "recall_weighted": 0.962375,
    "f1_macro": 0.9625102439911819,
    "f1_micro": 0.962375,
    "f1_weighted": 0.9625102439911818,
    "auroc_macro": 0.9985980714285714,
    "auroc_weighted": 0.9985980714285713,
    "auprc_macro": 0.9914372986845106
  },
  "per_class_metrics": {
    "0": {
      "precision": 0.9959390862944163,
      "recall": 0.981,
      "f1": 0.9884130982367759,
      "specificity": 0.9994285714285714,
      "fpr": 0.0005714285714285715,
      "fnr": 0.019,
      "auroc": 0.9997367142857142,
      "auprc": 0.9986109147878593,
      "support": 1000,
      "tp": 981,
      "tn": 6996,
      "fp": 4,
      "fn": 19
    },
    "1": {
      "precision": 0.9300699300699301,
      "recall": 0.931,
      "f1": 0.9305347326336832,
      "specificity": 0.99,
      "fpr": 0.01,
      "fnr": 0.069,
      "auroc": 0.9966437142857142,
      "auprc": 0.9817380816003668,
      "support": 1000,
      "tp": 931,
      "tn": 6930,
      "fp": 70,
      "fn": 69
    },
    "2": {
      "precision": 0.9374389051808406,
      "recall": 0.959,
      "f1": 0.9480968858131487,
      "specificity": 0.9908571428571429,
      "fpr": 0.009142857142857144,
      "fnr": 0.041,
      "auroc": 0.9983282857142857,
      "auprc": 0.9874818374512813,
      "support": 1000,
      "tp": 959,
      "tn": 6936,
      "fp": 64,
      "fn": 41
    },
    "3": {
      "precision": 0.9160908193484699,
      "recall": 0.928,
      "f1": 0.9220069547938401,
      "specificity": 0.9878571428571429,
      "fpr": 0.012142857142857143,
      "fnr": 0.072,
      "auroc": 0.9964402857142857,
      "auprc": 0.9769150302645816,
      "support": 1000,
      "tp": 928,
      "tn": 6915,
      "fp": 85,
      "fn": 72
    },
    "4": {
      "precision": 0.9908998988877654,
      "recall": 0.98,
      "f1": 0.9854198089492208,
      "specificity": 0.9987142857142857,
      "fpr": 0.0012857142857142856,
      "fnr": 0.02,
      "auroc": 0.9997094285714286,
      "auprc": 0.9981546729038729,
      "support": 1000,
      "tp": 980,
      "tn": 6991,
      "fp": 9,
      "fn": 20
    },
    "5": {
      "precision": 0.9489402697495183,
      "recall": 0.985,
      "f1": 0.9666339548577035,
      "specificity": 0.9924285714285714,
      "fpr": 0.007571428571428572,
      "fnr": 0.015,
      "auroc": 0.9991872857142857,
      "auprc": 0.994709507154362,
      "support": 1000,
      "tp": 985,
      "tn": 6947,
      "fp": 53,
      "fn": 15
    },
    "6": {
      "precision": 0.9989775051124744,
      "recall": 0.977,
      "f1": 0.9878665318503539,
      "specificity": 0.9998571428571429,
      "fpr": 0.00014285714285714287,
      "fnr": 0.023,
      "auroc": 0.9993782857142857,
      "auprc": 0.9980887452987234,
      "support": 1000,
      "tp": 977,
      "tn": 6999,
      "fp": 1,
      "fn": 23
    },
    "7": {
      "precision": 0.9845837615621789,
      "recall": 0.958,
      "f1": 0.9711099847947288,
      "specificity": 0.9978571428571429,
      "fpr": 0.002142857142857143,
      "fnr": 0.042,
      "auroc": 0.9993605714285714,
      "auprc": 0.9957996000150373,
      "support": 1000,
      "tp": 958,
      "tn": 6985,
      "fp": 15,
      "fn": 42
    }
  },
  "confusion_matrix": [
    [
      981,
      0,
      18,
      0,
      0,
      0,
      1,
      0
    ],
    [
      1,
      931,
      14,
      54,
      0,
      0,
      0,
      0
    ],
    [
      0,
      19,
      959,
      22,
      0,
      0,
      0,
      0
    ],
    [
      1,
      48,
      23,
      928,
      0,
      0,
      0,
      0
    ],
    [
      0,
      0,
      1,
      0,
      980,
      13,
      0,
      6
    ],
    [
      0,
      0,
      0,
      0,
      6,
      985,
      0,
      9
    ],
    [
      2,
      2,
      8,
      9,
      0,
      2,
      977,
      0
    ],
    [
      0,
      1,
      0,
      0,
      3,
      38,
      0,
      958
    ]
  ]
}