{
  "experiment": "exp3",
  "condition": {
    "num_classes": 8,
    "class_list": [
      0,
      1,
      3,
      4,
      5,
      7,
      8,
      9
    ],
    "class_names": [
      "T-shirt/top",
      "Trouser",
      "Dress",
      "Coat",
      "Sandal",
      "Sneaker",
      "Bag",
      "Ankle boot"
    ],
    "combo_idx": 2,
    "subset_pct": 20,
    "num_samples": 9600,
    "samples_per_class": 1200,
    "train_samples": 8640,
    "val_samples": 960,
    "test_samples": 8000
  },
  "seed": 14994796,
  "timestamp": "2026-01-17T20:36:03.306223",
  "training_dynamics": {
    "epochs_trained": 18,
    "best_epoch": 8,
    "best_val_accuracy": 0.9520833333333333,
    "final_train_loss": 0.016392015824223765,
    "final_val_loss": 0.21875585888822874,
    "training_time_seconds": 7.962444067001343
  },
  "training_history": {
    "train_loss": [
      0.390843399365743,
      0.18227225473081624,
      0.15263014143263853,
      0.11197106278053036,
      0.10510715126853298,
      0.07951932468762,
      0.06241661785860304,
      0.05579294565099257,
      0.05400100026831583,
      0.04405255523699991,
      0.03185235022187785,
      0.033606686653931524,
      0.02872806021693611,
      0.018168685744576914,
      0.020659064170818225,
      0.022797054539357,
      0.027987620883828238,
      0.016392015824223765
    ],
    "val_loss": [
      0.2337703213095665,
      0.21869829644759495,
      0.174433267613252,
      0.18442740788062414,
      0.18047175084551176,
      0.1758348007996877,
      0.2144439622759819,
      0.1739382803440094,
      0.2130860447883606,
      0.18565810086826484,
      0.19806087836623193,
      0.2156128890812397,
      0.25007550567388537,
      0.22772587984800338,
      0.22279896003504593,
      0.22801295121510823,
      0.2514345695575078,
      0.21875585888822874
    ],
    "val_accuracy": [
      0.925,
      0.9333333333333333,
      0.9427083333333334,
      0.9395833333333333,
      0.9520833333333333,
      0.95,
      0.940625,
      0.9479166666666666,
      0.9385416666666667,
      0.9447916666666667,
      0.9489583333333333,
      0.9510416666666667,
      0.9333333333333333,
      0.9489583333333333,
      0.9479166666666666,
      0.9489583333333333,
      0.9510416666666667,
      0.95
    ]
  },
  "global_metrics": {
    "accuracy": 0.954875,
    "balanced_accuracy": 0.954875,
    "top_3_accuracy": 0.997625,
    "top_5_accuracy": 0.999625,
    "log_loss": 0.14423443013335369,
    "mcc": 0.9484928678743793,
    "cohens_kappa": 0.9484285714285714,
    "precision_macro": 0.9555179997797578,
    "precision_micro": 0.954875,
    "precision_weighted": 0.9555179997797579,
    "recall_macro": 0.954875,
    "recall_micro": 0.954875,
    "recall_weighted": 0.954875,
    "f1_macro": 0.954975439065338,
    "f1_micro": 0.954875,
    "f1_weighted": 0.954975439065338,
    "auroc_macro": 0.9982570267857143,
    "auroc_weighted": 0.9982570267857143,
    "auprc_macro": 0.9897580159120958
  },
  "per_class_metrics": {
    "0": {
      "precision": 0.9560327198364008,
      "recall": 0.935,
      "f1": 0.9453993933265925,
      "specificity": 0.9938571428571429,
      "fpr": 0.006142857142857143,
      "fnr": 0.065,
      "auroc": 0.9970990714285716,
      "auprc": 0.9854059799218504,
      "support": 1000,
      "tp": 935,
      "tn": 6957,
      "fp": 43,
      "fn": 65
    },
    "1": {
      "precision": 0.9742063492063492,
      "recall": 0.982,
      "f1": 0.9780876494023905,
      "specificity": 0.9962857142857143,
      "fpr": 0.0037142857142857142,
      "fnr": 0.018,
      "auroc": 0.9995807142857143,
      "auprc": 0.9976047492961652,
      "support": 1000,
      "tp": 982,
      "tn": 6974,
      "fp": 26,
      "fn": 18
    },
    "2": {
      "precision": 0.8943798449612403,
      "recall": 0.923,
      "f1": 0.9084645669291339,
      "specificity": 0.9844285714285714,
      "fpr": 0.015571428571428571,
      "fnr": 0.077,
      "auroc": 0.9952881428571428,
      "auprc": 0.9677433132400424,
      "support": 1000,
      "tp": 923,
      "tn": 6891,
      "fp": 109,
      "fn": 77
    },
    "3": {
      "precision": 0.9511201629327902,
      "recall": 0.934,
      "f1": 0.9424823410696267,
      "specificity": 0.9931428571428571,
      "fpr": 0.006857142857142857,
      "fnr": 0.066,
      "auroc": 0.9981382857142856,
      "auprc": 0.9901449614505854,
      "support": 1000,
      "tp": 934,
      "tn": 6952,
      "fp": 48,
      "fn": 66
    },
    "4": {
      "precision": 0.9817813765182186,
      "recall": 0.97,
      "f1": 0.9758551307847082,
      "specificity": 0.9974285714285714,
      "fpr": 0.0025714285714285713,
      "fnr": 0.03,
      "auroc": 0.9995181428571429,
      "auprc": 0.9968337694260876,
      "support": 1000,
      "tp": 970,
      "tn": 6982,
      "fp": 18,
      "fn": 30
    },
    "5": {
      "precision": 0.9245283018867925,
      "recall": 0.98,
      "f1": 0.9514563106796116,
      "specificity": 0.9885714285714285,
      "fpr": 0.011428571428571429,
      "fnr": 0.02,
      "auroc": 0.9986538571428571,
      "auprc": 0.9912993487110351,
      "support": 1000,
      "tp": 980,
      "tn": 6920,
      "fp": 80,
      "fn": 20
    },
    "6": {
      "precision": 0.9809236947791165,
      "recall": 0.977,
      "f1": 0.9789579158316633,
      "specificity": 0.9972857142857143,
      "fpr": 0.0027142857142857142,
      "fnr": 0.023,
      "auroc": 0.998869,
      "auprc": 0.9957919360947379,
      "support": 1000,
      "tp": 977,
      "tn": 6981,
      "fp": 19,
      "fn": 23
    },
    "7": {
      "precision": 0.9811715481171548,
      "recall": 0.938,
      "f1": 0.9591002044989775,
      "specificity": 0.9974285714285714,
      "fpr": 0.0025714285714285713,
      "fnr": 0.062,
      "auroc": 0.998909,
      "auprc": 0.9932400691562624,
      "support": 1000,
      "tp": 938,
      "tn": 6982,
      "fp": 18,
      "fn": 62
    }
  },
  "confusion_matrix": [
    [
      935,
      3,
      40,
      12,
      1,
      0,
      9,
      0
    ],
    [
      0,
      982,
      13,
      3,
      0,
      0,
      2,
      0
    ],
    [
      29,
      18,
      923,
      28,
      0,
      0,
      2,
      0
    ],
    [
      8,
      3,
      50,
      934,
      0,
      0,
      5,
      0
    ],
    [
      2,
      0,
      0,
      0,
      970,
      18,
      0,
      10
    ],
    [
      0,
      0,
      0,
      0,
      12,
      980,
      0,
      8
    ],
    [
      4,
      2,
      6,
      5,
      1,
      5,
      977,
      0
    ],
    [
      0,
      0,
      0,
      0,
      4,
      57,
      1,
      938
    ]
  ]
}