{
  "experiment": "exp3",
  "condition": {
    "num_classes": 5,
    "class_list": [
      0,
      1,
      3,
      5,
      7
    ],
    "class_names": [
      "T-shirt/top",
      "Trouser",
      "Dress",
      "Sandal",
      "Sneaker"
    ],
    "combo_idx": 2,
    "subset_pct": 10,
    "num_samples": 3000,
    "samples_per_class": 600,
    "train_samples": 2700,
    "val_samples": 300,
    "test_samples": 5000
  },
  "seed": 14994796,
  "timestamp": "2026-01-17T19:55:18.880899",
  "training_dynamics": {
    "epochs_trained": 15,
    "best_epoch": 5,
    "best_val_accuracy": 0.9733333333333334,
    "final_train_loss": 0.003325974346723321,
    "final_val_loss": 0.14071230014165242,
    "training_time_seconds": 2.7022531032562256
  },
  "training_history": {
    "train_loss": [
      0.412061957772388,
      0.15840193481985912,
      0.11462124029910842,
      0.08517054169503756,
      0.05872958086344392,
      0.049100672300948306,
      0.024239794952188465,
      0.02509293244436903,
      0.014586808739316672,
      0.01900723563542056,
      0.019009872227311566,
      0.01122639212062918,
      0.010384776433225894,
      0.003346081425809453,
      0.003325974346723321
    ],
    "val_loss": [
      0.12670595983664196,
      0.10177668273448943,
      0.122089301943779,
      0.1670136229197184,
      0.08668698251247406,
      0.10297551353772481,
      0.18229422648747762,
      0.09549337188402812,
      0.18295862515767417,
      0.13052776316801706,
      0.13757449706395466,
      0.16222801009813945,
      0.14849263469378154,
      0.128636128505071,
      0.14071230014165242
    ],
    "val_accuracy": [
      0.9433333333333334,
      0.96,
      0.95,
      0.9566666666666667,
      0.9733333333333334,
      0.9666666666666667,
      0.95,
      0.97,
      0.9633333333333334,
      0.96,
      0.97,
      0.9633333333333334,
      0.9566666666666667,
      0.9733333333333334,
      0.9666666666666667
    ]
  },
  "global_metrics": {
    "accuracy": 0.9638,
    "balanced_accuracy": 0.9638,
    "top_3_accuracy": 1.0,
    "top_5_accuracy": 1.0,
    "log_loss": 0.1256635901801519,
    "mcc": 0.954858716853973,
    "cohens_kappa": 0.95475,
    "precision_macro": 0.9642981453317864,
    "precision_micro": 0.9638,
    "precision_weighted": 0.9642981453317865,
    "recall_macro": 0.9638,
    "recall_micro": 0.9638,
    "recall_weighted": 0.9638,
    "f1_macro": 0.9638309416441644,
    "f1_micro": 0.9638,
    "f1_weighted": 0.9638309416441644,
    "auroc_macro": 0.997707825,
    "auroc_weighted": 0.997707825,
    "auprc_macro": 0.9920596948784016
  },
  "per_class_metrics": {
    "0": {
      "precision": 0.936108422071636,
      "recall": 0.967,
      "f1": 0.9513034923757994,
      "specificity": 0.9835,
      "fpr": 0.0165,
      "fnr": 0.033,
      "auroc": 0.996248125,
      "auprc": 0.9876605363723384,
      "support": 1000,
      "tp": 967,
      "tn": 3934,
      "fp": 66,
      "fn": 33
    },
    "1": {
      "precision": 0.9887983706720977,
      "recall": 0.971,
      "f1": 0.9798183652875884,
      "specificity": 0.99725,
      "fpr": 0.00275,
      "fnr": 0.029,
      "auroc": 0.99903775,
      "auprc": 0.9971649020602981,
      "support": 1000,
      "tp": 971,
      "tn": 3989,
      "fp": 11,
      "fn": 29
    },
    "2": {
      "precision": 0.9572301425661914,
      "recall": 0.94,
      "f1": 0.9485368314833502,
      "specificity": 0.9895,
      "fpr": 0.0105,
      "fnr": 0.06,
      "auroc": 0.99543625,
      "auprc": 0.9838641482827832,
      "support": 1000,
      "tp": 940,
      "tn": 3958,
      "fp": 42,
      "fn": 60
    },
    "3": {
      "precision": 0.9865145228215768,
      "recall": 0.951,
      "f1": 0.9684317718940937,
      "specificity": 0.99675,
      "fpr": 0.00325,
      "fnr": 0.049,
      "auroc": 0.9987137500000001,
      "auprc": 0.9954168819693057,
      "support": 1000,
      "tp": 951,
      "tn": 3987,
      "fp": 13,
      "fn": 49
    },
    "4": {
      "precision": 0.9528392685274302,
      "recall": 0.99,
      "f1": 0.9710642471799902,
      "specificity": 0.98775,
      "fpr": 0.01225,
      "fnr": 0.01,
      "auroc": 0.99910325,
      "auprc": 0.9961920057072824,
      "support": 1000,
      "tp": 990,
      "tn": 3951,
      "fp": 49,
      "fn": 10
    }
  },
  "confusion_matrix": [
    [
      967,
      3,
      26,
      3,
      1
    ],
    [
      13,
      971,
      16,
      0,
      0
    ],
    [
      52,
      8,
      940,
      0,
      0
    ],
    [
      1,
      0,
      0,
      951,
      48
    ],
    [
      0,
      0,
      0,
      10,
      990
    ]
  ]
}