{
  "experiment": "exp3",
  "condition": {
    "num_classes": 4,
    "class_list": [
      1,
      5,
      7,
      9
    ],
    "class_names": [
      "Trouser",
      "Sandal",
      "Sneaker",
      "Ankle boot"
    ],
    "combo_idx": 4,
    "subset_pct": 40,
    "num_samples": 9600,
    "samples_per_class": 2400,
    "train_samples": 8640,
    "val_samples": 960,
    "test_samples": 4000
  },
  "seed": 14994796,
  "timestamp": "2026-01-17T19:49:43.894228",
  "training_dynamics": {
    "epochs_trained": 16,
    "best_epoch": 6,
    "best_val_accuracy": 0.9802083333333333,
    "final_train_loss": 0.009719252111325558,
    "final_val_loss": 0.09624903854370738,
    "training_time_seconds": 6.609289884567261
  },
  "training_history": {
    "train_loss": [
      0.20531242569839514,
      0.10290745862380223,
      0.07148121430504101,
      0.056201792349693955,
      0.053194396176237474,
      0.03778068308580529,
      0.030314172474081042,
      0.023793452341299228,
      0.024513151774752058,
      0.014493323611181781,
      0.021911756397996755,
      0.01432977489128933,
      0.010141821866488532,
      0.004837998342662575,
      0.022977377174188237,
      0.009719252111325558
    ],
    "val_loss": [
      0.09457045470674832,
      0.11081631109118462,
      0.07472883940984805,
      0.06826022155582905,
      0.07126158950850367,
      0.06001594662666321,
      0.07660189728873472,
      0.07536495902265111,
      0.08975887498042236,
      0.09260544845213493,
      0.0879479455567586,
      0.12218668735586106,
      0.10176486201574637,
      0.11303517732788654,
      0.0905466960510239,
      0.09624903854370738
    ],
    "val_accuracy": [
      0.9625,
      0.9635416666666666,
      0.9739583333333334,
      0.978125,
      0.9760416666666667,
      0.9802083333333333,
      0.975,
      0.978125,
      0.978125,
      0.978125,
      0.9739583333333334,
      0.9729166666666667,
      0.9770833333333333,
      0.9739583333333334,
      0.978125,
      0.978125
    ]
  },
  "global_metrics": {
    "accuracy": 0.97425,
    "balanced_accuracy": 0.97425,
    "top_3_accuracy": 1.0,
    "top_5_accuracy": 1.0,
    "log_loss": 0.07376166653514417,
    "mcc": 0.965725175289247,
    "cohens_kappa": 0.9656666666666667,
    "precision_macro": 0.9743881020957267,
    "precision_micro": 0.97425,
    "precision_weighted": 0.9743881020957267,
    "recall_macro": 0.97425,
    "recall_micro": 0.97425,
    "recall_weighted": 0.97425,
    "f1_macro": 0.9742323722358561,
    "f1_micro": 0.97425,
    "f1_weighted": 0.9742323722358562,
    "auroc_macro": 0.9985595833333334,
    "auroc_weighted": 0.9985595833333333,
    "auprc_macro": 0.9960637937190806
  },
  "per_class_metrics": {
    "0": {
      "precision": 0.999000999000999,
      "recall": 1.0,
      "f1": 0.9995002498750626,
      "specificity": 0.9996666666666667,
      "fpr": 0.0003333333333333333,
      "fnr": 0.0,
      "auroc": 1.0,
      "auprc": 1.0,
      "support": 1000,
      "tp": 1000,
      "tn": 2999,
      "fp": 1,
      "fn": 0
    },
    "1": {
      "precision": 0.9828973843058351,
      "recall": 0.977,
      "f1": 0.9799398194583752,
      "specificity": 0.9943333333333333,
      "fpr": 0.005666666666666667,
      "fnr": 0.023,
      "auroc": 0.9993273333333333,
      "auprc": 0.9980087412758691,
      "support": 1000,
      "tp": 977,
      "tn": 2983,
      "fp": 17,
      "fn": 23
    },
    "2": {
      "precision": 0.9661885245901639,
      "recall": 0.943,
      "f1": 0.9544534412955465,
      "specificity": 0.989,
      "fpr": 0.011,
      "fnr": 0.057,
      "auroc": 0.997226,
      "auprc": 0.992204234634525,
      "support": 1000,
      "tp": 943,
      "tn": 2967,
      "fp": 33,
      "fn": 57
    },
    "3": {
      "precision": 0.9494655004859086,
      "recall": 0.977,
      "f1": 0.9630359783144407,
      "specificity": 0.9826666666666667,
      "fpr": 0.017333333333333333,
      "fnr": 0.023,
      "auroc": 0.997685,
      "auprc": 0.9940421989659284,
      "support": 1000,
      "tp": 977,
      "tn": 2948,
      "fp": 52,
      "fn": 23
    }
  },
  "confusion_matrix": [
    [
      1000,
      0,
      0,
      0
    ],
    [
      1,
      977,
      17,
      5
    ],
    [
      0,
      10,
      943,
      47
    ],
    [
      0,
      7,
      16,
      977
    ]
  ]
}