{
  "experiment": "exp3",
  "condition": {
    "num_classes": 3,
    "class_list": [
      1,
      4,
      7
    ],
    "class_names": [
      "Trouser",
      "Coat",
      "Sneaker"
    ],
    "combo_idx": 2,
    "subset_pct": 10,
    "num_samples": 1800,
    "samples_per_class": 600,
    "train_samples": 1620,
    "val_samples": 180,
    "test_samples": 3000
  },
  "seed": 14994796,
  "timestamp": "2026-01-17T19:36:26.304411",
  "training_dynamics": {
    "epochs_trained": 16,
    "best_epoch": 6,
    "best_val_accuracy": 1.0,
    "final_train_loss": 0.0001505347489158409,
    "final_val_loss": 0.013515190324849553,
    "training_time_seconds": 1.1811881065368652
  },
  "training_history": {
    "train_loss": [
      0.15608176137678897,
      0.03976807738385665,
      0.021182456098568555,
      0.009081430190305512,
      0.004956108833609436,
      0.003123924543335586,
      0.0006391035066581725,
      0.00022642261837273298,
      0.00028754894625448145,
      0.00012387891746794383,
      0.00010711071882514471,
      0.00019801973964534298,
      0.00015342838010977945,
      9.925239716652028e-05,
      0.00014271291285275275,
      0.0001505347489158409
    ],
    "val_loss": [
      0.035125935408804154,
      0.05301057199637095,
      0.026788443823655448,
      0.03581046731107765,
      0.01853365609422326,
      0.003663375052726931,
      0.00991771563163234,
      0.011867662545086609,
      0.013923736315013634,
      0.01668456601392892,
      0.015406952963935005,
      0.015193604621001416,
      0.012167571293604042,
      0.015263188273335497,
      0.019332367197299995,
      0.013515190324849553
    ],
    "val_accuracy": [
      0.9888888888888889,
      0.9833333333333333,
      0.9888888888888889,
      0.9833333333333333,
      0.9944444444444445,
      1.0,
      0.9944444444444445,
      0.9944444444444445,
      0.9944444444444445,
      0.9944444444444445,
      0.9944444444444445,
      0.9944444444444445,
      0.9944444444444445,
      0.9944444444444445,
      0.9944444444444445,
      0.9944444444444445
    ]
  },
  "global_metrics": {
    "accuracy": 0.996,
    "balanced_accuracy": 0.996,
    "top_3_accuracy": 1.0,
    "top_5_accuracy": 1.0,
    "log_loss": 0.010659500626199867,
    "mcc": 0.9940006626673293,
    "cohens_kappa": 0.994,
    "precision_macro": 0.9960013173386028,
    "precision_micro": 0.996,
    "precision_weighted": 0.9960013173386026,
    "recall_macro": 0.996,
    "recall_micro": 0.996,
    "recall_weighted": 0.996,
    "f1_macro": 0.995999995999996,
    "f1_micro": 0.996,
    "f1_weighted": 0.9959999959999959,
    "auroc_macro": 0.9999525,
    "auroc_weighted": 0.9999525,
    "auprc_macro": 0.9999058491077882
  },
  "per_class_metrics": {
    "0": {
      "precision": 0.9949899799599199,
      "recall": 0.993,
      "f1": 0.993993993993994,
      "specificity": 0.9975,
      "fpr": 0.0025,
      "fnr": 0.007,
      "auroc": 0.9999285,
      "auprc": 0.9998560911780072,
      "support": 1000,
      "tp": 993,
      "tn": 1995,
      "fp": 5,
      "fn": 7
    },
    "1": {
      "precision": 0.9930139720558883,
      "recall": 0.995,
      "f1": 0.994005994005994,
      "specificity": 0.9965,
      "fpr": 0.0035,
      "fnr": 0.005,
      "auroc": 0.999929,
      "auprc": 0.9998614561453578,
      "support": 1000,
      "tp": 995,
      "tn": 1993,
      "fp": 7,
      "fn": 5
    },
    "2": {
      "precision": 1.0,
      "recall": 1.0,
      "f1": 1.0,
      "specificity": 1.0,
      "fpr": 0.0,
      "fnr": 0.0,
      "auroc": 1.0,
      "auprc": 1.0,
      "support": 1000,
      "tp": 1000,
      "tn": 2000,
      "fp": 0,
      "fn": 0
    }
  },
  "confusion_matrix": [
    [
      993,
      7,
      0
    ],
    [
      5,
      995,
      0
    ],
    [
      0,
      0,
      1000
    ]
  ]
}