{
  "experiment": "exp3",
  "condition": {
    "num_classes": 9,
    "class_list": [
      0,
      1,
      3,
      4,
      5,
      6,
      7,
      8,
      9
    ],
    "class_names": [
      "T-shirt/top",
      "Trouser",
      "Dress",
      "Coat",
      "Sandal",
      "Shirt",
      "Sneaker",
      "Bag",
      "Ankle boot"
    ],
    "combo_idx": 3,
    "subset_pct": 50,
    "num_samples": 27000,
    "samples_per_class": 3000,
    "train_samples": 24300,
    "val_samples": 2700,
    "test_samples": 9000
  },
  "seed": 14994796,
  "timestamp": "2026-01-17T20:57:43.270238",
  "training_dynamics": {
    "epochs_trained": 18,
    "best_epoch": 8,
    "best_val_accuracy": 0.9296296296296296,
    "final_train_loss": 0.04245921560826613,
    "final_val_loss": 0.24497381785850006,
    "training_time_seconds": 23.329177856445312
  },
  "training_history": {
    "train_loss": [
      0.43677664924609033,
      0.2727388715077388,
      0.22814977111196832,
      0.199874427581304,
      0.17418046005462345,
      0.15355026218549986,
      0.13253080279713397,
      0.11588230711211892,
      0.09848134219156283,
      0.08826035818232125,
      0.08123878896064861,
      0.07287400895484576,
      0.06537084879574219,
      0.05396115850154801,
      0.05765652943365766,
      0.045501827849932994,
      0.044583940972255445,
      0.04245921560826613
    ],
    "val_loss": [
      0.2823842543805087,
      0.23391030232111612,
      0.2362924220054238,
      0.19746212328473728,
      0.20028189718723297,
      0.21013374950046892,
      0.20445666886590144,
      0.1971427042340791,
      0.23168961258950058,
      0.22359429410348336,
      0.26560685437034676,
      0.2300173978942136,
      0.2268468334056713,
      0.22632215136558645,
      0.24561863395256095,
      0.23615988284901338,
      0.2656638468636407,
      0.24497381785850006
    ],
    "val_accuracy": [
      0.8977777777777778,
      0.9118518518518518,
      0.91,
      0.9285185185185185,
      0.9222222222222223,
      0.9233333333333333,
      0.9262962962962963,
      0.9288888888888889,
      0.9125925925925926,
      0.9259259259259259,
      0.91,
      0.9233333333333333,
      0.9285185185185185,
      0.9285185185185185,
      0.9277777777777778,
      0.9277777777777778,
      0.927037037037037,
      0.9296296296296296
    ]
  },
  "global_metrics": {
    "accuracy": 0.9226666666666666,
    "balanced_accuracy": 0.9226666666666667,
    "top_3_accuracy": 0.9962222222222222,
    "top_5_accuracy": 0.9995555555555555,
    "log_loss": 0.21270744030467328,
    "mcc": 0.9130737590483695,
    "cohens_kappa": 0.913,
    "precision_macro": 0.9234813604534834,
    "precision_micro": 0.9226666666666666,
    "precision_weighted": 0.9234813604534833,
    "recall_macro": 0.9226666666666667,
    "recall_micro": 0.9226666666666666,
    "recall_weighted": 0.9226666666666666,
    "f1_macro": 0.9227860509892329,
    "f1_micro": 0.9226666666666666,
    "f1_weighted": 0.9227860509892329,
    "auroc_macro": 0.9957120625000001,
    "auroc_weighted": 0.9957120625000001,
    "auprc_macro": 0.9719395358245415
  },
  "per_class_metrics": {
    "0": {
      "precision": 0.8935939196525515,
      "recall": 0.823,
      "f1": 0.8568453930244664,
      "specificity": 0.98775,
      "fpr": 0.01225,
      "fnr": 0.177,
      "auroc": 0.99189025,
      "auprc": 0.948334725353846,
      "support": 1000,
      "tp": 823,
      "tn": 7902,
      "fp": 98,
      "fn": 177
    },
    "1": {
      "precision": 0.9948979591836735,
      "recall": 0.975,
      "f1": 0.984848484848485,
      "specificity": 0.999375,
      "fpr": 0.000625,
      "fnr": 0.025,
      "auroc": 0.99955125,
      "auprc": 0.9985496436211726,
      "support": 1000,
      "tp": 975,
      "tn": 7995,
      "fp": 5,
      "fn": 25
    },
    "2": {
      "precision": 0.8878326996197718,
      "recall": 0.934,
      "f1": 0.9103313840155945,
      "specificity": 0.98525,
      "fpr": 0.01475,
      "fnr": 0.066,
      "auroc": 0.9961713125,
      "auprc": 0.9693260062659897,
      "support": 1000,
      "tp": 934,
      "tn": 7882,
      "fp": 118,
      "fn": 66
    },
    "3": {
      "precision": 0.8961693548387096,
      "recall": 0.889,
      "f1": 0.892570281124498,
      "specificity": 0.987125,
      "fpr": 0.012875,
      "fnr": 0.111,
      "auroc": 0.995135125,
      "auprc": 0.9646344759007701,
      "support": 1000,
      "tp": 889,
      "tn": 7897,
      "fp": 103,
      "fn": 111
    },
    "4": {
      "precision": 0.9878419452887538,
      "recall": 0.975,
      "f1": 0.9813789632611978,
      "specificity": 0.9985,
      "fpr": 0.0015,
      "fnr": 0.025,
      "auroc": 0.9996515,
      "auprc": 0.9976548930476133,
      "support": 1000,
      "tp": 975,
      "tn": 7988,
      "fp": 12,
      "fn": 25
    },
    "5": {
      "precision": 0.761996161228407,
      "recall": 0.794,
      "f1": 0.7776689520078355,
      "specificity": 0.969,
      "fpr": 0.031,
      "fnr": 0.206,
      "auroc": 0.9811793750000001,
      "auprc": 0.8838451864171541,
      "support": 1000,
      "tp": 794,
      "tn": 7752,
      "fp": 248,
      "fn": 206
    },
    "6": {
      "precision": 0.9561752988047809,
      "recall": 0.96,
      "f1": 0.9580838323353293,
      "specificity": 0.9945,
      "fpr": 0.0055,
      "fnr": 0.04,
      "auroc": 0.998946125,
      "auprc": 0.9923099011328785,
      "support": 1000,
      "tp": 960,
      "tn": 7956,
      "fp": 44,
      "fn": 40
    },
    "7": {
      "precision": 0.9771598808341608,
      "recall": 0.984,
      "f1": 0.9805680119581465,
      "specificity": 0.997125,
      "fpr": 0.002875,
      "fnr": 0.016,
      "auroc": 0.999601875,
      "auprc": 0.9978793750456882,
      "support": 1000,
      "tp": 984,
      "tn": 7977,
      "fp": 23,
      "fn": 16
    },
    "8": {
      "precision": 0.9556650246305419,
      "recall": 0.97,
      "f1": 0.9627791563275433,
      "specificity": 0.994375,
      "fpr": 0.005625,
      "fnr": 0.03,
      "auroc": 0.9992817500000001,
      "auprc": 0.9949216156357605,
      "support": 1000,
      "tp": 970,
      "tn": 7955,
      "fp": 45,
      "fn": 30
    }
  },
  "confusion_matrix": [
    [
      823,
      0,
      15,
      3,
      2,
      148,
      0,
      9,
      0
    ],
    [
      3,
      975,
      16,
      1,
      0,
      4,
      0,
      1,
      0
    ],
    [
      12,
      3,
      934,
      7,
      0,
      41,
      0,
      2,
      1
    ],
    [
      0,
      1,
      57,
      889,
      0,
      51,
      0,
      2,
      0
    ],
    [
      0,
      0,
      0,
      0,
      975,
      0,
      16,
      0,
      9
    ],
    [
      81,
      0,
      26,
      91,
      0,
      794,
      0,
      8,
      0
    ],
    [
      0,
      0,
      0,
      0,
      6,
      0,
      960,
      0,
      34
    ],
    [
      2,
      1,
      4,
      1,
      1,
      4,
      2,
      984,
      1
    ],
    [
      0,
      0,
      0,
      0,
      3,
      0,
      26,
      1,
      970
    ]
  ]
}