{
  "experiment": "exp3",
  "condition": {
    "num_classes": 7,
    "class_list": [
      1,
      2,
      3,
      5,
      7,
      8,
      9
    ],
    "class_names": [
      "Trouser",
      "Pullover",
      "Dress",
      "Sandal",
      "Sneaker",
      "Bag",
      "Ankle boot"
    ],
    "combo_idx": 4,
    "subset_pct": 80,
    "num_samples": 33600,
    "samples_per_class": 4800,
    "train_samples": 30240,
    "val_samples": 3360,
    "test_samples": 7000
  },
  "seed": 14994796,
  "timestamp": "2026-01-17T20:27:56.446759",
  "training_dynamics": {
    "epochs_trained": 16,
    "best_epoch": 6,
    "best_val_accuracy": 0.98125,
    "final_train_loss": 0.015068040163911894,
    "final_val_loss": 0.0878570889781778,
    "training_time_seconds": 25.62028956413269
  },
  "training_history": {
    "train_loss": [
      0.1883302483211486,
      0.09553909922770794,
      0.07282628619307002,
      0.0586308863611565,
      0.05058893855970282,
      0.04331161305515084,
      0.0372449056977351,
      0.03175742157890479,
      0.03118740476454494,
      0.02813358522841956,
      0.02256138131432122,
      0.02135966196139988,
      0.02159656807205573,
      0.019098329412411005,
      0.02013712375243965,
      0.015068040163911894
    ],
    "val_loss": [
      0.10630814521795227,
      0.07749368739979608,
      0.0638640338466281,
      0.08407834826835564,
      0.06416205127856561,
      0.05884131832225692,
      0.08178449819485346,
      0.06089986085536934,
      0.06386914066748604,
      0.06360878147007454,
      0.07444386662682519,
      0.07110512347537137,
      0.0727104535415059,
      0.085955239264738,
      0.09177459948585324,
      0.0878570889781778
    ],
    "val_accuracy": [
      0.9598214285714286,
      0.9720238095238095,
      0.9764880952380952,
      0.9711309523809524,
      0.9776785714285714,
      0.9809523809523809,
      0.9773809523809524,
      0.98125,
      0.9794642857142857,
      0.9800595238095238,
      0.9776785714285714,
      0.9788690476190476,
      0.9785714285714285,
      0.9767857142857143,
      0.9776785714285714,
      0.9788690476190476
    ]
  },
  "global_metrics": {
    "accuracy": 0.98,
    "balanced_accuracy": 0.9799999999999999,
    "top_3_accuracy": 0.9995714285714286,
    "top_5_accuracy": 1.0,
    "log_loss": 0.0672931234507033,
    "mcc": 0.9766982005747694,
    "cohens_kappa": 0.9766666666666667,
    "precision_macro": 0.9802265695115818,
    "precision_micro": 0.98,
    "precision_weighted": 0.9802265695115819,
    "recall_macro": 0.9799999999999999,
    "recall_micro": 0.98,
    "recall_weighted": 0.98,
    "f1_macro": 0.980019361410229,
    "f1_micro": 0.98,
    "f1_weighted": 0.980019361410229,
    "auroc_macro": 0.9994802619047619,
    "auroc_weighted": 0.9994802619047618,
    "auprc_macro": 0.9971343898494028
  },
  "per_class_metrics": {
    "0": {
      "precision": 0.98998998998999,
      "recall": 0.989,
      "f1": 0.9894947473736869,
      "specificity": 0.9983333333333333,
      "fpr": 0.0016666666666666668,
      "fnr": 0.011,
      "auroc": 0.9998828333333333,
      "auprc": 0.9993671164682374,
      "support": 1000,
      "tp": 989,
      "tn": 5990,
      "fp": 10,
      "fn": 11
    },
    "1": {
      "precision": 0.982982982982983,
      "recall": 0.982,
      "f1": 0.9824912456228114,
      "specificity": 0.9971666666666666,
      "fpr": 0.0028333333333333335,
      "fnr": 0.018,
      "auroc": 0.9994583333333333,
      "auprc": 0.9976807075558906,
      "support": 1000,
      "tp": 982,
      "tn": 5983,
      "fp": 17,
      "fn": 18
    },
    "2": {
      "precision": 0.9702970297029703,
      "recall": 0.98,
      "f1": 0.9751243781094527,
      "specificity": 0.995,
      "fpr": 0.005,
      "fnr": 0.02,
      "auroc": 0.9993843333333333,
      "auprc": 0.9955944717600214,
      "support": 1000,
      "tp": 980,
      "tn": 5970,
      "fp": 30,
      "fn": 20
    },
    "3": {
      "precision": 0.9860557768924303,
      "recall": 0.99,
      "f1": 0.9880239520958083,
      "specificity": 0.9976666666666667,
      "fpr": 0.0023333333333333335,
      "fnr": 0.01,
      "auroc": 0.9996659999999999,
      "auprc": 0.9980270809087533,
      "support": 1000,
      "tp": 990,
      "tn": 5986,
      "fp": 14,
      "fn": 10
    },
    "4": {
      "precision": 0.9487922705314009,
      "recall": 0.982,
      "f1": 0.9651105651105651,
      "specificity": 0.9911666666666666,
      "fpr": 0.008833333333333334,
      "fnr": 0.018,
      "auroc": 0.9989171666666666,
      "auprc": 0.9944502853261322,
      "support": 1000,
      "tp": 982,
      "tn": 5947,
      "fp": 53,
      "fn": 18
    },
    "5": {
      "precision": 0.9979757085020243,
      "recall": 0.986,
      "f1": 0.9919517102615695,
      "specificity": 0.9996666666666667,
      "fpr": 0.0003333333333333333,
      "fnr": 0.014,
      "auroc": 0.9998876666666667,
      "auprc": 0.9994617817898472,
      "support": 1000,
      "tp": 986,
      "tn": 5998,
      "fp": 2,
      "fn": 14
    },
    "6": {
      "precision": 0.9854922279792746,
      "recall": 0.951,
      "f1": 0.9679389312977099,
      "specificity": 0.9976666666666667,
      "fpr": 0.0023333333333333335,
      "fnr": 0.049,
      "auroc": 0.9991655,
      "auprc": 0.9953592851369389,
      "support": 1000,
      "tp": 951,
      "tn": 5986,
      "fp": 14,
      "fn": 49
    }
  },
  "confusion_matrix": [
    [
      989,
      0,
      10,
      0,
      0,
      1,
      0
    ],
    [
      1,
      982,
      17,
      0,
      0,
      0,
      0
    ],
    [
      6,
      13,
      980,
      0,
      0,
      1,
      0
    ],
    [
      0,
      0,
      0,
      990,
      7,
      0,
      3
    ],
    [
      0,
      0,
      0,
      7,
      982,
      0,
      11
    ],
    [
      3,
      4,
      3,
      1,
      3,
      986,
      0
    ],
    [
      0,
      0,
      0,
      6,
      43,
      0,
      951
    ]
  ]
}