{
  "experiment": "exp1",
  "condition": {
    "subset_pct": 100,
    "num_samples": 60000,
    "train_samples": 54000,
    "val_samples": 6000
  },
  "seed": 123,
  "timestamp": "2026-01-06T00:36:19.669719",
  "training_dynamics": {
    "epochs_trained": 16,
    "best_epoch": 6,
    "best_val_accuracy": 0.9246666666666666,
    "final_train_loss": 0.08223801111400798,
    "final_val_loss": 0.3353988116582235,
    "training_time_seconds": 112.08195495605469
  },
  "training_history": {
    "train_loss": [
      0.4480194799619687,
      0.2922675952191743,
      0.25164441929432735,
      0.22241157569185394,
      0.2004538141146867,
      0.18184397175855121,
      0.1656838397305653,
      0.15088090001080204,
      0.1396099065112665,
      0.12930086323598586,
      0.12117021217483197,
      0.10871945324208217,
      0.10078134141549008,
      0.09640621089859826,
      0.0911946072247568,
      0.08223801111400798
    ],
    "val_loss": [
      0.32280267190933226,
      0.2551443250974019,
      0.2619697376092275,
      0.23153661672274273,
      0.2654405034383138,
      0.21719438882668812,
      0.23482236369450887,
      0.2318092492024104,
      0.2349037131468455,
      0.24643134554227195,
      0.2398805205821991,
      0.27331457781791685,
      0.23601293845971424,
      0.2666121171315511,
      0.27581854927539823,
      0.3353988116582235
    ],
    "val_accuracy": [
      0.8818333333333334,
      0.9083333333333333,
      0.9001666666666667,
      0.9176666666666666,
      0.9018333333333334,
      0.9223333333333333,
      0.9191666666666667,
      0.9208333333333333,
      0.9225,
      0.9213333333333333,
      0.9233333333333333,
      0.9146666666666666,
      0.9246666666666666,
      0.9198333333333333,
      0.9201666666666667,
      0.9073333333333333
    ]
  },
  "global_metrics": {
    "accuracy": 0.9181,
    "balanced_accuracy": 0.9180999999999999,
    "top_3_accuracy": 0.9943,
    "top_5_accuracy": 0.9989,
    "log_loss": 0.22463088078463084,
    "mcc": 0.9091241140149914,
    "cohens_kappa": 0.909,
    "precision_macro": 0.9191132240119272,
    "precision_micro": 0.9181,
    "precision_weighted": 0.9191132240119272,
    "recall_macro": 0.9180999999999999,
    "recall_micro": 0.9181,
    "recall_weighted": 0.9181,
    "f1_macro": 0.9180669531222062,
    "f1_micro": 0.9181,
    "f1_weighted": 0.918066953122206,
    "auroc_macro": 0.9953893222222222,
    "auroc_weighted": 0.9953893222222221,
    "auprc_macro": 0.9679221326263228
  },
  "per_class_metrics": {
    "0": {
      "precision": 0.8472485768500949,
      "recall": 0.893,
      "f1": 0.86952288218111,
      "specificity": 0.9821111111111112,
      "fpr": 0.017888888888888843,
      "fnr": 0.10699999999999998,
      "auroc": 0.9929632222222221,
      "auprc": 0.9502132599003605,
      "support": 1000,
      "tp": 893,
      "tn": 8839,
      "fp": 161,
      "fn": 107
    },
    "1": {
      "precision": 0.9939516129032258,
      "recall": 0.986,
      "f1": 0.9899598393574297,
      "specificity": 0.9993333333333333,
      "fpr": 0.0006666666666667043,
      "fnr": 0.014000000000000012,
      "auroc": 0.9998626666666666,
      "auprc": 0.9991067619911606,
      "support": 1000,
      "tp": 986,
      "tn": 8994,
      "fp": 6,
      "fn": 14
    },
    "2": {
      "precision": 0.8841463414634146,
      "recall": 0.87,
      "f1": 0.877016129032258,
      "specificity": 0.9873333333333333,
      "fpr": 0.012666666666666715,
      "fnr": 0.13,
      "auroc": 0.9927976666666667,
      "auprc": 0.9510803941538241,
      "support": 1000,
      "tp": 870,
      "tn": 8886,
      "fp": 114,
      "fn": 130
    },
    "3": {
      "precision": 0.9498399146211313,
      "recall": 0.89,
      "f1": 0.9189468249870935,
      "specificity": 0.9947777777777778,
      "fpr": 0.005222222222222239,
      "fnr": 0.10999999999999999,
      "auroc": 0.9969066666666666,
      "auprc": 0.9728490470149701,
      "support": 1000,
      "tp": 890,
      "tn": 8953,
      "fp": 47,
      "fn": 110
    },
    "4": {
      "precision": 0.840258541089566,
      "recall": 0.91,
      "f1": 0.8737397983677387,
      "specificity": 0.9807777777777777,
      "fpr": 0.01922222222222225,
      "fnr": 0.08999999999999997,
      "auroc": 0.9937645555555555,
      "auprc": 0.949917510553265,
      "support": 1000,
      "tp": 910,
      "tn": 8827,
      "fp": 173,
      "fn": 90
    },
    "5": {
      "precision": 0.9948770491803278,
      "recall": 0.971,
      "f1": 0.9827935222672065,
      "specificity": 0.9994444444444445,
      "fpr": 0.0005555555555555314,
      "fnr": 0.029000000000000026,
      "auroc": 0.999823,
      "auprc": 0.9985471112117706,
      "support": 1000,
      "tp": 971,
      "tn": 8995,
      "fp": 5,
      "fn": 29
    },
    "6": {
      "precision": 0.7892518440463646,
      "recall": 0.749,
      "f1": 0.7685992816829142,
      "specificity": 0.9777777777777777,
      "fpr": 0.022222222222222254,
      "fnr": 0.251,
      "auroc": 0.9793671111111111,
      "auprc": 0.8698482368402868,
      "support": 1000,
      "tp": 749,
      "tn": 8800,
      "fp": 200,
      "fn": 251
    },
    "7": {
      "precision": 0.9244402985074627,
      "recall": 0.991,
      "f1": 0.9565637065637066,
      "specificity": 0.991,
      "fpr": 0.009000000000000008,
      "fnr": 0.009000000000000008,
      "auroc": 0.9994118888888889,
      "auprc": 0.994788223366621,
      "support": 1000,
      "tp": 991,
      "tn": 8919,
      "fp": 81,
      "fn": 9
    },
    "8": {
      "precision": 0.985985985985986,
      "recall": 0.985,
      "f1": 0.9854927463731865,
      "specificity": 0.9984444444444445,
      "fpr": 0.0015555555555555323,
      "fnr": 0.015000000000000013,
      "auroc": 0.9995832222222223,
      "auprc": 0.9980045256954575,
      "support": 1000,
      "tp": 985,
      "tn": 8986,
      "fp": 14,
      "fn": 15
    },
    "9": {
      "precision": 0.9811320754716981,
      "recall": 0.936,
      "f1": 0.9580348004094166,
      "specificity": 0.998,
      "fpr": 0.0020000000000000018,
      "fnr": 0.06399999999999995,
      "auroc": 0.9994132222222222,
      "auprc": 0.9948662555355121,
      "support": 1000,
      "tp": 936,
      "tn": 8982,
      "fp": 18,
      "fn": 64
    }
  },
  "confusion_matrix": [
    [
      893,
      1,
      12,
      7,
      3,
      1,
      78,
      0,
      5,
      0
    ],
    [
      3,
      986,
      0,
      8,
      1,
      0,
      1,
      0,
      1,
      0
    ],
    [
      20,
      1,
      870,
      5,
      54,
      0,
      49,
      0,
      1,
      0
    ],
    [
      26,
      3,
      9,
      890,
      42,
      0,
      30,
      0,
      0,
      0
    ],
    [
      1,
      0,
      42,
      10,
      910,
      0,
      37,
      0,
      0,
      0
    ],
    [
      0,
      0,
      0,
      0,
      0,
      971,
      0,
      19,
      0,
      10
    ],
    [
      106,
      0,
      50,
      16,
      73,
      0,
      749,
      0,
      6,
      0
    ],
    [
      0,
      0,
      0,
      0,
      0,
      1,
      0,
      991,
      0,
      8
    ],
    [
      5,
      1,
      1,
      1,
      0,
      1,
      5,
      1,
      985,
      0
    ],
    [
      0,
      0,
      0,
      0,
      0,
      2,
      0,
      61,
      1,
      936
    ]
  ]
}