{
  "experiment": "exp1",
  "condition": {
    "subset_pct": 65,
    "num_samples": 39000,
    "train_samples": 35100,
    "val_samples": 3900
  },
  "seed": 456,
  "timestamp": "2026-01-06T00:41:46.456918",
  "training_dynamics": {
    "epochs_trained": 16,
    "best_epoch": 6,
    "best_val_accuracy": 0.9248717948717948,
    "final_train_loss": 0.07061597064072996,
    "final_val_loss": 0.29308580844830245,
    "training_time_seconds": 32.368608713150024
  },
  "training_history": {
    "train_loss": [
      0.49323049019377524,
      0.31265017477106744,
      0.2647200615191069,
      0.23191589655826217,
      0.20689450158230377,
      0.185611019877951,
      0.1668595179834001,
      0.15024556475055348,
      0.13237607919480415,
      0.11740644209643314,
      0.10544889288291145,
      0.1044441807984573,
      0.09033028271985673,
      0.08378997738837843,
      0.07801992809891918,
      0.07061597064072996
    ],
    "val_loss": [
      0.317036946339485,
      0.26730615851206657,
      0.27013328484999827,
      0.23174898601495303,
      0.23059349839503948,
      0.22953078792645382,
      0.24578804178115649,
      0.23474478014004535,
      0.2427322331147316,
      0.26453836297377564,
      0.26812719225883486,
      0.24996747001623495,
      0.2735214070631908,
      0.2985718900270951,
      0.2929004057248433,
      0.29308580844830245
    ],
    "val_accuracy": [
      0.8871794871794871,
      0.9,
      0.9087179487179488,
      0.9161538461538462,
      0.9207692307692308,
      0.9179487179487179,
      0.9141025641025641,
      0.9223076923076923,
      0.9212820512820513,
      0.9207692307692308,
      0.9241025641025641,
      0.9248717948717948,
      0.9161538461538462,
      0.921025641025641,
      0.9184615384615384,
      0.9235897435897436
    ]
  },
  "global_metrics": {
    "accuracy": 0.9104,
    "balanced_accuracy": 0.9103999999999999,
    "top_3_accuracy": 0.9929,
    "top_5_accuracy": 0.9984,
    "log_loss": 0.2522285189018894,
    "mcc": 0.9004735001914909,
    "cohens_kappa": 0.9004444444444445,
    "precision_macro": 0.9113548823302413,
    "precision_micro": 0.9104,
    "precision_weighted": 0.9113548823302413,
    "recall_macro": 0.9103999999999999,
    "recall_micro": 0.9104,
    "recall_weighted": 0.9104,
    "f1_macro": 0.9107546689506311,
    "f1_micro": 0.9104,
    "f1_weighted": 0.910754668950631,
    "auroc_macro": 0.9941742777777778,
    "auroc_weighted": 0.9941742777777778,
    "auprc_macro": 0.9597782385484676
  },
  "per_class_metrics": {
    "0": {
      "precision": 0.8421052631578947,
      "recall": 0.848,
      "f1": 0.8450423517688092,
      "specificity": 0.9823333333333333,
      "fpr": 0.01766666666666672,
      "fnr": 0.15200000000000002,
      "auroc": 0.9908302222222223,
      "auprc": 0.9340593072888342,
      "support": 1000,
      "tp": 848,
      "tn": 8841,
      "fp": 159,
      "fn": 152
    },
    "1": {
      "precision": 0.9959473150962512,
      "recall": 0.983,
      "f1": 0.9894313034725718,
      "specificity": 0.9995555555555555,
      "fpr": 0.0004444444444444695,
      "fnr": 0.017000000000000015,
      "auroc": 0.9997905555555556,
      "auprc": 0.998545637037737,
      "support": 1000,
      "tp": 983,
      "tn": 8996,
      "fp": 4,
      "fn": 17
    },
    "2": {
      "precision": 0.8894681960375391,
      "recall": 0.853,
      "f1": 0.8708524757529351,
      "specificity": 0.9882222222222222,
      "fpr": 0.011777777777777776,
      "fnr": 0.14700000000000002,
      "auroc": 0.9907341111111111,
      "auprc": 0.9406830381938901,
      "support": 1000,
      "tp": 853,
      "tn": 8894,
      "fp": 106,
      "fn": 147
    },
    "3": {
      "precision": 0.9203722854188211,
      "recall": 0.89,
      "f1": 0.9049313675648196,
      "specificity": 0.9914444444444445,
      "fpr": 0.008555555555555538,
      "fnr": 0.10999999999999999,
      "auroc": 0.9958615555555556,
      "auprc": 0.9680751957026786,
      "support": 1000,
      "tp": 890,
      "tn": 8923,
      "fp": 77,
      "fn": 110
    },
    "4": {
      "precision": 0.8555992141453831,
      "recall": 0.871,
      "f1": 0.8632309217046582,
      "specificity": 0.9836666666666667,
      "fpr": 0.01633333333333331,
      "fnr": 0.129,
      "auroc": 0.9921953333333333,
      "auprc": 0.937998908450294,
      "support": 1000,
      "tp": 871,
      "tn": 8853,
      "fp": 147,
      "fn": 129
    },
    "5": {
      "precision": 0.9752475247524752,
      "recall": 0.985,
      "f1": 0.9800995024875623,
      "specificity": 0.9972222222222222,
      "fpr": 0.002777777777777768,
      "fnr": 0.015000000000000013,
      "auroc": 0.9997943333333333,
      "auprc": 0.9983385831734982,
      "support": 1000,
      "tp": 985,
      "tn": 8975,
      "fp": 25,
      "fn": 15
    },
    "6": {
      "precision": 0.7186602870813397,
      "recall": 0.751,
      "f1": 0.7344743276283617,
      "specificity": 0.9673333333333334,
      "fpr": 0.03266666666666662,
      "fnr": 0.249,
      "auroc": 0.9742364444444445,
      "auprc": 0.8326972798523646,
      "support": 1000,
      "tp": 751,
      "tn": 8706,
      "fp": 294,
      "fn": 249
    },
    "7": {
      "precision": 0.9669669669669669,
      "recall": 0.966,
      "f1": 0.9664832416208103,
      "specificity": 0.9963333333333333,
      "fpr": 0.003666666666666707,
      "fnr": 0.03400000000000003,
      "auroc": 0.9992593333333332,
      "auprc": 0.993810880112176,
      "support": 1000,
      "tp": 966,
      "tn": 8967,
      "fp": 33,
      "fn": 34
    },
    "8": {
      "precision": 0.9754178957718781,
      "recall": 0.992,
      "f1": 0.9836390679226573,
      "specificity": 0.9972222222222222,
      "fpr": 0.002777777777777768,
      "fnr": 0.008000000000000007,
      "auroc": 0.9996086666666667,
      "auprc": 0.998120368901376,
      "support": 1000,
      "tp": 992,
      "tn": 8975,
      "fp": 25,
      "fn": 8
    },
    "9": {
      "precision": 0.9737638748738647,
      "recall": 0.965,
      "f1": 0.9693621295831241,
      "specificity": 0.9971111111111111,
      "fpr": 0.002888888888888941,
      "fnr": 0.03500000000000003,
      "auroc": 0.999432222222222,
      "auprc": 0.9954531867718269,
      "support": 1000,
      "tp": 965,
      "tn": 8974,
      "fp": 26,
      "fn": 35
    }
  },
  "confusion_matrix": [
    [
      848,
      0,
      18,
      13,
      1,
      3,
      109,
      0,
      8,
      0
    ],
    [
      0,
      983,
      0,
      10,
      1,
      0,
      4,
      0,
      2,
      0
    ],
    [
      18,
      1,
      853,
      7,
      53,
      0,
      65,
      0,
      3,
      0
    ],
    [
      21,
      2,
      13,
      890,
      31,
      0,
      42,
      0,
      1,
      0
    ],
    [
      3,
      0,
      31,
      24,
      871,
      0,
      71,
      0,
      0,
      0
    ],
    [
      0,
      0,
      0,
      0,
      0,
      985,
      0,
      7,
      3,
      5
    ],
    [
      116,
      0,
      44,
      21,
      60,
      0,
      751,
      0,
      8,
      0
    ],
    [
      0,
      0,
      0,
      0,
      0,
      13,
      0,
      966,
      0,
      21
    ],
    [
      1,
      1,
      0,
      2,
      1,
      1,
      2,
      0,
      992,
      0
    ],
    [
      0,
      0,
      0,
      0,
      0,
      8,
      1,
      26,
      0,
      965
    ]
  ]
}