{
  "experiment": "exp1",
  "condition": {
    "subset_pct": 30,
    "num_samples": 18000,
    "train_samples": 16200,
    "val_samples": 1800
  },
  "seed": 456,
  "timestamp": "2026-01-06T00:38:15.898660",
  "training_dynamics": {
    "epochs_trained": 15,
    "best_epoch": 5,
    "best_val_accuracy": 0.9105555555555556,
    "final_train_loss": 0.06404457065482133,
    "final_val_loss": 0.3599462500214577,
    "training_time_seconds": 23.121861219406128
  },
  "training_history": {
    "train_loss": [
      0.6089038912236221,
      0.3676986326500187,
      0.3133494641015849,
      0.2667977851852188,
      0.2341602172145224,
      0.20118981673140227,
      0.18629936417051424,
      0.16023831912793043,
      0.13615880523052976,
      0.12032737397024129,
      0.1092770516755074,
      0.09897395828738809,
      0.08467660589128967,
      0.07052113968415157,
      0.06404457065482133
    ],
    "val_loss": [
      0.38027036309242246,
      0.3472484483321508,
      0.31463344302442336,
      0.2850274338987139,
      0.2772023022547364,
      0.30243727607859505,
      0.292101699842347,
      0.3009290412068367,
      0.2783424654934141,
      0.2958299684193399,
      0.31295215498656037,
      0.37115665881066684,
      0.31813280925154686,
      0.33809908183912435,
      0.3599462500214577
    ],
    "val_accuracy": [
      0.8733333333333333,
      0.8738888888888889,
      0.8855555555555555,
      0.8972222222222223,
      0.9055555555555556,
      0.89,
      0.9022222222222223,
      0.8977777777777778,
      0.9088888888888889,
      0.9066666666666666,
      0.91,
      0.8977777777777778,
      0.9105555555555556,
      0.9083333333333333,
      0.8961111111111111
    ]
  },
  "global_metrics": {
    "accuracy": 0.9002,
    "balanced_accuracy": 0.9001999999999999,
    "top_3_accuracy": 0.9927,
    "top_5_accuracy": 0.9983,
    "log_loss": 0.28030644030711027,
    "mcc": 0.8892921301262398,
    "cohens_kappa": 0.8891111111111111,
    "precision_macro": 0.9003274838457109,
    "precision_micro": 0.9002,
    "precision_weighted": 0.9003274838457108,
    "recall_macro": 0.9001999999999999,
    "recall_micro": 0.9002,
    "recall_weighted": 0.9002,
    "f1_macro": 0.8995048475090485,
    "f1_micro": 0.9002,
    "f1_weighted": 0.8995048475090484,
    "auroc_macro": 0.9928134333333333,
    "auroc_weighted": 0.9928134333333334,
    "auprc_macro": 0.9522870462183819
  },
  "per_class_metrics": {
    "0": {
      "precision": 0.8605371900826446,
      "recall": 0.833,
      "f1": 0.8465447154471545,
      "specificity": 0.985,
      "fpr": 0.015000000000000013,
      "fnr": 0.16700000000000004,
      "auroc": 0.9900263333333332,
      "auprc": 0.9298551685763979,
      "support": 1000,
      "tp": 833,
      "tn": 8865,
      "fp": 135,
      "fn": 167
    },
    "1": {
      "precision": 0.9898785425101214,
      "recall": 0.978,
      "f1": 0.9839034205231387,
      "specificity": 0.9988888888888889,
      "fpr": 0.0011111111111110628,
      "fnr": 0.02200000000000002,
      "auroc": 0.9994057777777778,
      "auprc": 0.9972723476413999,
      "support": 1000,
      "tp": 978,
      "tn": 8990,
      "fp": 10,
      "fn": 22
    },
    "2": {
      "precision": 0.8794788273615635,
      "recall": 0.81,
      "f1": 0.8433107756376887,
      "specificity": 0.9876666666666667,
      "fpr": 0.012333333333333307,
      "fnr": 0.18999999999999995,
      "auroc": 0.988155,
      "auprc": 0.9247177166228965,
      "support": 1000,
      "tp": 810,
      "tn": 8889,
      "fp": 111,
      "fn": 190
    },
    "3": {
      "precision": 0.8503649635036497,
      "recall": 0.932,
      "f1": 0.8893129770992367,
      "specificity": 0.9817777777777777,
      "fpr": 0.01822222222222225,
      "fnr": 0.06799999999999995,
      "auroc": 0.9953586666666667,
      "auprc": 0.9629215569574113,
      "support": 1000,
      "tp": 932,
      "tn": 8836,
      "fp": 164,
      "fn": 68
    },
    "4": {
      "precision": 0.8012762078395624,
      "recall": 0.879,
      "f1": 0.8383404864091558,
      "specificity": 0.9757777777777777,
      "fpr": 0.024222222222222256,
      "fnr": 0.121,
      "auroc": 0.9893108888888889,
      "auprc": 0.9185103134798127,
      "support": 1000,
      "tp": 879,
      "tn": 8782,
      "fp": 218,
      "fn": 121
    },
    "5": {
      "precision": 0.9848484848484849,
      "recall": 0.975,
      "f1": 0.9798994974874371,
      "specificity": 0.9983333333333333,
      "fpr": 0.0016666666666667052,
      "fnr": 0.025000000000000022,
      "auroc": 0.99949,
      "auprc": 0.9962350047454929,
      "support": 1000,
      "tp": 975,
      "tn": 8985,
      "fp": 15,
      "fn": 25
    },
    "6": {
      "precision": 0.7527233115468409,
      "recall": 0.691,
      "f1": 0.7205422314911366,
      "specificity": 0.9747777777777777,
      "fpr": 0.025222222222222257,
      "fnr": 0.30900000000000005,
      "auroc": 0.968695,
      "auprc": 0.8104537750212932,
      "support": 1000,
      "tp": 691,
      "tn": 8773,
      "fp": 227,
      "fn": 309
    },
    "7": {
      "precision": 0.9699170124481328,
      "recall": 0.935,
      "f1": 0.9521384928716904,
      "specificity": 0.9967777777777778,
      "fpr": 0.0032222222222222374,
      "fnr": 0.06499999999999995,
      "auroc": 0.998913,
      "auprc": 0.9912423385129646,
      "support": 1000,
      "tp": 935,
      "tn": 8971,
      "fp": 29,
      "fn": 65
    },
    "8": {
      "precision": 0.9762140733399405,
      "recall": 0.985,
      "f1": 0.9805873568939771,
      "specificity": 0.9973333333333333,
      "fpr": 0.002666666666666706,
      "fnr": 0.015000000000000013,
      "auroc": 0.9996653333333333,
      "auprc": 0.9976584948806071,
      "support": 1000,
      "tp": 985,
      "tn": 8976,
      "fp": 24,
      "fn": 15
    },
    "9": {
      "precision": 0.9380362249761678,
      "recall": 0.984,
      "f1": 0.9604685212298683,
      "specificity": 0.9927777777777778,
      "fpr": 0.007222222222222241,
      "fnr": 0.016000000000000014,
      "auroc": 0.9991143333333333,
      "auprc": 0.9940037457455423,
      "support": 1000,
      "tp": 984,
      "tn": 8935,
      "fp": 65,
      "fn": 16
    }
  },
  "confusion_matrix": [
    [
      833,
      1,
      10,
      38,
      4,
      2,
      105,
      0,
      7,
      0
    ],
    [
      0,
      978,
      0,
      19,
      1,
      0,
      1,
      0,
      1,
      0
    ],
    [
      14,
      2,
      810,
      15,
      81,
      0,
      76,
      0,
      2,
      0
    ],
    [
      13,
      2,
      6,
      932,
      30,
      0,
      16,
      0,
      0,
      1
    ],
    [
      2,
      1,
      48,
      42,
      879,
      0,
      26,
      0,
      2,
      0
    ],
    [
      0,
      0,
      0,
      0,
      0,
      975,
      0,
      15,
      0,
      10
    ],
    [
      105,
      2,
      47,
      46,
      99,
      0,
      691,
      0,
      10,
      0
    ],
    [
      0,
      0,
      0,
      0,
      0,
      11,
      0,
      935,
      1,
      53
    ],
    [
      1,
      2,
      0,
      4,
      3,
      0,
      3,
      1,
      985,
      1
    ],
    [
      0,
      0,
      0,
      0,
      0,
      2,
      0,
      13,
      1,
      984
    ]
  ]
}