{
  "experiment": "exp1",
  "condition": {
    "subset_pct": 75,
    "num_samples": 45000,
    "train_samples": 40500,
    "val_samples": 4500
  },
  "seed": 456,
  "timestamp": "2026-01-06T00:44:52.502996",
  "training_dynamics": {
    "epochs_trained": 17,
    "best_epoch": 7,
    "best_val_accuracy": 0.9235555555555556,
    "final_train_loss": 0.06738519499933208,
    "final_val_loss": 0.32740966754489476,
    "training_time_seconds": 103.77228474617004
  },
  "training_history": {
    "train_loss": [
      0.4660827675937288,
      0.3010331090380795,
      0.2562923644556065,
      0.22479152099757585,
      0.19903154526417854,
      0.18575867687427036,
      0.16330341235874293,
      0.14682359456144992,
      0.13337397116485036,
      0.11855864617532182,
      0.10991907449907036,
      0.09837289869205623,
      0.08806111069769844,
      0.08373590299968518,
      0.0742158756089672,
      0.07356169967585513,
      0.06738519499933208
    ],
    "val_loss": [
      0.3234486118952433,
      0.29720591860347323,
      0.25023689126968385,
      0.2531917135450575,
      0.25560039675235746,
      0.24114104239145914,
      0.23242338371276855,
      0.23746841298209295,
      0.23925294587347243,
      0.25020055956310694,
      0.254164482831955,
      0.2588302597999573,
      0.24546454133590062,
      0.3189863046275245,
      0.2773988907270961,
      0.30544136537445915,
      0.32740966754489476
    ],
    "val_accuracy": [
      0.8793333333333333,
      0.8886666666666667,
      0.908,
      0.9075555555555556,
      0.9113333333333333,
      0.9131111111111111,
      0.916,
      0.9202222222222223,
      0.9137777777777778,
      0.9188888888888889,
      0.9184444444444444,
      0.9193333333333333,
      0.9235555555555556,
      0.9117777777777778,
      0.9213333333333333,
      0.9151111111111111,
      0.9186666666666666
    ]
  },
  "global_metrics": {
    "accuracy": 0.9119,
    "balanced_accuracy": 0.9118999999999999,
    "top_3_accuracy": 0.9948,
    "top_5_accuracy": 0.9995,
    "log_loss": 0.24624783252841595,
    "mcc": 0.9023237236291038,
    "cohens_kappa": 0.9021111111111111,
    "precision_macro": 0.9139729099326924,
    "precision_micro": 0.9119,
    "precision_weighted": 0.9139729099326925,
    "recall_macro": 0.9118999999999999,
    "recall_micro": 0.9119,
    "recall_weighted": 0.9119,
    "f1_macro": 0.9120148723421124,
    "f1_micro": 0.9119,
    "f1_weighted": 0.9120148723421123,
    "auroc_macro": 0.9947607444444444,
    "auroc_weighted": 0.9947607444444444,
    "auprc_macro": 0.9637008650691753
  },
  "per_class_metrics": {
    "0": {
      "precision": 0.903470715835141,
      "recall": 0.833,
      "f1": 0.8668054110301769,
      "specificity": 0.9901111111111112,
      "fpr": 0.009888888888888836,
      "fnr": 0.16700000000000004,
      "auroc": 0.9928593333333333,
      "auprc": 0.9492904136410458,
      "support": 1000,
      "tp": 833,
      "tn": 8911,
      "fp": 89,
      "fn": 167
    },
    "1": {
      "precision": 0.9949341438703141,
      "recall": 0.982,
      "f1": 0.98842476094615,
      "specificity": 0.9994444444444445,
      "fpr": 0.0005555555555555314,
      "fnr": 0.018000000000000016,
      "auroc": 0.9998196666666667,
      "auprc": 0.9989847225219621,
      "support": 1000,
      "tp": 982,
      "tn": 8995,
      "fp": 5,
      "fn": 18
    },
    "2": {
      "precision": 0.8133928571428571,
      "recall": 0.911,
      "f1": 0.859433962264151,
      "specificity": 0.9767777777777777,
      "fpr": 0.023222222222222255,
      "fnr": 0.08899999999999997,
      "auroc": 0.9914255555555554,
      "auprc": 0.9409358225368004,
      "support": 1000,
      "tp": 911,
      "tn": 8791,
      "fp": 209,
      "fn": 89
    },
    "3": {
      "precision": 0.9021113243761996,
      "recall": 0.94,
      "f1": 0.920666013712047,
      "specificity": 0.9886666666666667,
      "fpr": 0.011333333333333306,
      "fnr": 0.06000000000000005,
      "auroc": 0.9964214444444446,
      "auprc": 0.9715518671635308,
      "support": 1000,
      "tp": 940,
      "tn": 8898,
      "fp": 102,
      "fn": 60
    },
    "4": {
      "precision": 0.8863892013498312,
      "recall": 0.788,
      "f1": 0.8343038644785602,
      "specificity": 0.9887777777777778,
      "fpr": 0.011222222222222245,
      "fnr": 0.21199999999999997,
      "auroc": 0.991171,
      "auprc": 0.9293641586120965,
      "support": 1000,
      "tp": 788,
      "tn": 8899,
      "fp": 101,
      "fn": 212
    },
    "5": {
      "precision": 0.9888438133874239,
      "recall": 0.975,
      "f1": 0.9818731117824774,
      "specificity": 0.9987777777777778,
      "fpr": 0.0012222222222222356,
      "fnr": 0.025000000000000022,
      "auroc": 0.9997056666666667,
      "auprc": 0.9979519148708319,
      "support": 1000,
      "tp": 975,
      "tn": 8989,
      "fp": 11,
      "fn": 25
    },
    "6": {
      "precision": 0.7449664429530202,
      "recall": 0.777,
      "f1": 0.7606461086637298,
      "specificity": 0.9704444444444444,
      "fpr": 0.029555555555555557,
      "fnr": 0.22299999999999998,
      "auroc": 0.9779076666666666,
      "auprc": 0.8615965568700265,
      "support": 1000,
      "tp": 777,
      "tn": 8734,
      "fp": 266,
      "fn": 223
    },
    "7": {
      "precision": 0.9303201506591338,
      "recall": 0.988,
      "f1": 0.9582929194956353,
      "specificity": 0.9917777777777778,
      "fpr": 0.008222222222222242,
      "fnr": 0.01200000000000001,
      "auroc": 0.9993245555555555,
      "auprc": 0.9940589643397065,
      "support": 1000,
      "tp": 988,
      "tn": 8926,
      "fp": 74,
      "fn": 12
    },
    "8": {
      "precision": 0.98989898989899,
      "recall": 0.98,
      "f1": 0.9849246231155778,
      "specificity": 0.9988888888888889,
      "fpr": 0.0011111111111110628,
      "fnr": 0.020000000000000018,
      "auroc": 0.999572,
      "auprc": 0.9980962418697881,
      "support": 1000,
      "tp": 980,
      "tn": 8990,
      "fp": 10,
      "fn": 20
    },
    "9": {
      "precision": 0.9854014598540146,
      "recall": 0.945,
      "f1": 0.9647779479326185,
      "specificity": 0.9984444444444445,
      "fpr": 0.0015555555555555323,
      "fnr": 0.05500000000000005,
      "auroc": 0.9994005555555555,
      "auprc": 0.9951779882659653,
      "support": 1000,
      "tp": 945,
      "tn": 8986,
      "fp": 14,
      "fn": 55
    }
  },
  "confusion_matrix": [
    [
      833,
      0,
      21,
      21,
      2,
      2,
      117,
      0,
      4,
      0
    ],
    [
      1,
      982,
      0,
      12,
      1,
      0,
      4,
      0,
      0,
      0
    ],
    [
      9,
      1,
      911,
      7,
      28,
      0,
      43,
      0,
      1,
      0
    ],
    [
      7,
      2,
      10,
      940,
      19,
      0,
      22,
      0,
      0,
      0
    ],
    [
      0,
      0,
      107,
      28,
      788,
      0,
      76,
      0,
      1,
      0
    ],
    [
      0,
      0,
      0,
      0,
      0,
      975,
      0,
      21,
      0,
      4
    ],
    [
      68,
      2,
      71,
      29,
      49,
      0,
      777,
      0,
      4,
      0
    ],
    [
      0,
      0,
      0,
      0,
      0,
      3,
      0,
      988,
      0,
      9
    ],
    [
      4,
      0,
      0,
      5,
      2,
      1,
      4,
      3,
      980,
      1
    ],
    [
      0,
      0,
      0,
      0,
      0,
      5,
      0,
      50,
      0,
      945
    ]
  ]
}