{
  "experiment": "exp2",
  "condition": {
    "noise_rate": 0.2,
    "noisy_pct": 40,
    "clean_samples": 30000,
    "noisy_samples": 24000,
    "num_corrupted": 4746,
    "total_samples": 54000,
    "train_samples": 48600,
    "val_samples": 5400
  },
  "seed": 73962792,
  "timestamp": "2026-01-13T20:35:19.608482",
  "training_dynamics": {
    "epochs_trained": 15,
    "best_epoch": 5,
    "best_val_accuracy": 0.8314814814814815,
    "final_train_loss": 0.4409309672191739,
    "final_val_loss": 0.866040518283844,
    "training_time_seconds": 33.98674273490906
  },
  "training_history": {
    "train_loss": [
      0.9328871536411737,
      0.7966830407318316,
      0.7534047577530145,
      0.7206836751024974,
      0.7011982782498787,
      0.6775492086418365,
      0.6524340804666281,
      0.6292015858190624,
      0.6038654580516251,
      0.5782391492277383,
      0.5498770518718581,
      0.5212948291513481,
      0.49070669347910506,
      0.4625706407388574,
      0.4409309672191739
    ],
    "val_loss": [
      0.8056938288388429,
      0.7951988406093032,
      0.7737674263230077,
      0.7555375557917136,
      0.7369030640301881,
      0.7515689036139735,
      0.774535611514692,
      0.7665799773180926,
      0.7614129615713049,
      0.7619746771123674,
      0.8081997290805534,
      0.8074189157397659,
      0.8648774293616966,
      0.8811495485129179,
      0.866040518283844
    ],
    "val_accuracy": [
      0.7977777777777778,
      0.7988888888888889,
      0.8085185185185185,
      0.8238888888888889,
      0.830925925925926,
      0.8314814814814815,
      0.8268518518518518,
      0.825925925925926,
      0.8251851851851851,
      0.8305555555555556,
      0.8262962962962963,
      0.8201851851851852,
      0.8227777777777778,
      0.8235185185185185,
      0.8172222222222222
    ]
  },
  "global_metrics": {
    "accuracy": 0.9109,
    "balanced_accuracy": 0.9108999999999998,
    "top_3_accuracy": 0.9914,
    "top_5_accuracy": 0.9976,
    "log_loss": 0.35283143969895225,
    "mcc": 0.9010356717072078,
    "cohens_kappa": 0.901,
    "precision_macro": 0.9117177281480198,
    "precision_micro": 0.9109,
    "precision_weighted": 0.9117177281480195,
    "recall_macro": 0.9108999999999998,
    "recall_micro": 0.9109,
    "recall_weighted": 0.9109,
    "f1_macro": 0.9111479630033564,
    "f1_micro": 0.9109,
    "f1_weighted": 0.9111479630033564,
    "auroc_macro": 0.9930549777777777,
    "auroc_weighted": 0.9930549777777778,
    "auprc_macro": 0.9578552729365457
  },
  "per_class_metrics": {
    "0": {
      "precision": 0.8601823708206687,
      "recall": 0.849,
      "f1": 0.8545546049320585,
      "specificity": 0.9846666666666667,
      "fpr": 0.015333333333333332,
      "fnr": 0.151,
      "auroc": 0.9877446666666666,
      "auprc": 0.9344825421102728,
      "support": 1000,
      "tp": 849,
      "tn": 8862,
      "fp": 138,
      "fn": 151
    },
    "1": {
      "precision": 0.9938712972420838,
      "recall": 0.973,
      "f1": 0.9833249115715008,
      "specificity": 0.9993333333333333,
      "fpr": 0.0006666666666666666,
      "fnr": 0.027,
      "auroc": 0.9992315555555555,
      "auprc": 0.9975494019604679,
      "support": 1000,
      "tp": 973,
      "tn": 8994,
      "fp": 6,
      "fn": 27
    },
    "2": {
      "precision": 0.8970893970893971,
      "recall": 0.863,
      "f1": 0.8797145769622833,
      "specificity": 0.989,
      "fpr": 0.011,
      "fnr": 0.137,
      "auroc": 0.9869045555555557,
      "auprc": 0.9341972419138805,
      "support": 1000,
      "tp": 863,
      "tn": 8901,
      "fp": 99,
      "fn": 137
    },
    "3": {
      "precision": 0.9076305220883534,
      "recall": 0.904,
      "f1": 0.9058116232464929,
      "specificity": 0.9897777777777778,
      "fpr": 0.010222222222222223,
      "fnr": 0.096,
      "auroc": 0.9956855555555556,
      "auprc": 0.9653830980270978,
      "support": 1000,
      "tp": 904,
      "tn": 8908,
      "fp": 92,
      "fn": 96
    },
    "4": {
      "precision": 0.851104707012488,
      "recall": 0.886,
      "f1": 0.8682018618324351,
      "specificity": 0.9827777777777778,
      "fpr": 0.017222222222222222,
      "fnr": 0.114,
      "auroc": 0.9920327777777778,
      "auprc": 0.9359182692562287,
      "support": 1000,
      "tp": 886,
      "tn": 8845,
      "fp": 155,
      "fn": 114
    },
    "5": {
      "precision": 0.981094527363184,
      "recall": 0.986,
      "f1": 0.9835411471321694,
      "specificity": 0.9978888888888889,
      "fpr": 0.002111111111111111,
      "fnr": 0.014,
      "auroc": 0.9996981111111111,
      "auprc": 0.997196370610449,
      "support": 1000,
      "tp": 986,
      "tn": 8981,
      "fp": 19,
      "fn": 14
    },
    "6": {
      "precision": 0.724609375,
      "recall": 0.742,
      "f1": 0.733201581027668,
      "specificity": 0.9686666666666667,
      "fpr": 0.03133333333333333,
      "fnr": 0.258,
      "auroc": 0.9724381111111111,
      "auprc": 0.8397034235999792,
      "support": 1000,
      "tp": 742,
      "tn": 8718,
      "fp": 282,
      "fn": 258
    },
    "7": {
      "precision": 0.9431051108968177,
      "recall": 0.978,
      "f1": 0.9602356406480117,
      "specificity": 0.9934444444444445,
      "fpr": 0.006555555555555556,
      "fnr": 0.022,
      "auroc": 0.9988474444444444,
      "auprc": 0.9850562566551092,
      "support": 1000,
      "tp": 978,
      "tn": 8941,
      "fp": 59,
      "fn": 22
    },
    "8": {
      "precision": 0.9761431411530815,
      "recall": 0.982,
      "f1": 0.9790628115653042,
      "specificity": 0.9973333333333333,
      "fpr": 0.0026666666666666666,
      "fnr": 0.018,
      "auroc": 0.9988882222222222,
      "auprc": 0.9949391162709225,
      "support": 1000,
      "tp": 982,
      "tn": 8976,
      "fp": 24,
      "fn": 18
    },
    "9": {
      "precision": 0.9823468328141225,
      "recall": 0.946,
      "f1": 0.9638308711156394,
      "specificity": 0.9981111111111111,
      "fpr": 0.001888888888888889,
      "fnr": 0.054,
      "auroc": 0.9990787777777778,
      "auprc": 0.9941270089610487,
      "support": 1000,
      "tp": 946,
      "tn": 8983,
      "fp": 17,
      "fn": 54
    }
  },
  "confusion_matrix": [
    [
      849,
      0,
      9,
      17,
      4,
      1,
      115,
      0,
      5,
      0
    ],
    [
      5,
      973,
      0,
      15,
      2,
      0,
      3,
      0,
      2,
      0
    ],
    [
      16,
      2,
      863,
      10,
      50,
      0,
      57,
      0,
      2,
      0
    ],
    [
      14,
      1,
      9,
      904,
      30,
      0,
      41,
      0,
      1,
      0
    ],
    [
      0,
      0,
      31,
      18,
      886,
      0,
      64,
      0,
      1,
      0
    ],
    [
      0,
      0,
      0,
      0,
      0,
      986,
      0,
      9,
      0,
      5
    ],
    [
      101,
      3,
      48,
      26,
      68,
      0,
      742,
      0,
      12,
      0
    ],
    [
      0,
      0,
      0,
      0,
      0,
      10,
      0,
      978,
      0,
      12
    ],
    [
      2,
      0,
      2,
      6,
      1,
      1,
      2,
      4,
      982,
      0
    ],
    [
      0,
      0,
      0,
      0,
      0,
      7,
      0,
      46,
      1,
      946
    ]
  ]
}