{
  "experiment": "exp2",
  "condition": {
    "noise_rate": 0.2,
    "noisy_pct": 45,
    "clean_samples": 30000,
    "noisy_samples": 27000,
    "num_corrupted": 5336,
    "total_samples": 57000,
    "train_samples": 51300,
    "val_samples": 5700
  },
  "seed": 73962792,
  "timestamp": "2026-01-13T20:35:55.844006",
  "training_dynamics": {
    "epochs_trained": 15,
    "best_epoch": 5,
    "best_val_accuracy": 0.8301754385964912,
    "final_train_loss": 0.46657945098648046,
    "final_val_loss": 0.9081837702634041,
    "training_time_seconds": 35.799989461898804
  },
  "training_history": {
    "train_loss": [
      0.9499157945488457,
      0.8190466720713047,
      0.7807915528813503,
      0.7506127292824505,
      0.7294962957612892,
      0.7047828993112072,
      0.6830552875103796,
      0.6571106450293129,
      0.6321491106341307,
      0.6079477211112096,
      0.5782193430604186,
      0.5482435021503014,
      0.5220658360165253,
      0.4946020595227691,
      0.46657945098648046
    ],
    "val_loss": [
      0.8222479611948916,
      0.7800704905861302,
      0.7583580271402994,
      0.7695475148318107,
      0.7478894532354254,
      0.7718028249238666,
      0.7680862471931859,
      0.7636499793069405,
      0.7685116004943847,
      0.7742423690829361,
      0.810888809906809,
      0.803394148809868,
      0.8319393166324549,
      0.870172002357349,
      0.9081837702634041
    ],
    "val_accuracy": [
      0.7929824561403509,
      0.8101754385964912,
      0.8201754385964912,
      0.8194736842105264,
      0.8271929824561404,
      0.8219298245614035,
      0.8280701754385965,
      0.8282456140350877,
      0.8301754385964912,
      0.8277192982456141,
      0.8221052631578948,
      0.8273684210526315,
      0.8245614035087719,
      0.8177192982456141,
      0.8217543859649122
    ]
  },
  "global_metrics": {
    "accuracy": 0.9059,
    "balanced_accuracy": 0.9058999999999999,
    "top_3_accuracy": 0.9908,
    "top_5_accuracy": 0.9984,
    "log_loss": 0.3611853339533847,
    "mcc": 0.8955135708099569,
    "cohens_kappa": 0.8954444444444445,
    "precision_macro": 0.9070352825564163,
    "precision_micro": 0.9059,
    "precision_weighted": 0.9070352825564163,
    "recall_macro": 0.9058999999999999,
    "recall_micro": 0.9059,
    "recall_weighted": 0.9059,
    "f1_macro": 0.9061807664189295,
    "f1_micro": 0.9059,
    "f1_weighted": 0.9061807664189295,
    "auroc_macro": 0.9933116,
    "auroc_weighted": 0.9933116,
    "auprc_macro": 0.9573757465413235
  },
  "per_class_metrics": {
    "0": {
      "precision": 0.8756585879873551,
      "recall": 0.831,
      "f1": 0.8527449974345819,
      "specificity": 0.9868888888888889,
      "fpr": 0.013111111111111112,
      "fnr": 0.169,
      "auroc": 0.9899442222222222,
      "auprc": 0.931520933107849,
      "support": 1000,
      "tp": 831,
      "tn": 8882,
      "fp": 118,
      "fn": 169
    },
    "1": {
      "precision": 0.987012987012987,
      "recall": 0.988,
      "f1": 0.9875062468765617,
      "specificity": 0.9985555555555555,
      "fpr": 0.0014444444444444444,
      "fnr": 0.012,
      "auroc": 0.9998004444444445,
      "auprc": 0.9985331234947064,
      "support": 1000,
      "tp": 988,
      "tn": 8987,
      "fp": 13,
      "fn": 12
    },
    "2": {
      "precision": 0.8691099476439791,
      "recall": 0.83,
      "f1": 0.8491048593350383,
      "specificity": 0.9861111111111112,
      "fpr": 0.013888888888888888,
      "fnr": 0.17,
      "auroc": 0.9878284444444445,
      "auprc": 0.9321609149628288,
      "support": 1000,
      "tp": 830,
      "tn": 8875,
      "fp": 125,
      "fn": 170
    },
    "3": {
      "precision": 0.9207317073170732,
      "recall": 0.906,
      "f1": 0.9133064516129032,
      "specificity": 0.9913333333333333,
      "fpr": 0.008666666666666666,
      "fnr": 0.094,
      "auroc": 0.9960733333333334,
      "auprc": 0.9688275348860047,
      "support": 1000,
      "tp": 906,
      "tn": 8922,
      "fp": 78,
      "fn": 94
    },
    "4": {
      "precision": 0.8501984126984127,
      "recall": 0.857,
      "f1": 0.8535856573705178,
      "specificity": 0.9832222222222222,
      "fpr": 0.016777777777777777,
      "fnr": 0.143,
      "auroc": 0.990700888888889,
      "auprc": 0.9323891042306938,
      "support": 1000,
      "tp": 857,
      "tn": 8849,
      "fp": 151,
      "fn": 143
    },
    "5": {
      "precision": 0.9829488465396189,
      "recall": 0.98,
      "f1": 0.9814722083124687,
      "specificity": 0.9981111111111111,
      "fpr": 0.001888888888888889,
      "fnr": 0.02,
      "auroc": 0.9998073333333333,
      "auprc": 0.9982742940428821,
      "support": 1000,
      "tp": 980,
      "tn": 8983,
      "fp": 17,
      "fn": 20
    },
    "6": {
      "precision": 0.7104283054003724,
      "recall": 0.763,
      "f1": 0.7357762777242045,
      "specificity": 0.9654444444444444,
      "fpr": 0.034555555555555555,
      "fnr": 0.237,
      "auroc": 0.9717985555555555,
      "auprc": 0.8311489148419758,
      "support": 1000,
      "tp": 763,
      "tn": 8689,
      "fp": 311,
      "fn": 237
    },
    "7": {
      "precision": 0.968944099378882,
      "recall": 0.936,
      "f1": 0.9521871820956257,
      "specificity": 0.9966666666666667,
      "fpr": 0.0033333333333333335,
      "fnr": 0.064,
      "auroc": 0.9982998888888889,
      "auprc": 0.9923634482280248,
      "support": 1000,
      "tp": 936,
      "tn": 8970,
      "fp": 30,
      "fn": 64
    },
    "8": {
      "precision": 0.9648780487804878,
      "recall": 0.989,
      "f1": 0.9767901234567902,
      "specificity": 0.996,
      "fpr": 0.004,
      "fnr": 0.011,
      "auroc": 0.9995617777777778,
      "auprc": 0.9962971708197793,
      "support": 1000,
      "tp": 989,
      "tn": 8964,
      "fp": 36,
      "fn": 11
    },
    "9": {
      "precision": 0.9404418828049952,
      "recall": 0.979,
      "f1": 0.9593336599706026,
      "specificity": 0.9931111111111111,
      "fpr": 0.006888888888888889,
      "fnr": 0.021,
      "auroc": 0.9993011111111111,
      "auprc": 0.9922420267984904,
      "support": 1000,
      "tp": 979,
      "tn": 8938,
      "fp": 62,
      "fn": 21
    }
  },
  "confusion_matrix": [
    [
      831,
      0,
      15,
      11,
      2,
      2,
      132,
      0,
      7,
      0
    ],
    [
      0,
      988,
      1,
      5,
      3,
      0,
      1,
      0,
      2,
      0
    ],
    [
      15,
      1,
      830,
      9,
      61,
      0,
      81,
      0,
      3,
      0
    ],
    [
      17,
      8,
      10,
      906,
      21,
      0,
      34,
      0,
      3,
      1
    ],
    [
      1,
      0,
      48,
      28,
      857,
      0,
      62,
      0,
      4,
      0
    ],
    [
      0,
      0,
      0,
      1,
      0,
      980,
      0,
      11,
      0,
      8
    ],
    [
      85,
      2,
      50,
      21,
      63,
      0,
      763,
      0,
      16,
      0
    ],
    [
      0,
      0,
      0,
      0,
      0,
      11,
      0,
      936,
      0,
      53
    ],
    [
      0,
      2,
      1,
      3,
      1,
      0,
      1,
      3,
      989,
      0
    ],
    [
      0,
      0,
      0,
      0,
      0,
      4,
      0,
      16,
      1,
      979
    ]
  ]
}