{
  "experiment": "exp2",
  "condition": {
    "noise_rate": 0.15,
    "noisy_pct": 10,
    "clean_samples": 30000,
    "noisy_samples": 6000,
    "num_corrupted": 917,
    "total_samples": 36000,
    "train_samples": 32400,
    "val_samples": 3600
  },
  "seed": 73962792,
  "timestamp": "2026-01-13T20:26:38.607430",
  "training_dynamics": {
    "epochs_trained": 14,
    "best_epoch": 4,
    "best_val_accuracy": 0.8947222222222222,
    "final_train_loss": 0.18229832259581757,
    "final_val_loss": 0.49187036964628433,
    "training_time_seconds": 21.227261781692505
  },
  "training_history": {
    "train_loss": [
      0.6744586993486453,
      0.5148827534396738,
      0.46037726239457405,
      0.42401456114279445,
      0.3908480124390102,
      0.3698671845465722,
      0.34163679595470897,
      0.3174420271061464,
      0.2922206688929474,
      0.2689526276020021,
      0.2459060251712799,
      0.21984486361227093,
      0.20067619405231296,
      0.18229832259581757
    ],
    "val_loss": [
      0.5262144890096453,
      0.4643945823775397,
      0.4383095513449775,
      0.4117209999428855,
      0.464420839548111,
      0.43207083675596447,
      0.4280443759759267,
      0.5073182133171293,
      0.4516482895612717,
      0.44162656863530475,
      0.45481652981705134,
      0.5061902985307906,
      0.516768787238333,
      0.49187036964628433
    ],
    "val_accuracy": [
      0.8491666666666666,
      0.8780555555555556,
      0.8786111111111111,
      0.8947222222222222,
      0.8780555555555556,
      0.8880555555555556,
      0.8916666666666667,
      0.8713888888888889,
      0.8869444444444444,
      0.8925,
      0.8930555555555556,
      0.8897222222222222,
      0.8863888888888889,
      0.8922222222222222
    ]
  },
  "global_metrics": {
    "accuracy": 0.9069,
    "balanced_accuracy": 0.9069,
    "top_3_accuracy": 0.9912,
    "top_5_accuracy": 0.9987,
    "log_loss": 0.27400173499675645,
    "mcc": 0.896703334478873,
    "cohens_kappa": 0.8965555555555556,
    "precision_macro": 0.9074044357463034,
    "precision_micro": 0.9069,
    "precision_weighted": 0.9074044357463031,
    "recall_macro": 0.9069,
    "recall_micro": 0.9069,
    "recall_weighted": 0.9069,
    "f1_macro": 0.906529192604402,
    "f1_micro": 0.9069,
    "f1_weighted": 0.9065291926044021,
    "auroc_macro": 0.9936710055555557,
    "auroc_weighted": 0.9936710055555555,
    "auprc_macro": 0.9585926499643502
  },
  "per_class_metrics": {
    "0": {
      "precision": 0.8765957446808511,
      "recall": 0.824,
      "f1": 0.8494845360824742,
      "specificity": 0.9871111111111112,
      "fpr": 0.012888888888888889,
      "fnr": 0.176,
      "auroc": 0.99081,
      "auprc": 0.935701738068563,
      "support": 1000,
      "tp": 824,
      "tn": 8884,
      "fp": 116,
      "fn": 176
    },
    "1": {
      "precision": 0.9919110212335692,
      "recall": 0.981,
      "f1": 0.9864253393665159,
      "specificity": 0.9991111111111111,
      "fpr": 0.0008888888888888889,
      "fnr": 0.019,
      "auroc": 0.9993598888888888,
      "auprc": 0.9975992408503392,
      "support": 1000,
      "tp": 981,
      "tn": 8992,
      "fp": 8,
      "fn": 19
    },
    "2": {
      "precision": 0.8084153983885407,
      "recall": 0.903,
      "f1": 0.8530940009447331,
      "specificity": 0.9762222222222222,
      "fpr": 0.023777777777777776,
      "fnr": 0.097,
      "auroc": 0.9898248888888889,
      "auprc": 0.9328934173262504,
      "support": 1000,
      "tp": 903,
      "tn": 8786,
      "fp": 214,
      "fn": 97
    },
    "3": {
      "precision": 0.8858230256898192,
      "recall": 0.931,
      "f1": 0.9078498293515359,
      "specificity": 0.9866666666666667,
      "fpr": 0.013333333333333334,
      "fnr": 0.069,
      "auroc": 0.9960225555555554,
      "auprc": 0.9686429353696937,
      "support": 1000,
      "tp": 931,
      "tn": 8880,
      "fp": 120,
      "fn": 69
    },
    "4": {
      "precision": 0.8863387978142077,
      "recall": 0.811,
      "f1": 0.8469973890339426,
      "specificity": 0.9884444444444445,
      "fpr": 0.011555555555555555,
      "fnr": 0.189,
      "auroc": 0.9913413333333332,
      "auprc": 0.9322082519699768,
      "support": 1000,
      "tp": 811,
      "tn": 8896,
      "fp": 104,
      "fn": 189
    },
    "5": {
      "precision": 0.9879638916750251,
      "recall": 0.985,
      "f1": 0.9864797195793691,
      "specificity": 0.9986666666666667,
      "fpr": 0.0013333333333333333,
      "fnr": 0.015,
      "auroc": 0.9997433333333333,
      "auprc": 0.9980121658791055,
      "support": 1000,
      "tp": 985,
      "tn": 8988,
      "fp": 12,
      "fn": 15
    },
    "6": {
      "precision": 0.7445932028836252,
      "recall": 0.723,
      "f1": 0.7336377473363774,
      "specificity": 0.9724444444444444,
      "fpr": 0.027555555555555555,
      "fnr": 0.277,
      "auroc": 0.9721229444444444,
      "auprc": 0.8394591487037534,
      "support": 1000,
      "tp": 723,
      "tn": 8752,
      "fp": 248,
      "fn": 277
    },
    "7": {
      "precision": 0.9483430799220273,
      "recall": 0.973,
      "f1": 0.960513326752221,
      "specificity": 0.9941111111111111,
      "fpr": 0.005888888888888889,
      "fnr": 0.027,
      "auroc": 0.9988835555555556,
      "auprc": 0.9918424767013434,
      "support": 1000,
      "tp": 973,
      "tn": 8947,
      "fp": 53,
      "fn": 27
    },
    "8": {
      "precision": 0.9666011787819253,
      "recall": 0.984,
      "f1": 0.9752229930624381,
      "specificity": 0.9962222222222222,
      "fpr": 0.003777777777777778,
      "fnr": 0.016,
      "auroc": 0.999376888888889,
      "auprc": 0.9963281875140044,
      "support": 1000,
      "tp": 984,
      "tn": 8966,
      "fp": 34,
      "fn": 16
    },
    "9": {
      "precision": 0.9774590163934426,
      "recall": 0.954,
      "f1": 0.9655870445344129,
      "specificity": 0.9975555555555555,
      "fpr": 0.0024444444444444444,
      "fnr": 0.046,
      "auroc": 0.9992246666666668,
      "auprc": 0.9932389372604724,
      "support": 1000,
      "tp": 954,
      "tn": 8978,
      "fp": 22,
      "fn": 46
    }
  },
  "confusion_matrix": [
    [
      824,
      0,
      23,
      22,
      3,
      1,
      117,
      0,
      10,
      0
    ],
    [
      0,
      981,
      1,
      12,
      2,
      0,
      2,
      0,
      2,
      0
    ],
    [
      13,
      1,
      903,
      8,
      32,
      0,
      42,
      0,
      1,
      0
    ],
    [
      14,
      5,
      16,
      931,
      7,
      0,
      27,
      0,
      0,
      0
    ],
    [
      0,
      0,
      84,
      47,
      811,
      0,
      56,
      0,
      2,
      0
    ],
    [
      0,
      0,
      0,
      0,
      0,
      985,
      0,
      10,
      3,
      2
    ],
    [
      89,
      0,
      87,
      27,
      59,
      0,
      723,
      0,
      15,
      0
    ],
    [
      0,
      0,
      0,
      0,
      0,
      7,
      0,
      973,
      0,
      20
    ],
    [
      0,
      2,
      3,
      4,
      1,
      1,
      4,
      1,
      984,
      0
    ],
    [
      0,
      0,
      0,
      0,
      0,
      3,
      0,
      42,
      1,
      954
    ]
  ]
}