{
  "experiment": "exp2",
  "condition": {
    "noise_rate": 0.35,
    "noisy_pct": 50,
    "clean_samples": 30000,
    "noisy_samples": 30000,
    "num_corrupted": 10416,
    "total_samples": 60000,
    "train_samples": 54000,
    "val_samples": 6000
  },
  "seed": 73962792,
  "timestamp": "2026-01-13T20:53:20.055422",
  "training_dynamics": {
    "epochs_trained": 14,
    "best_epoch": 4,
    "best_val_accuracy": 0.758,
    "final_train_loss": 0.8044104172861407,
    "final_val_loss": 1.1708645017941792,
    "training_time_seconds": 37.161630392074585
  },
  "training_history": {
    "train_loss": [
      1.2520790657302214,
      1.1315142288450946,
      1.09465394073753,
      1.068410389513766,
      1.0458083267884233,
      1.0256322786141345,
      1.00211124785986,
      0.977811542873699,
      0.9581794821396823,
      0.927994879112707,
      0.8986975887163555,
      0.8656342259091788,
      0.8357286710309756,
      0.8044104172861407
    ],
    "val_loss": [
      1.0973965911865233,
      1.0595985533396404,
      1.0467594075202942,
      1.0333525206247967,
      1.040122840722402,
      1.034280839920044,
      1.033847109635671,
      1.0473214691480002,
      1.0486805542310078,
      1.0525776704152425,
      1.0872937843004862,
      1.1356158340771993,
      1.1253672528266907,
      1.1708645017941792
    ],
    "val_accuracy": [
      0.7245,
      0.7408333333333333,
      0.7395,
      0.752,
      0.7546666666666667,
      0.752,
      0.7558333333333334,
      0.758,
      0.7538333333333334,
      0.7558333333333334,
      0.7538333333333334,
      0.7481666666666666,
      0.7458333333333333,
      0.7461666666666666
    ]
  },
  "global_metrics": {
    "accuracy": 0.9013,
    "balanced_accuracy": 0.9013,
    "top_3_accuracy": 0.9887,
    "top_5_accuracy": 0.9975,
    "log_loss": 0.4364644810205513,
    "mcc": 0.8906485797605928,
    "cohens_kappa": 0.8903333333333333,
    "precision_macro": 0.9014805661612275,
    "precision_micro": 0.9013,
    "precision_weighted": 0.9014805661612276,
    "recall_macro": 0.9013,
    "recall_micro": 0.9013,
    "recall_weighted": 0.9013,
    "f1_macro": 0.9000815125166712,
    "f1_micro": 0.9013,
    "f1_weighted": 0.9000815125166713,
    "auroc_macro": 0.9924933666666667,
    "auroc_weighted": 0.9924933666666665,
    "auprc_macro": 0.9527895801310248
  },
  "per_class_metrics": {
    "0": {
      "precision": 0.8709677419354839,
      "recall": 0.837,
      "f1": 0.8536460989291178,
      "specificity": 0.9862222222222222,
      "fpr": 0.013777777777777778,
      "fnr": 0.163,
      "auroc": 0.9897096666666666,
      "auprc": 0.9232575187763621,
      "support": 1000,
      "tp": 837,
      "tn": 8876,
      "fp": 124,
      "fn": 163
    },
    "1": {
      "precision": 0.9898580121703854,
      "recall": 0.976,
      "f1": 0.9828801611278952,
      "specificity": 0.9988888888888889,
      "fpr": 0.0011111111111111111,
      "fnr": 0.024,
      "auroc": 0.9992435555555554,
      "auprc": 0.9968800626569215,
      "support": 1000,
      "tp": 976,
      "tn": 8990,
      "fp": 10,
      "fn": 24
    },
    "2": {
      "precision": 0.8131868131868132,
      "recall": 0.888,
      "f1": 0.8489483747609943,
      "specificity": 0.9773333333333334,
      "fpr": 0.02266666666666667,
      "fnr": 0.112,
      "auroc": 0.9871256666666667,
      "auprc": 0.9284295203438728,
      "support": 1000,
      "tp": 888,
      "tn": 8796,
      "fp": 204,
      "fn": 112
    },
    "3": {
      "precision": 0.82,
      "recall": 0.943,
      "f1": 0.8772093023255814,
      "specificity": 0.977,
      "fpr": 0.023,
      "fnr": 0.057,
      "auroc": 0.9950046666666666,
      "auprc": 0.9586487290421507,
      "support": 1000,
      "tp": 943,
      "tn": 8793,
      "fp": 207,
      "fn": 57
    },
    "4": {
      "precision": 0.849846782431052,
      "recall": 0.832,
      "f1": 0.8408287013643253,
      "specificity": 0.9836666666666667,
      "fpr": 0.01633333333333333,
      "fnr": 0.168,
      "auroc": 0.9905567777777777,
      "auprc": 0.9216698326428944,
      "support": 1000,
      "tp": 832,
      "tn": 8853,
      "fp": 147,
      "fn": 168
    },
    "5": {
      "precision": 0.9799196787148594,
      "recall": 0.976,
      "f1": 0.9779559118236472,
      "specificity": 0.9977777777777778,
      "fpr": 0.0022222222222222222,
      "fnr": 0.024,
      "auroc": 0.9996801111111111,
      "auprc": 0.9974685010827765,
      "support": 1000,
      "tp": 976,
      "tn": 8980,
      "fp": 20,
      "fn": 24
    },
    "6": {
      "precision": 0.7949336550060314,
      "recall": 0.659,
      "f1": 0.7206123564789503,
      "specificity": 0.9811111111111112,
      "fpr": 0.01888888888888889,
      "fnr": 0.341,
      "auroc": 0.9661744444444446,
      "auprc": 0.8195440774202728,
      "support": 1000,
      "tp": 659,
      "tn": 8830,
      "fp": 170,
      "fn": 341
    },
    "7": {
      "precision": 0.9456838021338506,
      "recall": 0.975,
      "f1": 0.9601181683899557,
      "specificity": 0.9937777777777778,
      "fpr": 0.006222222222222222,
      "fnr": 0.025,
      "auroc": 0.9989625555555555,
      "auprc": 0.9925465171871041,
      "support": 1000,
      "tp": 975,
      "tn": 8944,
      "fp": 56,
      "fn": 25
    },
    "8": {
      "precision": 0.9748490945674044,
      "recall": 0.969,
      "f1": 0.9719157472417252,
      "specificity": 0.9972222222222222,
      "fpr": 0.002777777777777778,
      "fnr": 0.031,
      "auroc": 0.9991095555555556,
      "auprc": 0.9951919581617339,
      "support": 1000,
      "tp": 969,
      "tn": 8975,
      "fp": 25,
      "fn": 31
    },
    "9": {
      "precision": 0.9755600814663951,
      "recall": 0.958,
      "f1": 0.9667003027245207,
      "specificity": 0.9973333333333333,
      "fpr": 0.0026666666666666666,
      "fnr": 0.042,
      "auroc": 0.9993666666666667,
      "auprc": 0.994259083996159,
      "support": 1000,
      "tp": 958,
      "tn": 8976,
      "fp": 24,
      "fn": 42
    }
  },
  "confusion_matrix": [
    [
      837,
      0,
      21,
      62,
      4,
      2,
      66,
      0,
      8,
      0
    ],
    [
      0,
      976,
      1,
      18,
      3,
      0,
      0,
      0,
      2,
      0
    ],
    [
      10,
      1,
      888,
      15,
      44,
      0,
      41,
      0,
      1,
      0
    ],
    [
      9,
      5,
      8,
      943,
      12,
      0,
      22,
      0,
      1,
      0
    ],
    [
      0,
      0,
      83,
      52,
      832,
      0,
      31,
      0,
      2,
      0
    ],
    [
      0,
      0,
      0,
      1,
      0,
      976,
      0,
      17,
      0,
      6
    ],
    [
      105,
      2,
      88,
      53,
      81,
      1,
      659,
      0,
      11,
      0
    ],
    [
      0,
      0,
      0,
      0,
      0,
      7,
      0,
      975,
      0,
      18
    ],
    [
      0,
      2,
      2,
      6,
      3,
      3,
      10,
      5,
      969,
      0
    ],
    [
      0,
      0,
      1,
      0,
      0,
      7,
      0,
      34,
      0,
      958
    ]
  ]
}