{
  "experiment": "exp2",
  "condition": {
    "noise_rate": 0.3,
    "noisy_pct": 50,
    "clean_samples": 30000,
    "noisy_samples": 30000,
    "num_corrupted": 8930,
    "total_samples": 60000,
    "train_samples": 54000,
    "val_samples": 6000
  },
  "seed": 73962792,
  "timestamp": "2026-01-13T20:47:45.335670",
  "training_dynamics": {
    "epochs_trained": 15,
    "best_epoch": 5,
    "best_val_accuracy": 0.7766666666666666,
    "final_train_loss": 0.6766250642696263,
    "final_val_loss": 1.0968206901550293,
    "training_time_seconds": 37.32508563995361
  },
  "training_history": {
    "train_loss": [
      1.1617895257416495,
      1.037620435605682,
      1.0003077690070274,
      0.9724572356702027,
      0.9491018628904605,
      0.9258427163718436,
      0.903784736743753,
      0.8799424274908423,
      0.859117336500595,
      0.8285039861408455,
      0.7998187199799935,
      0.7707649447129801,
      0.7359939080561507,
      0.70791279273858,
      0.6766250642696263
    ],
    "val_loss": [
      1.0400037180582682,
      0.999585318406423,
      0.9841952716509501,
      0.9705081888834636,
      0.9632964364687602,
      0.982699918270111,
      0.9792158602078755,
      1.0137453694343568,
      0.9970666313171387,
      1.0214686538378397,
      1.0259837848345439,
      1.0316690775553385,
      1.0834379247029622,
      1.1027759049733479,
      1.0968206901550293
    ],
    "val_accuracy": [
      0.7405,
      0.758,
      0.7618333333333334,
      0.7723333333333333,
      0.774,
      0.7726666666666666,
      0.7718333333333334,
      0.7685,
      0.7766666666666666,
      0.7655,
      0.7706666666666667,
      0.7705,
      0.7666666666666667,
      0.7636666666666667,
      0.7603333333333333
    ]
  },
  "global_metrics": {
    "accuracy": 0.9073,
    "balanced_accuracy": 0.9072999999999999,
    "top_3_accuracy": 0.9901,
    "top_5_accuracy": 0.9969,
    "log_loss": 0.4364936514815816,
    "mcc": 0.8972251719582706,
    "cohens_kappa": 0.897,
    "precision_macro": 0.9110133373486986,
    "precision_micro": 0.9073,
    "precision_weighted": 0.9110133373486987,
    "recall_macro": 0.9072999999999999,
    "recall_micro": 0.9073,
    "recall_weighted": 0.9073,
    "f1_macro": 0.908289108915316,
    "f1_micro": 0.9073,
    "f1_weighted": 0.908289108915316,
    "auroc_macro": 0.9932136333333332,
    "auroc_weighted": 0.9932136333333332,
    "auprc_macro": 0.9581193213078597
  },
  "per_class_metrics": {
    "0": {
      "precision": 0.9092945128779395,
      "recall": 0.812,
      "f1": 0.8578975171685156,
      "specificity": 0.991,
      "fpr": 0.009,
      "fnr": 0.188,
      "auroc": 0.9894960000000002,
      "auprc": 0.9356440290905159,
      "support": 1000,
      "tp": 812,
      "tn": 8919,
      "fp": 81,
      "fn": 188
    },
    "1": {
      "precision": 0.9948875255623721,
      "recall": 0.973,
      "f1": 0.9838220424671386,
      "specificity": 0.9994444444444445,
      "fpr": 0.0005555555555555556,
      "fnr": 0.027,
      "auroc": 0.9983401111111111,
      "auprc": 0.996158422678434,
      "support": 1000,
      "tp": 973,
      "tn": 8995,
      "fp": 5,
      "fn": 27
    },
    "2": {
      "precision": 0.8913978494623656,
      "recall": 0.829,
      "f1": 0.8590673575129533,
      "specificity": 0.9887777777777778,
      "fpr": 0.011222222222222222,
      "fnr": 0.171,
      "auroc": 0.9891728888888889,
      "auprc": 0.9373183435103729,
      "support": 1000,
      "tp": 829,
      "tn": 8899,
      "fp": 101,
      "fn": 171
    },
    "3": {
      "precision": 0.8813397129186603,
      "recall": 0.921,
      "f1": 0.9007334963325183,
      "specificity": 0.9862222222222222,
      "fpr": 0.013777777777777778,
      "fnr": 0.079,
      "auroc": 0.9956411111111111,
      "auprc": 0.966084252424585,
      "support": 1000,
      "tp": 921,
      "tn": 8876,
      "fp": 124,
      "fn": 79
    },
    "4": {
      "precision": 0.8669354838709677,
      "recall": 0.86,
      "f1": 0.8634538152610441,
      "specificity": 0.9853333333333333,
      "fpr": 0.014666666666666666,
      "fnr": 0.14,
      "auroc": 0.9906297777777777,
      "auprc": 0.9291802990028708,
      "support": 1000,
      "tp": 860,
      "tn": 8868,
      "fp": 132,
      "fn": 140
    },
    "5": {
      "precision": 0.9858012170385395,
      "recall": 0.972,
      "f1": 0.9788519637462235,
      "specificity": 0.9984444444444445,
      "fpr": 0.0015555555555555555,
      "fnr": 0.028,
      "auroc": 0.9997405555555555,
      "auprc": 0.9973448209592581,
      "support": 1000,
      "tp": 972,
      "tn": 8986,
      "fp": 14,
      "fn": 28
    },
    "6": {
      "precision": 0.6907838070628768,
      "recall": 0.802,
      "f1": 0.7422489588153632,
      "specificity": 0.9601111111111111,
      "fpr": 0.03988888888888889,
      "fnr": 0.198,
      "auroc": 0.972362111111111,
      "auprc": 0.8401892709384197,
      "support": 1000,
      "tp": 802,
      "tn": 8641,
      "fp": 359,
      "fn": 198
    },
    "7": {
      "precision": 0.9523809523809523,
      "recall": 0.96,
      "f1": 0.9561752988047808,
      "specificity": 0.9946666666666667,
      "fpr": 0.005333333333333333,
      "fnr": 0.04,
      "auroc": 0.9981658888888888,
      "auprc": 0.9913109585792458,
      "support": 1000,
      "tp": 960,
      "tn": 8952,
      "fp": 48,
      "fn": 40
    },
    "8": {
      "precision": 0.978978978978979,
      "recall": 0.978,
      "f1": 0.9784892446223111,
      "specificity": 0.9976666666666667,
      "fpr": 0.0023333333333333335,
      "fnr": 0.022,
      "auroc": 0.9993096666666667,
      "auprc": 0.9954262036449307,
      "support": 1000,
      "tp": 978,
      "tn": 8979,
      "fp": 21,
      "fn": 22
    },
    "9": {
      "precision": 0.9583333333333334,
      "recall": 0.966,
      "f1": 0.9621513944223108,
      "specificity": 0.9953333333333333,
      "fpr": 0.004666666666666667,
      "fnr": 0.034,
      "auroc": 0.9992782222222222,
      "auprc": 0.9925366122499639,
      "support": 1000,
      "tp": 966,
      "tn": 8958,
      "fp": 42,
      "fn": 34
    }
  },
  "confusion_matrix": [
    [
      812,
      0,
      11,
      20,
      1,
      1,
      148,
      0,
      7,
      0
    ],
    [
      1,
      973,
      0,
      21,
      1,
      0,
      2,
      0,
      2,
      0
    ],
    [
      9,
      1,
      829,
      11,
      50,
      0,
      98,
      0,
      2,
      0
    ],
    [
      7,
      3,
      9,
      921,
      14,
      0,
      45,
      0,
      1,
      0
    ],
    [
      1,
      0,
      39,
      41,
      860,
      0,
      59,
      0,
      0,
      0
    ],
    [
      0,
      0,
      0,
      1,
      0,
      972,
      0,
      19,
      0,
      8
    ],
    [
      60,
      1,
      41,
      24,
      64,
      0,
      802,
      0,
      8,
      0
    ],
    [
      0,
      0,
      0,
      0,
      0,
      6,
      0,
      960,
      0,
      34
    ],
    [
      3,
      0,
      1,
      6,
      2,
      2,
      7,
      1,
      978,
      0
    ],
    [
      0,
      0,
      0,
      0,
      0,
      5,
      0,
      28,
      1,
      966
    ]
  ]
}