{
  "experiment": "exp2",
  "condition": {
    "noise_rate": 0.25,
    "noisy_pct": 20,
    "clean_samples": 30000,
    "noisy_samples": 12000,
    "num_corrupted": 2980,
    "total_samples": 42000,
    "train_samples": 37800,
    "val_samples": 4200
  },
  "seed": 73962792,
  "timestamp": "2026-01-13T20:38:36.306757",
  "training_dynamics": {
    "epochs_trained": 15,
    "best_epoch": 5,
    "best_val_accuracy": 0.8419047619047619,
    "final_train_loss": 0.31998313287061886,
    "final_val_loss": 0.8979006476629348,
    "training_time_seconds": 26.932319402694702
  },
  "training_history": {
    "train_loss": [
      0.8687042825415655,
      0.7228492712208059,
      0.6816901921116559,
      0.6474292033214859,
      0.622366143942081,
      0.5956282600785673,
      0.5662782214165945,
      0.5389642442896483,
      0.5024724050776406,
      0.47443480275306604,
      0.4445738825323013,
      0.4111009258934487,
      0.3831286948621777,
      0.3470859520275984,
      0.31998313287061886
    ],
    "val_loss": [
      0.7617956472578503,
      0.7103282300631205,
      0.7022279126303537,
      0.7264680484363011,
      0.6810630807422456,
      0.7268152710369655,
      0.7117058966273353,
      0.6982180459158761,
      0.7064531759988694,
      0.7452618240174793,
      0.7383711288088844,
      0.801218444279262,
      0.8348348313286191,
      0.834797275634039,
      0.8979006476629348
    ],
    "val_accuracy": [
      0.7942857142857143,
      0.8247619047619048,
      0.8271428571428572,
      0.8278571428571428,
      0.8338095238095238,
      0.835,
      0.834047619047619,
      0.8395238095238096,
      0.8411904761904762,
      0.839047619047619,
      0.8419047619047619,
      0.835,
      0.8371428571428572,
      0.8328571428571429,
      0.8307142857142857
    ]
  },
  "global_metrics": {
    "accuracy": 0.9035,
    "balanced_accuracy": 0.9035,
    "top_3_accuracy": 0.9902,
    "top_5_accuracy": 0.9979,
    "log_loss": 0.362346989997475,
    "mcc": 0.8929604862634594,
    "cohens_kappa": 0.8927777777777778,
    "precision_macro": 0.904475395706117,
    "precision_micro": 0.9035,
    "precision_weighted": 0.904475395706117,
    "recall_macro": 0.9035,
    "recall_micro": 0.9035,
    "recall_weighted": 0.9035,
    "f1_macro": 0.9032021432607401,
    "f1_micro": 0.9035,
    "f1_weighted": 0.90320214326074,
    "auroc_macro": 0.9929736666666666,
    "auroc_weighted": 0.9929736666666668,
    "auprc_macro": 0.9554069225149224
  },
  "per_class_metrics": {
    "0": {
      "precision": 0.8967813540510544,
      "recall": 0.808,
      "f1": 0.8500789058390322,
      "specificity": 0.9896666666666667,
      "fpr": 0.010333333333333333,
      "fnr": 0.192,
      "auroc": 0.9892638888888888,
      "auprc": 0.9302805608914343,
      "support": 1000,
      "tp": 808,
      "tn": 8907,
      "fp": 93,
      "fn": 192
    },
    "1": {
      "precision": 0.9938712972420838,
      "recall": 0.973,
      "f1": 0.9833249115715008,
      "specificity": 0.9993333333333333,
      "fpr": 0.0006666666666666666,
      "fnr": 0.027,
      "auroc": 0.9983158888888889,
      "auprc": 0.9962101399330799,
      "support": 1000,
      "tp": 973,
      "tn": 8994,
      "fp": 6,
      "fn": 27
    },
    "2": {
      "precision": 0.8552763819095477,
      "recall": 0.851,
      "f1": 0.8531328320802005,
      "specificity": 0.984,
      "fpr": 0.016,
      "fnr": 0.149,
      "auroc": 0.9890782222222222,
      "auprc": 0.9320186593366381,
      "support": 1000,
      "tp": 851,
      "tn": 8856,
      "fp": 144,
      "fn": 149
    },
    "3": {
      "precision": 0.8922624877571009,
      "recall": 0.911,
      "f1": 0.9015338941118258,
      "specificity": 0.9877777777777778,
      "fpr": 0.012222222222222223,
      "fnr": 0.089,
      "auroc": 0.9951725555555555,
      "auprc": 0.9636577058054254,
      "support": 1000,
      "tp": 911,
      "tn": 8890,
      "fp": 110,
      "fn": 89
    },
    "4": {
      "precision": 0.8046181172291297,
      "recall": 0.906,
      "f1": 0.8523047977422389,
      "specificity": 0.9755555555555555,
      "fpr": 0.024444444444444446,
      "fnr": 0.094,
      "auroc": 0.9912495555555557,
      "auprc": 0.9282056094652091,
      "support": 1000,
      "tp": 906,
      "tn": 8780,
      "fp": 220,
      "fn": 94
    },
    "5": {
      "precision": 0.9858870967741935,
      "recall": 0.978,
      "f1": 0.9819277108433735,
      "specificity": 0.9984444444444445,
      "fpr": 0.0015555555555555555,
      "fnr": 0.022,
      "auroc": 0.9996447777777777,
      "auprc": 0.9969068671880759,
      "support": 1000,
      "tp": 978,
      "tn": 8986,
      "fp": 14,
      "fn": 22
    },
    "6": {
      "precision": 0.7536534446764092,
      "recall": 0.722,
      "f1": 0.7374872318692544,
      "specificity": 0.9737777777777777,
      "fpr": 0.026222222222222223,
      "fnr": 0.278,
      "auroc": 0.9708650000000001,
      "auprc": 0.8325101603701388,
      "support": 1000,
      "tp": 722,
      "tn": 8764,
      "fp": 236,
      "fn": 278
    },
    "7": {
      "precision": 0.9723991507430998,
      "recall": 0.916,
      "f1": 0.9433573635427394,
      "specificity": 0.9971111111111111,
      "fpr": 0.0028888888888888888,
      "fnr": 0.084,
      "auroc": 0.9978126666666668,
      "auprc": 0.9889959264636264,
      "support": 1000,
      "tp": 916,
      "tn": 8974,
      "fp": 26,
      "fn": 84
    },
    "8": {
      "precision": 0.9695181907571289,
      "recall": 0.986,
      "f1": 0.9776896380763511,
      "specificity": 0.9965555555555555,
      "fpr": 0.0034444444444444444,
      "fnr": 0.014,
      "auroc": 0.9993858888888889,
      "auprc": 0.9948307072219066,
      "support": 1000,
      "tp": 986,
      "tn": 8969,
      "fp": 31,
      "fn": 14
    },
    "9": {
      "precision": 0.9204864359214219,
      "recall": 0.984,
      "f1": 0.9511841469308844,
      "specificity": 0.9905555555555555,
      "fpr": 0.009444444444444445,
      "fnr": 0.016,
      "auroc": 0.9989482222222222,
      "auprc": 0.9904528884736894,
      "support": 1000,
      "tp": 984,
      "tn": 8915,
      "fp": 85,
      "fn": 16
    }
  },
  "confusion_matrix": [
    [
      808,
      0,
      22,
      34,
      6,
      2,
      119,
      0,
      9,
      0
    ],
    [
      1,
      973,
      2,
      18,
      4,
      0,
      0,
      0,
      2,
      0
    ],
    [
      13,
      1,
      851,
      6,
      83,
      0,
      43,
      0,
      3,
      0
    ],
    [
      9,
      2,
      14,
      911,
      28,
      0,
      32,
      0,
      2,
      2
    ],
    [
      0,
      1,
      39,
      17,
      906,
      0,
      35,
      0,
      2,
      0
    ],
    [
      0,
      0,
      0,
      1,
      0,
      978,
      0,
      13,
      1,
      7
    ],
    [
      70,
      2,
      66,
      30,
      98,
      0,
      722,
      0,
      12,
      0
    ],
    [
      0,
      0,
      0,
      0,
      0,
      8,
      0,
      916,
      0,
      76
    ],
    [
      0,
      0,
      1,
      4,
      1,
      0,
      6,
      2,
      986,
      0
    ],
    [
      0,
      0,
      0,
      0,
      0,
      4,
      1,
      11,
      0,
      984
    ]
  ]
}