{
  "experiment": "exp2",
  "condition": {
    "noise_rate": 0.25,
    "noisy_pct": 10,
    "clean_samples": 30000,
    "noisy_samples": 6000,
    "num_corrupted": 1472,
    "total_samples": 36000,
    "train_samples": 32400,
    "val_samples": 3600
  },
  "seed": 73962792,
  "timestamp": "2026-01-13T20:37:42.420721",
  "training_dynamics": {
    "epochs_trained": 15,
    "best_epoch": 5,
    "best_val_accuracy": 0.8772222222222222,
    "final_train_loss": 0.21996874364434615,
    "final_val_loss": 0.6184389127625359,
    "training_time_seconds": 22.743255376815796
  },
  "training_history": {
    "train_loss": [
      0.7614582961010039,
      0.5953323190969358,
      0.5529702982371141,
      0.516337931244331,
      0.48150194058639295,
      0.4582839932961342,
      0.42639693917607413,
      0.40305399403887154,
      0.3744770285087459,
      0.3506315981554092,
      0.3197608628775006,
      0.29426559751496983,
      0.26717959366430194,
      0.24138774564103968,
      0.21996874364434615
    ],
    "val_loss": [
      0.5725061820613013,
      0.5642024853494432,
      0.5227117375532786,
      0.5050723877218034,
      0.497289246055815,
      0.5182698040538364,
      0.5050976999600728,
      0.5063695730103387,
      0.520913536813524,
      0.5136439429389106,
      0.5236622193124559,
      0.5883161691824595,
      0.5563640954097112,
      0.615321135520935,
      0.6184389127625359
    ],
    "val_accuracy": [
      0.8380555555555556,
      0.8475,
      0.8630555555555556,
      0.8772222222222222,
      0.8711111111111111,
      0.8694444444444445,
      0.8686111111111111,
      0.8747222222222222,
      0.8752777777777778,
      0.8766666666666667,
      0.8752777777777778,
      0.8608333333333333,
      0.8763888888888889,
      0.8763888888888889,
      0.8736111111111111
    ]
  },
  "global_metrics": {
    "accuracy": 0.9017,
    "balanced_accuracy": 0.9017,
    "top_3_accuracy": 0.9903,
    "top_5_accuracy": 0.9979,
    "log_loss": 0.2975199718175209,
    "mcc": 0.8909446970539294,
    "cohens_kappa": 0.8907777777777778,
    "precision_macro": 0.9018269344131264,
    "precision_micro": 0.9017,
    "precision_weighted": 0.9018269344131264,
    "recall_macro": 0.9017,
    "recall_micro": 0.9017,
    "recall_weighted": 0.9017,
    "f1_macro": 0.9010692482242281,
    "f1_micro": 0.9017,
    "f1_weighted": 0.9010692482242281,
    "auroc_macro": 0.9929544777777778,
    "auroc_weighted": 0.9929544777777779,
    "auprc_macro": 0.9546301184932371
  },
  "per_class_metrics": {
    "0": {
      "precision": 0.8779697624190065,
      "recall": 0.813,
      "f1": 0.8442367601246105,
      "specificity": 0.9874444444444445,
      "fpr": 0.012555555555555556,
      "fnr": 0.187,
      "auroc": 0.9895443333333334,
      "auprc": 0.9285307131817814,
      "support": 1000,
      "tp": 813,
      "tn": 8887,
      "fp": 113,
      "fn": 187
    },
    "1": {
      "precision": 0.9898785425101214,
      "recall": 0.978,
      "f1": 0.9839034205231387,
      "specificity": 0.9988888888888889,
      "fpr": 0.0011111111111111111,
      "fnr": 0.022,
      "auroc": 0.9989901111111111,
      "auprc": 0.9963989478798807,
      "support": 1000,
      "tp": 978,
      "tn": 8990,
      "fp": 10,
      "fn": 22
    },
    "2": {
      "precision": 0.8770053475935828,
      "recall": 0.82,
      "f1": 0.8475452196382428,
      "specificity": 0.9872222222222222,
      "fpr": 0.012777777777777779,
      "fnr": 0.18,
      "auroc": 0.9877877777777777,
      "auprc": 0.9213227700715578,
      "support": 1000,
      "tp": 820,
      "tn": 8885,
      "fp": 115,
      "fn": 180
    },
    "3": {
      "precision": 0.8350785340314136,
      "recall": 0.957,
      "f1": 0.8918918918918919,
      "specificity": 0.979,
      "fpr": 0.021,
      "fnr": 0.043,
      "auroc": 0.9962104444444445,
      "auprc": 0.9684717155008827,
      "support": 1000,
      "tp": 957,
      "tn": 8811,
      "fp": 189,
      "fn": 43
    },
    "4": {
      "precision": 0.8455445544554455,
      "recall": 0.854,
      "f1": 0.8497512437810945,
      "specificity": 0.9826666666666667,
      "fpr": 0.017333333333333333,
      "fnr": 0.146,
      "auroc": 0.9905472222222222,
      "auprc": 0.9287982354035126,
      "support": 1000,
      "tp": 854,
      "tn": 8844,
      "fp": 156,
      "fn": 146
    },
    "5": {
      "precision": 0.9750747756729811,
      "recall": 0.978,
      "f1": 0.9765351972041938,
      "specificity": 0.9972222222222222,
      "fpr": 0.002777777777777778,
      "fnr": 0.022,
      "auroc": 0.9996671111111111,
      "auprc": 0.9969715327015944,
      "support": 1000,
      "tp": 978,
      "tn": 8975,
      "fp": 25,
      "fn": 22
    },
    "6": {
      "precision": 0.7435367114788004,
      "recall": 0.719,
      "f1": 0.7310625317742755,
      "specificity": 0.9724444444444444,
      "fpr": 0.027555555555555555,
      "fnr": 0.281,
      "auroc": 0.9691823333333334,
      "auprc": 0.8240504605658991,
      "support": 1000,
      "tp": 719,
      "tn": 8752,
      "fp": 248,
      "fn": 281
    },
    "7": {
      "precision": 0.9622833843017329,
      "recall": 0.944,
      "f1": 0.9530540131246845,
      "specificity": 0.9958888888888889,
      "fpr": 0.004111111111111111,
      "fnr": 0.056,
      "auroc": 0.998873,
      "auprc": 0.99210322386431,
      "support": 1000,
      "tp": 944,
      "tn": 8963,
      "fp": 37,
      "fn": 56
    },
    "8": {
      "precision": 0.9610136452241715,
      "recall": 0.986,
      "f1": 0.9733464955577493,
      "specificity": 0.9955555555555555,
      "fpr": 0.0044444444444444444,
      "fnr": 0.014,
      "auroc": 0.9994751111111111,
      "auprc": 0.9959779746665824,
      "support": 1000,
      "tp": 986,
      "tn": 8960,
      "fp": 40,
      "fn": 14
    },
    "9": {
      "precision": 0.9508840864440079,
      "recall": 0.968,
      "f1": 0.9593657086223986,
      "specificity": 0.9944444444444445,
      "fpr": 0.005555555555555556,
      "fnr": 0.032,
      "auroc": 0.9992673333333333,
      "auprc": 0.9936756110963689,
      "support": 1000,
      "tp": 968,
      "tn": 8950,
      "fp": 50,
      "fn": 32
    }
  },
  "confusion_matrix": [
    [
      813,
      1,
      12,
      48,
      4,
      1,
      110,
      0,
      11,
      0
    ],
    [
      1,
      978,
      2,
      14,
      2,
      0,
      1,
      0,
      2,
      0
    ],
    [
      17,
      2,
      820,
      16,
      75,
      1,
      65,
      0,
      4,
      0
    ],
    [
      4,
      4,
      5,
      957,
      7,
      0,
      23,
      0,
      0,
      0
    ],
    [
      0,
      0,
      43,
      55,
      854,
      0,
      46,
      0,
      2,
      0
    ],
    [
      0,
      0,
      0,
      0,
      0,
      978,
      0,
      9,
      2,
      11
    ],
    [
      90,
      3,
      52,
      51,
      67,
      0,
      719,
      0,
      18,
      0
    ],
    [
      0,
      0,
      0,
      0,
      0,
      17,
      0,
      944,
      0,
      39
    ],
    [
      1,
      0,
      1,
      5,
      1,
      1,
      3,
      2,
      986,
      0
    ],
    [
      0,
      0,
      0,
      0,
      0,
      5,
      0,
      26,
      1,
      968
    ]
  ]
}