{
  "experiment": "exp1",
  "condition": {
    "subset_pct": 5,
    "num_samples": 3000,
    "train_samples": 2700,
    "val_samples": 300
  },
  "seed": 99719928,
  "timestamp": "2026-01-06T21:49:13.439742",
  "training_dynamics": {
    "epochs_trained": 20,
    "best_epoch": 10,
    "best_val_accuracy": 0.89,
    "final_train_loss": 0.01689097869242433,
    "final_val_loss": 0.4546321241060893,
    "training_time_seconds": 4.69453501701355
  },
  "training_history": {
    "train_loss": [
      1.0276705830596213,
      0.5977968116139256,
      0.48684994876384735,
      0.3816099539399147,
      0.344123127848603,
      0.30252089888550515,
      0.24946057190035664,
      0.22519149111453876,
      0.18768054836018142,
      0.17527673081603162,
      0.11355202320183433,
      0.12818869125357893,
      0.09948363787559576,
      0.06945752005937487,
      0.12389573277255823,
      0.0632076483479766,
      0.04445760931039965,
      0.03467682100355972,
      0.0299389612546927,
      0.01689097869242433
    ],
    "val_loss": [
      0.6095135919253032,
      0.4696350872516632,
      0.4608381032943726,
      0.41552914381027223,
      0.43483482162157694,
      0.4179897880554199,
      0.42215079069137573,
      0.4700169857343038,
      0.4022289570172628,
      0.3778483843803406,
      0.42101912101109823,
      0.37967986981074014,
      0.3904680641492208,
      0.4693096852302551,
      0.4212620139122009,
      0.41333485205968223,
      0.381296972433726,
      0.4233820350964864,
      0.40574971834818524,
      0.4546321241060893
    ],
    "val_accuracy": [
      0.7733333333333333,
      0.8266666666666667,
      0.8366666666666667,
      0.8133333333333334,
      0.8466666666666667,
      0.8366666666666667,
      0.86,
      0.85,
      0.8533333333333334,
      0.8733333333333333,
      0.8766666666666667,
      0.8766666666666667,
      0.8766666666666667,
      0.8666666666666667,
      0.87,
      0.8633333333333333,
      0.8833333333333333,
      0.87,
      0.89,
      0.8733333333333333
    ]
  },
  "global_metrics": {
    "accuracy": 0.8485,
    "balanced_accuracy": 0.8484999999999999,
    "top_3_accuracy": 0.9844,
    "top_5_accuracy": 0.9966,
    "log_loss": 0.48796516220737257,
    "mcc": 0.8325727120031563,
    "cohens_kappa": 0.8316666666666667,
    "precision_macro": 0.8550116337737048,
    "precision_micro": 0.8485,
    "precision_weighted": 0.8550116337737048,
    "recall_macro": 0.8484999999999999,
    "recall_micro": 0.8485,
    "recall_weighted": 0.8485,
    "f1_macro": 0.84774037942513,
    "f1_micro": 0.8485,
    "f1_weighted": 0.84774037942513,
    "auroc_macro": 0.9866745000000001,
    "auroc_weighted": 0.9866744999999999,
    "auprc_macro": 0.9211315030656675
  },
  "per_class_metrics": {
    "0": {
      "precision": 0.7717099373321397,
      "recall": 0.862,
      "f1": 0.8143599433160132,
      "specificity": 0.9716666666666667,
      "fpr": 0.02833333333333332,
      "fnr": 0.138,
      "auroc": 0.9842248888888889,
      "auprc": 0.8929657302143955,
      "support": 1000,
      "tp": 862,
      "tn": 8745,
      "fp": 255,
      "fn": 138
    },
    "1": {
      "precision": 0.9757575757575757,
      "recall": 0.966,
      "f1": 0.9708542713567838,
      "specificity": 0.9973333333333333,
      "fpr": 0.002666666666666706,
      "fnr": 0.03400000000000003,
      "auroc": 0.9987844444444444,
      "auprc": 0.9941444152661767,
      "support": 1000,
      "tp": 966,
      "tn": 8976,
      "fp": 24,
      "fn": 34
    },
    "2": {
      "precision": 0.795,
      "recall": 0.795,
      "f1": 0.795,
      "specificity": 0.9772222222222222,
      "fpr": 0.022777777777777786,
      "fnr": 0.20499999999999996,
      "auroc": 0.9814608888888888,
      "auprc": 0.8845198220825063,
      "support": 1000,
      "tp": 795,
      "tn": 8795,
      "fp": 205,
      "fn": 205
    },
    "3": {
      "precision": 0.8087336244541484,
      "recall": 0.926,
      "f1": 0.8634032634032635,
      "specificity": 0.9756666666666667,
      "fpr": 0.024333333333333318,
      "fnr": 0.07399999999999995,
      "auroc": 0.9926366666666666,
      "auprc": 0.9423206670726277,
      "support": 1000,
      "tp": 926,
      "tn": 8781,
      "fp": 219,
      "fn": 74
    },
    "4": {
      "precision": 0.838107098381071,
      "recall": 0.673,
      "f1": 0.7465335551858016,
      "specificity": 0.9855555555555555,
      "fpr": 0.014444444444444482,
      "fnr": 0.32699999999999996,
      "auroc": 0.9800716666666667,
      "auprc": 0.8544615682465169,
      "support": 1000,
      "tp": 673,
      "tn": 8870,
      "fp": 130,
      "fn": 327
    },
    "5": {
      "precision": 0.9940688018979834,
      "recall": 0.838,
      "f1": 0.9093868692349429,
      "specificity": 0.9994444444444445,
      "fpr": 0.0005555555555555314,
      "fnr": 0.16200000000000003,
      "auroc": 0.9945894444444443,
      "auprc": 0.9833628463106956,
      "support": 1000,
      "tp": 838,
      "tn": 8995,
      "fp": 5,
      "fn": 162
    },
    "6": {
      "precision": 0.6492146596858639,
      "recall": 0.62,
      "f1": 0.6342710997442456,
      "specificity": 0.9627777777777777,
      "fpr": 0.03722222222222227,
      "fnr": 0.38,
      "auroc": 0.945962888888889,
      "auprc": 0.7175761671213763,
      "support": 1000,
      "tp": 620,
      "tn": 8665,
      "fp": 335,
      "fn": 380
    },
    "7": {
      "precision": 0.7761310452418096,
      "recall": 0.995,
      "f1": 0.8720420683610868,
      "specificity": 0.9681111111111111,
      "fpr": 0.031888888888888856,
      "fnr": 0.0050000000000000044,
      "auroc": 0.9977020000000002,
      "auprc": 0.9780940796635341,
      "support": 1000,
      "tp": 995,
      "tn": 8713,
      "fp": 287,
      "fn": 5
    },
    "8": {
      "precision": 0.9677093844601413,
      "recall": 0.959,
      "f1": 0.9633350075339026,
      "specificity": 0.9964444444444445,
      "fpr": 0.003555555555555534,
      "fnr": 0.041000000000000036,
      "auroc": 0.9973865555555556,
      "auprc": 0.9904696627921099,
      "support": 1000,
      "tp": 959,
      "tn": 8968,
      "fp": 32,
      "fn": 41
    },
    "9": {
      "precision": 0.9736842105263158,
      "recall": 0.851,
      "f1": 0.9082177161152614,
      "specificity": 0.9974444444444445,
      "fpr": 0.002555555555555533,
      "fnr": 0.14900000000000002,
      "auroc": 0.9939255555555555,
      "auprc": 0.9734000718867343,
      "support": 1000,
      "tp": 851,
      "tn": 8977,
      "fp": 23,
      "fn": 149
    }
  },
  "confusion_matrix": [
    [
      862,
      1,
      12,
      52,
      3,
      1,
      61,
      2,
      6,
      0
    ],
    [
      2,
      966,
      2,
      22,
      3,
      0,
      3,
      0,
      2,
      0
    ],
    [
      23,
      2,
      795,
      18,
      59,
      0,
      103,
      0,
      0,
      0
    ],
    [
      25,
      11,
      7,
      926,
      6,
      0,
      24,
      0,
      1,
      0
    ],
    [
      3,
      4,
      112,
      77,
      673,
      0,
      128,
      0,
      3,
      0
    ],
    [
      3,
      0,
      1,
      2,
      0,
      838,
      0,
      135,
      2,
      19
    ],
    [
      195,
      3,
      69,
      42,
      55,
      0,
      620,
      0,
      16,
      0
    ],
    [
      0,
      0,
      0,
      0,
      0,
      0,
      0,
      995,
      1,
      4
    ],
    [
      4,
      3,
      2,
      6,
      4,
      2,
      16,
      4,
      959,
      0
    ],
    [
      0,
      0,
      0,
      0,
      0,
      2,
      0,
      146,
      1,
      851
    ]
  ]
}