{
  "experiment": "exp1",
  "condition": {
    "subset_pct": 40,
    "num_samples": 24000,
    "train_samples": 21600,
    "val_samples": 2400
  },
  "seed": 99719928,
  "timestamp": "2026-01-06T21:51:00.982880",
  "training_dynamics": {
    "epochs_trained": 16,
    "best_epoch": 6,
    "best_val_accuracy": 0.9229166666666667,
    "final_train_loss": 0.06745985965106703,
    "final_val_loss": 0.2986763447523117,
    "training_time_seconds": 22.397278308868408
  },
  "training_history": {
    "train_loss": [
      0.5694263753806346,
      0.3509039544891676,
      0.29768865077188733,
      0.26406384142633726,
      0.22991131570124063,
      0.20321513625335763,
      0.17826882938264743,
      0.16327593527932668,
      0.14660146636282198,
      0.13003306212620094,
      0.11416119998927124,
      0.10310139051037868,
      0.0910359458452278,
      0.08243150639446926,
      0.07619414789348665,
      0.06745985965106703
    ],
    "val_loss": [
      0.3738437036673228,
      0.30359015027681985,
      0.2637065633138021,
      0.25941404143969216,
      0.24702650646368662,
      0.22929677625497183,
      0.2576582662264506,
      0.2901473049322764,
      0.2507808784643809,
      0.2636333938439687,
      0.26777547617753344,
      0.24908515572547912,
      0.3308383619785309,
      0.2958269170920054,
      0.3371824626127879,
      0.2986763447523117
    ],
    "val_accuracy": [
      0.8695833333333334,
      0.8883333333333333,
      0.9066666666666666,
      0.9,
      0.9025,
      0.9154166666666667,
      0.9108333333333334,
      0.9020833333333333,
      0.9175,
      0.9091666666666667,
      0.9108333333333334,
      0.9229166666666667,
      0.9125,
      0.9125,
      0.9154166666666667,
      0.9129166666666667
    ]
  },
  "global_metrics": {
    "accuracy": 0.9028,
    "balanced_accuracy": 0.9028,
    "top_3_accuracy": 0.9915,
    "top_5_accuracy": 0.9985,
    "log_loss": 0.2688689978544255,
    "mcc": 0.8923829044991766,
    "cohens_kappa": 0.892,
    "precision_macro": 0.9027476083998088,
    "precision_micro": 0.9028,
    "precision_weighted": 0.9027476083998089,
    "recall_macro": 0.9028,
    "recall_micro": 0.9028,
    "recall_weighted": 0.9028,
    "f1_macro": 0.9010558842985068,
    "f1_micro": 0.9028,
    "f1_weighted": 0.9010558842985067,
    "auroc_macro": 0.9935929777777778,
    "auroc_weighted": 0.9935929777777778,
    "auprc_macro": 0.9565035498398256
  },
  "per_class_metrics": {
    "0": {
      "precision": 0.8063348416289593,
      "recall": 0.891,
      "f1": 0.8465558194774347,
      "specificity": 0.9762222222222222,
      "fpr": 0.023777777777777787,
      "fnr": 0.10899999999999999,
      "auroc": 0.9900697777777778,
      "auprc": 0.9304430448958522,
      "support": 1000,
      "tp": 891,
      "tn": 8786,
      "fp": 214,
      "fn": 109
    },
    "1": {
      "precision": 0.9949031600407747,
      "recall": 0.976,
      "f1": 0.9853609288238263,
      "specificity": 0.9994444444444445,
      "fpr": 0.0005555555555555314,
      "fnr": 0.02400000000000002,
      "auroc": 0.9997993333333334,
      "auprc": 0.9985197240799971,
      "support": 1000,
      "tp": 976,
      "tn": 8995,
      "fp": 5,
      "fn": 24
    },
    "2": {
      "precision": 0.839622641509434,
      "recall": 0.89,
      "f1": 0.8640776699029127,
      "specificity": 0.9811111111111112,
      "fpr": 0.018888888888888844,
      "fnr": 0.10999999999999999,
      "auroc": 0.9900080555555557,
      "auprc": 0.9367578628919713,
      "support": 1000,
      "tp": 890,
      "tn": 8830,
      "fp": 170,
      "fn": 110
    },
    "3": {
      "precision": 0.8848368522072937,
      "recall": 0.922,
      "f1": 0.9030362389813908,
      "specificity": 0.9866666666666667,
      "fpr": 0.013333333333333308,
      "fnr": 0.07799999999999996,
      "auroc": 0.9959557777777778,
      "auprc": 0.9678639256979626,
      "support": 1000,
      "tp": 922,
      "tn": 8880,
      "fp": 120,
      "fn": 78
    },
    "4": {
      "precision": 0.814638783269962,
      "recall": 0.857,
      "f1": 0.8352826510721248,
      "specificity": 0.9783333333333334,
      "fpr": 0.021666666666666612,
      "fnr": 0.14300000000000002,
      "auroc": 0.9900819999999999,
      "auprc": 0.9198298172964483,
      "support": 1000,
      "tp": 857,
      "tn": 8805,
      "fp": 195,
      "fn": 143
    },
    "5": {
      "precision": 0.9760239760239761,
      "recall": 0.977,
      "f1": 0.976511744127936,
      "specificity": 0.9973333333333333,
      "fpr": 0.002666666666666706,
      "fnr": 0.02300000000000002,
      "auroc": 0.9995881666666666,
      "auprc": 0.9966425327537086,
      "support": 1000,
      "tp": 977,
      "tn": 8976,
      "fp": 24,
      "fn": 23
    },
    "6": {
      "precision": 0.8118421052631579,
      "recall": 0.617,
      "f1": 0.7011363636363637,
      "specificity": 0.9841111111111112,
      "fpr": 0.01588888888888884,
      "fnr": 0.383,
      "auroc": 0.9730095555555556,
      "auprc": 0.8330907285654316,
      "support": 1000,
      "tp": 617,
      "tn": 8857,
      "fp": 143,
      "fn": 383
    },
    "7": {
      "precision": 0.9504459861248761,
      "recall": 0.959,
      "f1": 0.9547038327526132,
      "specificity": 0.9944444444444445,
      "fpr": 0.005555555555555536,
      "fnr": 0.041000000000000036,
      "auroc": 0.998962111111111,
      "auprc": 0.9912891000212747,
      "support": 1000,
      "tp": 959,
      "tn": 8950,
      "fp": 50,
      "fn": 41
    },
    "8": {
      "precision": 0.9848637739656912,
      "recall": 0.976,
      "f1": 0.9804118533400301,
      "specificity": 0.9983333333333333,
      "fpr": 0.0016666666666667052,
      "fnr": 0.02400000000000002,
      "auroc": 0.9996091111111112,
      "auprc": 0.9974080550993399,
      "support": 1000,
      "tp": 976,
      "tn": 8985,
      "fp": 15,
      "fn": 24
    },
    "9": {
      "precision": 0.963963963963964,
      "recall": 0.963,
      "f1": 0.9634817408704351,
      "specificity": 0.996,
      "fpr": 0.0040000000000000036,
      "fnr": 0.03700000000000003,
      "auroc": 0.9988458888888889,
      "auprc": 0.9931907070962707,
      "support": 1000,
      "tp": 963,
      "tn": 8964,
      "fp": 36,
      "fn": 37
    }
  },
  "confusion_matrix": [
    [
      891,
      0,
      26,
      25,
      8,
      2,
      43,
      0,
      5,
      0
    ],
    [
      0,
      976,
      0,
      19,
      2,
      0,
      1,
      0,
      2,
      0
    ],
    [
      11,
      1,
      890,
      9,
      48,
      1,
      40,
      0,
      0,
      0
    ],
    [
      19,
      2,
      9,
      922,
      25,
      0,
      22,
      0,
      1,
      0
    ],
    [
      1,
      1,
      70,
      35,
      857,
      1,
      35,
      0,
      0,
      0
    ],
    [
      0,
      0,
      0,
      0,
      0,
      977,
      0,
      17,
      0,
      6
    ],
    [
      180,
      0,
      63,
      28,
      105,
      0,
      617,
      0,
      7,
      0
    ],
    [
      0,
      0,
      0,
      0,
      0,
      11,
      0,
      959,
      0,
      30
    ],
    [
      3,
      1,
      2,
      4,
      7,
      4,
      2,
      1,
      976,
      0
    ],
    [
      0,
      0,
      0,
      0,
      0,
      5,
      0,
      32,
      0,
      963
    ]
  ]
}