{
  "experiment": "exp1",
  "condition": {
    "subset_pct": 70,
    "num_samples": 42000,
    "train_samples": 37800,
    "val_samples": 4200
  },
  "seed": 99719928,
  "timestamp": "2026-01-06T21:57:13.125143",
  "training_dynamics": {
    "epochs_trained": 21,
    "best_epoch": 11,
    "best_val_accuracy": 0.9204761904761904,
    "final_train_loss": 0.05647194313650475,
    "final_val_loss": 0.35628856993856883,
    "training_time_seconds": 58.47871971130371
  },
  "training_history": {
    "train_loss": [
      0.4786044301468305,
      0.3100029974419453,
      0.2631190350427341,
      0.23437344446753083,
      0.20659805773781037,
      0.19139168792847047,
      0.17068099018104388,
      0.15330898070585003,
      0.1363819695271665,
      0.12534802941236703,
      0.11430631398795371,
      0.10977807718718365,
      0.09576547700067109,
      0.0882797049021257,
      0.08053602575515152,
      0.07558643724414789,
      0.07275744388904265,
      0.06728562939669401,
      0.0618640048777631,
      0.05802816497445636,
      0.05647194313650475
    ],
    "val_loss": [
      0.31279394848006115,
      0.3012253477459862,
      0.26468443893250965,
      0.2512855821564084,
      0.25081930092402865,
      0.251147173785028,
      0.2482313492752257,
      0.2500920141310919,
      0.26797741648696716,
      0.25599093150524865,
      0.2446634599992207,
      0.2753398937270755,
      0.2879775006998153,
      0.2953855208272026,
      0.30422124871185846,
      0.3360667772803988,
      0.3018832232838585,
      0.28328476511296774,
      0.326788404073034,
      0.34073559339557374,
      0.35628856993856883
    ],
    "val_accuracy": [
      0.8833333333333333,
      0.888095238095238,
      0.9019047619047619,
      0.9107142857142857,
      0.9078571428571428,
      0.9092857142857143,
      0.9154761904761904,
      0.9157142857142857,
      0.9085714285714286,
      0.9180952380952381,
      0.9180952380952381,
      0.9178571428571428,
      0.9204761904761904,
      0.9180952380952381,
      0.9152380952380952,
      0.9154761904761904,
      0.915,
      0.9192857142857143,
      0.9176190476190477,
      0.9188095238095239,
      0.9097619047619048
    ]
  },
  "global_metrics": {
    "accuracy": 0.9146,
    "balanced_accuracy": 0.9145999999999999,
    "top_3_accuracy": 0.9919,
    "top_5_accuracy": 0.9988,
    "log_loss": 0.2681832520847704,
    "mcc": 0.9052302874943734,
    "cohens_kappa": 0.9051111111111111,
    "precision_macro": 0.9151487053069156,
    "precision_micro": 0.9146,
    "precision_weighted": 0.9151487053069157,
    "recall_macro": 0.9145999999999999,
    "recall_micro": 0.9146,
    "recall_weighted": 0.9146,
    "f1_macro": 0.9143849510392561,
    "f1_micro": 0.9146,
    "f1_weighted": 0.9143849510392562,
    "auroc_macro": 0.9943242888888889,
    "auroc_weighted": 0.9943242888888888,
    "auprc_macro": 0.9626303349139077
  },
  "per_class_metrics": {
    "0": {
      "precision": 0.8161434977578476,
      "recall": 0.91,
      "f1": 0.8605200945626478,
      "specificity": 0.9772222222222222,
      "fpr": 0.022777777777777786,
      "fnr": 0.08999999999999997,
      "auroc": 0.9917426666666667,
      "auprc": 0.9429387703779507,
      "support": 1000,
      "tp": 910,
      "tn": 8795,
      "fp": 205,
      "fn": 90
    },
    "1": {
      "precision": 0.9869739478957916,
      "recall": 0.985,
      "f1": 0.9859859859859861,
      "specificity": 0.9985555555555555,
      "fpr": 0.0014444444444444704,
      "fnr": 0.015000000000000013,
      "auroc": 0.9998017777777779,
      "auprc": 0.9986482528949782,
      "support": 1000,
      "tp": 985,
      "tn": 8987,
      "fp": 13,
      "fn": 15
    },
    "2": {
      "precision": 0.8603297769156159,
      "recall": 0.887,
      "f1": 0.8734613490891187,
      "specificity": 0.984,
      "fpr": 0.016000000000000014,
      "fnr": 0.11299999999999999,
      "auroc": 0.9914412222222222,
      "auprc": 0.9451800149781697,
      "support": 1000,
      "tp": 887,
      "tn": 8856,
      "fp": 144,
      "fn": 113
    },
    "3": {
      "precision": 0.9401888772298006,
      "recall": 0.896,
      "f1": 0.9175627240143368,
      "specificity": 0.9936666666666667,
      "fpr": 0.006333333333333302,
      "fnr": 0.10399999999999998,
      "auroc": 0.9960431111111112,
      "auprc": 0.968181200286194,
      "support": 1000,
      "tp": 896,
      "tn": 8943,
      "fp": 57,
      "fn": 104
    },
    "4": {
      "precision": 0.9032943676939427,
      "recall": 0.85,
      "f1": 0.8758371973209684,
      "specificity": 0.9898888888888889,
      "fpr": 0.01011111111111107,
      "fnr": 0.15000000000000002,
      "auroc": 0.9929973333333334,
      "auprc": 0.9443664145528421,
      "support": 1000,
      "tp": 850,
      "tn": 8909,
      "fp": 91,
      "fn": 150
    },
    "5": {
      "precision": 0.9918946301925026,
      "recall": 0.979,
      "f1": 0.9854051333668847,
      "specificity": 0.9991111111111111,
      "fpr": 0.000888888888888939,
      "fnr": 0.02100000000000002,
      "auroc": 0.9996782222222222,
      "auprc": 0.9977825941609549,
      "support": 1000,
      "tp": 979,
      "tn": 8992,
      "fp": 8,
      "fn": 21
    },
    "6": {
      "precision": 0.7565858798735511,
      "recall": 0.718,
      "f1": 0.7367880964597229,
      "specificity": 0.9743333333333334,
      "fpr": 0.025666666666666615,
      "fnr": 0.28200000000000003,
      "auroc": 0.9736047777777778,
      "auprc": 0.8441016250529407,
      "support": 1000,
      "tp": 718,
      "tn": 8769,
      "fp": 231,
      "fn": 282
    },
    "7": {
      "precision": 0.9665314401622718,
      "recall": 0.953,
      "f1": 0.959718026183283,
      "specificity": 0.9963333333333333,
      "fpr": 0.003666666666666707,
      "fnr": 0.04700000000000004,
      "auroc": 0.9989669999999999,
      "auprc": 0.992170731812706,
      "support": 1000,
      "tp": 953,
      "tn": 8967,
      "fp": 33,
      "fn": 47
    },
    "8": {
      "precision": 0.9783251231527094,
      "recall": 0.993,
      "f1": 0.9856079404466501,
      "specificity": 0.9975555555555555,
      "fpr": 0.0024444444444444713,
      "fnr": 0.007000000000000006,
      "auroc": 0.9998403333333333,
      "auprc": 0.9986751232433031,
      "support": 1000,
      "tp": 993,
      "tn": 8978,
      "fp": 22,
      "fn": 7
    },
    "9": {
      "precision": 0.9512195121951219,
      "recall": 0.975,
      "f1": 0.9629629629629629,
      "specificity": 0.9944444444444445,
      "fpr": 0.005555555555555536,
      "fnr": 0.025000000000000022,
      "auroc": 0.9991264444444444,
      "auprc": 0.9942586217790369,
      "support": 1000,
      "tp": 975,
      "tn": 8950,
      "fp": 50,
      "fn": 25
    }
  },
  "confusion_matrix": [
    [
      910,
      0,
      19,
      5,
      2,
      0,
      58,
      0,
      6,
      0
    ],
    [
      3,
      985,
      0,
      7,
      2,
      0,
      1,
      0,
      2,
      0
    ],
    [
      18,
      1,
      887,
      8,
      29,
      0,
      56,
      0,
      1,
      0
    ],
    [
      23,
      9,
      14,
      896,
      12,
      0,
      44,
      0,
      2,
      0
    ],
    [
      2,
      0,
      57,
      18,
      850,
      0,
      72,
      0,
      1,
      0
    ],
    [
      0,
      0,
      0,
      0,
      0,
      979,
      0,
      13,
      2,
      6
    ],
    [
      158,
      2,
      54,
      16,
      45,
      0,
      718,
      0,
      7,
      0
    ],
    [
      0,
      0,
      0,
      0,
      0,
      3,
      0,
      953,
      0,
      44
    ],
    [
      1,
      1,
      0,
      3,
      1,
      1,
      0,
      0,
      993,
      0
    ],
    [
      0,
      0,
      0,
      0,
      0,
      4,
      0,
      20,
      1,
      975
    ]
  ]
}