{
  "experiment": "exp2",
  "condition": {
    "noise_rate": 0.35,
    "noisy_pct": 5,
    "clean_samples": 30000,
    "noisy_samples": 3000,
    "num_corrupted": 1054,
    "total_samples": 33000,
    "train_samples": 29700,
    "val_samples": 3300
  },
  "seed": 31380194,
  "timestamp": "2026-01-13T20:03:51.278682",
  "training_dynamics": {
    "epochs_trained": 17,
    "best_epoch": 7,
    "best_val_accuracy": 0.8818181818181818,
    "final_train_loss": 0.16086990985498634,
    "final_val_loss": 0.6506744939630682,
    "training_time_seconds": 23.95543909072876
  },
  "training_history": {
    "train_loss": [
      0.7404237774110609,
      0.5726724856963722,
      0.5216315229092875,
      0.48303623090508163,
      0.45239762649420767,
      0.4238440300508212,
      0.39523330907667836,
      0.3700688473199324,
      0.33306629883666194,
      0.30822161591501646,
      0.2956499018335855,
      0.25611541205115856,
      0.2364359433211947,
      0.2214601187295811,
      0.1885734261724577,
      0.1701990101566558,
      0.16086990985498634
    ],
    "val_loss": [
      0.5535892701871468,
      0.5407352300846215,
      0.49525655992103346,
      0.4938805722467827,
      0.4805812542366259,
      0.47964415658604015,
      0.4704980676824396,
      0.5011000615177732,
      0.4918352693499941,
      0.5748260636040659,
      0.49781030893325806,
      0.49927014112472534,
      0.5436994571396799,
      0.5626580720959288,
      0.6406831679199682,
      0.6464690450466041,
      0.6506744939630682
    ],
    "val_accuracy": [
      0.8481818181818181,
      0.8548484848484849,
      0.8690909090909091,
      0.8675757575757576,
      0.8745454545454545,
      0.8763636363636363,
      0.8796969696969696,
      0.8809090909090909,
      0.8793939393939394,
      0.8563636363636363,
      0.8784848484848485,
      0.8818181818181818,
      0.8745454545454545,
      0.873030303030303,
      0.8796969696969696,
      0.8781818181818182,
      0.8581818181818182
    ]
  },
  "global_metrics": {
    "accuracy": 0.9057,
    "balanced_accuracy": 0.9057000000000002,
    "top_3_accuracy": 0.988,
    "top_5_accuracy": 0.9949,
    "log_loss": 0.2931734311525842,
    "mcc": 0.8956968782431948,
    "cohens_kappa": 0.8952222222222223,
    "precision_macro": 0.9053558005361086,
    "precision_micro": 0.9057,
    "precision_weighted": 0.9053558005361086,
    "recall_macro": 0.9057000000000002,
    "recall_micro": 0.9057,
    "recall_weighted": 0.9057,
    "f1_macro": 0.9034117058759641,
    "f1_micro": 0.9057,
    "f1_weighted": 0.9034117058759641,
    "auroc_macro": 0.9932699666666667,
    "auroc_weighted": 0.9932699666666668,
    "auprc_macro": 0.9564648824702722
  },
  "per_class_metrics": {
    "0": {
      "precision": 0.80550621669627,
      "recall": 0.907,
      "f1": 0.8532455315145813,
      "specificity": 0.9756666666666667,
      "fpr": 0.024333333333333332,
      "fnr": 0.093,
      "auroc": 0.9907685555555557,
      "auprc": 0.9300469378596679,
      "support": 1000,
      "tp": 907,
      "tn": 8781,
      "fp": 219,
      "fn": 93
    },
    "1": {
      "precision": 0.9685966633954858,
      "recall": 0.987,
      "f1": 0.9777117384843982,
      "specificity": 0.9964444444444445,
      "fpr": 0.0035555555555555557,
      "fnr": 0.013,
      "auroc": 0.9993694444444444,
      "auprc": 0.9971107460349371,
      "support": 1000,
      "tp": 987,
      "tn": 8968,
      "fp": 32,
      "fn": 13
    },
    "2": {
      "precision": 0.8830227743271222,
      "recall": 0.853,
      "f1": 0.8677517802644965,
      "specificity": 0.9874444444444445,
      "fpr": 0.012555555555555556,
      "fnr": 0.147,
      "auroc": 0.988592,
      "auprc": 0.936465900317956,
      "support": 1000,
      "tp": 853,
      "tn": 8887,
      "fp": 113,
      "fn": 147
    },
    "3": {
      "precision": 0.9174311926605505,
      "recall": 0.9,
      "f1": 0.9086320040383644,
      "specificity": 0.991,
      "fpr": 0.009,
      "fnr": 0.1,
      "auroc": 0.9950042222222222,
      "auprc": 0.9630890210531114,
      "support": 1000,
      "tp": 900,
      "tn": 8919,
      "fp": 81,
      "fn": 100
    },
    "4": {
      "precision": 0.8148148148148148,
      "recall": 0.902,
      "f1": 0.8561936402467963,
      "specificity": 0.9772222222222222,
      "fpr": 0.02277777777777778,
      "fnr": 0.098,
      "auroc": 0.9909803333333334,
      "auprc": 0.931379089527419,
      "support": 1000,
      "tp": 902,
      "tn": 8795,
      "fp": 205,
      "fn": 98
    },
    "5": {
      "precision": 0.9780658025922233,
      "recall": 0.981,
      "f1": 0.9795307039440839,
      "specificity": 0.9975555555555555,
      "fpr": 0.0024444444444444444,
      "fnr": 0.019,
      "auroc": 0.9994897777777778,
      "auprc": 0.99706512558312,
      "support": 1000,
      "tp": 981,
      "tn": 8978,
      "fp": 22,
      "fn": 19
    },
    "6": {
      "precision": 0.8192771084337349,
      "recall": 0.612,
      "f1": 0.7006296508299942,
      "specificity": 0.985,
      "fpr": 0.015,
      "fnr": 0.388,
      "auroc": 0.9714462222222222,
      "auprc": 0.830087460891087,
      "support": 1000,
      "tp": 612,
      "tn": 8865,
      "fp": 135,
      "fn": 388
    },
    "7": {
      "precision": 0.9490695396669931,
      "recall": 0.969,
      "f1": 0.9589312221672439,
      "specificity": 0.9942222222222222,
      "fpr": 0.0057777777777777775,
      "fnr": 0.031,
      "auroc": 0.9984628888888889,
      "auprc": 0.9895252365410789,
      "support": 1000,
      "tp": 969,
      "tn": 8948,
      "fp": 52,
      "fn": 31
    },
    "8": {
      "precision": 0.948076923076923,
      "recall": 0.986,
      "f1": 0.9666666666666667,
      "specificity": 0.994,
      "fpr": 0.006,
      "fnr": 0.014,
      "auroc": 0.9995092222222222,
      "auprc": 0.9964727492390114,
      "support": 1000,
      "tp": 986,
      "tn": 8946,
      "fp": 54,
      "fn": 14
    },
    "9": {
      "precision": 0.9696969696969697,
      "recall": 0.96,
      "f1": 0.964824120603015,
      "specificity": 0.9966666666666667,
      "fpr": 0.0033333333333333335,
      "fnr": 0.04,
      "auroc": 0.9990770000000001,
      "auprc": 0.9934065576553346,
      "support": 1000,
      "tp": 960,
      "tn": 8970,
      "fp": 30,
      "fn": 40
    }
  },
  "confusion_matrix": [
    [
      907,
      2,
      15,
      16,
      3,
      2,
      38,
      1,
      16,
      0
    ],
    [
      1,
      987,
      1,
      8,
      1,
      0,
      0,
      0,
      2,
      0
    ],
    [
      16,
      1,
      853,
      8,
      72,
      0,
      44,
      0,
      6,
      0
    ],
    [
      23,
      20,
      9,
      900,
      22,
      2,
      19,
      0,
      3,
      2
    ],
    [
      0,
      2,
      33,
      24,
      902,
      1,
      34,
      0,
      4,
      0
    ],
    [
      0,
      0,
      0,
      0,
      0,
      981,
      0,
      13,
      0,
      6
    ],
    [
      178,
      5,
      55,
      22,
      104,
      2,
      612,
      0,
      22,
      0
    ],
    [
      0,
      0,
      0,
      0,
      0,
      9,
      0,
      969,
      0,
      22
    ],
    [
      1,
      2,
      0,
      3,
      3,
      3,
      0,
      2,
      986,
      0
    ],
    [
      0,
      0,
      0,
      0,
      0,
      3,
      0,
      36,
      1,
      960
    ]
  ]
}