{
  "experiment": "exp2",
  "condition": {
    "noise_rate": 0.05,
    "noisy_pct": 10,
    "clean_samples": 30000,
    "noisy_samples": 6000,
    "num_corrupted": 284,
    "total_samples": 36000,
    "train_samples": 32400,
    "val_samples": 3600
  },
  "seed": 31380194,
  "timestamp": "2026-01-13T19:29:49.709473",
  "training_dynamics": {
    "epochs_trained": 14,
    "best_epoch": 4,
    "best_val_accuracy": 0.9,
    "final_train_loss": 0.1135025725936925,
    "final_val_loss": 0.4535777344968584,
    "training_time_seconds": 21.00964117050171
  },
  "training_history": {
    "train_loss": [
      0.5690151346329402,
      0.3926903062906021,
      0.34253904160251747,
      0.31173486879767753,
      0.2804437177714982,
      0.25444954780667023,
      0.23406056180978432,
      0.2093934570870838,
      0.19300693415355166,
      0.17259090593639445,
      0.14939283912255624,
      0.1364558337851477,
      0.12482848778896077,
      0.1135025725936925
    ],
    "val_loss": [
      0.4008787971072727,
      0.3938351594077216,
      0.36856662962171766,
      0.33256913555992973,
      0.34092555032836064,
      0.3328737694687314,
      0.3421921035978529,
      0.3564542290899489,
      0.34340172780884637,
      0.36605490737491186,
      0.3763969749874539,
      0.4052768150303099,
      0.4015893914964464,
      0.4535777344968584
    ],
    "val_accuracy": [
      0.8672222222222222,
      0.8766666666666667,
      0.8780555555555556,
      0.8913888888888889,
      0.8938888888888888,
      0.8966666666666666,
      0.9,
      0.8983333333333333,
      0.8994444444444445,
      0.8944444444444445,
      0.8983333333333333,
      0.8983333333333333,
      0.8980555555555556,
      0.8897222222222222
    ]
  },
  "global_metrics": {
    "accuracy": 0.9027,
    "balanced_accuracy": 0.9027,
    "top_3_accuracy": 0.9925,
    "top_5_accuracy": 0.999,
    "log_loss": 0.2649550441824981,
    "mcc": 0.8920507116540656,
    "cohens_kappa": 0.8918888888888888,
    "precision_macro": 0.9053911502684535,
    "precision_micro": 0.9027,
    "precision_weighted": 0.9053911502684534,
    "recall_macro": 0.9027,
    "recall_micro": 0.9027,
    "recall_weighted": 0.9027,
    "f1_macro": 0.9033845770002582,
    "f1_micro": 0.9027,
    "f1_weighted": 0.9033845770002583,
    "auroc_macro": 0.9935244055555555,
    "auroc_weighted": 0.9935244055555555,
    "auprc_macro": 0.9579829469249688
  },
  "per_class_metrics": {
    "0": {
      "precision": 0.8878923766816144,
      "recall": 0.792,
      "f1": 0.8372093023255814,
      "specificity": 0.9888888888888889,
      "fpr": 0.011111111111111112,
      "fnr": 0.208,
      "auroc": 0.9912168888888888,
      "auprc": 0.9352472227756251,
      "support": 1000,
      "tp": 792,
      "tn": 8900,
      "fp": 100,
      "fn": 208
    },
    "1": {
      "precision": 0.9898580121703854,
      "recall": 0.976,
      "f1": 0.9828801611278952,
      "specificity": 0.9988888888888889,
      "fpr": 0.0011111111111111111,
      "fnr": 0.024,
      "auroc": 0.9995432222222221,
      "auprc": 0.9974994745988129,
      "support": 1000,
      "tp": 976,
      "tn": 8990,
      "fp": 10,
      "fn": 24
    },
    "2": {
      "precision": 0.8647540983606558,
      "recall": 0.844,
      "f1": 0.854251012145749,
      "specificity": 0.9853333333333333,
      "fpr": 0.014666666666666666,
      "fnr": 0.156,
      "auroc": 0.9890247777777778,
      "auprc": 0.9336971597887744,
      "support": 1000,
      "tp": 844,
      "tn": 8868,
      "fp": 132,
      "fn": 156
    },
    "3": {
      "precision": 0.8840996168582376,
      "recall": 0.923,
      "f1": 0.9031311154598826,
      "specificity": 0.9865555555555555,
      "fpr": 0.013444444444444445,
      "fnr": 0.077,
      "auroc": 0.9961840555555556,
      "auprc": 0.9684383280945922,
      "support": 1000,
      "tp": 923,
      "tn": 8879,
      "fp": 121,
      "fn": 77
    },
    "4": {
      "precision": 0.845841784989858,
      "recall": 0.834,
      "f1": 0.8398791540785498,
      "specificity": 0.9831111111111112,
      "fpr": 0.016888888888888887,
      "fnr": 0.166,
      "auroc": 0.9907193333333333,
      "auprc": 0.9265526379077488,
      "support": 1000,
      "tp": 834,
      "tn": 8848,
      "fp": 152,
      "fn": 166
    },
    "5": {
      "precision": 0.9898270600203459,
      "recall": 0.973,
      "f1": 0.9813414019162885,
      "specificity": 0.9988888888888889,
      "fpr": 0.0011111111111111111,
      "fnr": 0.027,
      "auroc": 0.9996946666666667,
      "auprc": 0.9980711606103622,
      "support": 1000,
      "tp": 973,
      "tn": 8990,
      "fp": 10,
      "fn": 27
    },
    "6": {
      "precision": 0.6878354203935599,
      "recall": 0.769,
      "f1": 0.7261567516525025,
      "specificity": 0.9612222222222222,
      "fpr": 0.03877777777777778,
      "fnr": 0.231,
      "auroc": 0.9706273333333333,
      "auprc": 0.8344913581127027,
      "support": 1000,
      "tp": 769,
      "tn": 8651,
      "fp": 349,
      "fn": 231
    },
    "7": {
      "precision": 0.9354226020892688,
      "recall": 0.985,
      "f1": 0.9595713589868485,
      "specificity": 0.9924444444444445,
      "fpr": 0.007555555555555556,
      "fnr": 0.015,
      "auroc": 0.9991926666666666,
      "auprc": 0.9934200995026021,
      "support": 1000,
      "tp": 985,
      "tn": 8932,
      "fp": 68,
      "fn": 15
    },
    "8": {
      "precision": 0.9849094567404426,
      "recall": 0.979,
      "f1": 0.9819458375125377,
      "specificity": 0.9983333333333333,
      "fpr": 0.0016666666666666668,
      "fnr": 0.021,
      "auroc": 0.999653,
      "auprc": 0.9975510749998663,
      "support": 1000,
      "tp": 979,
      "tn": 8985,
      "fp": 15,
      "fn": 21
    },
    "9": {
      "precision": 0.9834710743801653,
      "recall": 0.952,
      "f1": 0.967479674796748,
      "specificity": 0.9982222222222222,
      "fpr": 0.0017777777777777779,
      "fnr": 0.048,
      "auroc": 0.9993881111111111,
      "auprc": 0.9948609528586027,
      "support": 1000,
      "tp": 952,
      "tn": 8984,
      "fp": 16,
      "fn": 48
    }
  },
  "confusion_matrix": [
    [
      792,
      0,
      15,
      27,
      2,
      1,
      159,
      0,
      4,
      0
    ],
    [
      0,
      976,
      0,
      16,
      4,
      0,
      2,
      0,
      2,
      0
    ],
    [
      10,
      2,
      844,
      11,
      63,
      0,
      70,
      0,
      0,
      0
    ],
    [
      11,
      3,
      8,
      923,
      18,
      0,
      36,
      0,
      1,
      0
    ],
    [
      1,
      1,
      50,
      34,
      834,
      1,
      79,
      0,
      0,
      0
    ],
    [
      0,
      0,
      0,
      0,
      0,
      973,
      0,
      23,
      0,
      4
    ],
    [
      75,
      2,
      55,
      29,
      62,
      0,
      769,
      0,
      8,
      0
    ],
    [
      0,
      0,
      0,
      0,
      0,
      3,
      0,
      985,
      0,
      12
    ],
    [
      3,
      2,
      3,
      4,
      3,
      1,
      3,
      2,
      979,
      0
    ],
    [
      0,
      0,
      1,
      0,
      0,
      4,
      0,
      43,
      0,
      952
    ]
  ]
}