{
  "experiment": "exp2",
  "condition": {
    "noise_rate": 0.35,
    "noisy_pct": 25,
    "clean_samples": 30000,
    "noisy_samples": 15000,
    "num_corrupted": 5260,
    "total_samples": 45000,
    "train_samples": 40500,
    "val_samples": 4500
  },
  "seed": 31380194,
  "timestamp": "2026-01-13T20:05:41.774014",
  "training_dynamics": {
    "epochs_trained": 16,
    "best_epoch": 6,
    "best_val_accuracy": 0.8088888888888889,
    "final_train_loss": 0.482511548328362,
    "final_val_loss": 1.0802404363420275,
    "training_time_seconds": 30.213748455047607
  },
  "training_history": {
    "train_loss": [
      1.0820640209726813,
      0.9435165066854648,
      0.8969329295659328,
      0.8620174375567202,
      0.8370229030295759,
      0.8146601545302223,
      0.7894268820259431,
      0.7584031927171289,
      0.7257692389672779,
      0.6936369341508284,
      0.6578603031887639,
      0.6267335265639458,
      0.5839004356290491,
      0.5495678766690912,
      0.5116353901735791,
      0.482511548328362
    ],
    "val_loss": [
      0.9238147261937459,
      0.8663636841773987,
      0.8368889824549357,
      0.8284444932937622,
      0.8352038409445021,
      0.8236135465833876,
      0.8301352417733934,
      0.8377746105194092,
      0.8384139659669664,
      0.8904645965894064,
      0.8994098859363132,
      0.9415807505713569,
      0.9343403990003798,
      0.950623662630717,
      1.0362908584276835,
      1.0802404363420275
    ],
    "val_accuracy": [
      0.7666666666666667,
      0.7884444444444444,
      0.8,
      0.8037777777777778,
      0.8011111111111111,
      0.8013333333333333,
      0.8086666666666666,
      0.8073333333333333,
      0.8088888888888889,
      0.8011111111111111,
      0.8051111111111111,
      0.806,
      0.8042222222222222,
      0.8011111111111111,
      0.7944444444444444,
      0.7928888888888889
    ]
  },
  "global_metrics": {
    "accuracy": 0.8948,
    "balanced_accuracy": 0.8947999999999998,
    "top_3_accuracy": 0.9891,
    "top_5_accuracy": 0.9953,
    "log_loss": 0.40766148239415667,
    "mcc": 0.883404263470546,
    "cohens_kappa": 0.8831111111111112,
    "precision_macro": 0.8985791828241764,
    "precision_micro": 0.8948,
    "precision_weighted": 0.8985791828241763,
    "recall_macro": 0.8947999999999998,
    "recall_micro": 0.8948,
    "recall_weighted": 0.8948,
    "f1_macro": 0.8954811440015428,
    "f1_micro": 0.8948,
    "f1_weighted": 0.895481144001543,
    "auroc_macro": 0.9921252444444445,
    "auroc_weighted": 0.9921252444444444,
    "auprc_macro": 0.9510672484145817
  },
  "per_class_metrics": {
    "0": {
      "precision": 0.8781838316722038,
      "recall": 0.793,
      "f1": 0.8334209143457698,
      "specificity": 0.9877777777777778,
      "fpr": 0.012222222222222223,
      "fnr": 0.207,
      "auroc": 0.9878483333333334,
      "auprc": 0.9254314979076766,
      "support": 1000,
      "tp": 793,
      "tn": 8890,
      "fp": 110,
      "fn": 207
    },
    "1": {
      "precision": 0.9918367346938776,
      "recall": 0.972,
      "f1": 0.9818181818181819,
      "specificity": 0.9991111111111111,
      "fpr": 0.0008888888888888889,
      "fnr": 0.028,
      "auroc": 0.9991658888888889,
      "auprc": 0.99645567113669,
      "support": 1000,
      "tp": 972,
      "tn": 8992,
      "fp": 8,
      "fn": 28
    },
    "2": {
      "precision": 0.8767123287671232,
      "recall": 0.832,
      "f1": 0.853771164699846,
      "specificity": 0.987,
      "fpr": 0.013,
      "fnr": 0.168,
      "auroc": 0.9875094444444444,
      "auprc": 0.9326434531653539,
      "support": 1000,
      "tp": 832,
      "tn": 8883,
      "fp": 117,
      "fn": 168
    },
    "3": {
      "precision": 0.8574074074074074,
      "recall": 0.926,
      "f1": 0.8903846153846154,
      "specificity": 0.9828888888888889,
      "fpr": 0.01711111111111111,
      "fnr": 0.074,
      "auroc": 0.9949754444444444,
      "auprc": 0.9625228156703745,
      "support": 1000,
      "tp": 926,
      "tn": 8846,
      "fp": 154,
      "fn": 74
    },
    "4": {
      "precision": 0.8620689655172413,
      "recall": 0.8,
      "f1": 0.8298755186721992,
      "specificity": 0.9857777777777778,
      "fpr": 0.014222222222222223,
      "fnr": 0.2,
      "auroc": 0.9883996666666666,
      "auprc": 0.9155735943565774,
      "support": 1000,
      "tp": 800,
      "tn": 8872,
      "fp": 128,
      "fn": 200
    },
    "5": {
      "precision": 0.9846782431052093,
      "recall": 0.964,
      "f1": 0.9742294087923192,
      "specificity": 0.9983333333333333,
      "fpr": 0.0016666666666666668,
      "fnr": 0.036,
      "auroc": 0.9984723333333334,
      "auprc": 0.9935011882505791,
      "support": 1000,
      "tp": 964,
      "tn": 8985,
      "fp": 15,
      "fn": 36
    },
    "6": {
      "precision": 0.6792287467134093,
      "recall": 0.775,
      "f1": 0.7239607659971976,
      "specificity": 0.9593333333333334,
      "fpr": 0.04066666666666666,
      "fnr": 0.225,
      "auroc": 0.9681541111111112,
      "auprc": 0.8082763356193576,
      "support": 1000,
      "tp": 775,
      "tn": 8634,
      "fp": 366,
      "fn": 225
    },
    "7": {
      "precision": 0.8975521305530372,
      "recall": 0.99,
      "f1": 0.9415121255349501,
      "specificity": 0.9874444444444445,
      "fpr": 0.012555555555555556,
      "fnr": 0.01,
      "auroc": 0.998878,
      "auprc": 0.9888067044363288,
      "support": 1000,
      "tp": 990,
      "tn": 8887,
      "fp": 113,
      "fn": 10
    },
    "8": {
      "precision": 0.9731610337972167,
      "recall": 0.979,
      "f1": 0.9760717846460617,
      "specificity": 0.997,
      "fpr": 0.003,
      "fnr": 0.021,
      "auroc": 0.9989434444444445,
      "auprc": 0.994889049187119,
      "support": 1000,
      "tp": 979,
      "tn": 8973,
      "fp": 27,
      "fn": 21
    },
    "9": {
      "precision": 0.9849624060150376,
      "recall": 0.917,
      "f1": 0.9497669601242879,
      "specificity": 0.9984444444444445,
      "fpr": 0.0015555555555555555,
      "fnr": 0.083,
      "auroc": 0.9989057777777779,
      "auprc": 0.9925721744157588,
      "support": 1000,
      "tp": 917,
      "tn": 8986,
      "fp": 14,
      "fn": 83
    }
  },
  "confusion_matrix": [
    [
      793,
      2,
      11,
      48,
      3,
      4,
      129,
      2,
      8,
      0
    ],
    [
      2,
      972,
      0,
      21,
      2,
      0,
      2,
      0,
      1,
      0
    ],
    [
      12,
      1,
      832,
      10,
      57,
      0,
      86,
      0,
      2,
      0
    ],
    [
      4,
      3,
      10,
      926,
      27,
      0,
      29,
      0,
      1,
      0
    ],
    [
      0,
      0,
      52,
      32,
      800,
      0,
      114,
      0,
      2,
      0
    ],
    [
      0,
      0,
      0,
      0,
      0,
      964,
      0,
      30,
      0,
      6
    ],
    [
      92,
      1,
      42,
      39,
      37,
      1,
      775,
      0,
      13,
      0
    ],
    [
      0,
      0,
      0,
      0,
      0,
      2,
      0,
      990,
      0,
      8
    ],
    [
      0,
      1,
      2,
      4,
      2,
      2,
      5,
      5,
      979,
      0
    ],
    [
      0,
      0,
      0,
      0,
      0,
      6,
      1,
      76,
      0,
      917
    ]
  ]
}