{
  "experiment": "exp2",
  "condition": {
    "noise_rate": 0.05,
    "noisy_pct": 5,
    "clean_samples": 30000,
    "noisy_samples": 3000,
    "num_corrupted": 146,
    "total_samples": 33000,
    "train_samples": 29700,
    "val_samples": 3300
  },
  "seed": 31380194,
  "timestamp": "2026-01-13T19:29:28.305854",
  "training_dynamics": {
    "epochs_trained": 16,
    "best_epoch": 6,
    "best_val_accuracy": 0.9163636363636364,
    "final_train_loss": 0.08661199877919849,
    "final_val_loss": 0.34736138127066873,
    "training_time_seconds": 22.46611499786377
  },
  "training_history": {
    "train_loss": [
      0.5620479168750907,
      0.3833650484841357,
      0.3263173100448424,
      0.290156354185354,
      0.2648413968022152,
      0.24198040593295328,
      0.22093442877934824,
      0.20812642068792414,
      0.18331485759837413,
      0.15762866570424008,
      0.1430151142630606,
      0.12826116991139228,
      0.11708737333775848,
      0.10102079570899287,
      0.09238144003896304,
      0.08661199877919849
    ],
    "val_loss": [
      0.36193190603545217,
      0.3457254297444315,
      0.29176813866152906,
      0.28985663666869654,
      0.2705471060854016,
      0.26187371745254057,
      0.26971713503201805,
      0.2790798815091451,
      0.27678961569612676,
      0.2946659201925451,
      0.3143409523819432,
      0.2823039856462768,
      0.3140869560386195,
      0.321943007960464,
      0.325302666534077,
      0.34736138127066873
    ],
    "val_accuracy": [
      0.8736363636363637,
      0.876969696969697,
      0.8987878787878788,
      0.9012121212121212,
      0.91,
      0.9081818181818182,
      0.9087878787878788,
      0.9112121212121213,
      0.9106060606060606,
      0.9087878787878788,
      0.9033333333333333,
      0.9136363636363637,
      0.9142424242424242,
      0.9148484848484848,
      0.9163636363636364,
      0.9106060606060606
    ]
  },
  "global_metrics": {
    "accuracy": 0.9031,
    "balanced_accuracy": 0.9031,
    "top_3_accuracy": 0.9919,
    "top_5_accuracy": 0.998,
    "log_loss": 0.263151875492867,
    "mcc": 0.8926552828863162,
    "cohens_kappa": 0.8923333333333333,
    "precision_macro": 0.9035898590437048,
    "precision_micro": 0.9031,
    "precision_weighted": 0.9035898590437049,
    "recall_macro": 0.9031,
    "recall_micro": 0.9031,
    "recall_weighted": 0.9031,
    "f1_macro": 0.902015952665044,
    "f1_micro": 0.9031,
    "f1_weighted": 0.9020159526650441,
    "auroc_macro": 0.9937343833333333,
    "auroc_weighted": 0.9937343833333332,
    "auprc_macro": 0.9583150160909873
  },
  "per_class_metrics": {
    "0": {
      "precision": 0.7994791666666666,
      "recall": 0.921,
      "f1": 0.8559479553903345,
      "specificity": 0.9743333333333334,
      "fpr": 0.025666666666666667,
      "fnr": 0.079,
      "auroc": 0.9907852222222222,
      "auprc": 0.9384027346553244,
      "support": 1000,
      "tp": 921,
      "tn": 8769,
      "fp": 231,
      "fn": 79
    },
    "1": {
      "precision": 0.9908443540183113,
      "recall": 0.974,
      "f1": 0.9823499747856781,
      "specificity": 0.999,
      "fpr": 0.001,
      "fnr": 0.026,
      "auroc": 0.9994413333333333,
      "auprc": 0.9975796502286917,
      "support": 1000,
      "tp": 974,
      "tn": 8991,
      "fp": 9,
      "fn": 26
    },
    "2": {
      "precision": 0.8396584440227703,
      "recall": 0.885,
      "f1": 0.8617332035053553,
      "specificity": 0.9812222222222222,
      "fpr": 0.01877777777777778,
      "fnr": 0.115,
      "auroc": 0.9908912222222224,
      "auprc": 0.9425122546197992,
      "support": 1000,
      "tp": 885,
      "tn": 8831,
      "fp": 169,
      "fn": 115
    },
    "3": {
      "precision": 0.9243697478991597,
      "recall": 0.88,
      "f1": 0.901639344262295,
      "specificity": 0.992,
      "fpr": 0.008,
      "fnr": 0.12,
      "auroc": 0.9957568888888889,
      "auprc": 0.966482140841348,
      "support": 1000,
      "tp": 880,
      "tn": 8928,
      "fp": 72,
      "fn": 120
    },
    "4": {
      "precision": 0.8293384467881112,
      "recall": 0.865,
      "f1": 0.8467939304943711,
      "specificity": 0.9802222222222222,
      "fpr": 0.019777777777777776,
      "fnr": 0.135,
      "auroc": 0.991666388888889,
      "auprc": 0.9291363926051189,
      "support": 1000,
      "tp": 865,
      "tn": 8822,
      "fp": 178,
      "fn": 135
    },
    "5": {
      "precision": 0.9937629937629938,
      "recall": 0.956,
      "f1": 0.9745158002038735,
      "specificity": 0.9993333333333333,
      "fpr": 0.0006666666666666666,
      "fnr": 0.044,
      "auroc": 0.9992972222222222,
      "auprc": 0.9963471737129989,
      "support": 1000,
      "tp": 956,
      "tn": 8994,
      "fp": 6,
      "fn": 44
    },
    "6": {
      "precision": 0.7739975698663426,
      "recall": 0.637,
      "f1": 0.6988480526604498,
      "specificity": 0.9793333333333333,
      "fpr": 0.020666666666666667,
      "fnr": 0.363,
      "auroc": 0.9713743333333333,
      "auprc": 0.8287420891612541,
      "support": 1000,
      "tp": 637,
      "tn": 8814,
      "fp": 186,
      "fn": 363
    },
    "7": {
      "precision": 0.950544015825915,
      "recall": 0.961,
      "f1": 0.95574341123819,
      "specificity": 0.9944444444444445,
      "fpr": 0.005555555555555556,
      "fnr": 0.039,
      "auroc": 0.998987111111111,
      "auprc": 0.9907862804691532,
      "support": 1000,
      "tp": 961,
      "tn": 8950,
      "fp": 50,
      "fn": 39
    },
    "8": {
      "precision": 0.9908536585365854,
      "recall": 0.975,
      "f1": 0.9828629032258065,
      "specificity": 0.999,
      "fpr": 0.001,
      "fnr": 0.025,
      "auroc": 0.9997066666666666,
      "auprc": 0.9977684178552044,
      "support": 1000,
      "tp": 975,
      "tn": 8991,
      "fp": 9,
      "fn": 25
    },
    "9": {
      "precision": 0.943050193050193,
      "recall": 0.977,
      "f1": 0.9597249508840865,
      "specificity": 0.9934444444444445,
      "fpr": 0.006555555555555556,
      "fnr": 0.023,
      "auroc": 0.9994374444444444,
      "auprc": 0.9953930267609802,
      "support": 1000,
      "tp": 977,
      "tn": 8941,
      "fp": 59,
      "fn": 23
    }
  },
  "confusion_matrix": [
    [
      921,
      1,
      16,
      11,
      4,
      1,
      44,
      0,
      2,
      0
    ],
    [
      2,
      974,
      1,
      17,
      3,
      0,
      1,
      0,
      2,
      0
    ],
    [
      17,
      1,
      885,
      5,
      39,
      0,
      53,
      0,
      0,
      0
    ],
    [
      30,
      4,
      16,
      880,
      40,
      0,
      29,
      0,
      0,
      1
    ],
    [
      0,
      0,
      64,
      14,
      865,
      0,
      56,
      0,
      1,
      0
    ],
    [
      0,
      0,
      0,
      0,
      0,
      956,
      0,
      27,
      0,
      17
    ],
    [
      179,
      2,
      67,
      22,
      89,
      0,
      637,
      0,
      4,
      0
    ],
    [
      0,
      0,
      0,
      0,
      0,
      0,
      0,
      961,
      0,
      39
    ],
    [
      3,
      1,
      4,
      3,
      3,
      2,
      3,
      4,
      975,
      2
    ],
    [
      0,
      0,
      1,
      0,
      0,
      3,
      0,
      19,
      0,
      977
    ]
  ]
}