{
  "experiment": "exp2",
  "condition": {
    "noise_rate": 0.4,
    "noisy_pct": 50,
    "clean_samples": 30000,
    "noisy_samples": 30000,
    "num_corrupted": 11935,
    "total_samples": 60000,
    "train_samples": 54000,
    "val_samples": 6000
  },
  "seed": 31380194,
  "timestamp": "2026-01-13T20:14:25.066604",
  "training_dynamics": {
    "epochs_trained": 14,
    "best_epoch": 4,
    "best_val_accuracy": 0.726,
    "final_train_loss": 0.8866155925449601,
    "final_val_loss": 1.267614123503367,
    "training_time_seconds": 37.74216914176941
  },
  "training_history": {
    "train_loss": [
      1.3292742533282647,
      1.219833695351795,
      1.1837033497354996,
      1.1555791659660248,
      1.1332212220436024,
      1.1121353895460824,
      1.0907658501682689,
      1.0686606116486952,
      1.039988817903103,
      1.0154894328371609,
      0.9827146517439476,
      0.9536103240757192,
      0.9169969907586608,
      0.8866155925449601
    ],
    "val_loss": [
      1.2308742702802022,
      1.1710336146354676,
      1.166397758960724,
      1.1310779654184977,
      1.1586345132191975,
      1.1522678705851237,
      1.143710330327352,
      1.164223730246226,
      1.1787689658800762,
      1.167717389901479,
      1.1924819914499918,
      1.2161290373802185,
      1.224740421295166,
      1.267614123503367
    ],
    "val_accuracy": [
      0.7055,
      0.7128333333333333,
      0.7128333333333333,
      0.7256666666666667,
      0.725,
      0.7213333333333334,
      0.726,
      0.721,
      0.7206666666666667,
      0.7226666666666667,
      0.7223333333333334,
      0.7165,
      0.722,
      0.7106666666666667
    ]
  },
  "global_metrics": {
    "accuracy": 0.9001,
    "balanced_accuracy": 0.9000999999999999,
    "top_3_accuracy": 0.9904,
    "top_5_accuracy": 0.9973,
    "log_loss": 0.47352620264535816,
    "mcc": 0.8890590651192376,
    "cohens_kappa": 0.889,
    "precision_macro": 0.9004782127512158,
    "precision_micro": 0.9001,
    "precision_weighted": 0.9004782127512156,
    "recall_macro": 0.9000999999999999,
    "recall_micro": 0.9001,
    "recall_weighted": 0.9001,
    "f1_macro": 0.9000276182968081,
    "f1_micro": 0.9001,
    "f1_weighted": 0.900027618296808,
    "auroc_macro": 0.9926005777777778,
    "auroc_weighted": 0.9926005777777779,
    "auprc_macro": 0.9524790483910511
  },
  "per_class_metrics": {
    "0": {
      "precision": 0.8357211079274116,
      "recall": 0.875,
      "f1": 0.8549096238397655,
      "specificity": 0.9808888888888889,
      "fpr": 0.01911111111111111,
      "fnr": 0.125,
      "auroc": 0.9899455555555556,
      "auprc": 0.9260763812362203,
      "support": 1000,
      "tp": 875,
      "tn": 8828,
      "fp": 172,
      "fn": 125
    },
    "1": {
      "precision": 0.9968944099378882,
      "recall": 0.963,
      "f1": 0.9796541200406916,
      "specificity": 0.9996666666666667,
      "fpr": 0.0003333333333333333,
      "fnr": 0.037,
      "auroc": 0.9978927777777777,
      "auprc": 0.9948247972646163,
      "support": 1000,
      "tp": 963,
      "tn": 8997,
      "fp": 3,
      "fn": 37
    },
    "2": {
      "precision": 0.858,
      "recall": 0.858,
      "f1": 0.858,
      "specificity": 0.9842222222222222,
      "fpr": 0.01577777777777778,
      "fnr": 0.142,
      "auroc": 0.9876616666666665,
      "auprc": 0.9310003451136009,
      "support": 1000,
      "tp": 858,
      "tn": 8858,
      "fp": 142,
      "fn": 142
    },
    "3": {
      "precision": 0.8652214891611687,
      "recall": 0.918,
      "f1": 0.8908296943231442,
      "specificity": 0.9841111111111112,
      "fpr": 0.01588888888888889,
      "fnr": 0.082,
      "auroc": 0.9949393333333334,
      "auprc": 0.9595848015085264,
      "support": 1000,
      "tp": 918,
      "tn": 8857,
      "fp": 143,
      "fn": 82
    },
    "4": {
      "precision": 0.8610816542948038,
      "recall": 0.812,
      "f1": 0.835820895522388,
      "specificity": 0.9854444444444445,
      "fpr": 0.014555555555555556,
      "fnr": 0.188,
      "auroc": 0.9897564444444444,
      "auprc": 0.9240607857419428,
      "support": 1000,
      "tp": 812,
      "tn": 8869,
      "fp": 131,
      "fn": 188
    },
    "5": {
      "precision": 0.9887295081967213,
      "recall": 0.965,
      "f1": 0.9767206477732794,
      "specificity": 0.9987777777777778,
      "fpr": 0.0012222222222222222,
      "fnr": 0.035,
      "auroc": 0.9994891111111112,
      "auprc": 0.9967919257690318,
      "support": 1000,
      "tp": 965,
      "tn": 8989,
      "fp": 11,
      "fn": 35
    },
    "6": {
      "precision": 0.7166156982670744,
      "recall": 0.703,
      "f1": 0.7097425542655225,
      "specificity": 0.9691111111111111,
      "fpr": 0.03088888888888889,
      "fnr": 0.297,
      "auroc": 0.9691682222222222,
      "auprc": 0.8165547523651595,
      "support": 1000,
      "tp": 703,
      "tn": 8722,
      "fp": 278,
      "fn": 297
    },
    "7": {
      "precision": 0.944390243902439,
      "recall": 0.968,
      "f1": 0.9560493827160493,
      "specificity": 0.9936666666666667,
      "fpr": 0.006333333333333333,
      "fnr": 0.032,
      "auroc": 0.9988118888888888,
      "auprc": 0.9893448471155368,
      "support": 1000,
      "tp": 968,
      "tn": 8943,
      "fp": 57,
      "fn": 32
    },
    "8": {
      "precision": 0.9778894472361809,
      "recall": 0.973,
      "f1": 0.9754385964912281,
      "specificity": 0.9975555555555555,
      "fpr": 0.0024444444444444444,
      "fnr": 0.027,
      "auroc": 0.9991655555555555,
      "auprc": 0.9945583347217742,
      "support": 1000,
      "tp": 973,
      "tn": 8978,
      "fp": 22,
      "fn": 27
    },
    "9": {
      "precision": 0.9602385685884692,
      "recall": 0.966,
      "f1": 0.963110667996012,
      "specificity": 0.9955555555555555,
      "fpr": 0.0044444444444444444,
      "fnr": 0.034,
      "auroc": 0.9991752222222222,
      "auprc": 0.9919935130741023,
      "support": 1000,
      "tp": 966,
      "tn": 8960,
      "fp": 40,
      "fn": 34
    }
  },
  "confusion_matrix": [
    [
      875,
      0,
      14,
      23,
      3,
      1,
      79,
      0,
      5,
      0
    ],
    [
      1,
      963,
      0,
      27,
      5,
      0,
      2,
      0,
      2,
      0
    ],
    [
      14,
      0,
      858,
      15,
      45,
      0,
      68,
      0,
      0,
      0
    ],
    [
      24,
      0,
      7,
      918,
      13,
      0,
      37,
      0,
      0,
      1
    ],
    [
      0,
      1,
      60,
      45,
      812,
      0,
      82,
      0,
      0,
      0
    ],
    [
      0,
      0,
      0,
      0,
      0,
      965,
      0,
      25,
      0,
      10
    ],
    [
      132,
      0,
      59,
      27,
      64,
      0,
      703,
      0,
      15,
      0
    ],
    [
      0,
      0,
      0,
      0,
      0,
      5,
      0,
      968,
      0,
      27
    ],
    [
      1,
      2,
      2,
      6,
      1,
      2,
      9,
      2,
      973,
      2
    ],
    [
      0,
      0,
      0,
      0,
      0,
      3,
      1,
      30,
      0,
      966
    ]
  ]
}