{
  "experiment": "exp2",
  "condition": {
    "noise_rate": 0.1,
    "noisy_pct": 10,
    "clean_samples": 30000,
    "noisy_samples": 6000,
    "num_corrupted": 594,
    "total_samples": 36000,
    "train_samples": 32400,
    "val_samples": 3600
  },
  "seed": 31380194,
  "timestamp": "2026-01-13T19:35:48.268004",
  "training_dynamics": {
    "epochs_trained": 20,
    "best_epoch": 10,
    "best_val_accuracy": 0.8966666666666666,
    "final_train_loss": 0.08434026988124001,
    "final_val_loss": 0.6284815589586894,
    "training_time_seconds": 32.1373929977417
  },
  "training_history": {
    "train_loss": [
      0.625810751783307,
      0.45762584769925657,
      0.40219779988600185,
      0.36806260879634634,
      0.33634719556781667,
      0.3158841252003666,
      0.29386138339954954,
      0.2679042271623127,
      0.24573760589904334,
      0.22205629005028887,
      0.1991321128559771,
      0.184373959737299,
      0.15990553604883437,
      0.14365098592356818,
      0.1298022036986238,
      0.12134508453897352,
      0.11206554235335756,
      0.10455593995242958,
      0.09280755541873342,
      0.08434026988124001
    ],
    "val_loss": [
      0.5409389429622227,
      0.47015323321024577,
      0.43616365406248303,
      0.41879672567049664,
      0.42184554669592117,
      0.41585390965143837,
      0.42381761497921416,
      0.41849663760926986,
      0.41835081656773887,
      0.41107333050833805,
      0.5019190537929535,
      0.457805809047487,
      0.5296639490127564,
      0.48839063670900135,
      0.5384166505601671,
      0.5890187625090281,
      0.5715991609626346,
      0.5772025248739454,
      0.6669487688276503,
      0.6284815589586894
    ],
    "val_accuracy": [
      0.8277777777777777,
      0.8569444444444444,
      0.8719444444444444,
      0.8847222222222222,
      0.8866666666666667,
      0.8869444444444444,
      0.8908333333333334,
      0.8908333333333334,
      0.8952777777777777,
      0.8966666666666666,
      0.8766666666666667,
      0.8938888888888888,
      0.8913888888888889,
      0.8919444444444444,
      0.8891666666666667,
      0.8869444444444444,
      0.8802777777777778,
      0.8866666666666667,
      0.8894444444444445,
      0.8872222222222222
    ]
  },
  "global_metrics": {
    "accuracy": 0.9132,
    "balanced_accuracy": 0.9132,
    "top_3_accuracy": 0.9918,
    "top_5_accuracy": 0.9974,
    "log_loss": 0.26952565467145645,
    "mcc": 0.9037846538338916,
    "cohens_kappa": 0.9035555555555556,
    "precision_macro": 0.9130496007746665,
    "precision_micro": 0.9132,
    "precision_weighted": 0.9130496007746663,
    "recall_macro": 0.9132,
    "recall_micro": 0.9132,
    "recall_weighted": 0.9132,
    "f1_macro": 0.9121434742589656,
    "f1_micro": 0.9132,
    "f1_weighted": 0.9121434742589658,
    "auroc_macro": 0.9931874222222221,
    "auroc_weighted": 0.9931874222222222,
    "auprc_macro": 0.9591372542533773
  },
  "per_class_metrics": {
    "0": {
      "precision": 0.8748738647830474,
      "recall": 0.867,
      "f1": 0.8709191361125064,
      "specificity": 0.9862222222222222,
      "fpr": 0.013777777777777778,
      "fnr": 0.133,
      "auroc": 0.9897847777777778,
      "auprc": 0.9454287333653217,
      "support": 1000,
      "tp": 867,
      "tn": 8876,
      "fp": 124,
      "fn": 133
    },
    "1": {
      "precision": 0.9929221435793731,
      "recall": 0.982,
      "f1": 0.987430869783811,
      "specificity": 0.9992222222222222,
      "fpr": 0.0007777777777777777,
      "fnr": 0.018,
      "auroc": 0.9991936666666668,
      "auprc": 0.9954797659035326,
      "support": 1000,
      "tp": 982,
      "tn": 8993,
      "fp": 7,
      "fn": 18
    },
    "2": {
      "precision": 0.830398517145505,
      "recall": 0.896,
      "f1": 0.8619528619528618,
      "specificity": 0.9796666666666667,
      "fpr": 0.02033333333333333,
      "fnr": 0.104,
      "auroc": 0.9894254444444444,
      "auprc": 0.9335019261958322,
      "support": 1000,
      "tp": 896,
      "tn": 8817,
      "fp": 183,
      "fn": 104
    },
    "3": {
      "precision": 0.8634719710669078,
      "recall": 0.955,
      "f1": 0.9069325735992402,
      "specificity": 0.9832222222222222,
      "fpr": 0.016777777777777777,
      "fnr": 0.045,
      "auroc": 0.9951026666666666,
      "auprc": 0.9663120279010077,
      "support": 1000,
      "tp": 955,
      "tn": 8849,
      "fp": 151,
      "fn": 45
    },
    "4": {
      "precision": 0.8690835850956697,
      "recall": 0.863,
      "f1": 0.8660311088810839,
      "specificity": 0.9855555555555555,
      "fpr": 0.014444444444444444,
      "fnr": 0.137,
      "auroc": 0.9909511111111111,
      "auprc": 0.9297620258379689,
      "support": 1000,
      "tp": 863,
      "tn": 8870,
      "fp": 130,
      "fn": 137
    },
    "5": {
      "precision": 0.9897013388259527,
      "recall": 0.961,
      "f1": 0.9751395230847286,
      "specificity": 0.9988888888888889,
      "fpr": 0.0011111111111111111,
      "fnr": 0.039,
      "auroc": 0.9988347777777777,
      "auprc": 0.9952877106804242,
      "support": 1000,
      "tp": 961,
      "tn": 8990,
      "fp": 10,
      "fn": 39
    },
    "6": {
      "precision": 0.8135391923990499,
      "recall": 0.685,
      "f1": 0.7437567861020629,
      "specificity": 0.9825555555555555,
      "fpr": 0.017444444444444443,
      "fnr": 0.315,
      "auroc": 0.973537,
      "auprc": 0.8491087015600209,
      "support": 1000,
      "tp": 685,
      "tn": 8843,
      "fp": 157,
      "fn": 315
    },
    "7": {
      "precision": 0.935823754789272,
      "recall": 0.977,
      "f1": 0.9559686888454012,
      "specificity": 0.9925555555555555,
      "fpr": 0.0074444444444444445,
      "fnr": 0.023,
      "auroc": 0.997986,
      "auprc": 0.9902921855541165,
      "support": 1000,
      "tp": 977,
      "tn": 8933,
      "fp": 67,
      "fn": 23
    },
    "8": {
      "precision": 0.9829488465396189,
      "recall": 0.98,
      "f1": 0.9814722083124687,
      "specificity": 0.9981111111111111,
      "fpr": 0.001888888888888889,
      "fnr": 0.02,
      "auroc": 0.9987132222222223,
      "auprc": 0.9956675481504091,
      "support": 1000,
      "tp": 980,
      "tn": 8983,
      "fp": 17,
      "fn": 20
    },
    "9": {
      "precision": 0.9777327935222672,
      "recall": 0.966,
      "f1": 0.9718309859154929,
      "specificity": 0.9975555555555555,
      "fpr": 0.0024444444444444444,
      "fnr": 0.034,
      "auroc": 0.9983455555555555,
      "auprc": 0.9905319173851388,
      "support": 1000,
      "tp": 966,
      "tn": 8978,
      "fp": 22,
      "fn": 34
    }
  },
  "confusion_matrix": [
    [
      867,
      1,
      21,
      28,
      2,
      1,
      77,
      0,
      3,
      0
    ],
    [
      0,
      982,
      0,
      14,
      1,
      0,
      1,
      0,
      2,
      0
    ],
    [
      11,
      1,
      896,
      9,
      46,
      0,
      36,
      0,
      1,
      0
    ],
    [
      9,
      3,
      12,
      955,
      10,
      0,
      11,
      0,
      0,
      0
    ],
    [
      0,
      0,
      64,
      42,
      863,
      0,
      31,
      0,
      0,
      0
    ],
    [
      0,
      0,
      0,
      1,
      0,
      961,
      0,
      36,
      0,
      2
    ],
    [
      101,
      0,
      83,
      52,
      69,
      0,
      685,
      0,
      10,
      0
    ],
    [
      0,
      0,
      0,
      0,
      0,
      3,
      0,
      977,
      0,
      20
    ],
    [
      3,
      2,
      3,
      5,
      2,
      2,
      1,
      2,
      980,
      0
    ],
    [
      0,
      0,
      0,
      0,
      0,
      4,
      0,
      29,
      1,
      966
    ]
  ]
}