{
  "experiment": "exp2",
  "condition": {
    "noise_rate": 0.1,
    "noisy_pct": 5,
    "clean_samples": 30000,
    "noisy_samples": 3000,
    "num_corrupted": 298,
    "total_samples": 33000,
    "train_samples": 29700,
    "val_samples": 3300
  },
  "seed": 31380194,
  "timestamp": "2026-01-13T19:35:15.699001",
  "training_dynamics": {
    "epochs_trained": 18,
    "best_epoch": 8,
    "best_val_accuracy": 0.9109090909090909,
    "final_train_loss": 0.08403702298472185,
    "final_val_loss": 0.4709078424988371,
    "training_time_seconds": 27.082871913909912
  },
  "training_history": {
    "train_loss": [
      0.5974313932080423,
      0.4200083183344974,
      0.3667203286262129,
      0.32397671261782285,
      0.2962825144490888,
      0.27700545972874085,
      0.2467455898641899,
      0.22599287435853033,
      0.20149680999337985,
      0.18288672942948597,
      0.17026510039164175,
      0.14228744146824684,
      0.1327007048593093,
      0.1163953294717176,
      0.10528640671688262,
      0.09943475418633992,
      0.09026317497745397,
      0.08403702298472185
    ],
    "val_loss": [
      0.4583293630137588,
      0.38190293684150234,
      0.3460909992637056,
      0.34545310999407913,
      0.3477758207104423,
      0.33544215639432273,
      0.3374950341564236,
      0.32805452726104045,
      0.33655686967300646,
      0.35071480415084144,
      0.35200190981229146,
      0.37276259794379724,
      0.41511305689811706,
      0.4142694666349527,
      0.4534195030819286,
      0.43506400133624223,
      0.46391737829555163,
      0.4709078424988371
    ],
    "val_accuracy": [
      0.8493939393939394,
      0.8812121212121212,
      0.8924242424242425,
      0.8936363636363637,
      0.8939393939393939,
      0.9012121212121212,
      0.8996969696969697,
      0.9075757575757576,
      0.8972727272727272,
      0.9036363636363637,
      0.9027272727272727,
      0.9109090909090909,
      0.9042424242424243,
      0.8987878787878788,
      0.889090909090909,
      0.9018181818181819,
      0.9039393939393939,
      0.9021212121212121
    ]
  },
  "global_metrics": {
    "accuracy": 0.9051,
    "balanced_accuracy": 0.9051000000000002,
    "top_3_accuracy": 0.9906,
    "top_5_accuracy": 0.9975,
    "log_loss": 0.26877485280838476,
    "mcc": 0.8949008052809293,
    "cohens_kappa": 0.8945555555555555,
    "precision_macro": 0.9046988202027796,
    "precision_micro": 0.9051,
    "precision_weighted": 0.9046988202027795,
    "recall_macro": 0.9051000000000002,
    "recall_micro": 0.9051,
    "recall_weighted": 0.9051,
    "f1_macro": 0.9033793962995353,
    "f1_micro": 0.9051,
    "f1_weighted": 0.9033793962995355,
    "auroc_macro": 0.9937596444444445,
    "auroc_weighted": 0.9937596444444445,
    "auprc_macro": 0.9587646988889421
  },
  "per_class_metrics": {
    "0": {
      "precision": 0.8214616096207216,
      "recall": 0.888,
      "f1": 0.8534358481499279,
      "specificity": 0.9785555555555555,
      "fpr": 0.021444444444444443,
      "fnr": 0.112,
      "auroc": 0.9912672222222223,
      "auprc": 0.9385666703699136,
      "support": 1000,
      "tp": 888,
      "tn": 8807,
      "fp": 193,
      "fn": 112
    },
    "1": {
      "precision": 0.9602327837051406,
      "recall": 0.99,
      "f1": 0.9748892171344167,
      "specificity": 0.9954444444444445,
      "fpr": 0.004555555555555556,
      "fnr": 0.01,
      "auroc": 0.9991993333333333,
      "auprc": 0.9973685202577954,
      "support": 1000,
      "tp": 990,
      "tn": 8959,
      "fp": 41,
      "fn": 10
    },
    "2": {
      "precision": 0.8678102926337034,
      "recall": 0.86,
      "f1": 0.8638874937217479,
      "specificity": 0.9854444444444445,
      "fpr": 0.014555555555555556,
      "fnr": 0.14,
      "auroc": 0.9901341111111113,
      "auprc": 0.9407279222897069,
      "support": 1000,
      "tp": 860,
      "tn": 8869,
      "fp": 131,
      "fn": 140
    },
    "3": {
      "precision": 0.9216494845360824,
      "recall": 0.894,
      "f1": 0.9076142131979695,
      "specificity": 0.9915555555555555,
      "fpr": 0.008444444444444444,
      "fnr": 0.106,
      "auroc": 0.9955733333333334,
      "auprc": 0.9649482048533026,
      "support": 1000,
      "tp": 894,
      "tn": 8924,
      "fp": 76,
      "fn": 106
    },
    "4": {
      "precision": 0.8028802880288028,
      "recall": 0.892,
      "f1": 0.8450971103742301,
      "specificity": 0.9756666666666667,
      "fpr": 0.024333333333333332,
      "fnr": 0.108,
      "auroc": 0.9916903333333333,
      "auprc": 0.9313596863403212,
      "support": 1000,
      "tp": 892,
      "tn": 8781,
      "fp": 219,
      "fn": 108
    },
    "5": {
      "precision": 0.9856850715746421,
      "recall": 0.964,
      "f1": 0.974721941354904,
      "specificity": 0.9984444444444445,
      "fpr": 0.0015555555555555555,
      "fnr": 0.036,
      "auroc": 0.9989022222222221,
      "auprc": 0.9960836029998219,
      "support": 1000,
      "tp": 964,
      "tn": 8986,
      "fp": 14,
      "fn": 36
    },
    "6": {
      "precision": 0.8137755102040817,
      "recall": 0.638,
      "f1": 0.7152466367713005,
      "specificity": 0.9837777777777778,
      "fpr": 0.01622222222222222,
      "fnr": 0.362,
      "auroc": 0.9739322222222221,
      "auprc": 0.8374105430799746,
      "support": 1000,
      "tp": 638,
      "tn": 8854,
      "fp": 146,
      "fn": 362
    },
    "7": {
      "precision": 0.9453658536585365,
      "recall": 0.969,
      "f1": 0.957037037037037,
      "specificity": 0.9937777777777778,
      "fpr": 0.006222222222222222,
      "fnr": 0.031,
      "auroc": 0.9984506666666666,
      "auprc": 0.9906657722388971,
      "support": 1000,
      "tp": 969,
      "tn": 8944,
      "fp": 56,
      "fn": 31
    },
    "8": {
      "precision": 0.9611273080660836,
      "recall": 0.989,
      "f1": 0.9748644652538196,
      "specificity": 0.9955555555555555,
      "fpr": 0.0044444444444444444,
      "fnr": 0.011,
      "auroc": 0.9993615555555556,
      "auprc": 0.9966286884837556,
      "support": 1000,
      "tp": 989,
      "tn": 8960,
      "fp": 40,
      "fn": 11
    },
    "9": {
      "precision": 0.967,
      "recall": 0.967,
      "f1": 0.967,
      "specificity": 0.9963333333333333,
      "fpr": 0.0036666666666666666,
      "fnr": 0.033,
      "auroc": 0.9990854444444445,
      "auprc": 0.9938873779759323,
      "support": 1000,
      "tp": 967,
      "tn": 8967,
      "fp": 33,
      "fn": 33
    }
  },
  "confusion_matrix": [
    [
      888,
      4,
      16,
      19,
      8,
      2,
      50,
      0,
      13,
      0
    ],
    [
      0,
      990,
      0,
      8,
      0,
      0,
      1,
      0,
      1,
      0
    ],
    [
      21,
      3,
      860,
      7,
      70,
      0,
      37,
      0,
      2,
      0
    ],
    [
      21,
      18,
      11,
      894,
      34,
      0,
      20,
      0,
      2,
      0
    ],
    [
      0,
      6,
      46,
      19,
      892,
      0,
      36,
      0,
      1,
      0
    ],
    [
      0,
      1,
      0,
      0,
      0,
      964,
      0,
      28,
      0,
      7
    ],
    [
      151,
      7,
      58,
      21,
      105,
      0,
      638,
      0,
      20,
      0
    ],
    [
      0,
      0,
      0,
      0,
      0,
      5,
      0,
      969,
      0,
      26
    ],
    [
      0,
      2,
      0,
      2,
      2,
      2,
      2,
      1,
      989,
      0
    ],
    [
      0,
      0,
      0,
      0,
      0,
      5,
      0,
      27,
      1,
      967
    ]
  ]
}