{
  "experiment": "exp2",
  "condition": {
    "noise_rate": 0.15,
    "noisy_pct": 45,
    "clean_samples": 30000,
    "noisy_samples": 27000,
    "num_corrupted": 4052,
    "total_samples": 57000,
    "train_samples": 51300,
    "val_samples": 5700
  },
  "seed": 31380194,
  "timestamp": "2026-01-13T19:45:25.414526",
  "training_dynamics": {
    "epochs_trained": 15,
    "best_epoch": 5,
    "best_val_accuracy": 0.8521052631578947,
    "final_train_loss": 0.3716728048320126,
    "final_val_loss": 0.8191755684452099,
    "training_time_seconds": 36.10074019432068
  },
  "training_history": {
    "train_loss": [
      0.8615090681653368,
      0.7225532974313916,
      0.6799411463395616,
      0.6486863526248575,
      0.6210917252629178,
      0.6019312682703248,
      0.5796667369375205,
      0.5512527029710518,
      0.5263776146897354,
      0.5052465888070049,
      0.4758083938140227,
      0.4525371016725489,
      0.4264415680265932,
      0.396745440640726,
      0.3716728048320126
    ],
    "val_loss": [
      0.7287813145758812,
      0.6655809404766351,
      0.6778614924926507,
      0.6459443273251517,
      0.6356502048958812,
      0.670983174061566,
      0.6589674559653851,
      0.6602401931139461,
      0.6714156915535007,
      0.675389337267792,
      0.689080363914632,
      0.7309621390582699,
      0.7456891951487775,
      0.7725016641564536,
      0.8191755684452099
    ],
    "val_accuracy": [
      0.8075438596491228,
      0.836140350877193,
      0.8324561403508772,
      0.8394736842105263,
      0.8521052631578947,
      0.8364912280701754,
      0.8470175438596491,
      0.8489473684210527,
      0.8475438596491228,
      0.8508771929824561,
      0.8501754385964913,
      0.846140350877193,
      0.8470175438596491,
      0.8443859649122807,
      0.8436842105263158
    ]
  },
  "global_metrics": {
    "accuracy": 0.9079,
    "balanced_accuracy": 0.9079,
    "top_3_accuracy": 0.9894,
    "top_5_accuracy": 0.9969,
    "log_loss": 0.30890554554927235,
    "mcc": 0.897930517418055,
    "cohens_kappa": 0.8976666666666666,
    "precision_macro": 0.9080202443198411,
    "precision_micro": 0.9079,
    "precision_weighted": 0.9080202443198414,
    "recall_macro": 0.9079,
    "recall_micro": 0.9079,
    "recall_weighted": 0.9079,
    "f1_macro": 0.9068524615573959,
    "f1_micro": 0.9079,
    "f1_weighted": 0.9068524615573957,
    "auroc_macro": 0.9933065666666666,
    "auroc_weighted": 0.9933065666666665,
    "auprc_macro": 0.958519258603921
  },
  "per_class_metrics": {
    "0": {
      "precision": 0.8195077484047402,
      "recall": 0.899,
      "f1": 0.8574153552694325,
      "specificity": 0.978,
      "fpr": 0.022,
      "fnr": 0.101,
      "auroc": 0.9904912222222222,
      "auprc": 0.9384630916730118,
      "support": 1000,
      "tp": 899,
      "tn": 8802,
      "fp": 198,
      "fn": 101
    },
    "1": {
      "precision": 0.9898063200815495,
      "recall": 0.971,
      "f1": 0.9803129732458354,
      "specificity": 0.9988888888888889,
      "fpr": 0.0011111111111111111,
      "fnr": 0.029,
      "auroc": 0.9983347777777778,
      "auprc": 0.995850165708662,
      "support": 1000,
      "tp": 971,
      "tn": 8990,
      "fp": 10,
      "fn": 29
    },
    "2": {
      "precision": 0.8192552225249773,
      "recall": 0.902,
      "f1": 0.8586387434554974,
      "specificity": 0.9778888888888889,
      "fpr": 0.022111111111111113,
      "fnr": 0.098,
      "auroc": 0.9900041111111111,
      "auprc": 0.9416180412486036,
      "support": 1000,
      "tp": 902,
      "tn": 8801,
      "fp": 199,
      "fn": 98
    },
    "3": {
      "precision": 0.9168377823408624,
      "recall": 0.893,
      "f1": 0.9047619047619048,
      "specificity": 0.991,
      "fpr": 0.009,
      "fnr": 0.107,
      "auroc": 0.9939355555555557,
      "auprc": 0.9616748633244089,
      "support": 1000,
      "tp": 893,
      "tn": 8919,
      "fp": 81,
      "fn": 107
    },
    "4": {
      "precision": 0.8393378773125608,
      "recall": 0.862,
      "f1": 0.8505180069067586,
      "specificity": 0.9816666666666667,
      "fpr": 0.018333333333333333,
      "fnr": 0.138,
      "auroc": 0.9911904444444445,
      "auprc": 0.9325976110123326,
      "support": 1000,
      "tp": 862,
      "tn": 8835,
      "fp": 165,
      "fn": 138
    },
    "5": {
      "precision": 0.987891019172553,
      "recall": 0.979,
      "f1": 0.9834254143646409,
      "specificity": 0.9986666666666667,
      "fpr": 0.0013333333333333333,
      "fnr": 0.021,
      "auroc": 0.9991543333333334,
      "auprc": 0.9968274575210343,
      "support": 1000,
      "tp": 979,
      "tn": 8988,
      "fp": 12,
      "fn": 21
    },
    "6": {
      "precision": 0.7922235722964763,
      "recall": 0.652,
      "f1": 0.7153044432254526,
      "specificity": 0.981,
      "fpr": 0.019,
      "fnr": 0.348,
      "auroc": 0.9731613333333334,
      "auprc": 0.8365086673890121,
      "support": 1000,
      "tp": 652,
      "tn": 8829,
      "fp": 171,
      "fn": 348
    },
    "7": {
      "precision": 0.9613095238095238,
      "recall": 0.969,
      "f1": 0.9651394422310756,
      "specificity": 0.9956666666666667,
      "fpr": 0.004333333333333333,
      "fnr": 0.031,
      "auroc": 0.9979295555555555,
      "auprc": 0.990667183869785,
      "support": 1000,
      "tp": 969,
      "tn": 8961,
      "fp": 39,
      "fn": 31
    },
    "8": {
      "precision": 0.9869346733668342,
      "recall": 0.982,
      "f1": 0.9844611528822055,
      "specificity": 0.9985555555555555,
      "fpr": 0.0014444444444444444,
      "fnr": 0.018,
      "auroc": 0.9996094444444443,
      "auprc": 0.9972889586863023,
      "support": 1000,
      "tp": 982,
      "tn": 8987,
      "fp": 13,
      "fn": 18
    },
    "9": {
      "precision": 0.967098703888335,
      "recall": 0.97,
      "f1": 0.9685471792311532,
      "specificity": 0.9963333333333333,
      "fpr": 0.0036666666666666666,
      "fnr": 0.03,
      "auroc": 0.999254888888889,
      "auprc": 0.9936965456060568,
      "support": 1000,
      "tp": 970,
      "tn": 8967,
      "fp": 33,
      "fn": 30
    }
  },
  "confusion_matrix": [
    [
      899,
      0,
      22,
      14,
      2,
      1,
      59,
      0,
      3,
      0
    ],
    [
      4,
      971,
      1,
      16,
      5,
      0,
      1,
      0,
      2,
      0
    ],
    [
      14,
      1,
      902,
      5,
      47,
      0,
      30,
      0,
      1,
      0
    ],
    [
      26,
      4,
      13,
      893,
      26,
      0,
      38,
      0,
      0,
      0
    ],
    [
      0,
      2,
      72,
      24,
      862,
      0,
      40,
      0,
      0,
      0
    ],
    [
      0,
      0,
      0,
      0,
      0,
      979,
      0,
      13,
      0,
      8
    ],
    [
      151,
      1,
      86,
      20,
      83,
      0,
      652,
      0,
      7,
      0
    ],
    [
      0,
      0,
      0,
      0,
      0,
      6,
      0,
      969,
      0,
      25
    ],
    [
      3,
      2,
      4,
      2,
      2,
      1,
      3,
      1,
      982,
      0
    ],
    [
      0,
      0,
      1,
      0,
      0,
      4,
      0,
      25,
      0,
      970
    ]
  ]
}