{
  "experiment": "exp2",
  "condition": {
    "noise_rate": 0.35,
    "noisy_pct": 35,
    "clean_samples": 30000,
    "noisy_samples": 21000,
    "num_corrupted": 7389,
    "total_samples": 51000,
    "train_samples": 45900,
    "val_samples": 5100
  },
  "seed": 31380194,
  "timestamp": "2026-01-13T20:06:46.539734",
  "training_dynamics": {
    "epochs_trained": 16,
    "best_epoch": 6,
    "best_val_accuracy": 0.7805882352941177,
    "final_train_loss": 0.5980695004582737,
    "final_val_loss": 1.1565905796312819,
    "training_time_seconds": 34.134031772613525
  },
  "training_history": {
    "train_loss": [
      1.164544416918396,
      1.0363151876043144,
      0.9968987407790585,
      0.9684988392262738,
      0.9407937430405683,
      0.9161954781139129,
      0.8955695449392775,
      0.8646700492227309,
      0.8358606057329763,
      0.808762121914489,
      0.7756776533668087,
      0.7373729369766533,
      0.7016855836495716,
      0.6687185933455452,
      0.6366813493721333,
      0.5980695004582737
    ],
    "val_loss": [
      1.0233730942127752,
      0.9858810461268706,
      0.9690533494481853,
      0.9456571982888614,
      0.9631225408759772,
      0.9445051258218055,
      0.9636636930820989,
      0.9582055829553043,
      0.9979309053982005,
      0.9861369336820116,
      0.9935282090130975,
      1.0045818980067385,
      1.0383220000360527,
      1.1347357687295652,
      1.1319503788854561,
      1.1565905796312819
    ],
    "val_accuracy": [
      0.7531372549019608,
      0.7601960784313726,
      0.7633333333333333,
      0.779607843137255,
      0.7715686274509804,
      0.7780392156862745,
      0.7690196078431373,
      0.7772549019607843,
      0.7805882352941177,
      0.7709803921568628,
      0.7788235294117647,
      0.7721568627450981,
      0.7721568627450981,
      0.7578431372549019,
      0.7627450980392156,
      0.7594117647058823
    ]
  },
  "global_metrics": {
    "accuracy": 0.9022,
    "balanced_accuracy": 0.9022,
    "top_3_accuracy": 0.9881,
    "top_5_accuracy": 0.9969,
    "log_loss": 0.41017501338619294,
    "mcc": 0.8916540991948322,
    "cohens_kappa": 0.8913333333333333,
    "precision_macro": 0.9025928011909187,
    "precision_micro": 0.9022,
    "precision_weighted": 0.9025928011909188,
    "recall_macro": 0.9022,
    "recall_micro": 0.9022,
    "recall_weighted": 0.9022,
    "f1_macro": 0.9010746560603338,
    "f1_micro": 0.9022,
    "f1_weighted": 0.9010746560603339,
    "auroc_macro": 0.9920501555555555,
    "auroc_weighted": 0.9920501555555554,
    "auprc_macro": 0.9508651333087187
  },
  "per_class_metrics": {
    "0": {
      "precision": 0.8636363636363636,
      "recall": 0.836,
      "f1": 0.8495934959349594,
      "specificity": 0.9853333333333333,
      "fpr": 0.014666666666666666,
      "fnr": 0.164,
      "auroc": 0.9880881111111111,
      "auprc": 0.9258025474379145,
      "support": 1000,
      "tp": 836,
      "tn": 8868,
      "fp": 132,
      "fn": 164
    },
    "1": {
      "precision": 0.9888324873096447,
      "recall": 0.974,
      "f1": 0.981360201511335,
      "specificity": 0.9987777777777778,
      "fpr": 0.0012222222222222222,
      "fnr": 0.026,
      "auroc": 0.998766,
      "auprc": 0.9962857928288358,
      "support": 1000,
      "tp": 974,
      "tn": 8989,
      "fp": 11,
      "fn": 26
    },
    "2": {
      "precision": 0.9051819184123484,
      "recall": 0.821,
      "f1": 0.8610382800209754,
      "specificity": 0.9904444444444445,
      "fpr": 0.009555555555555555,
      "fnr": 0.179,
      "auroc": 0.9866614444444445,
      "auprc": 0.9293881576947262,
      "support": 1000,
      "tp": 821,
      "tn": 8914,
      "fp": 86,
      "fn": 179
    },
    "3": {
      "precision": 0.8545288197621226,
      "recall": 0.934,
      "f1": 0.8924988055422838,
      "specificity": 0.9823333333333333,
      "fpr": 0.017666666666666667,
      "fnr": 0.066,
      "auroc": 0.9950782222222221,
      "auprc": 0.9578180441160244,
      "support": 1000,
      "tp": 934,
      "tn": 8841,
      "fp": 159,
      "fn": 66
    },
    "4": {
      "precision": 0.7854039965247611,
      "recall": 0.904,
      "f1": 0.8405392840539284,
      "specificity": 0.9725555555555555,
      "fpr": 0.027444444444444445,
      "fnr": 0.096,
      "auroc": 0.989588888888889,
      "auprc": 0.9219044483078291,
      "support": 1000,
      "tp": 904,
      "tn": 8753,
      "fp": 247,
      "fn": 96
    },
    "5": {
      "precision": 0.9829659318637275,
      "recall": 0.981,
      "f1": 0.981981981981982,
      "specificity": 0.9981111111111111,
      "fpr": 0.001888888888888889,
      "fnr": 0.019,
      "auroc": 0.9988102222222222,
      "auprc": 0.9962354355168482,
      "support": 1000,
      "tp": 981,
      "tn": 8983,
      "fp": 17,
      "fn": 19
    },
    "6": {
      "precision": 0.761849710982659,
      "recall": 0.659,
      "f1": 0.7067024128686328,
      "specificity": 0.9771111111111112,
      "fpr": 0.02288888888888889,
      "fnr": 0.341,
      "auroc": 0.9656121111111112,
      "auprc": 0.7993480028807876,
      "support": 1000,
      "tp": 659,
      "tn": 8794,
      "fp": 206,
      "fn": 341
    },
    "7": {
      "precision": 0.9380952380952381,
      "recall": 0.985,
      "f1": 0.9609756097560974,
      "specificity": 0.9927777777777778,
      "fpr": 0.007222222222222222,
      "fnr": 0.015,
      "auroc": 0.9991716666666666,
      "auprc": 0.9906813351889686,
      "support": 1000,
      "tp": 985,
      "tn": 8935,
      "fp": 65,
      "fn": 15
    },
    "8": {
      "precision": 0.9600778967867576,
      "recall": 0.986,
      "f1": 0.9728663048840651,
      "specificity": 0.9954444444444445,
      "fpr": 0.004555555555555556,
      "fnr": 0.014,
      "auroc": 0.9995472222222221,
      "auprc": 0.9965201771837243,
      "support": 1000,
      "tp": 986,
      "tn": 8959,
      "fp": 41,
      "fn": 14
    },
    "9": {
      "precision": 0.9853556485355649,
      "recall": 0.942,
      "f1": 0.9631901840490797,
      "specificity": 0.9984444444444445,
      "fpr": 0.0015555555555555555,
      "fnr": 0.058,
      "auroc": 0.9991776666666666,
      "auprc": 0.9946673919315269,
      "support": 1000,
      "tp": 942,
      "tn": 8986,
      "fp": 14,
      "fn": 58
    }
  },
  "confusion_matrix": [
    [
      836,
      0,
      8,
      37,
      7,
      3,
      102,
      0,
      7,
      0
    ],
    [
      2,
      974,
      0,
      18,
      3,
      0,
      1,
      0,
      2,
      0
    ],
    [
      18,
      1,
      821,
      14,
      88,
      0,
      50,
      0,
      8,
      0
    ],
    [
      10,
      7,
      8,
      934,
      15,
      0,
      25,
      0,
      1,
      0
    ],
    [
      2,
      0,
      20,
      47,
      904,
      0,
      25,
      0,
      2,
      0
    ],
    [
      0,
      0,
      0,
      0,
      0,
      981,
      0,
      12,
      2,
      5
    ],
    [
      99,
      1,
      49,
      40,
      133,
      0,
      659,
      0,
      19,
      0
    ],
    [
      0,
      0,
      0,
      0,
      0,
      6,
      0,
      985,
      0,
      9
    ],
    [
      1,
      2,
      1,
      3,
      1,
      2,
      2,
      2,
      986,
      0
    ],
    [
      0,
      0,
      0,
      0,
      0,
      6,
      1,
      51,
      0,
      942
    ]
  ]
}