{
  "experiment": "exp2",
  "condition": {
    "noise_rate": 0.4,
    "noisy_pct": 10,
    "clean_samples": 30000,
    "noisy_samples": 6000,
    "num_corrupted": 2379,
    "total_samples": 36000,
    "train_samples": 32400,
    "val_samples": 3600
  },
  "seed": 31380194,
  "timestamp": "2026-01-13T20:09:48.653330",
  "training_dynamics": {
    "epochs_trained": 18,
    "best_epoch": 8,
    "best_val_accuracy": 0.8441666666666666,
    "final_train_loss": 0.24221327724541433,
    "final_val_loss": 1.001268367767334,
    "training_time_seconds": 28.490946531295776
  },
  "training_history": {
    "train_loss": [
      0.8758143924867378,
      0.7341968107388099,
      0.6812661102655136,
      0.6475424641629413,
      0.6159982390598903,
      0.5911427913803086,
      0.5625177538959232,
      0.5317479742937069,
      0.5050632822266697,
      0.47798773850621085,
      0.4402943485410961,
      0.4069152844287235,
      0.37376030355221657,
      0.34288253377998135,
      0.3136651638667494,
      0.293387735956872,
      0.26567081942478343,
      0.24221327724541433
    ],
    "val_loss": [
      0.7449630904197693,
      0.6802685329649183,
      0.6752718398306105,
      0.6608975636959076,
      0.6632159511248271,
      0.6638702788617876,
      0.6624639222357008,
      0.6578464751773411,
      0.6970684178670248,
      0.7276120834880405,
      0.7530363546477423,
      0.7458374285697937,
      0.7857640523380703,
      0.7907513801256816,
      0.8493219969007704,
      0.8800114176008437,
      0.9481018217404683,
      1.001268367767334
    ],
    "val_accuracy": [
      0.8013888888888889,
      0.8266666666666667,
      0.8361111111111111,
      0.8294444444444444,
      0.8358333333333333,
      0.8338888888888889,
      0.8391666666666666,
      0.8441666666666666,
      0.8347222222222223,
      0.8344444444444444,
      0.8313888888888888,
      0.8358333333333333,
      0.8311111111111111,
      0.8330555555555555,
      0.8322222222222222,
      0.8286111111111111,
      0.8269444444444445,
      0.8205555555555556
    ]
  },
  "global_metrics": {
    "accuracy": 0.9048,
    "balanced_accuracy": 0.9048,
    "top_3_accuracy": 0.9893,
    "top_5_accuracy": 0.9968,
    "log_loss": 0.32860512000738257,
    "mcc": 0.8944701540173515,
    "cohens_kappa": 0.8942222222222223,
    "precision_macro": 0.9049331982587512,
    "precision_micro": 0.9048,
    "precision_weighted": 0.9049331982587512,
    "recall_macro": 0.9048,
    "recall_micro": 0.9048,
    "recall_weighted": 0.9048,
    "f1_macro": 0.9038237295674889,
    "f1_micro": 0.9048,
    "f1_weighted": 0.9038237295674888,
    "auroc_macro": 0.9921725444444445,
    "auroc_weighted": 0.9921725444444445,
    "auprc_macro": 0.9535750159038254
  },
  "per_class_metrics": {
    "0": {
      "precision": 0.8370998116760828,
      "recall": 0.889,
      "f1": 0.8622696411251212,
      "specificity": 0.9807777777777777,
      "fpr": 0.019222222222222224,
      "fnr": 0.111,
      "auroc": 0.9890547777777778,
      "auprc": 0.9341185013529263,
      "support": 1000,
      "tp": 889,
      "tn": 8827,
      "fp": 173,
      "fn": 111
    },
    "1": {
      "precision": 0.9928644240570846,
      "recall": 0.974,
      "f1": 0.98334174659263,
      "specificity": 0.9992222222222222,
      "fpr": 0.0007777777777777777,
      "fnr": 0.026,
      "auroc": 0.9993442222222222,
      "auprc": 0.9975879961365546,
      "support": 1000,
      "tp": 974,
      "tn": 8993,
      "fp": 7,
      "fn": 26
    },
    "2": {
      "precision": 0.8010704727921498,
      "recall": 0.898,
      "f1": 0.8467703913248469,
      "specificity": 0.9752222222222222,
      "fpr": 0.024777777777777777,
      "fnr": 0.102,
      "auroc": 0.9875557777777777,
      "auprc": 0.9290367467404365,
      "support": 1000,
      "tp": 898,
      "tn": 8777,
      "fp": 223,
      "fn": 102
    },
    "3": {
      "precision": 0.8876190476190476,
      "recall": 0.932,
      "f1": 0.9092682926829269,
      "specificity": 0.9868888888888889,
      "fpr": 0.013111111111111112,
      "fnr": 0.068,
      "auroc": 0.9939464444444445,
      "auprc": 0.9608498709697064,
      "support": 1000,
      "tp": 932,
      "tn": 8882,
      "fp": 118,
      "fn": 68
    },
    "4": {
      "precision": 0.8795986622073578,
      "recall": 0.789,
      "f1": 0.8318397469688983,
      "specificity": 0.988,
      "fpr": 0.012,
      "fnr": 0.211,
      "auroc": 0.9898794444444444,
      "auprc": 0.9242870013881531,
      "support": 1000,
      "tp": 789,
      "tn": 8892,
      "fp": 108,
      "fn": 211
    },
    "5": {
      "precision": 0.975024975024975,
      "recall": 0.976,
      "f1": 0.9755122438780609,
      "specificity": 0.9972222222222222,
      "fpr": 0.002777777777777778,
      "fnr": 0.024,
      "auroc": 0.9988935555555556,
      "auprc": 0.994146257130796,
      "support": 1000,
      "tp": 976,
      "tn": 8975,
      "fp": 25,
      "fn": 24
    },
    "6": {
      "precision": 0.7782857142857142,
      "recall": 0.681,
      "f1": 0.7263999999999999,
      "specificity": 0.9784444444444444,
      "fpr": 0.021555555555555557,
      "fnr": 0.319,
      "auroc": 0.9677343333333334,
      "auprc": 0.8209165564190658,
      "support": 1000,
      "tp": 681,
      "tn": 8806,
      "fp": 194,
      "fn": 319
    },
    "7": {
      "precision": 0.9411764705882353,
      "recall": 0.976,
      "f1": 0.9582719685812469,
      "specificity": 0.9932222222222222,
      "fpr": 0.0067777777777777775,
      "fnr": 0.024,
      "auroc": 0.9984992222222223,
      "auprc": 0.9889606828821815,
      "support": 1000,
      "tp": 976,
      "tn": 8939,
      "fp": 61,
      "fn": 24
    },
    "8": {
      "precision": 0.9751491053677932,
      "recall": 0.981,
      "f1": 0.9780658025922233,
      "specificity": 0.9972222222222222,
      "fpr": 0.002777777777777778,
      "fnr": 0.019,
      "auroc": 0.9986641111111111,
      "auprc": 0.9939481218917573,
      "support": 1000,
      "tp": 981,
      "tn": 8975,
      "fp": 25,
      "fn": 19
    },
    "9": {
      "precision": 0.9814432989690721,
      "recall": 0.952,
      "f1": 0.9664974619289339,
      "specificity": 0.998,
      "fpr": 0.002,
      "fnr": 0.048,
      "auroc": 0.9981535555555556,
      "auprc": 0.9918984241266768,
      "support": 1000,
      "tp": 952,
      "tn": 8982,
      "fp": 18,
      "fn": 48
    }
  },
  "confusion_matrix": [
    [
      889,
      0,
      14,
      23,
      1,
      2,
      64,
      0,
      7,
      0
    ],
    [
      2,
      974,
      0,
      15,
      3,
      0,
      4,
      0,
      2,
      0
    ],
    [
      20,
      1,
      898,
      10,
      30,
      0,
      39,
      0,
      2,
      0
    ],
    [
      15,
      2,
      12,
      932,
      16,
      1,
      21,
      0,
      1,
      0
    ],
    [
      0,
      1,
      109,
      35,
      789,
      0,
      64,
      0,
      2,
      0
    ],
    [
      0,
      0,
      0,
      0,
      0,
      976,
      0,
      22,
      0,
      2
    ],
    [
      135,
      2,
      85,
      31,
      56,
      1,
      681,
      0,
      9,
      0
    ],
    [
      0,
      0,
      0,
      0,
      0,
      7,
      0,
      976,
      1,
      16
    ],
    [
      1,
      1,
      3,
      4,
      2,
      3,
      2,
      3,
      981,
      0
    ],
    [
      0,
      0,
      0,
      0,
      0,
      11,
      0,
      36,
      1,
      952
    ]
  ]
}