{
  "experiment": "exp2",
  "condition": {
    "noise_rate": 0.05,
    "noisy_pct": 10,
    "clean_samples": 30000,
    "noisy_samples": 6000,
    "num_corrupted": 275,
    "total_samples": 36000,
    "train_samples": 32400,
    "val_samples": 3600
  },
  "seed": 14994796,
  "timestamp": "2026-01-13T17:59:05.565096",
  "training_dynamics": {
    "epochs_trained": 19,
    "best_epoch": 9,
    "best_val_accuracy": 0.9158333333333334,
    "final_train_loss": 0.0755423165038522,
    "final_val_loss": 0.4788755864567227,
    "training_time_seconds": 30.93015456199646
  },
  "training_history": {
    "train_loss": [
      0.5721858041820206,
      0.38907841534245413,
      0.34113350858878805,
      0.3090357256564633,
      0.2812502536650828,
      0.24978873420954925,
      0.2268279516661661,
      0.20955982311266885,
      0.1862971339543778,
      0.1719485839031622,
      0.15172709548511568,
      0.1385516230626807,
      0.1222851378237002,
      0.11136204242445455,
      0.10554366475944747,
      0.0934144386404453,
      0.08916684864107262,
      0.08141217302876347,
      0.0755423165038522
    ],
    "val_loss": [
      0.3673433078659905,
      0.3581289670202467,
      0.3413470304012299,
      0.3376028944386376,
      0.32583025044865077,
      0.3084874235259162,
      0.31542181690533955,
      0.33787038776609635,
      0.30208512253231473,
      0.3358579240904914,
      0.36231586807303956,
      0.3421896665626102,
      0.3979211370150248,
      0.37983586139149134,
      0.4076175570487976,
      0.39995615078343283,
      0.44418153398566773,
      0.4429187825653288,
      0.4788755864567227
    ],
    "val_accuracy": [
      0.8766666666666667,
      0.885,
      0.8877777777777778,
      0.8955555555555555,
      0.9025,
      0.9083333333333333,
      0.9108333333333334,
      0.9102777777777777,
      0.9158333333333334,
      0.9119444444444444,
      0.9041666666666667,
      0.9091666666666667,
      0.9061111111111111,
      0.9044444444444445,
      0.8980555555555556,
      0.9072222222222223,
      0.9025,
      0.9111111111111111,
      0.8941666666666667
    ]
  },
  "global_metrics": {
    "accuracy": 0.9182,
    "balanced_accuracy": 0.9182,
    "top_3_accuracy": 0.9931,
    "top_5_accuracy": 0.998,
    "log_loss": 0.25376925538161754,
    "mcc": 0.9092046629816295,
    "cohens_kappa": 0.9091111111111111,
    "precision_macro": 0.9179846036971082,
    "precision_micro": 0.9182,
    "precision_weighted": 0.9179846036971081,
    "recall_macro": 0.9182,
    "recall_micro": 0.9182,
    "recall_weighted": 0.9182,
    "f1_macro": 0.917700724361851,
    "f1_micro": 0.9182,
    "f1_weighted": 0.9177007243618509,
    "auroc_macro": 0.9940474388888889,
    "auroc_weighted": 0.994047438888889,
    "auprc_macro": 0.9621962659370695
  },
  "per_class_metrics": {
    "0": {
      "precision": 0.8620352250489237,
      "recall": 0.881,
      "f1": 0.8714144411473788,
      "specificity": 0.9843333333333333,
      "fpr": 0.015666666666666666,
      "fnr": 0.119,
      "auroc": 0.991362111111111,
      "auprc": 0.945307617516544,
      "support": 1000,
      "tp": 881,
      "tn": 8859,
      "fp": 141,
      "fn": 119
    },
    "1": {
      "precision": 0.9959141981613892,
      "recall": 0.975,
      "f1": 0.9853461344113188,
      "specificity": 0.9995555555555555,
      "fpr": 0.00044444444444444447,
      "fnr": 0.025,
      "auroc": 0.9993771111111112,
      "auprc": 0.9971296884214358,
      "support": 1000,
      "tp": 975,
      "tn": 8996,
      "fp": 4,
      "fn": 25
    },
    "2": {
      "precision": 0.879154078549849,
      "recall": 0.873,
      "f1": 0.8760662318113398,
      "specificity": 0.9866666666666667,
      "fpr": 0.013333333333333334,
      "fnr": 0.127,
      "auroc": 0.9903036666666668,
      "auprc": 0.9427587166516875,
      "support": 1000,
      "tp": 873,
      "tn": 8880,
      "fp": 120,
      "fn": 127
    },
    "3": {
      "precision": 0.8985507246376812,
      "recall": 0.93,
      "f1": 0.9140049140049139,
      "specificity": 0.9883333333333333,
      "fpr": 0.011666666666666667,
      "fnr": 0.07,
      "auroc": 0.9961741111111111,
      "auprc": 0.968772919450939,
      "support": 1000,
      "tp": 930,
      "tn": 8895,
      "fp": 105,
      "fn": 70
    },
    "4": {
      "precision": 0.8409302325581396,
      "recall": 0.904,
      "f1": 0.8713253012048193,
      "specificity": 0.981,
      "fpr": 0.019,
      "fnr": 0.096,
      "auroc": 0.9919387777777777,
      "auprc": 0.9404115700951087,
      "support": 1000,
      "tp": 904,
      "tn": 8829,
      "fp": 171,
      "fn": 96
    },
    "5": {
      "precision": 0.9811507936507936,
      "recall": 0.989,
      "f1": 0.9850597609561752,
      "specificity": 0.9978888888888889,
      "fpr": 0.002111111111111111,
      "fnr": 0.011,
      "auroc": 0.9991932222222222,
      "auprc": 0.996829420573708,
      "support": 1000,
      "tp": 989,
      "tn": 8981,
      "fp": 19,
      "fn": 11
    },
    "6": {
      "precision": 0.8022222222222222,
      "recall": 0.722,
      "f1": 0.76,
      "specificity": 0.9802222222222222,
      "fpr": 0.019777777777777776,
      "fnr": 0.278,
      "auroc": 0.9749976111111112,
      "auprc": 0.8501096611442435,
      "support": 1000,
      "tp": 722,
      "tn": 8822,
      "fp": 178,
      "fn": 278
    },
    "7": {
      "precision": 0.9714285714285714,
      "recall": 0.952,
      "f1": 0.9616161616161616,
      "specificity": 0.9968888888888889,
      "fpr": 0.003111111111111111,
      "fnr": 0.048,
      "auroc": 0.9985112222222223,
      "auprc": 0.9889747799317753,
      "support": 1000,
      "tp": 952,
      "tn": 8972,
      "fp": 28,
      "fn": 48
    },
    "8": {
      "precision": 0.9869215291750503,
      "recall": 0.981,
      "f1": 0.9839518555667001,
      "specificity": 0.9985555555555555,
      "fpr": 0.0014444444444444444,
      "fnr": 0.019,
      "auroc": 0.9994646666666667,
      "auprc": 0.997480221312752,
      "support": 1000,
      "tp": 981,
      "tn": 8987,
      "fp": 13,
      "fn": 19
    },
    "9": {
      "precision": 0.9615384615384616,
      "recall": 0.975,
      "f1": 0.968222442899702,
      "specificity": 0.9956666666666667,
      "fpr": 0.004333333333333333,
      "fnr": 0.025,
      "auroc": 0.9991518888888888,
      "auprc": 0.9941880642725011,
      "support": 1000,
      "tp": 975,
      "tn": 8961,
      "fp": 39,
      "fn": 25
    }
  },
  "confusion_matrix": [
    [
      881,
      0,
      14,
      26,
      4,
      1,
      71,
      0,
      3,
      0
    ],
    [
      3,
      975,
      1,
      16,
      2,
      0,
      1,
      0,
      2,
      0
    ],
    [
      20,
      1,
      873,
      8,
      53,
      0,
      45,
      0,
      0,
      0
    ],
    [
      11,
      1,
      12,
      930,
      25,
      0,
      18,
      0,
      3,
      0
    ],
    [
      0,
      0,
      39,
      19,
      904,
      0,
      38,
      0,
      0,
      0
    ],
    [
      0,
      0,
      0,
      0,
      0,
      989,
      0,
      6,
      0,
      5
    ],
    [
      104,
      1,
      51,
      33,
      84,
      0,
      722,
      0,
      5,
      0
    ],
    [
      0,
      0,
      0,
      0,
      0,
      14,
      0,
      952,
      0,
      34
    ],
    [
      3,
      1,
      2,
      3,
      3,
      1,
      5,
      1,
      981,
      0
    ],
    [
      0,
      0,
      1,
      0,
      0,
      3,
      0,
      21,
      0,
      975
    ]
  ]
}