{
  "experiment": "exp2",
  "condition": {
    "noise_rate": 0.05,
    "noisy_pct": 45,
    "clean_samples": 30000,
    "noisy_samples": 27000,
    "num_corrupted": 1361,
    "total_samples": 57000,
    "train_samples": 51300,
    "val_samples": 5700
  },
  "seed": 14994796,
  "timestamp": "2026-01-13T18:02:57.752330",
  "training_dynamics": {
    "epochs_trained": 17,
    "best_epoch": 7,
    "best_val_accuracy": 0.8989473684210526,
    "final_train_loss": 0.15730029729164746,
    "final_val_loss": 0.5663827504609761,
    "training_time_seconds": 39.84784150123596
  },
  "training_history": {
    "train_loss": [
      0.6166777317586385,
      0.4710226018083958,
      0.43189998264621915,
      0.3984178248560637,
      0.3749232738838529,
      0.35275046044305675,
      0.3349710438734947,
      0.3091044755387782,
      0.28698366357389826,
      0.26675339942412485,
      0.251246390032798,
      0.2300060873344875,
      0.21479835290638288,
      0.1992929893850054,
      0.18436935881937755,
      0.17475007448874952,
      0.15730029729164746
    ],
    "val_loss": [
      0.48133785942144564,
      0.463168856804831,
      0.4302761345160635,
      0.4184876973168892,
      0.4154414367675781,
      0.4239356245492634,
      0.41356896392086095,
      0.4427292924178274,
      0.4198751603511342,
      0.4521868351886147,
      0.4819772281981351,
      0.4626158072237383,
      0.48486089656227516,
      0.5058016522307145,
      0.5733967321797421,
      0.5750781377993132,
      0.5663827504609761
    ],
    "val_accuracy": [
      0.8643859649122807,
      0.8733333333333333,
      0.8887719298245614,
      0.8917543859649123,
      0.8950877192982456,
      0.8914035087719299,
      0.8956140350877193,
      0.8935087719298246,
      0.8978947368421053,
      0.8964912280701754,
      0.8980701754385965,
      0.8942105263157895,
      0.8989473684210526,
      0.8921052631578947,
      0.8907017543859649,
      0.8871929824561403,
      0.896140350877193
    ]
  },
  "global_metrics": {
    "accuracy": 0.9151,
    "balanced_accuracy": 0.9151000000000001,
    "top_3_accuracy": 0.9921,
    "top_5_accuracy": 0.9978,
    "log_loss": 0.25646062685049853,
    "mcc": 0.9057417960326597,
    "cohens_kappa": 0.9056666666666666,
    "precision_macro": 0.9153983145083979,
    "precision_micro": 0.9151,
    "precision_weighted": 0.9153983145083977,
    "recall_macro": 0.9151000000000001,
    "recall_micro": 0.9151,
    "recall_weighted": 0.9151,
    "f1_macro": 0.9149146080434069,
    "f1_micro": 0.9151,
    "f1_weighted": 0.9149146080434067,
    "auroc_macro": 0.9943358,
    "auroc_weighted": 0.9943358,
    "auprc_macro": 0.9637515650953412
  },
  "per_class_metrics": {
    "0": {
      "precision": 0.8479087452471483,
      "recall": 0.892,
      "f1": 0.8693957115009747,
      "specificity": 0.9822222222222222,
      "fpr": 0.017777777777777778,
      "fnr": 0.108,
      "auroc": 0.9903524444444445,
      "auprc": 0.9412851754152837,
      "support": 1000,
      "tp": 892,
      "tn": 8840,
      "fp": 160,
      "fn": 108
    },
    "1": {
      "precision": 0.9929221435793731,
      "recall": 0.982,
      "f1": 0.987430869783811,
      "specificity": 0.9992222222222222,
      "fpr": 0.0007777777777777777,
      "fnr": 0.018,
      "auroc": 0.9995733333333333,
      "auprc": 0.9980110057450275,
      "support": 1000,
      "tp": 982,
      "tn": 8993,
      "fp": 7,
      "fn": 18
    },
    "2": {
      "precision": 0.8611925708699902,
      "recall": 0.881,
      "f1": 0.8709836875926842,
      "specificity": 0.9842222222222222,
      "fpr": 0.01577777777777778,
      "fnr": 0.119,
      "auroc": 0.991534,
      "auprc": 0.9457730945120179,
      "support": 1000,
      "tp": 881,
      "tn": 8858,
      "fp": 142,
      "fn": 119
    },
    "3": {
      "precision": 0.9347368421052632,
      "recall": 0.888,
      "f1": 0.9107692307692308,
      "specificity": 0.9931111111111111,
      "fpr": 0.006888888888888889,
      "fnr": 0.112,
      "auroc": 0.9961723333333334,
      "auprc": 0.9670033418467604,
      "support": 1000,
      "tp": 888,
      "tn": 8938,
      "fp": 62,
      "fn": 112
    },
    "4": {
      "precision": 0.850919651500484,
      "recall": 0.879,
      "f1": 0.8647319232661093,
      "specificity": 0.9828888888888889,
      "fpr": 0.01711111111111111,
      "fnr": 0.121,
      "auroc": 0.9932711111111111,
      "auprc": 0.9463557141189038,
      "support": 1000,
      "tp": 879,
      "tn": 8846,
      "fp": 154,
      "fn": 121
    },
    "5": {
      "precision": 0.9725490196078431,
      "recall": 0.992,
      "f1": 0.982178217821782,
      "specificity": 0.9968888888888889,
      "fpr": 0.003111111111111111,
      "fnr": 0.008,
      "auroc": 0.9996087777777778,
      "auprc": 0.997329055005134,
      "support": 1000,
      "tp": 992,
      "tn": 8972,
      "fp": 28,
      "fn": 8
    },
    "6": {
      "precision": 0.7788359788359789,
      "recall": 0.736,
      "f1": 0.7568123393316195,
      "specificity": 0.9767777777777777,
      "fpr": 0.02322222222222222,
      "fnr": 0.264,
      "auroc": 0.9756203333333334,
      "auprc": 0.8583820765584178,
      "support": 1000,
      "tp": 736,
      "tn": 8791,
      "fp": 209,
      "fn": 264
    },
    "7": {
      "precision": 0.9415148609779482,
      "recall": 0.982,
      "f1": 0.9613313754282917,
      "specificity": 0.9932222222222222,
      "fpr": 0.0067777777777777775,
      "fnr": 0.018,
      "auroc": 0.9991857777777777,
      "auprc": 0.9929362791858456,
      "support": 1000,
      "tp": 982,
      "tn": 8939,
      "fp": 61,
      "fn": 18
    },
    "8": {
      "precision": 0.9839518555667001,
      "recall": 0.981,
      "f1": 0.9824737105658488,
      "specificity": 0.9982222222222222,
      "fpr": 0.0017777777777777779,
      "fnr": 0.019,
      "auroc": 0.999606,
      "auprc": 0.9973012209560148,
      "support": 1000,
      "tp": 981,
      "tn": 8984,
      "fp": 16,
      "fn": 19
    },
    "9": {
      "precision": 0.989451476793249,
      "recall": 0.938,
      "f1": 0.9630390143737166,
      "specificity": 0.9988888888888889,
      "fpr": 0.0011111111111111111,
      "fnr": 0.062,
      "auroc": 0.998433888888889,
      "auprc": 0.9931386876100069,
      "support": 1000,
      "tp": 938,
      "tn": 8990,
      "fp": 10,
      "fn": 62
    }
  },
  "confusion_matrix": [
    [
      892,
      0,
      17,
      8,
      5,
      3,
      69,
      0,
      6,
      0
    ],
    [
      0,
      982,
      1,
      12,
      2,
      0,
      1,
      0,
      2,
      0
    ],
    [
      19,
      1,
      881,
      4,
      35,
      0,
      59,
      0,
      1,
      0
    ],
    [
      26,
      4,
      17,
      888,
      38,
      0,
      27,
      0,
      0,
      0
    ],
    [
      1,
      0,
      52,
      14,
      879,
      0,
      53,
      0,
      1,
      0
    ],
    [
      0,
      0,
      0,
      0,
      0,
      992,
      0,
      5,
      0,
      3
    ],
    [
      112,
      1,
      52,
      21,
      71,
      1,
      736,
      0,
      6,
      0
    ],
    [
      0,
      0,
      0,
      0,
      0,
      11,
      0,
      982,
      0,
      7
    ],
    [
      2,
      1,
      2,
      3,
      3,
      4,
      0,
      4,
      981,
      0
    ],
    [
      0,
      0,
      1,
      0,
      0,
      9,
      0,
      52,
      0,
      938
    ]
  ]
}