{
  "experiment": "exp2",
  "condition": {
    "noise_rate": 0.4,
    "noisy_pct": 35,
    "clean_samples": 30000,
    "noisy_samples": 21000,
    "num_corrupted": 8329,
    "total_samples": 51000,
    "train_samples": 45900,
    "val_samples": 5100
  },
  "seed": 14994796,
  "timestamp": "2026-01-13T18:42:31.345586",
  "training_dynamics": {
    "epochs_trained": 15,
    "best_epoch": 5,
    "best_val_accuracy": 0.7676470588235295,
    "final_train_loss": 0.7299340263548668,
    "final_val_loss": 1.1536708200679107,
    "training_time_seconds": 31.849321126937866
  },
  "training_history": {
    "train_loss": [
      1.2259150572473956,
      1.1135915628216726,
      1.0756097268261284,
      1.0458772574294577,
      1.02134402104573,
      0.9966551026843052,
      0.974338981600525,
      0.9485813486791919,
      0.9216102703700159,
      0.8912884507504678,
      0.8635198547813554,
      0.8276785695121149,
      0.7926377170929337,
      0.7607742400222502,
      0.7299340263548668
    ],
    "val_loss": [
      1.07186049377217,
      1.0532429278598112,
      1.0488123546862134,
      1.0293416524400898,
      1.0150444335096023,
      1.0389183160370472,
      1.0199290445739149,
      1.0242756624782787,
      1.0387803303026686,
      1.0492997275146783,
      1.05954574285769,
      1.0825903439054303,
      1.1042129375420364,
      1.1481061308056701,
      1.1536708200679107
    ],
    "val_accuracy": [
      0.7323529411764705,
      0.7466666666666667,
      0.7537254901960785,
      0.7598039215686274,
      0.7676470588235295,
      0.7558823529411764,
      0.7633333333333333,
      0.7672549019607843,
      0.7672549019607843,
      0.7623529411764706,
      0.7607843137254902,
      0.7564705882352941,
      0.753921568627451,
      0.7501960784313726,
      0.7554901960784314
    ]
  },
  "global_metrics": {
    "accuracy": 0.9036,
    "balanced_accuracy": 0.9036,
    "top_3_accuracy": 0.989,
    "top_5_accuracy": 0.9962,
    "log_loss": 0.41052024427898304,
    "mcc": 0.8930831258216436,
    "cohens_kappa": 0.892888888888889,
    "precision_macro": 0.905343930248573,
    "precision_micro": 0.9036,
    "precision_weighted": 0.905343930248573,
    "recall_macro": 0.9036,
    "recall_micro": 0.9036,
    "recall_weighted": 0.9036,
    "f1_macro": 0.9037353790486478,
    "f1_micro": 0.9036,
    "f1_weighted": 0.9037353790486476,
    "auroc_macro": 0.9923733888888888,
    "auroc_weighted": 0.9923733888888889,
    "auprc_macro": 0.953479465460816
  },
  "per_class_metrics": {
    "0": {
      "precision": 0.8731656184486373,
      "recall": 0.833,
      "f1": 0.8526100307062436,
      "specificity": 0.9865555555555555,
      "fpr": 0.013444444444444445,
      "fnr": 0.167,
      "auroc": 0.9895843333333334,
      "auprc": 0.9305449975875532,
      "support": 1000,
      "tp": 833,
      "tn": 8879,
      "fp": 121,
      "fn": 167
    },
    "1": {
      "precision": 0.9878542510121457,
      "recall": 0.976,
      "f1": 0.9818913480885312,
      "specificity": 0.9986666666666667,
      "fpr": 0.0013333333333333333,
      "fnr": 0.024,
      "auroc": 0.9991293333333333,
      "auprc": 0.9960819788318218,
      "support": 1000,
      "tp": 976,
      "tn": 8988,
      "fp": 12,
      "fn": 24
    },
    "2": {
      "precision": 0.8854718981972428,
      "recall": 0.835,
      "f1": 0.8594956253216676,
      "specificity": 0.988,
      "fpr": 0.012,
      "fnr": 0.165,
      "auroc": 0.9874115555555555,
      "auprc": 0.9275120624358688,
      "support": 1000,
      "tp": 835,
      "tn": 8892,
      "fp": 108,
      "fn": 165
    },
    "3": {
      "precision": 0.9126819126819127,
      "recall": 0.878,
      "f1": 0.8950050968399592,
      "specificity": 0.9906666666666667,
      "fpr": 0.009333333333333334,
      "fnr": 0.122,
      "auroc": 0.9941727777777777,
      "auprc": 0.9602574370159654,
      "support": 1000,
      "tp": 878,
      "tn": 8916,
      "fp": 84,
      "fn": 122
    },
    "4": {
      "precision": 0.7782497875955819,
      "recall": 0.916,
      "f1": 0.8415250344510794,
      "specificity": 0.971,
      "fpr": 0.029,
      "fnr": 0.084,
      "auroc": 0.9909456666666667,
      "auprc": 0.931078150892633,
      "support": 1000,
      "tp": 916,
      "tn": 8739,
      "fp": 261,
      "fn": 84
    },
    "5": {
      "precision": 0.9772502472799208,
      "recall": 0.988,
      "f1": 0.9825957235206365,
      "specificity": 0.9974444444444445,
      "fpr": 0.0025555555555555557,
      "fnr": 0.012,
      "auroc": 0.999735,
      "auprc": 0.9976581571482056,
      "support": 1000,
      "tp": 988,
      "tn": 8977,
      "fp": 23,
      "fn": 12
    },
    "6": {
      "precision": 0.7310838445807771,
      "recall": 0.715,
      "f1": 0.7229524772497473,
      "specificity": 0.9707777777777777,
      "fpr": 0.029222222222222222,
      "fnr": 0.285,
      "auroc": 0.9657281111111112,
      "auprc": 0.8113755385278258,
      "support": 1000,
      "tp": 715,
      "tn": 8737,
      "fp": 263,
      "fn": 285
    },
    "7": {
      "precision": 0.9635627530364372,
      "recall": 0.952,
      "f1": 0.9577464788732394,
      "specificity": 0.996,
      "fpr": 0.004,
      "fnr": 0.048,
      "auroc": 0.998769888888889,
      "auprc": 0.9920688064795931,
      "support": 1000,
      "tp": 952,
      "tn": 8964,
      "fp": 36,
      "fn": 48
    },
    "8": {
      "precision": 0.9818548387096774,
      "recall": 0.974,
      "f1": 0.9779116465863454,
      "specificity": 0.998,
      "fpr": 0.002,
      "fnr": 0.026,
      "auroc": 0.9990793333333334,
      "auprc": 0.9950236651091486,
      "support": 1000,
      "tp": 974,
      "tn": 8982,
      "fp": 18,
      "fn": 26
    },
    "9": {
      "precision": 0.9622641509433962,
      "recall": 0.969,
      "f1": 0.9656203288490284,
      "specificity": 0.9957777777777778,
      "fpr": 0.004222222222222222,
      "fnr": 0.031,
      "auroc": 0.9991778888888889,
      "auprc": 0.9931938605795452,
      "support": 1000,
      "tp": 969,
      "tn": 8962,
      "fp": 38,
      "fn": 31
    }
  },
  "confusion_matrix": [
    [
      833,
      0,
      12,
      20,
      10,
      2,
      119,
      0,
      4,
      0
    ],
    [
      1,
      976,
      0,
      10,
      6,
      0,
      4,
      0,
      3,
      0
    ],
    [
      18,
      1,
      835,
      8,
      84,
      0,
      53,
      0,
      1,
      0
    ],
    [
      19,
      7,
      11,
      878,
      41,
      0,
      43,
      0,
      0,
      1
    ],
    [
      0,
      0,
      31,
      19,
      916,
      0,
      33,
      0,
      1,
      0
    ],
    [
      0,
      0,
      0,
      0,
      0,
      988,
      0,
      9,
      0,
      3
    ],
    [
      82,
      1,
      54,
      23,
      116,
      0,
      715,
      0,
      9,
      0
    ],
    [
      0,
      0,
      0,
      0,
      0,
      15,
      0,
      952,
      0,
      33
    ],
    [
      1,
      2,
      0,
      4,
      4,
      1,
      10,
      3,
      974,
      1
    ],
    [
      0,
      1,
      0,
      0,
      0,
      5,
      1,
      24,
      0,
      969
    ]
  ]
}