{
  "experiment": "exp2",
  "condition": {
    "noise_rate": 0.15,
    "noisy_pct": 15,
    "clean_samples": 30000,
    "noisy_samples": 9000,
    "num_corrupted": 1333,
    "total_samples": 39000,
    "train_samples": 35100,
    "val_samples": 3900
  },
  "seed": 14994796,
  "timestamp": "2026-01-13T18:11:23.676576",
  "training_dynamics": {
    "epochs_trained": 16,
    "best_epoch": 6,
    "best_val_accuracy": 0.8828205128205128,
    "final_train_loss": 0.19341612737863334,
    "final_val_loss": 0.5926974540184705,
    "training_time_seconds": 28.493351697921753
  },
  "training_history": {
    "train_loss": [
      0.7262639554254778,
      0.5670222406070307,
      0.5128313962010521,
      0.47696469360470556,
      0.45317723638698704,
      0.42556226375650186,
      0.393286919604668,
      0.3706657128147306,
      0.3491762912067125,
      0.3195681524597013,
      0.29439409245450204,
      0.2697050046643924,
      0.24881439489772195,
      0.22596781791097914,
      0.20968461214125372,
      0.19341612737863334
    ],
    "val_loss": [
      0.5621508698891371,
      0.5110365895735912,
      0.5116763153137305,
      0.48807183305422464,
      0.4768898149637076,
      0.4633224257444724,
      0.4765606894554236,
      0.48780667344729106,
      0.49808125532590425,
      0.5065383186401465,
      0.5266416265414311,
      0.5349531862674616,
      0.5510246968880678,
      0.5601397530543498,
      0.593379282706823,
      0.5926974540184705
    ],
    "val_accuracy": [
      0.8387179487179487,
      0.8582051282051282,
      0.8641025641025641,
      0.8761538461538462,
      0.8725641025641026,
      0.8776923076923077,
      0.8825641025641026,
      0.8769230769230769,
      0.8789743589743589,
      0.8733333333333333,
      0.8771794871794871,
      0.8828205128205128,
      0.8812820512820513,
      0.88,
      0.8733333333333333,
      0.8784615384615385
    ]
  },
  "global_metrics": {
    "accuracy": 0.9113,
    "balanced_accuracy": 0.9112999999999998,
    "top_3_accuracy": 0.9912,
    "top_5_accuracy": 0.9981,
    "log_loss": 0.2794870339898811,
    "mcc": 0.9014671016023266,
    "cohens_kappa": 0.9014444444444445,
    "precision_macro": 0.9121630047180617,
    "precision_micro": 0.9113,
    "precision_weighted": 0.9121630047180616,
    "recall_macro": 0.9112999999999998,
    "recall_micro": 0.9113,
    "recall_weighted": 0.9113,
    "f1_macro": 0.9116334337612049,
    "f1_micro": 0.9113,
    "f1_weighted": 0.911633433761205,
    "auroc_macro": 0.9933822888888889,
    "auroc_weighted": 0.9933822888888888,
    "auprc_macro": 0.9576502211975798
  },
  "per_class_metrics": {
    "0": {
      "precision": 0.851104707012488,
      "recall": 0.886,
      "f1": 0.8682018618324351,
      "specificity": 0.9827777777777778,
      "fpr": 0.017222222222222222,
      "fnr": 0.114,
      "auroc": 0.990448,
      "auprc": 0.9336239189490391,
      "support": 1000,
      "tp": 886,
      "tn": 8845,
      "fp": 155,
      "fn": 114
    },
    "1": {
      "precision": 0.9949135300101729,
      "recall": 0.978,
      "f1": 0.9863842662632376,
      "specificity": 0.9994444444444445,
      "fpr": 0.0005555555555555556,
      "fnr": 0.022,
      "auroc": 0.9996432222222222,
      "auprc": 0.9978160003305051,
      "support": 1000,
      "tp": 978,
      "tn": 8995,
      "fp": 5,
      "fn": 22
    },
    "2": {
      "precision": 0.8608094768015795,
      "recall": 0.872,
      "f1": 0.866368604073522,
      "specificity": 0.9843333333333333,
      "fpr": 0.015666666666666666,
      "fnr": 0.128,
      "auroc": 0.9901594444444446,
      "auprc": 0.9390671468250565,
      "support": 1000,
      "tp": 872,
      "tn": 8859,
      "fp": 141,
      "fn": 128
    },
    "3": {
      "precision": 0.9241803278688525,
      "recall": 0.902,
      "f1": 0.9129554655870447,
      "specificity": 0.9917777777777778,
      "fpr": 0.008222222222222223,
      "fnr": 0.098,
      "auroc": 0.9950547777777778,
      "auprc": 0.9663468576776008,
      "support": 1000,
      "tp": 902,
      "tn": 8926,
      "fp": 74,
      "fn": 98
    },
    "4": {
      "precision": 0.8680412371134021,
      "recall": 0.842,
      "f1": 0.8548223350253806,
      "specificity": 0.9857777777777778,
      "fpr": 0.014222222222222223,
      "fnr": 0.158,
      "auroc": 0.9907021111111111,
      "auprc": 0.9334706609547546,
      "support": 1000,
      "tp": 842,
      "tn": 8872,
      "fp": 128,
      "fn": 158
    },
    "5": {
      "precision": 0.9868287740628167,
      "recall": 0.974,
      "f1": 0.980372420734776,
      "specificity": 0.9985555555555555,
      "fpr": 0.0014444444444444444,
      "fnr": 0.026,
      "auroc": 0.9988734444444445,
      "auprc": 0.9967016450450066,
      "support": 1000,
      "tp": 974,
      "tn": 8987,
      "fp": 13,
      "fn": 26
    },
    "6": {
      "precision": 0.7302052785923754,
      "recall": 0.747,
      "f1": 0.7385071675729115,
      "specificity": 0.9693333333333334,
      "fpr": 0.030666666666666665,
      "fnr": 0.253,
      "auroc": 0.9717417777777777,
      "auprc": 0.8316608916104978,
      "support": 1000,
      "tp": 747,
      "tn": 8724,
      "fp": 276,
      "fn": 253
    },
    "7": {
      "precision": 0.9572989076464746,
      "recall": 0.964,
      "f1": 0.9606377678126556,
      "specificity": 0.9952222222222222,
      "fpr": 0.0047777777777777775,
      "fnr": 0.036,
      "auroc": 0.9984695555555556,
      "auprc": 0.9874541118021178,
      "support": 1000,
      "tp": 964,
      "tn": 8957,
      "fp": 43,
      "fn": 36
    },
    "8": {
      "precision": 0.987891019172553,
      "recall": 0.979,
      "f1": 0.9834254143646409,
      "specificity": 0.9986666666666667,
      "fpr": 0.0013333333333333333,
      "fnr": 0.021,
      "auroc": 0.9995028888888888,
      "auprc": 0.9967916171536663,
      "support": 1000,
      "tp": 979,
      "tn": 8988,
      "fp": 12,
      "fn": 21
    },
    "9": {
      "precision": 0.9603567888999008,
      "recall": 0.969,
      "f1": 0.9646590343454454,
      "specificity": 0.9955555555555555,
      "fpr": 0.0044444444444444444,
      "fnr": 0.031,
      "auroc": 0.9992276666666666,
      "auprc": 0.993569361627553,
      "support": 1000,
      "tp": 969,
      "tn": 8960,
      "fp": 40,
      "fn": 31
    }
  },
  "confusion_matrix": [
    [
      886,
      0,
      12,
      13,
      4,
      1,
      82,
      0,
      2,
      0
    ],
    [
      3,
      978,
      1,
      12,
      1,
      0,
      3,
      0,
      2,
      0
    ],
    [
      17,
      1,
      872,
      4,
      38,
      0,
      67,
      0,
      1,
      0
    ],
    [
      16,
      1,
      14,
      902,
      27,
      0,
      39,
      0,
      1,
      0
    ],
    [
      0,
      0,
      61,
      18,
      842,
      0,
      79,
      0,
      0,
      0
    ],
    [
      0,
      0,
      0,
      0,
      0,
      974,
      0,
      17,
      1,
      8
    ],
    [
      116,
      2,
      52,
      22,
      57,
      0,
      747,
      0,
      4,
      0
    ],
    [
      0,
      0,
      0,
      0,
      0,
      4,
      0,
      964,
      0,
      32
    ],
    [
      3,
      1,
      1,
      5,
      1,
      2,
      5,
      3,
      979,
      0
    ],
    [
      0,
      0,
      0,
      0,
      0,
      6,
      1,
      23,
      1,
      969
    ]
  ]
}