{
  "experiment": "exp2",
  "condition": {
    "noise_rate": 0.2,
    "noisy_pct": 5,
    "clean_samples": 30000,
    "noisy_samples": 3000,
    "num_corrupted": 582,
    "total_samples": 33000,
    "train_samples": 29700,
    "val_samples": 3300
  },
  "seed": 14994796,
  "timestamp": "2026-01-13T18:16:37.962519",
  "training_dynamics": {
    "epochs_trained": 17,
    "best_epoch": 7,
    "best_val_accuracy": 0.8996969696969697,
    "final_train_loss": 0.11172140459980695,
    "final_val_loss": 0.5449611353512966,
    "training_time_seconds": 24.59083890914917
  },
  "training_history": {
    "train_loss": [
      0.6456235948429313,
      0.4654162861647144,
      0.4179923792199422,
      0.3828380669637393,
      0.3528770771398339,
      0.33155791056092065,
      0.30298583262389706,
      0.276579231184016,
      0.24838110480097034,
      0.23431378099867092,
      0.20946503389746912,
      0.18723652011925174,
      0.17133915024178645,
      0.15044891593517154,
      0.13735397532181715,
      0.1261409725272848,
      0.11172140459980695
    ],
    "val_loss": [
      0.46763548959385265,
      0.4294466882944107,
      0.4276627957459652,
      0.3931932978196578,
      0.4122959621024854,
      0.39923229828025353,
      0.3865809460300388,
      0.4138286159255288,
      0.4108283239422422,
      0.4022438212235769,
      0.44167970902992015,
      0.44603582645907547,
      0.42227184851964317,
      0.49543698877999276,
      0.5888104046474804,
      0.5150042121338122,
      0.5449611353512966
    ],
    "val_accuracy": [
      0.8539393939393939,
      0.8751515151515151,
      0.8812121212121212,
      0.8909090909090909,
      0.8812121212121212,
      0.8921212121212121,
      0.8984848484848484,
      0.8878787878787879,
      0.8957575757575758,
      0.8996969696969697,
      0.8824242424242424,
      0.8909090909090909,
      0.899090909090909,
      0.8875757575757576,
      0.8712121212121212,
      0.886969696969697,
      0.8906060606060606
    ]
  },
  "global_metrics": {
    "accuracy": 0.9108,
    "balanced_accuracy": 0.9108,
    "top_3_accuracy": 0.9923,
    "top_5_accuracy": 0.9976,
    "log_loss": 0.26941716529446674,
    "mcc": 0.9010009303153105,
    "cohens_kappa": 0.9008888888888889,
    "precision_macro": 0.9106672057622971,
    "precision_micro": 0.9108,
    "precision_weighted": 0.9106672057622971,
    "recall_macro": 0.9108,
    "recall_micro": 0.9108,
    "recall_weighted": 0.9108,
    "f1_macro": 0.9102749925632615,
    "f1_micro": 0.9108,
    "f1_weighted": 0.9102749925632615,
    "auroc_macro": 0.9931368555555556,
    "auroc_weighted": 0.9931368555555555,
    "auprc_macro": 0.9570801976767134
  },
  "per_class_metrics": {
    "0": {
      "precision": 0.8810020876826722,
      "recall": 0.844,
      "f1": 0.8621041879468846,
      "specificity": 0.9873333333333333,
      "fpr": 0.012666666666666666,
      "fnr": 0.156,
      "auroc": 0.9905817777777778,
      "auprc": 0.9352009777030024,
      "support": 1000,
      "tp": 844,
      "tn": 8886,
      "fp": 114,
      "fn": 156
    },
    "1": {
      "precision": 0.9959183673469387,
      "recall": 0.976,
      "f1": 0.9858585858585859,
      "specificity": 0.9995555555555555,
      "fpr": 0.00044444444444444447,
      "fnr": 0.024,
      "auroc": 0.9996295555555555,
      "auprc": 0.9980525833211089,
      "support": 1000,
      "tp": 976,
      "tn": 8996,
      "fp": 4,
      "fn": 24
    },
    "2": {
      "precision": 0.8411483253588516,
      "recall": 0.879,
      "f1": 0.8596577017114914,
      "specificity": 0.9815555555555555,
      "fpr": 0.018444444444444444,
      "fnr": 0.121,
      "auroc": 0.9894347777777776,
      "auprc": 0.9313407068789537,
      "support": 1000,
      "tp": 879,
      "tn": 8834,
      "fp": 166,
      "fn": 121
    },
    "3": {
      "precision": 0.910167818361303,
      "recall": 0.922,
      "f1": 0.9160457029309489,
      "specificity": 0.9898888888888889,
      "fpr": 0.01011111111111111,
      "fnr": 0.078,
      "auroc": 0.995939111111111,
      "auprc": 0.9723989360661126,
      "support": 1000,
      "tp": 922,
      "tn": 8909,
      "fp": 91,
      "fn": 78
    },
    "4": {
      "precision": 0.8194317140238313,
      "recall": 0.894,
      "f1": 0.8550932568149211,
      "specificity": 0.9781111111111112,
      "fpr": 0.02188888888888889,
      "fnr": 0.106,
      "auroc": 0.9895020000000001,
      "auprc": 0.930621995795061,
      "support": 1000,
      "tp": 894,
      "tn": 8803,
      "fp": 197,
      "fn": 106
    },
    "5": {
      "precision": 0.9696376101860921,
      "recall": 0.99,
      "f1": 0.9797130133597228,
      "specificity": 0.9965555555555555,
      "fpr": 0.0034444444444444444,
      "fnr": 0.01,
      "auroc": 0.9987762222222222,
      "auprc": 0.9947645487975397,
      "support": 1000,
      "tp": 990,
      "tn": 8969,
      "fp": 31,
      "fn": 10
    },
    "6": {
      "precision": 0.7787610619469026,
      "recall": 0.704,
      "f1": 0.7394957983193277,
      "specificity": 0.9777777777777777,
      "fpr": 0.022222222222222223,
      "fnr": 0.296,
      "auroc": 0.9716584444444445,
      "auprc": 0.8305114262497122,
      "support": 1000,
      "tp": 704,
      "tn": 8800,
      "fp": 200,
      "fn": 296
    },
    "7": {
      "precision": 0.9656912209889001,
      "recall": 0.957,
      "f1": 0.9613259668508288,
      "specificity": 0.9962222222222222,
      "fpr": 0.003777777777777778,
      "fnr": 0.043,
      "auroc": 0.9988678888888889,
      "auprc": 0.990817315811366,
      "support": 1000,
      "tp": 957,
      "tn": 8966,
      "fp": 34,
      "fn": 43
    },
    "8": {
      "precision": 0.975975975975976,
      "recall": 0.975,
      "f1": 0.9754877438719359,
      "specificity": 0.9973333333333333,
      "fpr": 0.0026666666666666666,
      "fnr": 0.025,
      "auroc": 0.9992091111111111,
      "auprc": 0.9942499815636824,
      "support": 1000,
      "tp": 975,
      "tn": 8976,
      "fp": 24,
      "fn": 25
    },
    "9": {
      "precision": 0.968937875751503,
      "recall": 0.967,
      "f1": 0.967967967967968,
      "specificity": 0.9965555555555555,
      "fpr": 0.0034444444444444444,
      "fnr": 0.033,
      "auroc": 0.9977696666666667,
      "auprc": 0.992843504580594,
      "support": 1000,
      "tp": 967,
      "tn": 8969,
      "fp": 31,
      "fn": 33
    }
  },
  "confusion_matrix": [
    [
      844,
      0,
      24,
      21,
      4,
      1,
      100,
      0,
      6,
      0
    ],
    [
      1,
      976,
      1,
      14,
      4,
      0,
      1,
      0,
      3,
      0
    ],
    [
      15,
      1,
      879,
      4,
      60,
      0,
      40,
      0,
      1,
      0
    ],
    [
      13,
      0,
      11,
      922,
      24,
      0,
      25,
      0,
      4,
      1
    ],
    [
      1,
      1,
      49,
      24,
      894,
      0,
      31,
      0,
      0,
      0
    ],
    [
      0,
      0,
      0,
      0,
      0,
      990,
      0,
      9,
      0,
      1
    ],
    [
      81,
      0,
      77,
      27,
      101,
      0,
      704,
      0,
      10,
      0
    ],
    [
      0,
      0,
      0,
      0,
      0,
      16,
      0,
      957,
      0,
      27
    ],
    [
      3,
      2,
      4,
      1,
      4,
      4,
      3,
      2,
      975,
      2
    ],
    [
      0,
      0,
      0,
      0,
      0,
      10,
      0,
      23,
      0,
      967
    ]
  ]
}