{
  "experiment": "exp2",
  "condition": {
    "noise_rate": 0.3,
    "noisy_pct": 20,
    "clean_samples": 30000,
    "noisy_samples": 12000,
    "num_corrupted": 3536,
    "total_samples": 42000,
    "train_samples": 37800,
    "val_samples": 4200
  },
  "seed": 14994796,
  "timestamp": "2026-01-13T18:29:24.118182",
  "training_dynamics": {
    "epochs_trained": 16,
    "best_epoch": 6,
    "best_val_accuracy": 0.8369047619047619,
    "final_train_loss": 0.3786466574255383,
    "final_val_loss": 0.9538584627423967,
    "training_time_seconds": 29.269468069076538
  },
  "training_history": {
    "train_loss": [
      0.9514451502442561,
      0.8048946982006938,
      0.7554832585975402,
      0.7273093517964262,
      0.7036503908396171,
      0.6743081629074568,
      0.6446249425259943,
      0.6170816702891122,
      0.5956968787912589,
      0.563722580545243,
      0.5285724178586918,
      0.49887305896496004,
      0.46574227690898423,
      0.4383193770590571,
      0.40509972865055055,
      0.3786466574255383
    ],
    "val_loss": [
      0.8053689552488781,
      0.7562513065338134,
      0.7434196754864284,
      0.7388239244052343,
      0.723093287490663,
      0.7226855374517895,
      0.7228140910466512,
      0.7242285160791306,
      0.7553582181249346,
      0.7645218291736784,
      0.7965280980155581,
      0.8132180328596206,
      0.9099556475593931,
      0.8624272210257394,
      0.9071212177049546,
      0.9538584627423967
    ],
    "val_accuracy": [
      0.7983333333333333,
      0.8102380952380952,
      0.8247619047619048,
      0.8207142857142857,
      0.8333333333333334,
      0.8297619047619048,
      0.8304761904761905,
      0.8369047619047619,
      0.8307142857142857,
      0.830952380952381,
      0.8302380952380952,
      0.8252380952380952,
      0.8169047619047619,
      0.8269047619047619,
      0.8228571428571428,
      0.8219047619047619
    ]
  },
  "global_metrics": {
    "accuracy": 0.9046,
    "balanced_accuracy": 0.9046000000000001,
    "top_3_accuracy": 0.9897,
    "top_5_accuracy": 0.9969,
    "log_loss": 0.3307835377576123,
    "mcc": 0.8943483966857011,
    "cohens_kappa": 0.894,
    "precision_macro": 0.9054743335836607,
    "precision_micro": 0.9046,
    "precision_weighted": 0.9054743335836609,
    "recall_macro": 0.9046000000000001,
    "recall_micro": 0.9046,
    "recall_weighted": 0.9046,
    "f1_macro": 0.90355177389346,
    "f1_micro": 0.9046,
    "f1_weighted": 0.9035517738934599,
    "auroc_macro": 0.9923013666666666,
    "auroc_weighted": 0.9923013666666668,
    "auprc_macro": 0.9552236393138058
  },
  "per_class_metrics": {
    "0": {
      "precision": 0.8336448598130841,
      "recall": 0.892,
      "f1": 0.8618357487922705,
      "specificity": 0.9802222222222222,
      "fpr": 0.019777777777777776,
      "fnr": 0.108,
      "auroc": 0.989041,
      "auprc": 0.928933642390641,
      "support": 1000,
      "tp": 892,
      "tn": 8822,
      "fp": 178,
      "fn": 108
    },
    "1": {
      "precision": 0.9948822927328557,
      "recall": 0.972,
      "f1": 0.983308042488619,
      "specificity": 0.9994444444444445,
      "fpr": 0.0005555555555555556,
      "fnr": 0.028,
      "auroc": 0.9995021111111111,
      "auprc": 0.9972318604999977,
      "support": 1000,
      "tp": 972,
      "tn": 8995,
      "fp": 5,
      "fn": 28
    },
    "2": {
      "precision": 0.8093525179856115,
      "recall": 0.9,
      "f1": 0.8522727272727273,
      "specificity": 0.9764444444444444,
      "fpr": 0.023555555555555555,
      "fnr": 0.1,
      "auroc": 0.9882954444444444,
      "auprc": 0.9329392298865763,
      "support": 1000,
      "tp": 900,
      "tn": 8788,
      "fp": 212,
      "fn": 100
    },
    "3": {
      "precision": 0.9385113268608414,
      "recall": 0.87,
      "f1": 0.9029579657498702,
      "specificity": 0.9936666666666667,
      "fpr": 0.006333333333333333,
      "fnr": 0.13,
      "auroc": 0.9937312222222221,
      "auprc": 0.9616291591066705,
      "support": 1000,
      "tp": 870,
      "tn": 8943,
      "fp": 57,
      "fn": 130
    },
    "4": {
      "precision": 0.813466787989081,
      "recall": 0.894,
      "f1": 0.8518342067651262,
      "specificity": 0.9772222222222222,
      "fpr": 0.02277777777777778,
      "fnr": 0.106,
      "auroc": 0.989805888888889,
      "auprc": 0.9260717494133617,
      "support": 1000,
      "tp": 894,
      "tn": 8795,
      "fp": 205,
      "fn": 106
    },
    "5": {
      "precision": 0.9828109201213346,
      "recall": 0.972,
      "f1": 0.9773755656108597,
      "specificity": 0.9981111111111111,
      "fpr": 0.001888888888888889,
      "fnr": 0.028,
      "auroc": 0.9994773333333333,
      "auprc": 0.9968509808100837,
      "support": 1000,
      "tp": 972,
      "tn": 8983,
      "fp": 17,
      "fn": 28
    },
    "6": {
      "precision": 0.7940813810110974,
      "recall": 0.644,
      "f1": 0.7112092766427388,
      "specificity": 0.9814444444444445,
      "fpr": 0.018555555555555554,
      "fnr": 0.356,
      "auroc": 0.9663357777777779,
      "auprc": 0.8274272110127683,
      "support": 1000,
      "tp": 644,
      "tn": 8833,
      "fp": 167,
      "fn": 356
    },
    "7": {
      "precision": 0.9574036511156186,
      "recall": 0.944,
      "f1": 0.9506545820745217,
      "specificity": 0.9953333333333333,
      "fpr": 0.004666666666666667,
      "fnr": 0.056,
      "auroc": 0.998033111111111,
      "auprc": 0.9897422970236864,
      "support": 1000,
      "tp": 944,
      "tn": 8958,
      "fp": 42,
      "fn": 56
    },
    "8": {
      "precision": 0.9829659318637275,
      "recall": 0.981,
      "f1": 0.981981981981982,
      "specificity": 0.9981111111111111,
      "fpr": 0.001888888888888889,
      "fnr": 0.019,
      "auroc": 0.9994342222222221,
      "auprc": 0.997009529854754,
      "support": 1000,
      "tp": 981,
      "tn": 8983,
      "fp": 17,
      "fn": 19
    },
    "9": {
      "precision": 0.9476236663433559,
      "recall": 0.977,
      "f1": 0.9620876415558837,
      "specificity": 0.994,
      "fpr": 0.006,
      "fnr": 0.023,
      "auroc": 0.9993575555555556,
      "auprc": 0.9944007331395173,
      "support": 1000,
      "tp": 977,
      "tn": 8946,
      "fp": 54,
      "fn": 23
    }
  },
  "confusion_matrix": [
    [
      892,
      0,
      21,
      9,
      5,
      1,
      67,
      0,
      5,
      0
    ],
    [
      0,
      972,
      4,
      15,
      6,
      0,
      1,
      0,
      2,
      0
    ],
    [
      15,
      1,
      900,
      3,
      46,
      0,
      35,
      0,
      0,
      0
    ],
    [
      22,
      3,
      24,
      870,
      42,
      0,
      35,
      0,
      3,
      1
    ],
    [
      0,
      0,
      67,
      10,
      894,
      0,
      29,
      0,
      0,
      0
    ],
    [
      0,
      0,
      0,
      0,
      0,
      972,
      0,
      22,
      0,
      6
    ],
    [
      139,
      1,
      90,
      17,
      103,
      0,
      644,
      0,
      6,
      0
    ],
    [
      0,
      0,
      0,
      0,
      0,
      9,
      0,
      944,
      0,
      47
    ],
    [
      2,
      0,
      6,
      3,
      3,
      1,
      0,
      4,
      981,
      0
    ],
    [
      0,
      0,
      0,
      0,
      0,
      6,
      0,
      16,
      1,
      977
    ]
  ]
}