{
  "experiment": "exp2",
  "condition": {
    "noise_rate": 0.4,
    "noisy_pct": 40,
    "clean_samples": 30000,
    "noisy_samples": 24000,
    "num_corrupted": 9544,
    "total_samples": 54000,
    "train_samples": 48600,
    "val_samples": 5400
  },
  "seed": 14994796,
  "timestamp": "2026-01-13T18:43:07.644006",
  "training_dynamics": {
    "epochs_trained": 16,
    "best_epoch": 6,
    "best_val_accuracy": 0.7485185185185185,
    "final_train_loss": 0.748412066266725,
    "final_val_loss": 1.2675802497510558,
    "training_time_seconds": 35.82893466949463
  },
  "training_history": {
    "train_loss": [
      1.2760479873732518,
      1.1527447527176455,
      1.1159992131747698,
      1.0905575516192536,
      1.0686874847663077,
      1.0433578661397884,
      1.0221037266677933,
      0.9954833691057406,
      0.9737264086541376,
      0.9447976761742642,
      0.9150185239550315,
      0.8834526650999722,
      0.8489266851622808,
      0.8159180268645286,
      0.780760744959116,
      0.748412066266725
    ],
    "val_loss": [
      1.1556787701006288,
      1.1072533674593326,
      1.1020714369526616,
      1.099209482581527,
      1.0900756226645576,
      1.083828984896342,
      1.085227714644538,
      1.0868864845346522,
      1.0958953421204178,
      1.1228426405235572,
      1.1230327076382107,
      1.1401135884390936,
      1.1830804310904608,
      1.182782903070803,
      1.2002818128797743,
      1.2675802497510558
    ],
    "val_accuracy": [
      0.7183333333333334,
      0.7312962962962963,
      0.7398148148148148,
      0.7396296296296296,
      0.7435185185185185,
      0.7468518518518519,
      0.7483333333333333,
      0.7438888888888889,
      0.7472222222222222,
      0.7425925925925926,
      0.7485185185185185,
      0.7409259259259259,
      0.7372222222222222,
      0.7422222222222222,
      0.7351851851851852,
      0.7333333333333333
    ]
  },
  "global_metrics": {
    "accuracy": 0.9039,
    "balanced_accuracy": 0.9038999999999999,
    "top_3_accuracy": 0.9908,
    "top_5_accuracy": 0.9969,
    "log_loss": 0.4461842466931881,
    "mcc": 0.8934242880120998,
    "cohens_kappa": 0.8932222222222223,
    "precision_macro": 0.9068625051989805,
    "precision_micro": 0.9039,
    "precision_weighted": 0.9068625051989804,
    "recall_macro": 0.9038999999999999,
    "recall_micro": 0.9039,
    "recall_weighted": 0.9039,
    "f1_macro": 0.9045272597344066,
    "f1_micro": 0.9039,
    "f1_weighted": 0.9045272597344068,
    "auroc_macro": 0.9919413666666665,
    "auroc_weighted": 0.9919413666666668,
    "auprc_macro": 0.953444395709519
  },
  "per_class_metrics": {
    "0": {
      "precision": 0.8466730954676953,
      "recall": 0.878,
      "f1": 0.8620520373097693,
      "specificity": 0.9823333333333333,
      "fpr": 0.017666666666666667,
      "fnr": 0.122,
      "auroc": 0.9880851111111112,
      "auprc": 0.92223574167167,
      "support": 1000,
      "tp": 878,
      "tn": 8841,
      "fp": 159,
      "fn": 122
    },
    "1": {
      "precision": 0.9918533604887984,
      "recall": 0.974,
      "f1": 0.98284561049445,
      "specificity": 0.9991111111111111,
      "fpr": 0.0008888888888888889,
      "fnr": 0.026,
      "auroc": 0.9985486666666665,
      "auprc": 0.9964697882838236,
      "support": 1000,
      "tp": 974,
      "tn": 8992,
      "fp": 8,
      "fn": 26
    },
    "2": {
      "precision": 0.8931297709923665,
      "recall": 0.819,
      "f1": 0.8544600938967136,
      "specificity": 0.9891111111111112,
      "fpr": 0.010888888888888889,
      "fnr": 0.181,
      "auroc": 0.9856056666666667,
      "auprc": 0.9314900914957799,
      "support": 1000,
      "tp": 819,
      "tn": 8902,
      "fp": 98,
      "fn": 181
    },
    "3": {
      "precision": 0.8804143126177024,
      "recall": 0.935,
      "f1": 0.906886517943744,
      "specificity": 0.9858888888888889,
      "fpr": 0.01411111111111111,
      "fnr": 0.065,
      "auroc": 0.9938104444444443,
      "auprc": 0.9595072084260208,
      "support": 1000,
      "tp": 935,
      "tn": 8873,
      "fp": 127,
      "fn": 65
    },
    "4": {
      "precision": 0.8940248027057497,
      "recall": 0.793,
      "f1": 0.8404875463698993,
      "specificity": 0.9895555555555555,
      "fpr": 0.010444444444444444,
      "fnr": 0.207,
      "auroc": 0.9904436666666666,
      "auprc": 0.9355671930000915,
      "support": 1000,
      "tp": 793,
      "tn": 8906,
      "fp": 94,
      "fn": 207
    },
    "5": {
      "precision": 0.9849246231155779,
      "recall": 0.98,
      "f1": 0.9824561403508771,
      "specificity": 0.9983333333333333,
      "fpr": 0.0016666666666666668,
      "fnr": 0.02,
      "auroc": 0.999291,
      "auprc": 0.9955382591953952,
      "support": 1000,
      "tp": 980,
      "tn": 8985,
      "fp": 15,
      "fn": 20
    },
    "6": {
      "precision": 0.6807553956834532,
      "recall": 0.757,
      "f1": 0.7168560606060606,
      "specificity": 0.9605555555555556,
      "fpr": 0.03944444444444444,
      "fnr": 0.243,
      "auroc": 0.9671913333333332,
      "auprc": 0.8161824225266177,
      "support": 1000,
      "tp": 757,
      "tn": 8645,
      "fp": 355,
      "fn": 243
    },
    "7": {
      "precision": 0.9386385426653883,
      "recall": 0.979,
      "f1": 0.9583945178658835,
      "specificity": 0.9928888888888889,
      "fpr": 0.0071111111111111115,
      "fnr": 0.021,
      "auroc": 0.998887,
      "auprc": 0.9906850446562769,
      "support": 1000,
      "tp": 979,
      "tn": 8936,
      "fp": 64,
      "fn": 21
    },
    "8": {
      "precision": 0.9809619238476954,
      "recall": 0.979,
      "f1": 0.97997997997998,
      "specificity": 0.9978888888888889,
      "fpr": 0.002111111111111111,
      "fnr": 0.021,
      "auroc": 0.9984543333333333,
      "auprc": 0.9944697012173068,
      "support": 1000,
      "tp": 979,
      "tn": 8981,
      "fp": 19,
      "fn": 21
    },
    "9": {
      "precision": 0.9772492244053774,
      "recall": 0.945,
      "f1": 0.9608540925266904,
      "specificity": 0.9975555555555555,
      "fpr": 0.0024444444444444444,
      "fnr": 0.055,
      "auroc": 0.9990964444444443,
      "auprc": 0.9922985066222073,
      "support": 1000,
      "tp": 945,
      "tn": 8978,
      "fp": 22,
      "fn": 55
    }
  },
  "confusion_matrix": [
    [
      878,
      0,
      8,
      19,
      2,
      1,
      87,
      0,
      5,
      0
    ],
    [
      1,
      974,
      0,
      20,
      1,
      0,
      2,
      0,
      2,
      0
    ],
    [
      24,
      1,
      819,
      9,
      34,
      0,
      112,
      0,
      1,
      0
    ],
    [
      13,
      2,
      7,
      935,
      9,
      0,
      31,
      0,
      2,
      1
    ],
    [
      1,
      2,
      47,
      40,
      793,
      0,
      117,
      0,
      0,
      0
    ],
    [
      0,
      0,
      0,
      0,
      0,
      980,
      0,
      12,
      1,
      7
    ],
    [
      120,
      0,
      35,
      33,
      47,
      0,
      757,
      0,
      8,
      0
    ],
    [
      0,
      0,
      0,
      0,
      0,
      8,
      0,
      979,
      0,
      13
    ],
    [
      0,
      3,
      1,
      6,
      1,
      1,
      5,
      3,
      979,
      1
    ],
    [
      0,
      0,
      0,
      0,
      0,
      5,
      1,
      49,
      0,
      945
    ]
  ]
}