{
  "experiment": "exp2",
  "condition": {
    "noise_rate": 0.1,
    "noisy_pct": 5,
    "clean_samples": 30000,
    "noisy_samples": 3000,
    "num_corrupted": 280,
    "total_samples": 33000,
    "train_samples": 29700,
    "val_samples": 3300
  },
  "seed": 14994796,
  "timestamp": "2026-01-13T18:04:21.263064",
  "training_dynamics": {
    "epochs_trained": 15,
    "best_epoch": 5,
    "best_val_accuracy": 0.9124242424242425,
    "final_train_loss": 0.10127629655944083,
    "final_val_loss": 0.37887051982861575,
    "training_time_seconds": 20.591917753219604
  },
  "training_history": {
    "train_loss": [
      0.5839380748970534,
      0.4098716038850046,
      0.3564531892538071,
      0.3173012933102987,
      0.2873625200281861,
      0.2642038222081879,
      0.24216770189263487,
      0.21943500202790062,
      0.19148828091640627,
      0.1760794457929429,
      0.164014274939414,
      0.1349916162189617,
      0.12901582400945405,
      0.11417059604959783,
      0.10127629655944083
    ],
    "val_loss": [
      0.39689509836110204,
      0.35465833216002496,
      0.3460403322541353,
      0.31559442138130017,
      0.29843027550162693,
      0.32291208978855246,
      0.3137384515097647,
      0.30961522617123344,
      0.31503307644164924,
      0.3400045024806803,
      0.3301160265731089,
      0.33204985191424685,
      0.3668104241562612,
      0.3750967346718817,
      0.37887051982861575
    ],
    "val_accuracy": [
      0.8718181818181818,
      0.8854545454545455,
      0.8896969696969697,
      0.8945454545454545,
      0.9048484848484849,
      0.9009090909090909,
      0.9057575757575758,
      0.9090909090909091,
      0.9124242424242425,
      0.8942424242424243,
      0.9103030303030303,
      0.9054545454545454,
      0.9081818181818182,
      0.8975757575757576,
      0.9115151515151515
    ]
  },
  "global_metrics": {
    "accuracy": 0.9018,
    "balanced_accuracy": 0.9018,
    "top_3_accuracy": 0.9919,
    "top_5_accuracy": 0.9984,
    "log_loss": 0.27399812250777605,
    "mcc": 0.8910385662381899,
    "cohens_kappa": 0.890888888888889,
    "precision_macro": 0.9039464587332722,
    "precision_micro": 0.9018,
    "precision_weighted": 0.9039464587332721,
    "recall_macro": 0.9018,
    "recall_micro": 0.9018,
    "recall_weighted": 0.9018,
    "f1_macro": 0.9022135414613122,
    "f1_micro": 0.9018,
    "f1_weighted": 0.9022135414613122,
    "auroc_macro": 0.9930331555555556,
    "auroc_weighted": 0.9930331555555555,
    "auprc_macro": 0.9551284898601866
  },
  "per_class_metrics": {
    "0": {
      "precision": 0.8673575129533678,
      "recall": 0.837,
      "f1": 0.851908396946565,
      "specificity": 0.9857777777777778,
      "fpr": 0.014222222222222223,
      "fnr": 0.163,
      "auroc": 0.990472888888889,
      "auprc": 0.9350518213471164,
      "support": 1000,
      "tp": 837,
      "tn": 8872,
      "fp": 128,
      "fn": 163
    },
    "1": {
      "precision": 0.9858442871587462,
      "recall": 0.975,
      "f1": 0.9803921568627451,
      "specificity": 0.9984444444444445,
      "fpr": 0.0015555555555555555,
      "fnr": 0.025,
      "auroc": 0.9997021111111112,
      "auprc": 0.9978816369115106,
      "support": 1000,
      "tp": 975,
      "tn": 8986,
      "fp": 14,
      "fn": 25
    },
    "2": {
      "precision": 0.8392685274302214,
      "recall": 0.872,
      "f1": 0.855321235899951,
      "specificity": 0.9814444444444445,
      "fpr": 0.018555555555555554,
      "fnr": 0.128,
      "auroc": 0.9883393333333332,
      "auprc": 0.9310258633320471,
      "support": 1000,
      "tp": 872,
      "tn": 8833,
      "fp": 167,
      "fn": 128
    },
    "3": {
      "precision": 0.9433962264150944,
      "recall": 0.85,
      "f1": 0.8942661756970017,
      "specificity": 0.9943333333333333,
      "fpr": 0.005666666666666667,
      "fnr": 0.15,
      "auroc": 0.995271,
      "auprc": 0.9650122666491531,
      "support": 1000,
      "tp": 850,
      "tn": 8949,
      "fp": 51,
      "fn": 150
    },
    "4": {
      "precision": 0.7969451931716083,
      "recall": 0.887,
      "f1": 0.8395646000946522,
      "specificity": 0.9748888888888889,
      "fpr": 0.025111111111111112,
      "fnr": 0.113,
      "auroc": 0.9894847777777778,
      "auprc": 0.9183701190663163,
      "support": 1000,
      "tp": 887,
      "tn": 8774,
      "fp": 226,
      "fn": 113
    },
    "5": {
      "precision": 0.982982982982983,
      "recall": 0.982,
      "f1": 0.9824912456228114,
      "specificity": 0.9981111111111111,
      "fpr": 0.001888888888888889,
      "fnr": 0.018,
      "auroc": 0.9997635555555555,
      "auprc": 0.9978369900495854,
      "support": 1000,
      "tp": 982,
      "tn": 8983,
      "fp": 17,
      "fn": 18
    },
    "6": {
      "precision": 0.7192807192807192,
      "recall": 0.72,
      "f1": 0.7196401799100449,
      "specificity": 0.9687777777777777,
      "fpr": 0.03122222222222222,
      "fnr": 0.28,
      "auroc": 0.9691776666666666,
      "auprc": 0.8205071926832959,
      "support": 1000,
      "tp": 720,
      "tn": 8719,
      "fp": 281,
      "fn": 280
    },
    "7": {
      "precision": 0.934348239771646,
      "recall": 0.982,
      "f1": 0.9575816674792784,
      "specificity": 0.9923333333333333,
      "fpr": 0.007666666666666666,
      "fnr": 0.018,
      "auroc": 0.9992024444444445,
      "auprc": 0.9936020362986276,
      "support": 1000,
      "tp": 982,
      "tn": 8931,
      "fp": 69,
      "fn": 18
    },
    "8": {
      "precision": 0.9878419452887538,
      "recall": 0.975,
      "f1": 0.9813789632611978,
      "specificity": 0.9986666666666667,
      "fpr": 0.0013333333333333333,
      "fnr": 0.025,
      "auroc": 0.9996933333333333,
      "auprc": 0.9979922021976116,
      "support": 1000,
      "tp": 975,
      "tn": 8988,
      "fp": 12,
      "fn": 25
    },
    "9": {
      "precision": 0.9821989528795811,
      "recall": 0.938,
      "f1": 0.9595907928388746,
      "specificity": 0.9981111111111111,
      "fpr": 0.001888888888888889,
      "fnr": 0.062,
      "auroc": 0.9992244444444445,
      "auprc": 0.9940047700666035,
      "support": 1000,
      "tp": 938,
      "tn": 8983,
      "fp": 17,
      "fn": 62
    }
  },
  "confusion_matrix": [
    [
      837,
      0,
      11,
      12,
      5,
      1,
      132,
      0,
      2,
      0
    ],
    [
      2,
      975,
      3,
      7,
      7,
      0,
      4,
      0,
      2,
      0
    ],
    [
      15,
      1,
      872,
      4,
      52,
      0,
      55,
      0,
      1,
      0
    ],
    [
      12,
      9,
      9,
      850,
      66,
      0,
      51,
      0,
      3,
      0
    ],
    [
      1,
      0,
      67,
      9,
      887,
      0,
      35,
      0,
      1,
      0
    ],
    [
      0,
      0,
      0,
      0,
      0,
      982,
      0,
      11,
      0,
      7
    ],
    [
      94,
      2,
      73,
      15,
      93,
      0,
      720,
      0,
      3,
      0
    ],
    [
      0,
      0,
      0,
      0,
      0,
      9,
      0,
      982,
      0,
      9
    ],
    [
      4,
      2,
      3,
      4,
      3,
      2,
      4,
      2,
      975,
      1
    ],
    [
      0,
      0,
      1,
      0,
      0,
      5,
      0,
      56,
      0,
      938
    ]
  ]
}