{
  "experiment": "exp2",
  "condition": {
    "noise_rate": 0.15,
    "noisy_pct": 25,
    "clean_samples": 30000,
    "noisy_samples": 15000,
    "num_corrupted": 2233,
    "total_samples": 45000,
    "train_samples": 40500,
    "val_samples": 4500
  },
  "seed": 14994796,
  "timestamp": "2026-01-13T18:12:32.981516",
  "training_dynamics": {
    "epochs_trained": 17,
    "best_epoch": 7,
    "best_val_accuracy": 0.8713333333333333,
    "final_train_loss": 0.22537303145086218,
    "final_val_loss": 0.7186205886205037,
    "training_time_seconds": 36.32567524909973
  },
  "training_history": {
    "train_loss": [
      0.7814108306574408,
      0.6321097278105328,
      0.583791918405236,
      0.5523605497574543,
      0.5247586029589082,
      0.49880842144172904,
      0.47101993242052115,
      0.4463763995593381,
      0.41963481697096455,
      0.39006020663097196,
      0.363498753751812,
      0.3350961459991868,
      0.3095858678763135,
      0.2806770129108693,
      0.265303219210998,
      0.24748878061512447,
      0.22537303145086218
    ],
    "val_loss": [
      0.6150786513752408,
      0.5813001322746277,
      0.5764307682249281,
      0.5877086089452108,
      0.5383016350534228,
      0.545687423547109,
      0.5344109405411614,
      0.5763293608559502,
      0.5891513607766893,
      0.5979897827042474,
      0.6019823082817926,
      0.6405708142916362,
      0.6597389274173313,
      0.7122715464697944,
      0.6865535977681478,
      0.7067312106026543,
      0.7186205886205037
    ],
    "val_accuracy": [
      0.8384444444444444,
      0.8502222222222222,
      0.8577777777777778,
      0.8515555555555555,
      0.87,
      0.8673333333333333,
      0.8695555555555555,
      0.8653333333333333,
      0.8706666666666667,
      0.8702222222222222,
      0.8713333333333333,
      0.8615555555555555,
      0.8671111111111112,
      0.8637777777777778,
      0.858,
      0.8604444444444445,
      0.8584444444444445
    ]
  },
  "global_metrics": {
    "accuracy": 0.9133,
    "balanced_accuracy": 0.9133000000000001,
    "top_3_accuracy": 0.991,
    "top_5_accuracy": 0.9975,
    "log_loss": 0.28105977548580735,
    "mcc": 0.9037545660936397,
    "cohens_kappa": 0.9036666666666666,
    "precision_macro": 0.9146320404724101,
    "precision_micro": 0.9133,
    "precision_weighted": 0.91463204047241,
    "recall_macro": 0.9133000000000001,
    "recall_micro": 0.9133,
    "recall_weighted": 0.9133,
    "f1_macro": 0.9135848412430108,
    "f1_micro": 0.9133,
    "f1_weighted": 0.9135848412430106,
    "auroc_macro": 0.9935534277777778,
    "auroc_weighted": 0.9935534277777777,
    "auprc_macro": 0.9597530579876169
  },
  "per_class_metrics": {
    "0": {
      "precision": 0.8795309168443497,
      "recall": 0.825,
      "f1": 0.8513931888544891,
      "specificity": 0.9874444444444445,
      "fpr": 0.012555555555555556,
      "fnr": 0.175,
      "auroc": 0.9892549444444444,
      "auprc": 0.9303065808569854,
      "support": 1000,
      "tp": 825,
      "tn": 8887,
      "fp": 113,
      "fn": 175
    },
    "1": {
      "precision": 0.9908722109533469,
      "recall": 0.977,
      "f1": 0.9838872104733132,
      "specificity": 0.999,
      "fpr": 0.001,
      "fnr": 0.023,
      "auroc": 0.9995656666666667,
      "auprc": 0.9980825004244296,
      "support": 1000,
      "tp": 977,
      "tn": 8991,
      "fp": 9,
      "fn": 23
    },
    "2": {
      "precision": 0.9054779806659506,
      "recall": 0.843,
      "f1": 0.8731227343345417,
      "specificity": 0.9902222222222222,
      "fpr": 0.009777777777777778,
      "fnr": 0.157,
      "auroc": 0.9901064444444445,
      "auprc": 0.9424470402327368,
      "support": 1000,
      "tp": 843,
      "tn": 8912,
      "fp": 88,
      "fn": 157
    },
    "3": {
      "precision": 0.9009708737864077,
      "recall": 0.928,
      "f1": 0.9142857142857144,
      "specificity": 0.9886666666666667,
      "fpr": 0.011333333333333334,
      "fnr": 0.072,
      "auroc": 0.9955234444444445,
      "auprc": 0.9661608326374612,
      "support": 1000,
      "tp": 928,
      "tn": 8898,
      "fp": 102,
      "fn": 72
    },
    "4": {
      "precision": 0.8441926345609065,
      "recall": 0.894,
      "f1": 0.8683827100534239,
      "specificity": 0.9816666666666667,
      "fpr": 0.018333333333333333,
      "fnr": 0.106,
      "auroc": 0.9925286666666666,
      "auprc": 0.9441026956388153,
      "support": 1000,
      "tp": 894,
      "tn": 8835,
      "fp": 165,
      "fn": 106
    },
    "5": {
      "precision": 0.984984984984985,
      "recall": 0.984,
      "f1": 0.9844922461230615,
      "specificity": 0.9983333333333333,
      "fpr": 0.0016666666666666668,
      "fnr": 0.016,
      "auroc": 0.9989053333333333,
      "auprc": 0.9965573359554936,
      "support": 1000,
      "tp": 984,
      "tn": 8985,
      "fp": 15,
      "fn": 16
    },
    "6": {
      "precision": 0.7321937321937322,
      "recall": 0.771,
      "f1": 0.7510959571358986,
      "specificity": 0.9686666666666667,
      "fpr": 0.03133333333333333,
      "fnr": 0.229,
      "auroc": 0.9729097777777778,
      "auprc": 0.8422745779573421,
      "support": 1000,
      "tp": 771,
      "tn": 8718,
      "fp": 282,
      "fn": 229
    },
    "7": {
      "precision": 0.9476744186046512,
      "recall": 0.978,
      "f1": 0.9625984251968503,
      "specificity": 0.994,
      "fpr": 0.006,
      "fnr": 0.022,
      "auroc": 0.998510888888889,
      "auprc": 0.99112266242914,
      "support": 1000,
      "tp": 978,
      "tn": 8946,
      "fp": 54,
      "fn": 22
    },
    "8": {
      "precision": 0.9818731117824774,
      "recall": 0.975,
      "f1": 0.9784244856999498,
      "specificity": 0.998,
      "fpr": 0.002,
      "fnr": 0.025,
      "auroc": 0.9990226666666667,
      "auprc": 0.9929870668131162,
      "support": 1000,
      "tp": 975,
      "tn": 8982,
      "fp": 18,
      "fn": 25
    },
    "9": {
      "precision": 0.9785495403472931,
      "recall": 0.958,
      "f1": 0.9681657402728651,
      "specificity": 0.9976666666666667,
      "fpr": 0.0023333333333333335,
      "fnr": 0.042,
      "auroc": 0.9992064444444444,
      "auprc": 0.9934892869306492,
      "support": 1000,
      "tp": 958,
      "tn": 8979,
      "fp": 21,
      "fn": 42
    }
  },
  "confusion_matrix": [
    [
      825,
      0,
      14,
      18,
      5,
      2,
      128,
      0,
      8,
      0
    ],
    [
      0,
      977,
      4,
      14,
      1,
      0,
      3,
      0,
      1,
      0
    ],
    [
      19,
      1,
      843,
      8,
      60,
      0,
      68,
      0,
      1,
      0
    ],
    [
      13,
      5,
      6,
      928,
      21,
      0,
      27,
      0,
      0,
      0
    ],
    [
      0,
      0,
      24,
      28,
      894,
      1,
      53,
      0,
      0,
      0
    ],
    [
      0,
      0,
      0,
      0,
      0,
      984,
      0,
      11,
      0,
      5
    ],
    [
      79,
      0,
      40,
      28,
      75,
      0,
      771,
      0,
      7,
      0
    ],
    [
      0,
      0,
      0,
      0,
      0,
      7,
      0,
      978,
      0,
      15
    ],
    [
      2,
      3,
      0,
      6,
      3,
      2,
      3,
      5,
      975,
      1
    ],
    [
      0,
      0,
      0,
      0,
      0,
      3,
      0,
      38,
      1,
      958
    ]
  ]
}