{
  "experiment": "exp2",
  "condition": {
    "noise_rate": 0.2,
    "noisy_pct": 45,
    "clean_samples": 30000,
    "noisy_samples": 27000,
    "num_corrupted": 5377,
    "total_samples": 57000,
    "train_samples": 51300,
    "val_samples": 5700
  },
  "seed": 14994796,
  "timestamp": "2026-01-13T18:20:54.168007",
  "training_dynamics": {
    "epochs_trained": 15,
    "best_epoch": 5,
    "best_val_accuracy": 0.8366666666666667,
    "final_train_loss": 0.46860451239191386,
    "final_val_loss": 0.9364118375276265,
    "training_time_seconds": 36.22871732711792
  },
  "training_history": {
    "train_loss": [
      0.9611224089180145,
      0.827917567846781,
      0.7857497075103465,
      0.7592203041859101,
      0.7334970514153007,
      0.7125515870173971,
      0.6846290727580278,
      0.6624686690117059,
      0.6412133261970154,
      0.6080910630542739,
      0.583177612736784,
      0.551332825344251,
      0.5232621907556146,
      0.4981668347543909,
      0.46860451239191386
    ],
    "val_loss": [
      0.8009198346054345,
      0.7482974817460043,
      0.7430577998830561,
      0.7641436797066739,
      0.7259725163589444,
      0.7339936999689068,
      0.7404298784021746,
      0.7627957359740608,
      0.7740636431334311,
      0.7578897020273041,
      0.7740653404854891,
      0.7959184217453003,
      0.8602499280059547,
      0.8381341583686962,
      0.9364118375276265
    ],
    "val_accuracy": [
      0.8035087719298246,
      0.8221052631578948,
      0.8294736842105264,
      0.8185964912280702,
      0.8333333333333334,
      0.8285964912280702,
      0.8340350877192982,
      0.8256140350877192,
      0.8303508771929825,
      0.8366666666666667,
      0.8321052631578948,
      0.83,
      0.8221052631578948,
      0.8266666666666667,
      0.8184210526315789
    ]
  },
  "global_metrics": {
    "accuracy": 0.9111,
    "balanced_accuracy": 0.9111,
    "top_3_accuracy": 0.9909,
    "top_5_accuracy": 0.9971,
    "log_loss": 0.33415255318827597,
    "mcc": 0.9012927561475166,
    "cohens_kappa": 0.9012222222222223,
    "precision_macro": 0.9126564627738765,
    "precision_micro": 0.9111,
    "precision_weighted": 0.9126564627738765,
    "recall_macro": 0.9111,
    "recall_micro": 0.9111,
    "recall_weighted": 0.9111,
    "f1_macro": 0.9115737015269104,
    "f1_micro": 0.9111,
    "f1_weighted": 0.9115737015269104,
    "auroc_macro": 0.9933756388888888,
    "auroc_weighted": 0.9933756388888887,
    "auprc_macro": 0.9575062732945778
  },
  "per_class_metrics": {
    "0": {
      "precision": 0.8449096098953378,
      "recall": 0.888,
      "f1": 0.8659190638712824,
      "specificity": 0.9818888888888889,
      "fpr": 0.018111111111111113,
      "fnr": 0.112,
      "auroc": 0.9898716666666666,
      "auprc": 0.9338607678381455,
      "support": 1000,
      "tp": 888,
      "tn": 8837,
      "fp": 163,
      "fn": 112
    },
    "1": {
      "precision": 0.9888888888888889,
      "recall": 0.979,
      "f1": 0.9839195979899497,
      "specificity": 0.9987777777777778,
      "fpr": 0.0012222222222222222,
      "fnr": 0.021,
      "auroc": 0.9996347777777778,
      "auprc": 0.9977189095348276,
      "support": 1000,
      "tp": 979,
      "tn": 8989,
      "fp": 11,
      "fn": 21
    },
    "2": {
      "precision": 0.9064200217627857,
      "recall": 0.833,
      "f1": 0.8681605002605524,
      "specificity": 0.9904444444444445,
      "fpr": 0.009555555555555555,
      "fnr": 0.167,
      "auroc": 0.9900139999999998,
      "auprc": 0.9385616815221516,
      "support": 1000,
      "tp": 833,
      "tn": 8914,
      "fp": 86,
      "fn": 167
    },
    "3": {
      "precision": 0.9157245632065776,
      "recall": 0.891,
      "f1": 0.9031931069437406,
      "specificity": 0.9908888888888889,
      "fpr": 0.009111111111111111,
      "fnr": 0.109,
      "auroc": 0.9933593333333334,
      "auprc": 0.9641903202132802,
      "support": 1000,
      "tp": 891,
      "tn": 8918,
      "fp": 82,
      "fn": 109
    },
    "4": {
      "precision": 0.8597014925373134,
      "recall": 0.864,
      "f1": 0.8618453865336658,
      "specificity": 0.9843333333333333,
      "fpr": 0.015666666666666666,
      "fnr": 0.136,
      "auroc": 0.9921274444444443,
      "auprc": 0.9386773553535376,
      "support": 1000,
      "tp": 864,
      "tn": 8859,
      "fp": 141,
      "fn": 136
    },
    "5": {
      "precision": 0.9840478564307079,
      "recall": 0.987,
      "f1": 0.9855217174238642,
      "specificity": 0.9982222222222222,
      "fpr": 0.0017777777777777779,
      "fnr": 0.013,
      "auroc": 0.9995502222222222,
      "auprc": 0.9973468609879902,
      "support": 1000,
      "tp": 987,
      "tn": 8984,
      "fp": 16,
      "fn": 13
    },
    "6": {
      "precision": 0.7133396404919584,
      "recall": 0.754,
      "f1": 0.7331064657267866,
      "specificity": 0.9663333333333334,
      "fpr": 0.033666666666666664,
      "fnr": 0.246,
      "auroc": 0.9715338333333334,
      "auprc": 0.8217751311623687,
      "support": 1000,
      "tp": 754,
      "tn": 8697,
      "fp": 303,
      "fn": 246
    },
    "7": {
      "precision": 0.9549902152641878,
      "recall": 0.976,
      "f1": 0.9653808110781404,
      "specificity": 0.9948888888888889,
      "fpr": 0.005111111111111111,
      "fnr": 0.024,
      "auroc": 0.9989306666666666,
      "auprc": 0.991736874816706,
      "support": 1000,
      "tp": 976,
      "tn": 8954,
      "fp": 46,
      "fn": 24
    },
    "8": {
      "precision": 0.9819639278557114,
      "recall": 0.98,
      "f1": 0.9809809809809811,
      "specificity": 0.998,
      "fpr": 0.002,
      "fnr": 0.02,
      "auroc": 0.9994553333333333,
      "auprc": 0.9968376902273663,
      "support": 1000,
      "tp": 980,
      "tn": 8982,
      "fp": 18,
      "fn": 20
    },
    "9": {
      "precision": 0.9765784114052953,
      "recall": 0.959,
      "f1": 0.9677093844601413,
      "specificity": 0.9974444444444445,
      "fpr": 0.0025555555555555557,
      "fnr": 0.041,
      "auroc": 0.9992791111111111,
      "auprc": 0.9943571412894043,
      "support": 1000,
      "tp": 959,
      "tn": 8977,
      "fp": 23,
      "fn": 41
    }
  },
  "confusion_matrix": [
    [
      888,
      0,
      7,
      16,
      2,
      1,
      81,
      0,
      5,
      0
    ],
    [
      0,
      979,
      0,
      13,
      4,
      0,
      2,
      0,
      2,
      0
    ],
    [
      16,
      1,
      833,
      7,
      60,
      0,
      82,
      0,
      1,
      0
    ],
    [
      18,
      6,
      7,
      891,
      21,
      0,
      52,
      0,
      3,
      2
    ],
    [
      0,
      1,
      30,
      25,
      864,
      1,
      78,
      0,
      1,
      0
    ],
    [
      0,
      0,
      0,
      0,
      0,
      987,
      0,
      10,
      0,
      3
    ],
    [
      129,
      2,
      40,
      18,
      51,
      0,
      754,
      0,
      6,
      0
    ],
    [
      0,
      0,
      0,
      0,
      0,
      7,
      0,
      976,
      0,
      17
    ],
    [
      0,
      1,
      2,
      3,
      3,
      2,
      7,
      1,
      980,
      1
    ],
    [
      0,
      0,
      0,
      0,
      0,
      5,
      1,
      35,
      0,
      959
    ]
  ]
}