{
  "experiment": "exp3",
  "condition": {
    "num_classes": 3,
    "class_list": [
      0,
      2,
      9
    ],
    "class_names": [
      "T-shirt/top",
      "Pullover",
      "Ankle boot"
    ],
    "combo_idx": 0,
    "subset_pct": 20,
    "num_samples": 3600,
    "samples_per_class": 1200,
    "train_samples": 3240,
    "val_samples": 360,
    "test_samples": 3000
  },
  "seed": 20194682,
  "timestamp": "2026-01-17T21:13:01.216071",
  "training_dynamics": {
    "epochs_trained": 14,
    "best_epoch": 4,
    "best_val_accuracy": 0.9833333333333333,
    "final_train_loss": 0.010062456214440959,
    "final_val_loss": 0.11989150134225686,
    "training_time_seconds": 2.2887442111968994
  },
  "training_history": {
    "train_loss": [
      0.16575040576942995,
      0.07365710836123018,
      0.05884642664836172,
      0.04095757819310415,
      0.03509334804188898,
      0.03216207560206599,
      0.025570513187524152,
      0.019798935710580324,
      0.02414531795440388,
      0.016519745729073845,
      0.01849456380495765,
      0.009171504248276023,
      0.0070619818373005745,
      0.010062456214440959
    ],
    "val_loss": [
      0.07236084640026093,
      0.08781047032939063,
      0.08949203027619256,
      0.06499591685003704,
      0.08634830895397398,
      0.07508104940255483,
      0.07561601731512281,
      0.09049954315026601,
      0.07520049388209979,
      0.1308706726051039,
      0.0898330258205533,
      0.11907546708049874,
      0.13639070870186615,
      0.11989150134225686
    ],
    "val_accuracy": [
      0.9777777777777777,
      0.9722222222222222,
      0.9777777777777777,
      0.9805555555555555,
      0.9805555555555555,
      0.9722222222222222,
      0.9833333333333333,
      0.9722222222222222,
      0.9805555555555555,
      0.9722222222222222,
      0.9805555555555555,
      0.9777777777777777,
      0.9777777777777777,
      0.975
    ]
  },
  "global_metrics": {
    "accuracy": 0.9743333333333334,
    "balanced_accuracy": 0.9743333333333334,
    "top_3_accuracy": 1.0,
    "top_5_accuracy": 1.0,
    "log_loss": 0.06622339789758644,
    "mcc": 0.9615711588987351,
    "cohens_kappa": 0.9615,
    "precision_macro": 0.974440064896071,
    "precision_micro": 0.9743333333333334,
    "precision_weighted": 0.9744400648960709,
    "recall_macro": 0.9743333333333334,
    "recall_micro": 0.9743333333333334,
    "recall_weighted": 0.9743333333333334,
    "f1_macro": 0.9743152284983717,
    "f1_micro": 0.9743333333333334,
    "f1_weighted": 0.9743152284983718,
    "auroc_macro": 0.9980555,
    "auroc_weighted": 0.9980555000000001,
    "auprc_macro": 0.9961070171461865
  },
  "per_class_metrics": {
    "0": {
      "precision": 0.9723926380368099,
      "recall": 0.951,
      "f1": 0.961577350859454,
      "specificity": 0.9865,
      "fpr": 0.0135,
      "fnr": 0.049,
      "auroc": 0.9970935000000001,
      "auprc": 0.9940362743211074,
      "support": 1000,
      "tp": 951,
      "tn": 1973,
      "fp": 27,
      "fn": 49
    },
    "1": {
      "precision": 0.953921568627451,
      "recall": 0.973,
      "f1": 0.9633663366336633,
      "specificity": 0.9765,
      "fpr": 0.0235,
      "fnr": 0.027,
      "auroc": 0.9970795,
      "auprc": 0.9942976102862575,
      "support": 1000,
      "tp": 973,
      "tn": 1953,
      "fp": 47,
      "fn": 27
    },
    "2": {
      "precision": 0.9970059880239521,
      "recall": 0.999,
      "f1": 0.998001998001998,
      "specificity": 0.9985,
      "fpr": 0.0015,
      "fnr": 0.001,
      "auroc": 0.9999935000000001,
      "auprc": 0.9999871668311945,
      "support": 1000,
      "tp": 999,
      "tn": 1997,
      "fp": 3,
      "fn": 1
    }
  },
  "confusion_matrix": [
    [
      951,
      46,
      3
    ],
    [
      27,
      973,
      0
    ],
    [
      0,
      1,
      999
    ]
  ]
}