{
  "experiment": "exp3",
  "condition": {
    "num_classes": 7,
    "class_list": [
      0,
      1,
      2,
      3,
      4,
      6,
      8
    ],
    "class_names": [
      "T-shirt/top",
      "Trouser",
      "Pullover",
      "Dress",
      "Coat",
      "Shirt",
      "Bag"
    ],
    "combo_idx": 0,
    "subset_pct": 50,
    "num_samples": 21000,
    "samples_per_class": 3000,
    "train_samples": 18900,
    "val_samples": 2100,
    "test_samples": 7000
  },
  "seed": 20194682,
  "timestamp": "2026-01-17T21:53:35.869884",
  "training_dynamics": {
    "epochs_trained": 17,
    "best_epoch": 7,
    "best_val_accuracy": 0.9066666666666666,
    "final_train_loss": 0.058259010340112286,
    "final_val_loss": 0.4145695420106252,
    "training_time_seconds": 15.716413736343384
  },
  "training_history": {
    "train_loss": [
      0.6153640734484872,
      0.4200901013572474,
      0.35800077504402883,
      0.30564179505548766,
      0.27868851971485326,
      0.2489107797375402,
      0.22267887471998865,
      0.19578804357631788,
      0.17451964308683937,
      0.1514552578934141,
      0.129191573923202,
      0.12344622871259579,
      0.10687613564644109,
      0.09537182125967701,
      0.0836137991958625,
      0.07873604622531079,
      0.058259010340112286
    ],
    "val_loss": [
      0.4374526622181847,
      0.3620968128385998,
      0.3062926111902509,
      0.2984606596969423,
      0.33045621116956075,
      0.29337695130280084,
      0.28166653536614916,
      0.2979034950051989,
      0.3066139292149317,
      0.31675869561377024,
      0.35093469798564914,
      0.38385508486202785,
      0.37926087651933943,
      0.32983513258752367,
      0.38726709184192476,
      0.38770335407484147,
      0.4145695420106252
    ],
    "val_accuracy": [
      0.8342857142857143,
      0.8590476190476191,
      0.89,
      0.8928571428571429,
      0.8738095238095238,
      0.8961904761904762,
      0.9066666666666666,
      0.9,
      0.8947619047619048,
      0.8919047619047619,
      0.8828571428571429,
      0.8871428571428571,
      0.888095238095238,
      0.8885714285714286,
      0.8923809523809524,
      0.8942857142857142,
      0.8957142857142857
    ]
  },
  "global_metrics": {
    "accuracy": 0.8788571428571429,
    "balanced_accuracy": 0.8788571428571429,
    "top_3_accuracy": 0.9867142857142858,
    "top_5_accuracy": 0.9981428571428571,
    "log_loss": 0.3515930104736526,
    "mcc": 0.858892012232914,
    "cohens_kappa": 0.8586666666666667,
    "precision_macro": 0.8801886160336616,
    "precision_micro": 0.8788571428571429,
    "precision_weighted": 0.8801886160336615,
    "recall_macro": 0.8788571428571429,
    "recall_micro": 0.8788571428571429,
    "recall_weighted": 0.8788571428571429,
    "f1_macro": 0.8788928884830911,
    "f1_micro": 0.8788571428571429,
    "f1_weighted": 0.8788928884830909,
    "auroc_macro": 0.986995261904762,
    "auroc_weighted": 0.9869952619047618,
    "auprc_macro": 0.9414410437220369
  },
  "per_class_metrics": {
    "0": {
      "precision": 0.8429833169774289,
      "recall": 0.859,
      "f1": 0.8509162951956414,
      "specificity": 0.9733333333333334,
      "fpr": 0.02666666666666667,
      "fnr": 0.141,
      "auroc": 0.9855708333333333,
      "auprc": 0.9349258773638154,
      "support": 1000,
      "tp": 859,
      "tn": 5840,
      "fp": 160,
      "fn": 141
    },
    "1": {
      "precision": 0.9989615784008308,
      "recall": 0.962,
      "f1": 0.9801324503311257,
      "specificity": 0.9998333333333334,
      "fpr": 0.00016666666666666666,
      "fnr": 0.038,
      "auroc": 0.999185,
      "auprc": 0.9974163680990292,
      "support": 1000,
      "tp": 962,
      "tn": 5999,
      "fp": 1,
      "fn": 38
    },
    "2": {
      "precision": 0.8829015544041451,
      "recall": 0.852,
      "f1": 0.867175572519084,
      "specificity": 0.9811666666666666,
      "fpr": 0.018833333333333334,
      "fnr": 0.148,
      "auroc": 0.9850270000000001,
      "auprc": 0.9385625678489831,
      "support": 1000,
      "tp": 852,
      "tn": 5887,
      "fp": 113,
      "fn": 148
    },
    "3": {
      "precision": 0.9121338912133892,
      "recall": 0.872,
      "f1": 0.8916155419222904,
      "specificity": 0.986,
      "fpr": 0.014,
      "fnr": 0.128,
      "auroc": 0.9928715,
      "auprc": 0.9595417257664731,
      "support": 1000,
      "tp": 872,
      "tn": 5916,
      "fp": 84,
      "fn": 128
    },
    "4": {
      "precision": 0.8051601423487544,
      "recall": 0.905,
      "f1": 0.852165725047081,
      "specificity": 0.9635,
      "fpr": 0.0365,
      "fnr": 0.095,
      "auroc": 0.9874983333333333,
      "auprc": 0.9350556525837154,
      "support": 1000,
      "tp": 905,
      "tn": 5781,
      "fp": 219,
      "fn": 95
    },
    "5": {
      "precision": 0.7458333333333333,
      "recall": 0.716,
      "f1": 0.7306122448979593,
      "specificity": 0.9593333333333334,
      "fpr": 0.04066666666666666,
      "fnr": 0.284,
      "auroc": 0.9594505,
      "auprc": 0.8271776672505718,
      "support": 1000,
      "tp": 716,
      "tn": 5756,
      "fp": 244,
      "fn": 284
    },
    "6": {
      "precision": 0.9733464955577492,
      "recall": 0.986,
      "f1": 0.9796323894684551,
      "specificity": 0.9955,
      "fpr": 0.0045,
      "fnr": 0.014,
      "auroc": 0.9993636666666669,
      "auprc": 0.9974074471416705,
      "support": 1000,
      "tp": 986,
      "tn": 5973,
      "fp": 27,
      "fn": 14
    }
  },
  "confusion_matrix": [
    [
      859,
      0,
      12,
      9,
      5,
      107,
      8
    ],
    [
      3,
      962,
      0,
      27,
      4,
      2,
      2
    ],
    [
      17,
      1,
      852,
      7,
      64,
      56,
      3
    ],
    [
      30,
      0,
      11,
      872,
      48,
      37,
      2
    ],
    [
      1,
      0,
      37,
      16,
      905,
      41,
      0
    ],
    [
      108,
      0,
      51,
      20,
      93,
      716,
      12
    ],
    [
      1,
      0,
      2,
      5,
      5,
      1,
      986
    ]
  ]
}