{
  "experiment": "exp3",
  "condition": {
    "num_classes": 6,
    "class_list": [
      0,
      1,
      3,
      4,
      6,
      8
    ],
    "class_names": [
      "T-shirt/top",
      "Trouser",
      "Dress",
      "Coat",
      "Shirt",
      "Bag"
    ],
    "combo_idx": 1,
    "subset_pct": 90,
    "num_samples": 32400,
    "samples_per_class": 5400,
    "train_samples": 29160,
    "val_samples": 3240,
    "test_samples": 6000
  },
  "seed": 20194682,
  "timestamp": "2026-01-17T21:44:57.555281",
  "training_dynamics": {
    "epochs_trained": 14,
    "best_epoch": 4,
    "best_val_accuracy": 0.925,
    "final_train_loss": 0.06892330750104106,
    "final_val_loss": 0.29601768735382294,
    "training_time_seconds": 20.978002786636353
  },
  "training_history": {
    "train_loss": [
      0.43229421666055395,
      0.3008359964414124,
      0.25113699222473723,
      0.21821654837970672,
      0.19480926956850708,
      0.17312699242642052,
      0.15240126206098417,
      0.13702618834775007,
      0.12005520232119843,
      0.10919374792240233,
      0.09350920824452483,
      0.08504778405206212,
      0.07441744888344322,
      0.06892330750104106
    ],
    "val_loss": [
      0.2892308329726443,
      0.276345490415891,
      0.24969241328445482,
      0.21934060494840882,
      0.23497521145108305,
      0.22653378796430282,
      0.24022636753909382,
      0.227214637518297,
      0.23949931744072173,
      0.2392195217035435,
      0.2454764085787314,
      0.2428604425839436,
      0.30346868593751647,
      0.29601768735382294
    ],
    "val_accuracy": [
      0.8833333333333333,
      0.8944444444444445,
      0.904320987654321,
      0.9163580246913581,
      0.9052469135802469,
      0.9166666666666666,
      0.9117283950617284,
      0.9169753086419753,
      0.9225308641975308,
      0.9219135802469136,
      0.9185185185185185,
      0.925,
      0.9191358024691358,
      0.9108024691358024
    ]
  },
  "global_metrics": {
    "accuracy": 0.902,
    "balanced_accuracy": 0.902,
    "top_3_accuracy": 0.9936666666666667,
    "top_5_accuracy": 0.9996666666666667,
    "log_loss": 0.25846993942749,
    "mcc": 0.882899833360247,
    "cohens_kappa": 0.8824,
    "precision_macro": 0.9011667030180258,
    "precision_micro": 0.902,
    "precision_weighted": 0.9011667030180259,
    "recall_macro": 0.902,
    "recall_micro": 0.902,
    "recall_weighted": 0.902,
    "f1_macro": 0.9003171837779438,
    "f1_micro": 0.902,
    "f1_weighted": 0.9003171837779437,
    "auroc_macro": 0.9905973666666666,
    "auroc_weighted": 0.9905973666666668,
    "auprc_macro": 0.9611109858698622
  },
  "per_class_metrics": {
    "0": {
      "precision": 0.8376865671641791,
      "recall": 0.898,
      "f1": 0.8667953667953668,
      "specificity": 0.9652,
      "fpr": 0.0348,
      "fnr": 0.102,
      "auroc": 0.9867072,
      "auprc": 0.9411905883092716,
      "support": 1000,
      "tp": 898,
      "tn": 4826,
      "fp": 174,
      "fn": 102
    },
    "1": {
      "precision": 0.991869918699187,
      "recall": 0.976,
      "f1": 0.9838709677419355,
      "specificity": 0.9984,
      "fpr": 0.0016,
      "fnr": 0.024,
      "auroc": 0.9995778,
      "auprc": 0.9984644183396574,
      "support": 1000,
      "tp": 976,
      "tn": 4992,
      "fp": 8,
      "fn": 24
    },
    "2": {
      "precision": 0.9045275590551181,
      "recall": 0.919,
      "f1": 0.9117063492063493,
      "specificity": 0.9806,
      "fpr": 0.0194,
      "fnr": 0.081,
      "auroc": 0.9945086,
      "auprc": 0.9745072177978056,
      "support": 1000,
      "tp": 919,
      "tn": 4903,
      "fp": 97,
      "fn": 81
    },
    "3": {
      "precision": 0.8800383877159309,
      "recall": 0.917,
      "f1": 0.8981390793339862,
      "specificity": 0.975,
      "fpr": 0.025,
      "fnr": 0.083,
      "auroc": 0.9933256,
      "auprc": 0.9702282504252611,
      "support": 1000,
      "tp": 917,
      "tn": 4875,
      "fp": 125,
      "fn": 83
    },
    "4": {
      "precision": 0.8398576512455516,
      "recall": 0.708,
      "f1": 0.7683125339120999,
      "specificity": 0.973,
      "fpr": 0.027,
      "fnr": 0.292,
      "auroc": 0.9696868,
      "auprc": 0.8833467200163269,
      "support": 1000,
      "tp": 708,
      "tn": 4865,
      "fp": 135,
      "fn": 292
    },
    "5": {
      "precision": 0.9530201342281879,
      "recall": 0.994,
      "f1": 0.9730788056779246,
      "specificity": 0.9902,
      "fpr": 0.0098,
      "fnr": 0.006,
      "auroc": 0.9997782,
      "auprc": 0.9989287203308501,
      "support": 1000,
      "tp": 994,
      "tn": 4951,
      "fp": 49,
      "fn": 6
    }
  },
  "confusion_matrix": [
    [
      898,
      0,
      12,
      4,
      69,
      17
    ],
    [
      2,
      976,
      14,
      4,
      1,
      3
    ],
    [
      22,
      6,
      919,
      22,
      22,
      9
    ],
    [
      2,
      0,
      34,
      917,
      43,
      4
    ],
    [
      146,
      0,
      35,
      95,
      708,
      16
    ],
    [
      2,
      2,
      2,
      0,
      0,
      994
    ]
  ]
}