{
  "experiment": "exp3",
  "condition": {
    "num_classes": 2,
    "class_list": [
      5,
      8
    ],
    "class_names": [
      "Sandal",
      "Bag"
    ],
    "combo_idx": 3,
    "subset_pct": 20,
    "num_samples": 2400,
    "samples_per_class": 1200,
    "train_samples": 2160,
    "val_samples": 240,
    "test_samples": 2000
  },
  "seed": 20194682,
  "timestamp": "2026-01-17T21:11:11.170119",
  "training_dynamics": {
    "epochs_trained": 15,
    "best_epoch": 5,
    "best_val_accuracy": 1.0,
    "final_train_loss": 4.868756689254095e-05,
    "final_val_loss": 0.019456070643294274,
    "training_time_seconds": 1.5422983169555664
  },
  "training_history": {
    "train_loss": [
      0.10025951702503816,
      0.021976672455339748,
      0.006814166674089125,
      0.004971411553603556,
      0.0024118415514000364,
      0.0012301748488158302,
      0.001723060309439675,
      0.00027142742768613545,
      0.0001595545838747913,
      7.24432948653189e-05,
      6.369641780967119e-05,
      6.0525346070254966e-05,
      7.23279025110327e-05,
      5.671483919112528e-05,
      4.868756689254095e-05
    ],
    "val_loss": [
      0.0328520671154062,
      0.013067264412529766,
      0.015480597710120492,
      0.040118685892472666,
      0.003765600372571498,
      0.008400302502559498,
      0.020278891987497143,
      0.020901494857025683,
      0.02166564516216264,
      0.025807713533140486,
      0.0230006771042099,
      0.020830512537941104,
      0.023929705894564297,
      0.022856012936305584,
      0.019456070643294274
    ],
    "val_accuracy": [
      0.9833333333333333,
      0.9916666666666667,
      0.9916666666666667,
      0.9875,
      1.0,
      0.9958333333333333,
      0.9958333333333333,
      0.9958333333333333,
      0.9958333333333333,
      0.9958333333333333,
      0.9958333333333333,
      0.9958333333333333,
      0.9958333333333333,
      0.9958333333333333,
      0.9958333333333333
    ]
  },
  "global_metrics": {
    "accuracy": 0.996,
    "balanced_accuracy": 0.996,
    "top_3_accuracy": 1.0,
    "top_5_accuracy": 1.0,
    "log_loss": 0.01282592831986353,
    "mcc": 0.9920178564821264,
    "cohens_kappa": 0.992,
    "precision_macro": 0.9960178566428392,
    "precision_micro": 0.996,
    "precision_weighted": 0.9960178566428393,
    "recall_macro": 0.996,
    "recall_micro": 0.996,
    "recall_weighted": 0.996,
    "f1_macro": 0.9959999639996759,
    "f1_micro": 0.996,
    "f1_weighted": 0.995999963999676,
    "auroc_macro": 0.9998819999999999,
    "auroc_weighted": 0.9998819999999999,
    "auprc_macro": 0.9998833747877363
  },
  "per_class_metrics": {
    "0": {
      "precision": 0.9930417495029821,
      "recall": 0.999,
      "f1": 0.9960119641076769,
      "specificity": 0.993,
      "fpr": 0.007,
      "fnr": 0.001,
      "auroc": 0.9998819999999999,
      "auprc": 0.9998792771825243,
      "support": 1000,
      "tp": 999,
      "tn": 993,
      "fp": 7,
      "fn": 1
    },
    "1": {
      "precision": 0.9989939637826962,
      "recall": 0.993,
      "f1": 0.995987963891675,
      "specificity": 0.999,
      "fpr": 0.001,
      "fnr": 0.007,
      "auroc": 0.9998819999999999,
      "auprc": 0.9998874723929482,
      "support": 1000,
      "tp": 993,
      "tn": 999,
      "fp": 1,
      "fn": 7
    }
  },
  "confusion_matrix": [
    [
      999,
      1
    ],
    [
      7,
      993
    ]
  ]
}