{
  "experiment": "exp3",
  "condition": {
    "num_classes": 8,
    "class_list": [
      0,
      1,
      3,
      4,
      5,
      6,
      7,
      8
    ],
    "class_names": [
      "T-shirt/top",
      "Trouser",
      "Dress",
      "Coat",
      "Sandal",
      "Shirt",
      "Sneaker",
      "Bag"
    ],
    "combo_idx": 1,
    "subset_pct": 80,
    "num_samples": 38400,
    "samples_per_class": 4800,
    "train_samples": 34560,
    "val_samples": 3840,
    "test_samples": 8000
  },
  "seed": 20194682,
  "timestamp": "2026-01-17T22:12:48.632226",
  "training_dynamics": {
    "epochs_trained": 15,
    "best_epoch": 5,
    "best_val_accuracy": 0.9296875,
    "final_train_loss": 0.057174161757359766,
    "final_val_loss": 0.22640199816475312,
    "training_time_seconds": 27.567084074020386
  },
  "training_history": {
    "train_loss": [
      0.3886870719216488,
      0.25224855506309757,
      0.21257447991520168,
      0.18247442247553003,
      0.16369794948302485,
      0.13974670015827373,
      0.12776882032415382,
      0.11456233814393205,
      0.09975013963671195,
      0.0898509391842203,
      0.08295711198200782,
      0.07510728004336771,
      0.0690532738411868,
      0.06462195038286693,
      0.057174161757359766
    ],
    "val_loss": [
      0.25547986179590226,
      0.2133388658364614,
      0.19966795661797127,
      0.20637736301869153,
      0.18677306442211072,
      0.2160850870112578,
      0.19601402295132478,
      0.19360862939308088,
      0.1941527328764399,
      0.23346756581837932,
      0.21459066464255253,
      0.21853681641320388,
      0.2201956318691373,
      0.23962947900096576,
      0.22640199816475312
    ],
    "val_accuracy": [
      0.9041666666666667,
      0.9208333333333333,
      0.9221354166666667,
      0.9182291666666667,
      0.9252604166666667,
      0.9174479166666667,
      0.9276041666666667,
      0.92890625,
      0.9278645833333333,
      0.9270833333333334,
      0.9296875,
      0.9221354166666667,
      0.92734375,
      0.9263020833333333,
      0.928125
    ]
  },
  "global_metrics": {
    "accuracy": 0.919875,
    "balanced_accuracy": 0.919875,
    "top_3_accuracy": 0.99475,
    "top_5_accuracy": 0.99925,
    "log_loss": 0.2048698292142128,
    "mcc": 0.908631413581692,
    "cohens_kappa": 0.9084285714285715,
    "precision_macro": 0.9223674036028998,
    "precision_micro": 0.919875,
    "precision_weighted": 0.9223674036028999,
    "recall_macro": 0.919875,
    "recall_micro": 0.919875,
    "recall_weighted": 0.919875,
    "f1_macro": 0.9204677549579081,
    "f1_micro": 0.919875,
    "f1_weighted": 0.920467754957908,
    "auroc_macro": 0.9946263750000001,
    "auroc_weighted": 0.9946263750000001,
    "auprc_macro": 0.9693730059717305
  },
  "per_class_metrics": {
    "0": {
      "precision": 0.8898776418242491,
      "recall": 0.8,
      "f1": 0.842548709847288,
      "specificity": 0.9858571428571429,
      "fpr": 0.014142857142857143,
      "fnr": 0.2,
      "auroc": 0.9903477142857143,
      "auprc": 0.940980008744226,
      "support": 1000,
      "tp": 800,
      "tn": 6901,
      "fp": 99,
      "fn": 200
    },
    "1": {
      "precision": 0.9989648033126294,
      "recall": 0.965,
      "f1": 0.9816887080366226,
      "specificity": 0.9998571428571429,
      "fpr": 0.00014285714285714287,
      "fnr": 0.035,
      "auroc": 0.9994962857142857,
      "auprc": 0.9978466361374259,
      "support": 1000,
      "tp": 965,
      "tn": 6999,
      "fp": 1,
      "fn": 35
    },
    "2": {
      "precision": 0.8831908831908832,
      "recall": 0.93,
      "f1": 0.9059912323429129,
      "specificity": 0.9824285714285714,
      "fpr": 0.01757142857142857,
      "fnr": 0.07,
      "auroc": 0.9956192857142857,
      "auprc": 0.9704538046537545,
      "support": 1000,
      "tp": 930,
      "tn": 6877,
      "fp": 123,
      "fn": 70
    },
    "3": {
      "precision": 0.9016227180527383,
      "recall": 0.889,
      "f1": 0.8952668680765358,
      "specificity": 0.9861428571428571,
      "fpr": 0.013857142857142858,
      "fnr": 0.111,
      "auroc": 0.9944727142857144,
      "auprc": 0.9653327257129656,
      "support": 1000,
      "tp": 889,
      "tn": 6903,
      "fp": 97,
      "fn": 111
    },
    "4": {
      "precision": 0.9841269841269841,
      "recall": 0.992,
      "f1": 0.9880478087649401,
      "specificity": 0.9977142857142857,
      "fpr": 0.002285714285714286,
      "fnr": 0.008,
      "auroc": 0.9998397142857143,
      "auprc": 0.9990342512725559,
      "support": 1000,
      "tp": 992,
      "tn": 6984,
      "fp": 16,
      "fn": 8
    },
    "5": {
      "precision": 0.7422867513611615,
      "recall": 0.818,
      "f1": 0.7783063748810657,
      "specificity": 0.9594285714285714,
      "fpr": 0.04057142857142857,
      "fnr": 0.182,
      "auroc": 0.9776284285714285,
      "auprc": 0.8838126669655476,
      "support": 1000,
      "tp": 818,
      "tn": 6716,
      "fp": 284,
      "fn": 182
    },
    "6": {
      "precision": 0.987987987987988,
      "recall": 0.987,
      "f1": 0.9874937468734368,
      "specificity": 0.9982857142857143,
      "fpr": 0.0017142857142857142,
      "fnr": 0.013,
      "auroc": 0.99986,
      "auprc": 0.9989701159702369,
      "support": 1000,
      "tp": 987,
      "tn": 6988,
      "fp": 12,
      "fn": 13
    },
    "7": {
      "precision": 0.9908814589665653,
      "recall": 0.978,
      "f1": 0.984398590840463,
      "specificity": 0.9987142857142857,
      "fpr": 0.0012857142857142856,
      "fnr": 0.022,
      "auroc": 0.9997468571428572,
      "auprc": 0.9985538383171318,
      "support": 1000,
      "tp": 978,
      "tn": 6991,
      "fp": 9,
      "fn": 22
    }
  },
  "confusion_matrix": [
    [
      800,
      0,
      27,
      5,
      1,
      163,
      0,
      4
    ],
    [
      2,
      965,
      24,
      6,
      0,
      3,
      0,
      0
    ],
    [
      14,
      0,
      930,
      20,
      0,
      36,
      0,
      0
    ],
    [
      0,
      0,
      33,
      889,
      0,
      77,
      0,
      1
    ],
    [
      0,
      0,
      0,
      0,
      992,
      0,
      8,
      0
    ],
    [
      80,
      0,
      35,
      63,
      0,
      818,
      0,
      4
    ],
    [
      0,
      0,
      0,
      0,
      13,
      0,
      987,
      0
    ],
    [
      3,
      1,
      4,
      3,
      2,
      5,
      4,
      978
    ]
  ]
}