{
  "experiment": "exp3",
  "condition": {
    "num_classes": 4,
    "class_list": [
      1,
      4,
      5,
      9
    ],
    "class_names": [
      "Trouser",
      "Coat",
      "Sandal",
      "Ankle boot"
    ],
    "combo_idx": 2,
    "subset_pct": 40,
    "num_samples": 9600,
    "samples_per_class": 2400,
    "train_samples": 8640,
    "val_samples": 960,
    "test_samples": 4000
  },
  "seed": 20194682,
  "timestamp": "2026-01-17T21:24:49.935710",
  "training_dynamics": {
    "epochs_trained": 27,
    "best_epoch": 17,
    "best_val_accuracy": 0.9958333333333333,
    "final_train_loss": 0.00011133542173545854,
    "final_val_loss": 0.03354768592466826,
    "training_time_seconds": 12.12048602104187
  },
  "training_history": {
    "train_loss": [
      0.0865636515888144,
      0.02647119676090639,
      0.015733277176493882,
      0.018674704100811613,
      0.016500382210317723,
      0.006482007206984606,
      0.009471667623034186,
      0.0032746338069517622,
      0.0010045627741520648,
      0.0011189546640775073,
      0.0028819479166216936,
      0.00575848952877533,
      0.01081939934544641,
      0.003626044443175218,
      0.0008400461412992189,
      0.001403808736465719,
      0.006459180248113491,
      0.002196561398126404,
      0.00033997213978704236,
      0.00013229757908077403,
      6.524848415665475e-05,
      8.950361472788818e-05,
      0.0001487960330939165,
      6.963354232488604e-05,
      9.777376714939438e-05,
      0.0001009479065874917,
      0.00011133542173545854
    ],
    "val_loss": [
      0.045851347257848826,
      0.025622099929023534,
      0.03194428247127992,
      0.02543295009721381,
      0.033690956374630335,
      0.05039859693497419,
      0.0536350858596658,
      0.027509629954874982,
      0.04161894414073686,
      0.028620201509814553,
      0.06099035412324838,
      0.10972484907251782,
      0.03773364039855854,
      0.024261862932386673,
      0.038923184294708334,
      0.03204846093594824,
      0.015681095133307583,
      0.04083856137813958,
      0.03297727809925088,
      0.043593319308998464,
      0.042637028497650435,
      0.04272260125282325,
      0.03908109355754732,
      0.03796117248363468,
      0.042177197081120235,
      0.046298142807821324,
      0.03354768592466826
    ],
    "val_accuracy": [
      0.9885416666666667,
      0.9895833333333334,
      0.9885416666666667,
      0.9916666666666667,
      0.9895833333333334,
      0.990625,
      0.9854166666666667,
      0.9895833333333334,
      0.9927083333333333,
      0.9927083333333333,
      0.9895833333333334,
      0.9833333333333333,
      0.9895833333333334,
      0.9927083333333333,
      0.99375,
      0.99375,
      0.9958333333333333,
      0.9916666666666667,
      0.9927083333333333,
      0.9916666666666667,
      0.9916666666666667,
      0.9916666666666667,
      0.9927083333333333,
      0.9927083333333333,
      0.9927083333333333,
      0.990625,
      0.9927083333333333
    ]
  },
  "global_metrics": {
    "accuracy": 0.99075,
    "balanced_accuracy": 0.9907499999999999,
    "top_3_accuracy": 0.99975,
    "top_5_accuracy": 1.0,
    "log_loss": 0.037879182897260506,
    "mcc": 0.9876852682477185,
    "cohens_kappa": 0.9876666666666667,
    "precision_macro": 0.9908046290419824,
    "precision_micro": 0.99075,
    "precision_weighted": 0.9908046290419824,
    "recall_macro": 0.9907499999999999,
    "recall_micro": 0.99075,
    "recall_weighted": 0.99075,
    "f1_macro": 0.9907494666645279,
    "f1_micro": 0.99075,
    "f1_weighted": 0.9907494666645279,
    "auroc_macro": 0.9998279166666666,
    "auroc_weighted": 0.9998279166666666,
    "auprc_macro": 0.9995025227196411
  },
  "per_class_metrics": {
    "0": {
      "precision": 0.996003996003996,
      "recall": 0.997,
      "f1": 0.9965017491254373,
      "specificity": 0.9986666666666667,
      "fpr": 0.0013333333333333333,
      "fnr": 0.003,
      "auroc": 0.999978,
      "auprc": 0.9999333951805989,
      "support": 1000,
      "tp": 997,
      "tn": 2996,
      "fp": 4,
      "fn": 3
    },
    "1": {
      "precision": 0.995995995995996,
      "recall": 0.995,
      "f1": 0.9954977488744372,
      "specificity": 0.9986666666666667,
      "fpr": 0.0013333333333333333,
      "fnr": 0.005,
      "auroc": 0.9999116666666666,
      "auprc": 0.9997800620612477,
      "support": 1000,
      "tp": 995,
      "tn": 2996,
      "fp": 4,
      "fn": 5
    },
    "2": {
      "precision": 0.9928934010152284,
      "recall": 0.978,
      "f1": 0.9853904282115868,
      "specificity": 0.9976666666666667,
      "fpr": 0.0023333333333333335,
      "fnr": 0.022,
      "auroc": 0.9996839999999999,
      "auprc": 0.9990062435003394,
      "support": 1000,
      "tp": 978,
      "tn": 2993,
      "fp": 7,
      "fn": 22
    },
    "3": {
      "precision": 0.9783251231527094,
      "recall": 0.993,
      "f1": 0.9856079404466501,
      "specificity": 0.9926666666666667,
      "fpr": 0.007333333333333333,
      "fnr": 0.007,
      "auroc": 0.9997379999999999,
      "auprc": 0.9992903901363784,
      "support": 1000,
      "tp": 993,
      "tn": 2978,
      "fp": 22,
      "fn": 7
    }
  },
  "confusion_matrix": [
    [
      997,
      3,
      0,
      0
    ],
    [
      4,
      995,
      1,
      0
    ],
    [
      0,
      0,
      978,
      22
    ],
    [
      0,
      1,
      6,
      993
    ]
  ]
}