{
  "experiment": "exp3",
  "condition": {
    "num_classes": 4,
    "class_list": [
      1,
      4,
      5,
      8
    ],
    "class_names": [
      "Trouser",
      "Coat",
      "Sandal",
      "Bag"
    ],
    "combo_idx": 1,
    "subset_pct": 20,
    "num_samples": 4800,
    "samples_per_class": 1200,
    "train_samples": 4320,
    "val_samples": 480,
    "test_samples": 4000
  },
  "seed": 20194682,
  "timestamp": "2026-01-17T21:22:15.175919",
  "training_dynamics": {
    "epochs_trained": 11,
    "best_epoch": 1,
    "best_val_accuracy": 0.99375,
    "final_train_loss": 0.003818411366383396,
    "final_val_loss": 0.05043248362659748,
    "training_time_seconds": 2.303469657897949
  },
  "training_history": {
    "train_loss": [
      0.13987194001674652,
      0.02812635961933719,
      0.02577644427348038,
      0.024043322809816078,
      0.012158466393456739,
      0.00557886301419999,
      0.0052220132389158925,
      0.014363340516785469,
      0.013295828298021875,
      0.004013562155170589,
      0.003818411366383396
    ],
    "val_loss": [
      0.03449722193181515,
      0.04902121749085685,
      0.03869027359566341,
      0.03982927327354749,
      0.045292424078797924,
      0.040001920564100145,
      0.1008821377841135,
      0.0695740522351116,
      0.055077090094952534,
      0.0503465376154054,
      0.05043248362659748
    ],
    "val_accuracy": [
      0.9916666666666667,
      0.9916666666666667,
      0.9916666666666667,
      0.9916666666666667,
      0.99375,
      0.9854166666666667,
      0.9645833333333333,
      0.9770833333333333,
      0.9875,
      0.9875,
      0.9854166666666667
    ]
  },
  "global_metrics": {
    "accuracy": 0.98775,
    "balanced_accuracy": 0.98775,
    "top_3_accuracy": 0.99925,
    "top_5_accuracy": 1.0,
    "log_loss": 0.04530577624206789,
    "mcc": 0.9836723227987841,
    "cohens_kappa": 0.9836666666666667,
    "precision_macro": 0.9877516000695653,
    "precision_micro": 0.98775,
    "precision_weighted": 0.9877516000695653,
    "recall_macro": 0.98775,
    "recall_micro": 0.98775,
    "recall_weighted": 0.98775,
    "f1_macro": 0.9877422790282455,
    "f1_micro": 0.98775,
    "f1_weighted": 0.9877422790282454,
    "auroc_macro": 0.9992863333333333,
    "auroc_weighted": 0.9992863333333334,
    "auprc_macro": 0.9981145235331899
  },
  "per_class_metrics": {
    "0": {
      "precision": 0.9929718875502008,
      "recall": 0.989,
      "f1": 0.9909819639278558,
      "specificity": 0.9976666666666667,
      "fpr": 0.0023333333333333335,
      "fnr": 0.011,
      "auroc": 0.99962,
      "auprc": 0.9991320852778415,
      "support": 1000,
      "tp": 989,
      "tn": 2993,
      "fp": 7,
      "fn": 11
    },
    "1": {
      "precision": 0.9820538384845464,
      "recall": 0.985,
      "f1": 0.9835247129306042,
      "specificity": 0.994,
      "fpr": 0.006,
      "fnr": 0.015,
      "auroc": 0.999069,
      "auprc": 0.9971402892859866,
      "support": 1000,
      "tp": 985,
      "tn": 2982,
      "fp": 18,
      "fn": 15
    },
    "2": {
      "precision": 0.9900793650793651,
      "recall": 0.998,
      "f1": 0.9940239043824701,
      "specificity": 0.9966666666666667,
      "fpr": 0.0033333333333333335,
      "fnr": 0.002,
      "auroc": 0.999932,
      "auprc": 0.999792224624116,
      "support": 1000,
      "tp": 998,
      "tn": 2990,
      "fp": 10,
      "fn": 2
    },
    "3": {
      "precision": 0.9859013091641491,
      "recall": 0.979,
      "f1": 0.9824385348720522,
      "specificity": 0.9953333333333333,
      "fpr": 0.004666666666666667,
      "fnr": 0.021,
      "auroc": 0.9985243333333333,
      "auprc": 0.9963934949448154,
      "support": 1000,
      "tp": 979,
      "tn": 2986,
      "fp": 14,
      "fn": 21
    }
  },
  "confusion_matrix": [
    [
      989,
      8,
      0,
      3
    ],
    [
      4,
      985,
      1,
      10
    ],
    [
      1,
      0,
      998,
      1
    ],
    [
      2,
      10,
      9,
      979
    ]
  ]
}