{
  "experiment": "exp3",
  "condition": {
    "num_classes": 5,
    "class_list": [
      0,
      1,
      3,
      5,
      7
    ],
    "class_names": [
      "T-shirt/top",
      "Trouser",
      "Dress",
      "Sandal",
      "Sneaker"
    ],
    "combo_idx": 2,
    "subset_pct": 20,
    "num_samples": 6000,
    "samples_per_class": 1200,
    "train_samples": 5400,
    "val_samples": 600,
    "test_samples": 5000
  },
  "seed": 20194682,
  "timestamp": "2026-01-17T21:34:02.082785",
  "training_dynamics": {
    "epochs_trained": 15,
    "best_epoch": 5,
    "best_val_accuracy": 0.9783333333333334,
    "final_train_loss": 0.005946525274981361,
    "final_val_loss": 0.1306790842891981,
    "training_time_seconds": 4.115811347961426
  },
  "training_history": {
    "train_loss": [
      0.3296190979726174,
      0.13726426100029665,
      0.1025775948758511,
      0.07133158686406472,
      0.05173726644202629,
      0.052345878280260986,
      0.03666149817051037,
      0.02704811474746641,
      0.022424526418120982,
      0.02946879385785638,
      0.026932065532652334,
      0.009056905909400323,
      0.005505503012511112,
      0.010349867814425926,
      0.005946525274981361
    ],
    "val_loss": [
      0.11781641115744909,
      0.1309467073281606,
      0.10008516470591228,
      0.08370281712462505,
      0.07857853525628646,
      0.09439085215330124,
      0.08222975673774878,
      0.08252156130969525,
      0.12303417665418237,
      0.140067900630335,
      0.10511541638833781,
      0.12306122809027632,
      0.11748264575066666,
      0.11281526206682126,
      0.1306790842891981
    ],
    "val_accuracy": [
      0.9583333333333334,
      0.9533333333333334,
      0.965,
      0.97,
      0.97,
      0.975,
      0.9733333333333334,
      0.9766666666666667,
      0.9716666666666667,
      0.9633333333333334,
      0.9783333333333334,
      0.9683333333333334,
      0.975,
      0.975,
      0.975
    ]
  },
  "global_metrics": {
    "accuracy": 0.967,
    "balanced_accuracy": 0.9669999999999999,
    "top_3_accuracy": 0.9998,
    "top_5_accuracy": 1.0,
    "log_loss": 0.11159944405750273,
    "mcc": 0.958776750244503,
    "cohens_kappa": 0.95875,
    "precision_macro": 0.9672183558968157,
    "precision_micro": 0.967,
    "precision_weighted": 0.9672183558968158,
    "recall_macro": 0.9669999999999999,
    "recall_micro": 0.967,
    "recall_weighted": 0.967,
    "f1_macro": 0.9670551960370011,
    "f1_micro": 0.967,
    "f1_weighted": 0.9670551960370011,
    "auroc_macro": 0.9982122500000001,
    "auroc_weighted": 0.9982122499999999,
    "auprc_macro": 0.9932608678369281
  },
  "per_class_metrics": {
    "0": {
      "precision": 0.954864593781344,
      "recall": 0.952,
      "f1": 0.9534301452178267,
      "specificity": 0.98875,
      "fpr": 0.01125,
      "fnr": 0.048,
      "auroc": 0.9970081250000001,
      "auprc": 0.9890414330955138,
      "support": 1000,
      "tp": 952,
      "tn": 3955,
      "fp": 45,
      "fn": 48
    },
    "1": {
      "precision": 0.9887755102040816,
      "recall": 0.969,
      "f1": 0.9787878787878789,
      "specificity": 0.99725,
      "fpr": 0.00275,
      "fnr": 0.031,
      "auroc": 0.99897575,
      "auprc": 0.997429840371181,
      "support": 1000,
      "tp": 969,
      "tn": 3989,
      "fp": 11,
      "fn": 31
    },
    "2": {
      "precision": 0.9352306182531894,
      "recall": 0.953,
      "f1": 0.9440316988608223,
      "specificity": 0.9835,
      "fpr": 0.0165,
      "fnr": 0.047,
      "auroc": 0.996252125,
      "auprc": 0.9844119797986267,
      "support": 1000,
      "tp": 953,
      "tn": 3934,
      "fp": 66,
      "fn": 47
    },
    "3": {
      "precision": 0.9838220424671386,
      "recall": 0.973,
      "f1": 0.9783810960281548,
      "specificity": 0.996,
      "fpr": 0.004,
      "fnr": 0.027,
      "auroc": 0.99930025,
      "auprc": 0.9973677879939624,
      "support": 1000,
      "tp": 973,
      "tn": 3984,
      "fp": 16,
      "fn": 27
    },
    "4": {
      "precision": 0.9733990147783251,
      "recall": 0.988,
      "f1": 0.9806451612903226,
      "specificity": 0.99325,
      "fpr": 0.00675,
      "fnr": 0.012,
      "auroc": 0.999525,
      "auprc": 0.9980532979253562,
      "support": 1000,
      "tp": 988,
      "tn": 3973,
      "fp": 27,
      "fn": 12
    }
  },
  "confusion_matrix": [
    [
      952,
      4,
      40,
      4,
      0
    ],
    [
      5,
      969,
      26,
      0,
      0
    ],
    [
      40,
      7,
      953,
      0,
      0
    ],
    [
      0,
      0,
      0,
      973,
      27
    ],
    [
      0,
      0,
      0,
      12,
      988
    ]
  ]
}