{
  "experiment": "exp3",
  "condition": {
    "num_classes": 4,
    "class_list": [
      1,
      5,
      7,
      9
    ],
    "class_names": [
      "Trouser",
      "Sandal",
      "Sneaker",
      "Ankle boot"
    ],
    "combo_idx": 4,
    "subset_pct": 10,
    "num_samples": 2400,
    "samples_per_class": 600,
    "train_samples": 2160,
    "val_samples": 240,
    "test_samples": 4000
  },
  "seed": 20194682,
  "timestamp": "2026-01-17T21:28:03.013000",
  "training_dynamics": {
    "epochs_trained": 23,
    "best_epoch": 13,
    "best_val_accuracy": 0.975,
    "final_train_loss": 0.003679021571716636,
    "final_val_loss": 0.14524080952008564,
    "training_time_seconds": 2.403247117996216
  },
  "training_history": {
    "train_loss": [
      0.36399355202036743,
      0.1419546875883551,
      0.09217404634417857,
      0.06644529504153658,
      0.05095634049297694,
      0.053174267632558066,
      0.050635948722415114,
      0.019523577586583355,
      0.0158105611883323,
      0.022999547024750534,
      0.010743632902363864,
      0.005657607714323711,
      0.003964506613128298,
      0.0022272055139183067,
      0.0020260068678694286,
      0.0011836867987072123,
      0.0007460961835878313,
      0.009611745743099805,
      0.053248641998781,
      0.02141008458292002,
      0.009310279254243463,
      0.006383778591578662,
      0.003679021571716636
    ],
    "val_loss": [
      0.16659429172674814,
      0.21780695815881093,
      0.14814915557702382,
      0.12529624948898951,
      0.14131846129894257,
      0.20439590414365133,
      0.13066985110441845,
      0.18580477833747863,
      0.12643441980083783,
      0.09885914996266365,
      0.12304628839095434,
      0.13010338544845582,
      0.08516727723181247,
      0.15261037548383077,
      0.11337017298986514,
      0.14490056882301966,
      0.12972577959299086,
      0.25330079595247906,
      0.16834788223107655,
      0.1538278212149938,
      0.15723693867524466,
      0.13960429305831593,
      0.14524080952008564
    ],
    "val_accuracy": [
      0.9458333333333333,
      0.9291666666666667,
      0.9541666666666667,
      0.95,
      0.9625,
      0.9416666666666667,
      0.9666666666666667,
      0.9583333333333334,
      0.9625,
      0.975,
      0.9666666666666667,
      0.9666666666666667,
      0.975,
      0.975,
      0.9708333333333333,
      0.9666666666666667,
      0.975,
      0.9416666666666667,
      0.9625,
      0.9541666666666667,
      0.95,
      0.9666666666666667,
      0.9541666666666667
    ]
  },
  "global_metrics": {
    "accuracy": 0.96725,
    "balanced_accuracy": 0.9672499999999999,
    "top_3_accuracy": 1.0,
    "top_5_accuracy": 1.0,
    "log_loss": 0.15052170644293814,
    "mcc": 0.9563521417770732,
    "cohens_kappa": 0.9563333333333334,
    "precision_macro": 0.9673531364032493,
    "precision_micro": 0.96725,
    "precision_weighted": 0.9673531364032493,
    "recall_macro": 0.9672499999999999,
    "recall_micro": 0.96725,
    "recall_weighted": 0.96725,
    "f1_macro": 0.9672733663655427,
    "f1_micro": 0.96725,
    "f1_weighted": 0.9672733663655427,
    "auroc_macro": 0.9971437916666667,
    "auroc_weighted": 0.9971437916666668,
    "auprc_macro": 0.9924582167798494
  },
  "per_class_metrics": {
    "0": {
      "precision": 1.0,
      "recall": 0.998,
      "f1": 0.998998998998999,
      "specificity": 1.0,
      "fpr": 0.0,
      "fnr": 0.002,
      "auroc": 0.9999956666666666,
      "auprc": 0.9999871422924901,
      "support": 1000,
      "tp": 998,
      "tn": 3000,
      "fp": 0,
      "fn": 2
    },
    "1": {
      "precision": 0.9651394422310757,
      "recall": 0.969,
      "f1": 0.967065868263473,
      "specificity": 0.9883333333333333,
      "fpr": 0.011666666666666667,
      "fnr": 0.031,
      "auroc": 0.9968600000000001,
      "auprc": 0.992938677787175,
      "support": 1000,
      "tp": 969,
      "tn": 2965,
      "fp": 35,
      "fn": 31
    },
    "2": {
      "precision": 0.9398422090729783,
      "recall": 0.953,
      "f1": 0.9463753723932473,
      "specificity": 0.9796666666666667,
      "fpr": 0.02033333333333333,
      "fnr": 0.047,
      "auroc": 0.9955165,
      "auprc": 0.9858310932850813,
      "support": 1000,
      "tp": 953,
      "tn": 2939,
      "fp": 61,
      "fn": 47
    },
    "3": {
      "precision": 0.9644308943089431,
      "recall": 0.949,
      "f1": 0.9566532258064516,
      "specificity": 0.9883333333333333,
      "fpr": 0.011666666666666667,
      "fnr": 0.051,
      "auroc": 0.996203,
      "auprc": 0.9910759537546513,
      "support": 1000,
      "tp": 949,
      "tn": 2965,
      "fp": 35,
      "fn": 51
    }
  },
  "confusion_matrix": [
    [
      998,
      2,
      0,
      0
    ],
    [
      0,
      969,
      22,
      9
    ],
    [
      0,
      21,
      953,
      26
    ],
    [
      0,
      12,
      39,
      949
    ]
  ]
}