{
  "experiment": "exp3",
  "condition": {
    "num_classes": 5,
    "class_list": [
      0,
      1,
      2,
      3,
      8
    ],
    "class_names": [
      "T-shirt/top",
      "Trouser",
      "Pullover",
      "Dress",
      "Bag"
    ],
    "combo_idx": 0,
    "subset_pct": 30,
    "num_samples": 9000,
    "samples_per_class": 1800,
    "train_samples": 8100,
    "val_samples": 900,
    "test_samples": 5000
  },
  "seed": 20194682,
  "timestamp": "2026-01-17T21:29:48.638207",
  "training_dynamics": {
    "epochs_trained": 17,
    "best_epoch": 7,
    "best_val_accuracy": 0.98,
    "final_train_loss": 0.019737971768078327,
    "final_val_loss": 0.1286594721343762,
    "training_time_seconds": 6.3961181640625
  },
  "training_history": {
    "train_loss": [
      0.3195202462081834,
      0.17196409219479936,
      0.13785761091711485,
      0.1086381155058859,
      0.09951146495506519,
      0.07183094020184921,
      0.06438389540774615,
      0.048035109496316106,
      0.04636832110686448,
      0.030442301792598617,
      0.030971174572015137,
      0.0344637981753459,
      0.02409363967663513,
      0.01481577117907206,
      0.012461593705981119,
      0.009326043264669051,
      0.019737971768078327
    ],
    "val_loss": [
      0.17198969099256728,
      0.1484585210432609,
      0.12320359850095378,
      0.13053775052643485,
      0.08993307705140777,
      0.10860287376058599,
      0.08838082884541816,
      0.10401396694748352,
      0.09636022907552413,
      0.12251386047780721,
      0.22828948700593577,
      0.10225994045225283,
      0.10741519908087664,
      0.10350618100537556,
      0.13100730981260617,
      0.11992881198697634,
      0.1286594721343762
    ],
    "val_accuracy": [
      0.9466666666666667,
      0.9455555555555556,
      0.9577777777777777,
      0.9566666666666667,
      0.98,
      0.9722222222222222,
      0.9744444444444444,
      0.9666666666666667,
      0.9722222222222222,
      0.9688888888888889,
      0.94,
      0.9711111111111111,
      0.9788888888888889,
      0.9777777777777777,
      0.9688888888888889,
      0.9755555555555555,
      0.9733333333333334
    ]
  },
  "global_metrics": {
    "accuracy": 0.9598,
    "balanced_accuracy": 0.9598000000000001,
    "top_3_accuracy": 0.9972,
    "top_5_accuracy": 1.0,
    "log_loss": 0.13174487325575346,
    "mcc": 0.9497871848961973,
    "cohens_kappa": 0.94975,
    "precision_macro": 0.9601069661700233,
    "precision_micro": 0.9598,
    "precision_weighted": 0.9601069661700234,
    "recall_macro": 0.9598000000000001,
    "recall_micro": 0.9598,
    "recall_weighted": 0.9598,
    "f1_macro": 0.9598799787614396,
    "f1_micro": 0.9598,
    "f1_weighted": 0.9598799787614396,
    "auroc_macro": 0.99700065,
    "auroc_weighted": 0.9970006499999999,
    "auprc_macro": 0.990160331059631
  },
  "per_class_metrics": {
    "0": {
      "precision": 0.9224054316197866,
      "recall": 0.951,
      "f1": 0.9364844903988183,
      "specificity": 0.98,
      "fpr": 0.02,
      "fnr": 0.049,
      "auroc": 0.99450625,
      "auprc": 0.9828706091313388,
      "support": 1000,
      "tp": 951,
      "tn": 3920,
      "fp": 80,
      "fn": 49
    },
    "1": {
      "precision": 0.9918367346938776,
      "recall": 0.972,
      "f1": 0.9818181818181819,
      "specificity": 0.998,
      "fpr": 0.002,
      "fnr": 0.028,
      "auroc": 0.99943575,
      "auprc": 0.9984279685096411,
      "support": 1000,
      "tp": 972,
      "tn": 3992,
      "fp": 8,
      "fn": 28
    },
    "2": {
      "precision": 0.9597989949748744,
      "recall": 0.955,
      "f1": 0.9573934837092732,
      "specificity": 0.99,
      "fpr": 0.01,
      "fnr": 0.045,
      "auroc": 0.99593925,
      "auprc": 0.9879028497350019,
      "support": 1000,
      "tp": 955,
      "tn": 3960,
      "fp": 40,
      "fn": 45
    },
    "3": {
      "precision": 0.9473684210526315,
      "recall": 0.936,
      "f1": 0.9416498993963782,
      "specificity": 0.987,
      "fpr": 0.013,
      "fnr": 0.064,
      "auroc": 0.99581425,
      "auprc": 0.9835687996782204,
      "support": 1000,
      "tp": 936,
      "tn": 3948,
      "fp": 52,
      "fn": 64
    },
    "4": {
      "precision": 0.9791252485089463,
      "recall": 0.985,
      "f1": 0.9820538384845463,
      "specificity": 0.99475,
      "fpr": 0.00525,
      "fnr": 0.015,
      "auroc": 0.99930775,
      "auprc": 0.9980314282439522,
      "support": 1000,
      "tp": 985,
      "tn": 3979,
      "fp": 21,
      "fn": 15
    }
  },
  "confusion_matrix": [
    [
      951,
      2,
      23,
      14,
      10
    ],
    [
      5,
      972,
      0,
      21,
      2
    ],
    [
      29,
      1,
      955,
      10,
      5
    ],
    [
      43,
      4,
      13,
      936,
      4
    ],
    [
      3,
      1,
      4,
      7,
      985
    ]
  ]
}