{
  "experiment": "exp3",
  "condition": {
    "num_classes": 9,
    "class_list": [
      0,
      1,
      2,
      3,
      4,
      5,
      6,
      7,
      8
    ],
    "class_names": [
      "T-shirt/top",
      "Trouser",
      "Pullover",
      "Dress",
      "Coat",
      "Sandal",
      "Shirt",
      "Sneaker",
      "Bag"
    ],
    "combo_idx": 0,
    "subset_pct": 50,
    "num_samples": 27000,
    "samples_per_class": 3000,
    "train_samples": 24300,
    "val_samples": 2700,
    "test_samples": 9000
  },
  "seed": 20194682,
  "timestamp": "2026-01-17T22:26:00.591793",
  "training_dynamics": {
    "epochs_trained": 18,
    "best_epoch": 8,
    "best_val_accuracy": 0.9207407407407407,
    "final_train_loss": 0.058028861230827476,
    "final_val_loss": 0.34148196560365185,
    "training_time_seconds": 21.48560357093811
  },
  "training_history": {
    "train_loss": [
      0.5303327277694878,
      0.3479537367232536,
      0.2946637868096954,
      0.26042238634667897,
      0.22609501457528064,
      0.20792842554418664,
      0.18836946988380268,
      0.1652163052931428,
      0.14482376712717507,
      0.12901767630522187,
      0.11576846919610705,
      0.10392318465746939,
      0.09135586725989063,
      0.08538811629589059,
      0.0761931681319287,
      0.06953810735997792,
      0.060281380227963,
      0.058028861230827476
    ],
    "val_loss": [
      0.35712694697909886,
      0.2946815949016147,
      0.2861978389819463,
      0.24793688544520626,
      0.24638295769691468,
      0.2649251355727514,
      0.248510301400114,
      0.23722452342510222,
      0.26472579624917775,
      0.25391679432657027,
      0.28447311017248367,
      0.2515114541406985,
      0.2888323501304344,
      0.30424162326035675,
      0.29881830089622075,
      0.30089052275375083,
      0.3486615914327127,
      0.34148196560365185
    ],
    "val_accuracy": [
      0.8681481481481481,
      0.89,
      0.8970370370370371,
      0.9174074074074074,
      0.912962962962963,
      0.9033333333333333,
      0.9174074074074074,
      0.92,
      0.9048148148148148,
      0.9192592592592592,
      0.9148148148148149,
      0.9144444444444444,
      0.9203703703703704,
      0.9074074074074074,
      0.9137037037037037,
      0.9207407407407407,
      0.9111111111111111,
      0.9159259259259259
    ]
  },
  "global_metrics": {
    "accuracy": 0.905,
    "balanced_accuracy": 0.9050000000000001,
    "top_3_accuracy": 0.9916666666666667,
    "top_5_accuracy": 0.9988888888888889,
    "log_loss": 0.272368418866772,
    "mcc": 0.8932017938443203,
    "cohens_kappa": 0.893125,
    "precision_macro": 0.9048636624795208,
    "precision_micro": 0.905,
    "precision_weighted": 0.9048636624795208,
    "recall_macro": 0.9050000000000001,
    "recall_micro": 0.905,
    "recall_weighted": 0.905,
    "f1_macro": 0.9046536038023346,
    "f1_micro": 0.905,
    "f1_weighted": 0.9046536038023346,
    "auroc_macro": 0.9924857152777778,
    "auroc_weighted": 0.9924857152777777,
    "auprc_macro": 0.9560505621250335
  },
  "per_class_metrics": {
    "0": {
      "precision": 0.8267644362969753,
      "recall": 0.902,
      "f1": 0.8627450980392156,
      "specificity": 0.976375,
      "fpr": 0.023625,
      "fnr": 0.098,
      "auroc": 0.9902278750000001,
      "auprc": 0.9401513407035582,
      "support": 1000,
      "tp": 902,
      "tn": 7811,
      "fp": 189,
      "fn": 98
    },
    "1": {
      "precision": 0.9928571428571429,
      "recall": 0.973,
      "f1": 0.9828282828282828,
      "specificity": 0.999125,
      "fpr": 0.000875,
      "fnr": 0.027,
      "auroc": 0.9996216250000001,
      "auprc": 0.9982317696280271,
      "support": 1000,
      "tp": 973,
      "tn": 7993,
      "fp": 7,
      "fn": 27
    },
    "2": {
      "precision": 0.8669354838709677,
      "recall": 0.86,
      "f1": 0.8634538152610441,
      "specificity": 0.9835,
      "fpr": 0.0165,
      "fnr": 0.14,
      "auroc": 0.98887925,
      "auprc": 0.937266515227935,
      "support": 1000,
      "tp": 860,
      "tn": 7868,
      "fp": 132,
      "fn": 140
    },
    "3": {
      "precision": 0.9029029029029029,
      "recall": 0.902,
      "f1": 0.9024512256128064,
      "specificity": 0.987875,
      "fpr": 0.012125,
      "fnr": 0.098,
      "auroc": 0.9953852499999999,
      "auprc": 0.9659470627051543,
      "support": 1000,
      "tp": 902,
      "tn": 7903,
      "fp": 97,
      "fn": 98
    },
    "4": {
      "precision": 0.8636836628511967,
      "recall": 0.83,
      "f1": 0.8465068842427332,
      "specificity": 0.983625,
      "fpr": 0.016375,
      "fnr": 0.17,
      "auroc": 0.990818125,
      "auprc": 0.9346328962585642,
      "support": 1000,
      "tp": 830,
      "tn": 7869,
      "fp": 131,
      "fn": 170
    },
    "5": {
      "precision": 0.9849699398797596,
      "recall": 0.983,
      "f1": 0.9839839839839841,
      "specificity": 0.998125,
      "fpr": 0.001875,
      "fnr": 0.017,
      "auroc": 0.99942725,
      "auprc": 0.9971639386582865,
      "support": 1000,
      "tp": 983,
      "tn": 7985,
      "fp": 15,
      "fn": 17
    },
    "6": {
      "precision": 0.7481713688610241,
      "recall": 0.716,
      "f1": 0.7317322432294329,
      "specificity": 0.969875,
      "fpr": 0.030125,
      "fnr": 0.284,
      "auroc": 0.968717,
      "auprc": 0.8351255338073498,
      "support": 1000,
      "tp": 716,
      "tn": 7759,
      "fp": 241,
      "fn": 284
    },
    "7": {
      "precision": 0.9821428571428571,
      "recall": 0.99,
      "f1": 0.9860557768924304,
      "specificity": 0.99775,
      "fpr": 0.00225,
      "fnr": 0.01,
      "auroc": 0.9998135625,
      "auprc": 0.9985188548235852,
      "support": 1000,
      "tp": 990,
      "tn": 7982,
      "fp": 18,
      "fn": 10
    },
    "8": {
      "precision": 0.97534516765286,
      "recall": 0.989,
      "f1": 0.9821251241310824,
      "specificity": 0.996875,
      "fpr": 0.003125,
      "fnr": 0.011,
      "auroc": 0.9994814999999999,
      "auprc": 0.9974171473128415,
      "support": 1000,
      "tp": 989,
      "tn": 7975,
      "fp": 25,
      "fn": 11
    }
  },
  "confusion_matrix": [
    [
      902,
      0,
      11,
      10,
      3,
      1,
      68,
      0,
      5
    ],
    [
      4,
      973,
      1,
      15,
      2,
      0,
      3,
      0,
      2
    ],
    [
      17,
      2,
      860,
      10,
      51,
      0,
      59,
      0,
      1
    ],
    [
      35,
      4,
      7,
      902,
      19,
      0,
      30,
      0,
      3
    ],
    [
      0,
      1,
      54,
      33,
      830,
      1,
      79,
      0,
      2
    ],
    [
      0,
      0,
      0,
      0,
      0,
      983,
      0,
      17,
      0
    ],
    [
      132,
      0,
      59,
      26,
      55,
      0,
      716,
      0,
      12
    ],
    [
      0,
      0,
      0,
      0,
      0,
      10,
      0,
      990,
      0
    ],
    [
      1,
      0,
      0,
      3,
      1,
      3,
      2,
      1,
      989
    ]
  ]
}