{
  "experiment": "exp3",
  "condition": {
    "num_classes": 5,
    "class_list": [
      0,
      1,
      3,
      5,
      7
    ],
    "class_names": [
      "T-shirt/top",
      "Trouser",
      "Dress",
      "Sandal",
      "Sneaker"
    ],
    "combo_idx": 2,
    "subset_pct": 40,
    "num_samples": 12000,
    "samples_per_class": 2400,
    "train_samples": 10800,
    "val_samples": 1200,
    "test_samples": 5000
  },
  "seed": 20194682,
  "timestamp": "2026-01-17T21:34:17.300959",
  "training_dynamics": {
    "epochs_trained": 13,
    "best_epoch": 3,
    "best_val_accuracy": 0.9808333333333333,
    "final_train_loss": 0.013097950265196582,
    "final_val_loss": 0.09299003768867503,
    "training_time_seconds": 6.707648754119873
  },
  "training_history": {
    "train_loss": [
      0.22599038790316273,
      0.11200862409293476,
      0.08191793377803275,
      0.06383422668472197,
      0.050130565971764324,
      0.039691850412829875,
      0.032420538245636926,
      0.02913954957304302,
      0.01964512415892946,
      0.02675582020723994,
      0.016093222820647776,
      0.011758895564725149,
      0.013097950265196582
    ],
    "val_loss": [
      0.10784029205640157,
      0.09977898915608724,
      0.06757738793889681,
      0.06865688910086949,
      0.09205062958101431,
      0.07101885735988617,
      0.08135384454081455,
      0.08816131984815001,
      0.10885282604644696,
      0.08338510832438867,
      0.07654264900833369,
      0.09460386619592706,
      0.09299003768867503
    ],
    "val_accuracy": [
      0.965,
      0.9675,
      0.975,
      0.9733333333333334,
      0.9683333333333334,
      0.9766666666666667,
      0.975,
      0.9716666666666667,
      0.9733333333333334,
      0.9791666666666666,
      0.9791666666666666,
      0.9783333333333334,
      0.9808333333333333
    ]
  },
  "global_metrics": {
    "accuracy": 0.9724,
    "balanced_accuracy": 0.9724,
    "top_3_accuracy": 1.0,
    "top_5_accuracy": 1.0,
    "log_loss": 0.08523275580027823,
    "mcc": 0.9655522377891348,
    "cohens_kappa": 0.9655,
    "precision_macro": 0.9726072081415815,
    "precision_micro": 0.9724,
    "precision_weighted": 0.9726072081415815,
    "recall_macro": 0.9724,
    "recall_micro": 0.9724,
    "recall_weighted": 0.9724,
    "f1_macro": 0.9724011515890693,
    "f1_micro": 0.9724,
    "f1_weighted": 0.9724011515890694,
    "auroc_macro": 0.9986360999999999,
    "auroc_weighted": 0.9986361,
    "auprc_macro": 0.9948316042031522
  },
  "per_class_metrics": {
    "0": {
      "precision": 0.9420849420849421,
      "recall": 0.976,
      "f1": 0.9587426326129667,
      "specificity": 0.985,
      "fpr": 0.015,
      "fnr": 0.024,
      "auroc": 0.9976037500000001,
      "auprc": 0.9918333303037042,
      "support": 1000,
      "tp": 976,
      "tn": 3940,
      "fp": 60,
      "fn": 24
    },
    "1": {
      "precision": 0.9878419452887538,
      "recall": 0.975,
      "f1": 0.9813789632611978,
      "specificity": 0.997,
      "fpr": 0.003,
      "fnr": 0.025,
      "auroc": 0.999449,
      "auprc": 0.9981482078832494,
      "support": 1000,
      "tp": 975,
      "tn": 3988,
      "fp": 12,
      "fn": 25
    },
    "2": {
      "precision": 0.9620512820512821,
      "recall": 0.938,
      "f1": 0.949873417721519,
      "specificity": 0.99075,
      "fpr": 0.00925,
      "fnr": 0.062,
      "auroc": 0.9971825,
      "auprc": 0.9882755969900049,
      "support": 1000,
      "tp": 938,
      "tn": 3963,
      "fp": 37,
      "fn": 62
    },
    "3": {
      "precision": 0.9879396984924623,
      "recall": 0.983,
      "f1": 0.9854636591478697,
      "specificity": 0.997,
      "fpr": 0.003,
      "fnr": 0.017,
      "auroc": 0.9994164999999999,
      "auprc": 0.9979654659321351,
      "support": 1000,
      "tp": 983,
      "tn": 3988,
      "fp": 12,
      "fn": 17
    },
    "4": {
      "precision": 0.9831181727904668,
      "recall": 0.99,
      "f1": 0.9865470852017938,
      "specificity": 0.99575,
      "fpr": 0.00425,
      "fnr": 0.01,
      "auroc": 0.99952875,
      "auprc": 0.9979354199066666,
      "support": 1000,
      "tp": 990,
      "tn": 3983,
      "fp": 17,
      "fn": 10
    }
  },
  "confusion_matrix": [
    [
      976,
      0,
      22,
      2,
      0
    ],
    [
      10,
      975,
      15,
      0,
      0
    ],
    [
      50,
      12,
      938,
      0,
      0
    ],
    [
      0,
      0,
      0,
      983,
      17
    ],
    [
      0,
      0,
      0,
      10,
      990
    ]
  ]
}