{
  "experiment": "exp3",
  "condition": {
    "num_classes": 6,
    "class_list": [
      0,
      2,
      4,
      5,
      7,
      8
    ],
    "class_names": [
      "T-shirt/top",
      "Pullover",
      "Coat",
      "Sandal",
      "Sneaker",
      "Bag"
    ],
    "combo_idx": 2,
    "subset_pct": 40,
    "num_samples": 14400,
    "samples_per_class": 2400,
    "train_samples": 12960,
    "val_samples": 1440,
    "test_samples": 6000
  },
  "seed": 20194682,
  "timestamp": "2026-01-17T21:45:57.017073",
  "training_dynamics": {
    "epochs_trained": 19,
    "best_epoch": 9,
    "best_val_accuracy": 0.9590277777777778,
    "final_train_loss": 0.023572626001238273,
    "final_val_loss": 0.20701941442158486,
    "training_time_seconds": 12.166727781295776
  },
  "training_history": {
    "train_loss": [
      0.3458173406388372,
      0.18310297309911897,
      0.15137901806772636,
      0.12585741522827465,
      0.10251752255952416,
      0.09239941765210165,
      0.0781127396796651,
      0.06830786502796221,
      0.06422165754076846,
      0.055431778019688696,
      0.04890177833326987,
      0.04828687811160249,
      0.038829606600459025,
      0.03301415036104418,
      0.029804079172464106,
      0.029394627632194754,
      0.027483727629273542,
      0.02734148590607578,
      0.023572626001238273
    ],
    "val_loss": [
      0.21153927445411683,
      0.1771691812409295,
      0.15324163122309578,
      0.16104762603839237,
      0.15544057157304553,
      0.14793573692440987,
      0.16077111264069874,
      0.16035001625617346,
      0.14147666974200143,
      0.16144139042331113,
      0.1519717597299152,
      0.1600883743001355,
      0.15671569796072113,
      0.15201921885212263,
      0.2312317614754041,
      0.1956641188926167,
      0.15556872263550758,
      0.20224809729390675,
      0.20701941442158486
    ],
    "val_accuracy": [
      0.9173611111111111,
      0.9402777777777778,
      0.9444444444444444,
      0.9465277777777777,
      0.9520833333333333,
      0.9506944444444444,
      0.9479166666666666,
      0.95,
      0.9513888888888888,
      0.9527777777777777,
      0.9534722222222223,
      0.9534722222222223,
      0.9541666666666667,
      0.9527777777777777,
      0.9416666666666667,
      0.9486111111111111,
      0.9590277777777778,
      0.9472222222222222,
      0.9486111111111111
    ]
  },
  "global_metrics": {
    "accuracy": 0.9546666666666667,
    "balanced_accuracy": 0.9546666666666668,
    "top_3_accuracy": 0.9985,
    "top_5_accuracy": 1.0,
    "log_loss": 0.13439100470798637,
    "mcc": 0.9456601143719662,
    "cohens_kappa": 0.9456,
    "precision_macro": 0.9549376539398908,
    "precision_micro": 0.9546666666666667,
    "precision_weighted": 0.9549376539398908,
    "recall_macro": 0.9546666666666668,
    "recall_micro": 0.9546666666666667,
    "recall_weighted": 0.9546666666666667,
    "f1_macro": 0.9546575306713824,
    "f1_micro": 0.9546666666666667,
    "f1_weighted": 0.9546575306713824,
    "auroc_macro": 0.9972099833333333,
    "auroc_weighted": 0.9972099833333333,
    "auprc_macro": 0.9877516476905576
  },
  "per_class_metrics": {
    "0": {
      "precision": 0.9657603222557906,
      "recall": 0.959,
      "f1": 0.9623682890115404,
      "specificity": 0.9932,
      "fpr": 0.0068,
      "fnr": 0.041,
      "auroc": 0.9983377999999999,
      "auprc": 0.9925035427859583,
      "support": 1000,
      "tp": 959,
      "tn": 4966,
      "fp": 34,
      "fn": 41
    },
    "1": {
      "precision": 0.9089968976215098,
      "recall": 0.879,
      "f1": 0.8937468225724454,
      "specificity": 0.9824,
      "fpr": 0.0176,
      "fnr": 0.121,
      "auroc": 0.9916322,
      "auprc": 0.9656948517523481,
      "support": 1000,
      "tp": 879,
      "tn": 4912,
      "fp": 88,
      "fn": 121
    },
    "2": {
      "precision": 0.8985645933014355,
      "recall": 0.939,
      "f1": 0.9183374083129583,
      "specificity": 0.9788,
      "fpr": 0.0212,
      "fnr": 0.061,
      "auroc": 0.9947456,
      "auprc": 0.9734182765936754,
      "support": 1000,
      "tp": 939,
      "tn": 4894,
      "fp": 106,
      "fn": 61
    },
    "3": {
      "precision": 0.9878665318503539,
      "recall": 0.977,
      "f1": 0.9824032176973354,
      "specificity": 0.9976,
      "fpr": 0.0024,
      "fnr": 0.023,
      "auroc": 0.9990036,
      "auprc": 0.9972308041960112,
      "support": 1000,
      "tp": 977,
      "tn": 4988,
      "fp": 12,
      "fn": 23
    },
    "4": {
      "precision": 0.9735034347399412,
      "recall": 0.992,
      "f1": 0.9826646854878653,
      "specificity": 0.9946,
      "fpr": 0.0054,
      "fnr": 0.008,
      "auroc": 0.9997303000000001,
      "auprc": 0.9985678943866619,
      "support": 1000,
      "tp": 992,
      "tn": 4973,
      "fp": 27,
      "fn": 8
    },
    "5": {
      "precision": 0.9949341438703141,
      "recall": 0.982,
      "f1": 0.98842476094615,
      "specificity": 0.999,
      "fpr": 0.001,
      "fnr": 0.018,
      "auroc": 0.9998104000000001,
      "auprc": 0.9990945164286903,
      "support": 1000,
      "tp": 982,
      "tn": 4995,
      "fp": 5,
      "fn": 18
    }
  },
  "confusion_matrix": [
    [
      959,
      27,
      9,
      1,
      0,
      4
    ],
    [
      26,
      879,
      94,
      0,
      0,
      1
    ],
    [
      3,
      58,
      939,
      0,
      0,
      0
    ],
    [
      0,
      0,
      0,
      977,
      23,
      0
    ],
    [
      0,
      0,
      0,
      8,
      992,
      0
    ],
    [
      5,
      3,
      3,
      3,
      4,
      982
    ]
  ]
}