{
  "experiment": "exp3",
  "condition": {
    "num_classes": 8,
    "class_list": [
      0,
      1,
      3,
      4,
      5,
      6,
      7,
      8
    ],
    "class_names": [
      "T-shirt/top",
      "Trouser",
      "Dress",
      "Coat",
      "Sandal",
      "Shirt",
      "Sneaker",
      "Bag"
    ],
    "combo_idx": 1,
    "subset_pct": 50,
    "num_samples": 24000,
    "samples_per_class": 3000,
    "train_samples": 21600,
    "val_samples": 2400,
    "test_samples": 8000
  },
  "seed": 20194682,
  "timestamp": "2026-01-17T22:11:40.908559",
  "training_dynamics": {
    "epochs_trained": 19,
    "best_epoch": 9,
    "best_val_accuracy": 0.94125,
    "final_train_loss": 0.04064292809237125,
    "final_val_loss": 0.26770651824772357,
    "training_time_seconds": 19.16878390312195
  },
  "training_history": {
    "train_loss": [
      0.43319818011578726,
      0.27549638711577334,
      0.22946251903456696,
      0.19547839973055753,
      0.1766983459224186,
      0.15373206146877016,
      0.13639240782465456,
      0.12076692327790887,
      0.10540092948096744,
      0.0936816665123509,
      0.08953226344197018,
      0.07583665469049658,
      0.06482447856436512,
      0.06136345937600106,
      0.05638843862313678,
      0.05149021548923028,
      0.044514753224780046,
      0.043971745643114464,
      0.04064292809237125
    ],
    "val_loss": [
      0.24681800802548726,
      0.21142303287982941,
      0.18142243921756745,
      0.18798727283875147,
      0.1890076564749082,
      0.19049370874961216,
      0.18913651376962662,
      0.20793823629617691,
      0.16527241289615632,
      0.19016896386941273,
      0.17893086989720663,
      0.20915699819723765,
      0.18588358610868455,
      0.20591583828131357,
      0.23762092540661495,
      0.23628717492024104,
      0.21239475220441817,
      0.2133332731326421,
      0.26770651824772357
    ],
    "val_accuracy": [
      0.8991666666666667,
      0.9204166666666667,
      0.9270833333333334,
      0.93,
      0.9283333333333333,
      0.9325,
      0.9283333333333333,
      0.9266666666666666,
      0.9379166666666666,
      0.9341666666666667,
      0.94125,
      0.9370833333333334,
      0.9370833333333334,
      0.9345833333333333,
      0.9266666666666666,
      0.93,
      0.9379166666666666,
      0.9345833333333333,
      0.9345833333333333
    ]
  },
  "global_metrics": {
    "accuracy": 0.920625,
    "balanced_accuracy": 0.920625,
    "top_3_accuracy": 0.994,
    "top_5_accuracy": 0.9995,
    "log_loss": 0.228043126652404,
    "mcc": 0.909344709937505,
    "cohens_kappa": 0.9092857142857143,
    "precision_macro": 0.921605047735838,
    "precision_micro": 0.920625,
    "precision_weighted": 0.9216050477358378,
    "recall_macro": 0.920625,
    "recall_micro": 0.920625,
    "recall_weighted": 0.920625,
    "f1_macro": 0.9209103080687956,
    "f1_micro": 0.920625,
    "f1_weighted": 0.9209103080687956,
    "auroc_macro": 0.9943363571428572,
    "auroc_weighted": 0.9943363571428571,
    "auprc_macro": 0.967894973207156
  },
  "per_class_metrics": {
    "0": {
      "precision": 0.8496669838249287,
      "recall": 0.893,
      "f1": 0.870794734275963,
      "specificity": 0.9774285714285714,
      "fpr": 0.022571428571428572,
      "fnr": 0.107,
      "auroc": 0.9908779999999999,
      "auprc": 0.9444692856962053,
      "support": 1000,
      "tp": 893,
      "tn": 6842,
      "fp": 158,
      "fn": 107
    },
    "1": {
      "precision": 0.9929221435793731,
      "recall": 0.982,
      "f1": 0.987430869783811,
      "specificity": 0.999,
      "fpr": 0.001,
      "fnr": 0.018,
      "auroc": 0.9996421428571428,
      "auprc": 0.9985431674849828,
      "support": 1000,
      "tp": 982,
      "tn": 6993,
      "fp": 7,
      "fn": 18
    },
    "2": {
      "precision": 0.9345991561181435,
      "recall": 0.886,
      "f1": 0.9096509240246407,
      "specificity": 0.9911428571428571,
      "fpr": 0.008857142857142857,
      "fnr": 0.114,
      "auroc": 0.9953704285714287,
      "auprc": 0.9702033122089024,
      "support": 1000,
      "tp": 886,
      "tn": 6938,
      "fp": 62,
      "fn": 114
    },
    "3": {
      "precision": 0.891260162601626,
      "recall": 0.877,
      "f1": 0.8840725806451613,
      "specificity": 0.9847142857142858,
      "fpr": 0.015285714285714286,
      "fnr": 0.123,
      "auroc": 0.993983,
      "auprc": 0.9627751905854793,
      "support": 1000,
      "tp": 877,
      "tn": 6893,
      "fp": 107,
      "fn": 123
    },
    "4": {
      "precision": 0.9640077821011673,
      "recall": 0.991,
      "f1": 0.9773175542406313,
      "specificity": 0.9947142857142857,
      "fpr": 0.005285714285714286,
      "fnr": 0.009,
      "auroc": 0.9997927142857143,
      "auprc": 0.9986462647169013,
      "support": 1000,
      "tp": 991,
      "tn": 6963,
      "fp": 37,
      "fn": 9
    },
    "5": {
      "precision": 0.7705882352941177,
      "recall": 0.786,
      "f1": 0.7782178217821784,
      "specificity": 0.9665714285714285,
      "fpr": 0.033428571428571426,
      "fnr": 0.214,
      "auroc": 0.9755644285714286,
      "auprc": 0.8718882345696045,
      "support": 1000,
      "tp": 786,
      "tn": 6766,
      "fp": 234,
      "fn": 214
    },
    "6": {
      "precision": 0.9897959183673469,
      "recall": 0.97,
      "f1": 0.9797979797979798,
      "specificity": 0.9985714285714286,
      "fpr": 0.0014285714285714286,
      "fnr": 0.03,
      "auroc": 0.999755,
      "auprc": 0.9984131260668273,
      "support": 1000,
      "tp": 970,
      "tn": 6990,
      "fp": 10,
      "fn": 30
    },
    "7": {
      "precision": 0.98,
      "recall": 0.98,
      "f1": 0.98,
      "specificity": 0.9971428571428571,
      "fpr": 0.002857142857142857,
      "fnr": 0.02,
      "auroc": 0.9997051428571428,
      "auprc": 0.9982212043283449,
      "support": 1000,
      "tp": 980,
      "tn": 6980,
      "fp": 20,
      "fn": 20
    }
  },
  "confusion_matrix": [
    [
      893,
      0,
      8,
      2,
      1,
      90,
      0,
      6
    ],
    [
      3,
      982,
      9,
      2,
      0,
      2,
      0,
      2
    ],
    [
      27,
      4,
      886,
      36,
      0,
      44,
      0,
      3
    ],
    [
      2,
      0,
      22,
      877,
      1,
      96,
      0,
      2
    ],
    [
      1,
      0,
      0,
      0,
      991,
      0,
      8,
      0
    ],
    [
      121,
      2,
      19,
      65,
      0,
      786,
      0,
      7
    ],
    [
      0,
      0,
      0,
      0,
      30,
      0,
      970,
      0
    ],
    [
      4,
      1,
      4,
      2,
      5,
      2,
      2,
      980
    ]
  ]
}