{
  "experiment": "exp3",
  "condition": {
    "num_classes": 9,
    "class_list": [
      0,
      1,
      3,
      4,
      5,
      6,
      7,
      8,
      9
    ],
    "class_names": [
      "T-shirt/top",
      "Trouser",
      "Dress",
      "Coat",
      "Sandal",
      "Shirt",
      "Sneaker",
      "Bag",
      "Ankle boot"
    ],
    "combo_idx": 3,
    "subset_pct": 40,
    "num_samples": 21600,
    "samples_per_class": 2400,
    "train_samples": 19440,
    "val_samples": 2160,
    "test_samples": 9000
  },
  "seed": 20194682,
  "timestamp": "2026-01-17T22:36:45.557671",
  "training_dynamics": {
    "epochs_trained": 16,
    "best_epoch": 6,
    "best_val_accuracy": 0.9305555555555556,
    "final_train_loss": 0.05034791106146785,
    "final_val_loss": 0.2601645960851952,
    "training_time_seconds": 14.944956064224243
  },
  "training_history": {
    "train_loss": [
      0.4640680646621867,
      0.2909410774070573,
      0.2404979585032714,
      0.20572819896532515,
      0.1857182082327965,
      0.16468347111520798,
      0.14144569115811273,
      0.12463383245477944,
      0.10304803662247171,
      0.09858809563172001,
      0.08136113025370593,
      0.07978477931541611,
      0.06954461691508952,
      0.06243950562661906,
      0.0508475283124043,
      0.05034791106146785
    ],
    "val_loss": [
      0.26854528718524506,
      0.2359741238532243,
      0.25207527511649663,
      0.2106571446966242,
      0.2201408478948805,
      0.18275207060354728,
      0.19519599676132202,
      0.19183588822682698,
      0.22155520860795622,
      0.23218956379978745,
      0.23976751455554254,
      0.23438819779290093,
      0.22950844588103117,
      0.23823737325491728,
      0.21624878843625386,
      0.2601645960851952
    ],
    "val_accuracy": [
      0.8870370370370371,
      0.9041666666666667,
      0.8967592592592593,
      0.9171296296296296,
      0.9115740740740741,
      0.9305555555555556,
      0.924074074074074,
      0.9282407407407407,
      0.9171296296296296,
      0.9171296296296296,
      0.9175925925925926,
      0.9217592592592593,
      0.9208333333333333,
      0.9263888888888889,
      0.9259259259259259,
      0.9236111111111112
    ]
  },
  "global_metrics": {
    "accuracy": 0.9174444444444444,
    "balanced_accuracy": 0.9174444444444444,
    "top_3_accuracy": 0.994,
    "top_5_accuracy": 0.9995555555555555,
    "log_loss": 0.2234840069774381,
    "mcc": 0.9072143146056733,
    "cohens_kappa": 0.907125,
    "precision_macro": 0.9192105559964655,
    "precision_micro": 0.9174444444444444,
    "precision_weighted": 0.9192105559964655,
    "recall_macro": 0.9174444444444444,
    "recall_micro": 0.9174444444444444,
    "recall_weighted": 0.9174444444444444,
    "f1_macro": 0.918010903568434,
    "f1_micro": 0.9174444444444444,
    "f1_weighted": 0.918010903568434,
    "auroc_macro": 0.9947167708333333,
    "auroc_weighted": 0.9947167708333333,
    "auprc_macro": 0.9668319776770049
  },
  "per_class_metrics": {
    "0": {
      "precision": 0.8755230125523012,
      "recall": 0.837,
      "f1": 0.8558282208588958,
      "specificity": 0.985125,
      "fpr": 0.014875,
      "fnr": 0.163,
      "auroc": 0.9907585000000001,
      "auprc": 0.9379271248741414,
      "support": 1000,
      "tp": 837,
      "tn": 7881,
      "fp": 119,
      "fn": 163
    },
    "1": {
      "precision": 0.9948770491803278,
      "recall": 0.971,
      "f1": 0.9827935222672065,
      "specificity": 0.999375,
      "fpr": 0.000625,
      "fnr": 0.029,
      "auroc": 0.9996812500000001,
      "auprc": 0.9984551177244604,
      "support": 1000,
      "tp": 971,
      "tn": 7995,
      "fp": 5,
      "fn": 29
    },
    "2": {
      "precision": 0.8892128279883382,
      "recall": 0.915,
      "f1": 0.9019221291276491,
      "specificity": 0.98575,
      "fpr": 0.01425,
      "fnr": 0.085,
      "auroc": 0.9949970625,
      "auprc": 0.9663787566888122,
      "support": 1000,
      "tp": 915,
      "tn": 7886,
      "fp": 114,
      "fn": 85
    },
    "3": {
      "precision": 0.9047619047619048,
      "recall": 0.855,
      "f1": 0.8791773778920309,
      "specificity": 0.98875,
      "fpr": 0.01125,
      "fnr": 0.145,
      "auroc": 0.994458,
      "auprc": 0.9597261005308108,
      "support": 1000,
      "tp": 855,
      "tn": 7910,
      "fp": 90,
      "fn": 145
    },
    "4": {
      "precision": 0.9714003944773175,
      "recall": 0.985,
      "f1": 0.9781529294935453,
      "specificity": 0.996375,
      "fpr": 0.003625,
      "fnr": 0.015,
      "auroc": 0.9997385,
      "auprc": 0.9980705053802468,
      "support": 1000,
      "tp": 985,
      "tn": 7971,
      "fp": 29,
      "fn": 15
    },
    "5": {
      "precision": 0.7322907083716651,
      "recall": 0.796,
      "f1": 0.7628174413033062,
      "specificity": 0.963625,
      "fpr": 0.036375,
      "fnr": 0.204,
      "auroc": 0.975615375,
      "auprc": 0.8579408802951506,
      "support": 1000,
      "tp": 796,
      "tn": 7709,
      "fp": 291,
      "fn": 204
    },
    "6": {
      "precision": 0.958041958041958,
      "recall": 0.959,
      "f1": 0.9585207396301849,
      "specificity": 0.99475,
      "fpr": 0.00525,
      "fnr": 0.041,
      "auroc": 0.999053,
      "auprc": 0.9926933897728696,
      "support": 1000,
      "tp": 959,
      "tn": 7958,
      "fp": 42,
      "fn": 41
    },
    "7": {
      "precision": 0.9789156626506024,
      "recall": 0.975,
      "f1": 0.9769539078156313,
      "specificity": 0.997375,
      "fpr": 0.002625,
      "fnr": 0.025,
      "auroc": 0.999176625,
      "auprc": 0.9964402854743865,
      "support": 1000,
      "tp": 975,
      "tn": 7979,
      "fp": 21,
      "fn": 25
    },
    "8": {
      "precision": 0.9678714859437751,
      "recall": 0.964,
      "f1": 0.9659318637274549,
      "specificity": 0.996,
      "fpr": 0.004,
      "fnr": 0.036,
      "auroc": 0.998972625,
      "auprc": 0.9938556383521655,
      "support": 1000,
      "tp": 964,
      "tn": 7968,
      "fp": 32,
      "fn": 36
    }
  },
  "confusion_matrix": [
    [
      837,
      0,
      21,
      3,
      3,
      130,
      0,
      6,
      0
    ],
    [
      3,
      971,
      19,
      2,
      0,
      5,
      0,
      0,
      0
    ],
    [
      14,
      2,
      915,
      19,
      0,
      48,
      0,
      1,
      1
    ],
    [
      0,
      0,
      40,
      855,
      0,
      102,
      0,
      3,
      0
    ],
    [
      0,
      0,
      0,
      0,
      985,
      0,
      10,
      0,
      5
    ],
    [
      101,
      0,
      28,
      64,
      0,
      796,
      0,
      11,
      0
    ],
    [
      0,
      0,
      0,
      0,
      15,
      0,
      959,
      0,
      26
    ],
    [
      1,
      3,
      6,
      2,
      7,
      5,
      1,
      975,
      0
    ],
    [
      0,
      0,
      0,
      0,
      4,
      1,
      31,
      0,
      964
    ]
  ]
}