{
  "experiment": "exp3",
  "condition": {
    "num_classes": 10,
    "class_list": [
      0,
      1,
      2,
      3,
      4,
      5,
      6,
      7,
      8,
      9
    ],
    "class_names": [
      "T-shirt/top",
      "Trouser",
      "Pullover",
      "Dress",
      "Coat",
      "Sandal",
      "Shirt",
      "Sneaker",
      "Bag",
      "Ankle boot"
    ],
    "combo_idx": 0,
    "subset_pct": 80,
    "num_samples": 48000,
    "samples_per_class": 4800,
    "train_samples": 43200,
    "val_samples": 4800,
    "test_samples": 10000
  },
  "seed": 20194682,
  "timestamp": "2026-01-17T22:46:13.697621",
  "training_dynamics": {
    "epochs_trained": 17,
    "best_epoch": 7,
    "best_val_accuracy": 0.9320833333333334,
    "final_train_loss": 0.0743076868182807,
    "final_val_loss": 0.2264470599591732,
    "training_time_seconds": 36.03540849685669
  },
  "training_history": {
    "train_loss": [
      0.47386027916713996,
      0.31295985915042734,
      0.26271121829748156,
      0.2310936697765633,
      0.2099370053741667,
      0.18910910190807448,
      0.17147641045075876,
      0.15174032692280082,
      0.13996151049104003,
      0.12535491340966137,
      0.11791625847970998,
      0.10528746155952966,
      0.09823396620651086,
      0.0903910786734411,
      0.08063004922880619,
      0.07854679360709808,
      0.0743076868182807
    ],
    "val_loss": [
      0.29938702245553334,
      0.2782113178571065,
      0.2479759720961253,
      0.2278339915474256,
      0.21630975256363552,
      0.20881606683135032,
      0.19816616137822468,
      0.23463642239570617,
      0.21943456947803497,
      0.2212475072592497,
      0.2139597142736117,
      0.24216046613951525,
      0.21745119452476502,
      0.23384676257769266,
      0.23223685135444005,
      0.2416429643581311,
      0.2264470599591732
    ],
    "val_accuracy": [
      0.8854166666666666,
      0.8920833333333333,
      0.90625,
      0.9152083333333333,
      0.9214583333333334,
      0.9241666666666667,
      0.924375,
      0.9210416666666666,
      0.9210416666666666,
      0.9254166666666667,
      0.9239583333333333,
      0.9210416666666666,
      0.9222916666666666,
      0.9320833333333334,
      0.9272916666666666,
      0.9264583333333334,
      0.9279166666666666
    ]
  },
  "global_metrics": {
    "accuracy": 0.9138,
    "balanced_accuracy": 0.9138,
    "top_3_accuracy": 0.9938,
    "top_5_accuracy": 0.9991,
    "log_loss": 0.2381790536904804,
    "mcc": 0.9046124959326584,
    "cohens_kappa": 0.9042222222222223,
    "precision_macro": 0.9146313727486183,
    "precision_micro": 0.9138,
    "precision_weighted": 0.9146313727486184,
    "recall_macro": 0.9138,
    "recall_micro": 0.9138,
    "recall_weighted": 0.9138,
    "f1_macro": 0.9125754150477947,
    "f1_micro": 0.9138,
    "f1_weighted": 0.9125754150477947,
    "auroc_macro": 0.9949130722222221,
    "auroc_weighted": 0.9949130722222224,
    "auprc_macro": 0.9645795424620045
  },
  "per_class_metrics": {
    "0": {
      "precision": 0.7964071856287425,
      "recall": 0.931,
      "f1": 0.8584601198709082,
      "specificity": 0.9735555555555555,
      "fpr": 0.026444444444444444,
      "fnr": 0.069,
      "auroc": 0.9928563333333332,
      "auprc": 0.9490525572093709,
      "support": 1000,
      "tp": 931,
      "tn": 8762,
      "fp": 238,
      "fn": 69
    },
    "1": {
      "precision": 0.9919517102615694,
      "recall": 0.986,
      "f1": 0.9889669007021062,
      "specificity": 0.9991111111111111,
      "fpr": 0.0008888888888888889,
      "fnr": 0.014,
      "auroc": 0.9998285555555556,
      "auprc": 0.9990256700725109,
      "support": 1000,
      "tp": 986,
      "tn": 8992,
      "fp": 8,
      "fn": 14
    },
    "2": {
      "precision": 0.8394024276377218,
      "recall": 0.899,
      "f1": 0.8681796233703524,
      "specificity": 0.9808888888888889,
      "fpr": 0.01911111111111111,
      "fnr": 0.101,
      "auroc": 0.9911359999999999,
      "auprc": 0.9427205123145782,
      "support": 1000,
      "tp": 899,
      "tn": 8828,
      "fp": 172,
      "fn": 101
    },
    "3": {
      "precision": 0.9284253578732107,
      "recall": 0.908,
      "f1": 0.9180990899898888,
      "specificity": 0.9922222222222222,
      "fpr": 0.0077777777777777776,
      "fnr": 0.092,
      "auroc": 0.996734888888889,
      "auprc": 0.9704274084710334,
      "support": 1000,
      "tp": 908,
      "tn": 8930,
      "fp": 70,
      "fn": 92
    },
    "4": {
      "precision": 0.867,
      "recall": 0.867,
      "f1": 0.867,
      "specificity": 0.9852222222222222,
      "fpr": 0.014777777777777779,
      "fnr": 0.133,
      "auroc": 0.9926121111111111,
      "auprc": 0.9393360751851701,
      "support": 1000,
      "tp": 867,
      "tn": 8867,
      "fp": 133,
      "fn": 133
    },
    "5": {
      "precision": 0.9868686868686869,
      "recall": 0.977,
      "f1": 0.9819095477386934,
      "specificity": 0.9985555555555555,
      "fpr": 0.0014444444444444444,
      "fnr": 0.023,
      "auroc": 0.9997931111111111,
      "auprc": 0.9982657705305157,
      "support": 1000,
      "tp": 977,
      "tn": 8987,
      "fp": 13,
      "fn": 23
    },
    "6": {
      "precision": 0.8247162673392182,
      "recall": 0.654,
      "f1": 0.7295036252091467,
      "specificity": 0.9845555555555555,
      "fpr": 0.015444444444444445,
      "fnr": 0.346,
      "auroc": 0.9776174999999999,
      "auprc": 0.8589264196526222,
      "support": 1000,
      "tp": 654,
      "tn": 8861,
      "fp": 139,
      "fn": 346
    },
    "7": {
      "precision": 0.9657258064516129,
      "recall": 0.958,
      "f1": 0.9618473895582329,
      "specificity": 0.9962222222222222,
      "fpr": 0.003777777777777778,
      "fnr": 0.042,
      "auroc": 0.9992197777777778,
      "auprc": 0.9935616749738613,
      "support": 1000,
      "tp": 958,
      "tn": 8966,
      "fp": 34,
      "fn": 42
    },
    "8": {
      "precision": 0.9889112903225806,
      "recall": 0.981,
      "f1": 0.9849397590361445,
      "specificity": 0.9987777777777778,
      "fpr": 0.0012222222222222222,
      "fnr": 0.019,
      "auroc": 0.9998045555555555,
      "auprc": 0.9986242094779222,
      "support": 1000,
      "tp": 981,
      "tn": 8989,
      "fp": 11,
      "fn": 19
    },
    "9": {
      "precision": 0.9569049951028403,
      "recall": 0.977,
      "f1": 0.966848095002474,
      "specificity": 0.9951111111111111,
      "fpr": 0.004888888888888889,
      "fnr": 0.023,
      "auroc": 0.9995278888888889,
      "auprc": 0.9958551267324602,
      "support": 1000,
      "tp": 977,
      "tn": 8956,
      "fp": 44,
      "fn": 23
    }
  },
  "confusion_matrix": [
    [
      931,
      0,
      21,
      6,
      2,
      1,
      37,
      0,
      2,
      0
    ],
    [
      6,
      986,
      0,
      5,
      1,
      0,
      1,
      0,
      1,
      0
    ],
    [
      20,
      1,
      899,
      6,
      35,
      0,
      39,
      0,
      0,
      0
    ],
    [
      34,
      5,
      13,
      908,
      17,
      0,
      23,
      0,
      0,
      0
    ],
    [
      0,
      0,
      62,
      33,
      867,
      0,
      36,
      0,
      2,
      0
    ],
    [
      0,
      0,
      0,
      0,
      0,
      977,
      0,
      14,
      0,
      9
    ],
    [
      174,
      1,
      74,
      19,
      72,
      0,
      654,
      0,
      6,
      0
    ],
    [
      0,
      0,
      0,
      0,
      0,
      7,
      0,
      958,
      0,
      35
    ],
    [
      4,
      1,
      2,
      1,
      5,
      1,
      3,
      2,
      981,
      0
    ],
    [
      0,
      0,
      0,
      0,
      1,
      4,
      0,
      18,
      0,
      977
    ]
  ]
}