{
  "experiment": "exp3",
  "condition": {
    "num_classes": 5,
    "class_list": [
      0,
      1,
      3,
      5,
      7
    ],
    "class_names": [
      "T-shirt/top",
      "Trouser",
      "Dress",
      "Sandal",
      "Sneaker"
    ],
    "combo_idx": 2,
    "subset_pct": 70,
    "num_samples": 21000,
    "samples_per_class": 4200,
    "train_samples": 18900,
    "val_samples": 2100,
    "test_samples": 5000
  },
  "seed": 20194682,
  "timestamp": "2026-01-17T21:34:55.519877",
  "training_dynamics": {
    "epochs_trained": 14,
    "best_epoch": 4,
    "best_val_accuracy": 0.9776190476190476,
    "final_train_loss": 0.011105732056200173,
    "final_val_loss": 0.09644465145255839,
    "training_time_seconds": 12.839381456375122
  },
  "training_history": {
    "train_loss": [
      0.17939601045705983,
      0.08763607594536969,
      0.06697051719773398,
      0.049960284289350176,
      0.04061631964125538,
      0.03472432159587451,
      0.02939673207072554,
      0.02646879456989228,
      0.02346829847049997,
      0.02003588274689989,
      0.0157188366016222,
      0.017300539901633463,
      0.01428199248025644,
      0.011105732056200173
    ],
    "val_loss": [
      0.13175017085103763,
      0.08304320886021568,
      0.07700610186372485,
      0.07606896216670672,
      0.08086301289853595,
      0.10163684379752903,
      0.08211913142087204,
      0.09083035974275498,
      0.11734962210059166,
      0.08149537072295235,
      0.11927829631737301,
      0.08796677849654641,
      0.10718280635108905,
      0.09644465145255839
    ],
    "val_accuracy": [
      0.9533333333333334,
      0.9695238095238096,
      0.9742857142857143,
      0.9733333333333334,
      0.9719047619047619,
      0.9719047619047619,
      0.9747619047619047,
      0.9704761904761905,
      0.9709523809523809,
      0.9776190476190476,
      0.9709523809523809,
      0.9747619047619047,
      0.9771428571428571,
      0.9733333333333334
    ]
  },
  "global_metrics": {
    "accuracy": 0.9772,
    "balanced_accuracy": 0.9771999999999998,
    "top_3_accuracy": 1.0,
    "top_5_accuracy": 1.0,
    "log_loss": 0.07008897336259928,
    "mcc": 0.9715340528653399,
    "cohens_kappa": 0.9715,
    "precision_macro": 0.9774716900381121,
    "precision_micro": 0.9772,
    "precision_weighted": 0.977471690038112,
    "recall_macro": 0.9771999999999998,
    "recall_micro": 0.9772,
    "recall_weighted": 0.9772,
    "f1_macro": 0.9772685590506098,
    "f1_micro": 0.9772,
    "f1_weighted": 0.9772685590506096,
    "auroc_macro": 0.9990677,
    "auroc_weighted": 0.9990677,
    "auprc_macro": 0.9965008713498262
  },
  "per_class_metrics": {
    "0": {
      "precision": 0.96875,
      "recall": 0.961,
      "f1": 0.9648594377510041,
      "specificity": 0.99225,
      "fpr": 0.00775,
      "fnr": 0.039,
      "auroc": 0.9982300000000001,
      "auprc": 0.9936748268137895,
      "support": 1000,
      "tp": 961,
      "tn": 3969,
      "fp": 31,
      "fn": 39
    },
    "1": {
      "precision": 0.9979550102249489,
      "recall": 0.976,
      "f1": 0.98685540950455,
      "specificity": 0.9995,
      "fpr": 0.0005,
      "fnr": 0.024,
      "auroc": 0.99968775,
      "auprc": 0.9990093841289565,
      "support": 1000,
      "tp": 976,
      "tn": 3998,
      "fp": 2,
      "fn": 24
    },
    "2": {
      "precision": 0.9436345966958212,
      "recall": 0.971,
      "f1": 0.9571217348447512,
      "specificity": 0.9855,
      "fpr": 0.0145,
      "fnr": 0.029,
      "auroc": 0.99784375,
      "auprc": 0.9914895326105942,
      "support": 1000,
      "tp": 971,
      "tn": 3942,
      "fp": 58,
      "fn": 29
    },
    "3": {
      "precision": 0.9870388833499502,
      "recall": 0.99,
      "f1": 0.9885172241637543,
      "specificity": 0.99675,
      "fpr": 0.00325,
      "fnr": 0.01,
      "auroc": 0.9997659999999999,
      "auprc": 0.9990644118832801,
      "support": 1000,
      "tp": 990,
      "tn": 3987,
      "fp": 13,
      "fn": 10
    },
    "4": {
      "precision": 0.9899799599198397,
      "recall": 0.988,
      "f1": 0.988988988988989,
      "specificity": 0.9975,
      "fpr": 0.0025,
      "fnr": 0.012,
      "auroc": 0.999811,
      "auprc": 0.999266201312511,
      "support": 1000,
      "tp": 988,
      "tn": 3990,
      "fp": 10,
      "fn": 12
    }
  },
  "confusion_matrix": [
    [
      961,
      1,
      37,
      1,
      0
    ],
    [
      3,
      976,
      21,
      0,
      0
    ],
    [
      28,
      1,
      971,
      0,
      0
    ],
    [
      0,
      0,
      0,
      990,
      10
    ],
    [
      0,
      0,
      0,
      12,
      988
    ]
  ]
}