{
  "experiment": "exp3",
  "condition": {
    "num_classes": 3,
    "class_list": [
      1,
      5,
      9
    ],
    "class_names": [
      "Trouser",
      "Sandal",
      "Ankle boot"
    ],
    "combo_idx": 3,
    "subset_pct": 60,
    "num_samples": 10800,
    "samples_per_class": 3600,
    "train_samples": 9720,
    "val_samples": 1080,
    "test_samples": 3000
  },
  "seed": 20194682,
  "timestamp": "2026-01-17T21:18:04.992210",
  "training_dynamics": {
    "epochs_trained": 29,
    "best_epoch": 19,
    "best_val_accuracy": 0.9953703703703703,
    "final_train_loss": 0.0006105882823228782,
    "final_val_loss": 0.045189649340666084,
    "training_time_seconds": 15.999565362930298
  },
  "training_history": {
    "train_loss": [
      0.06030346396513969,
      0.019704326617628748,
      0.016288819087860344,
      0.012862182036638171,
      0.005417839058922206,
      0.010415519495848602,
      0.008424362073128577,
      0.003709055234579457,
      0.0024337481602751602,
      0.0015484289081342134,
      0.004418214766193903,
      0.00647418445132337,
      0.004755467987291172,
      0.0015293679040239208,
      0.0021026357383423103,
      0.000315142746181981,
      0.00017534153911877732,
      0.003274557664500016,
      0.00508279211282576,
      0.0018438351817286801,
      0.0013550947301327273,
      0.0024956870112236487,
      0.0017570315174272964,
      0.0015297997334878975,
      0.005434668040540801,
      0.0007374201686519056,
      0.0017007713452717834,
      0.00036274695992158525,
      0.0006105882823228782
    ],
    "val_loss": [
      0.03919759908760036,
      0.03882237708678952,
      0.03008966525775139,
      0.030272263617479003,
      0.05856096999098857,
      0.03581027875619906,
      0.033606069991044395,
      0.033549590992980584,
      0.05839765207922567,
      0.035206273903911636,
      0.025507965263137453,
      0.04970394810014922,
      0.028424731119092165,
      0.04102086117585444,
      0.024219870693253952,
      0.025007233065772048,
      0.028497262628766968,
      0.025664277501645873,
      0.022877966461992062,
      0.029899876565525996,
      0.02933359374597381,
      0.033563644450074474,
      0.03345361623964449,
      0.03597607271887547,
      0.02441145467293811,
      0.031108593247809378,
      0.03832309462843653,
      0.035229122217985825,
      0.045189649340666084
    ],
    "val_accuracy": [
      0.987037037037037,
      0.9888888888888889,
      0.9898148148148148,
      0.9916666666666667,
      0.9888888888888889,
      0.9916666666666667,
      0.9925925925925926,
      0.9916666666666667,
      0.987037037037037,
      0.9935185185185185,
      0.9935185185185185,
      0.9861111111111112,
      0.9935185185185185,
      0.9907407407407407,
      0.9935185185185185,
      0.9953703703703703,
      0.9935185185185185,
      0.9925925925925926,
      0.9935185185185185,
      0.9925925925925926,
      0.9944444444444445,
      0.9935185185185185,
      0.9944444444444445,
      0.9935185185185185,
      0.9925925925925926,
      0.9935185185185185,
      0.9916666666666667,
      0.9944444444444445,
      0.9916666666666667
    ]
  },
  "global_metrics": {
    "accuracy": 0.9946666666666667,
    "balanced_accuracy": 0.9946666666666667,
    "top_3_accuracy": 1.0,
    "top_5_accuracy": 1.0,
    "log_loss": 0.018797458965268448,
    "mcc": 0.992020005938515,
    "cohens_kappa": 0.992,
    "precision_macro": 0.99470639980771,
    "precision_micro": 0.9946666666666667,
    "precision_weighted": 0.9947063998077101,
    "recall_macro": 0.9946666666666667,
    "recall_micro": 0.9946666666666667,
    "recall_weighted": 0.9946666666666667,
    "f1_macro": 0.9946665154120913,
    "f1_micro": 0.9946666666666667,
    "f1_weighted": 0.9946665154120913,
    "auroc_macro": 0.999888,
    "auroc_weighted": 0.9998880000000001,
    "auprc_macro": 0.9997803238390105
  },
  "per_class_metrics": {
    "0": {
      "precision": 0.999,
      "recall": 0.999,
      "f1": 0.999,
      "specificity": 0.9995,
      "fpr": 0.0005,
      "fnr": 0.001,
      "auroc": 0.9999990000000001,
      "auprc": 0.9999980009990009,
      "support": 1000,
      "tp": 999,
      "tn": 1999,
      "fp": 1,
      "fn": 1
    },
    "1": {
      "precision": 0.9871414441147379,
      "recall": 0.998,
      "f1": 0.9925410243659871,
      "specificity": 0.9935,
      "fpr": 0.0065,
      "fnr": 0.002,
      "auroc": 0.9998405,
      "auprc": 0.9996655892817603,
      "support": 1000,
      "tp": 998,
      "tn": 1987,
      "fp": 13,
      "fn": 2
    },
    "2": {
      "precision": 0.9979777553083923,
      "recall": 0.987,
      "f1": 0.9924585218702866,
      "specificity": 0.999,
      "fpr": 0.001,
      "fnr": 0.013,
      "auroc": 0.9998245,
      "auprc": 0.99967738123627,
      "support": 1000,
      "tp": 987,
      "tn": 1998,
      "fp": 2,
      "fn": 13
    }
  },
  "confusion_matrix": [
    [
      999,
      1,
      0
    ],
    [
      0,
      998,
      2
    ],
    [
      1,
      12,
      987
    ]
  ]
}