{
  "experiment": "exp3",
  "condition": {
    "num_classes": 3,
    "class_list": [
      1,
      5,
      9
    ],
    "class_names": [
      "Trouser",
      "Sandal",
      "Ankle boot"
    ],
    "combo_idx": 3,
    "subset_pct": 20,
    "num_samples": 3600,
    "samples_per_class": 1200,
    "train_samples": 3240,
    "val_samples": 360,
    "test_samples": 3000
  },
  "seed": 20194682,
  "timestamp": "2026-01-17T21:17:26.214061",
  "training_dynamics": {
    "epochs_trained": 13,
    "best_epoch": 3,
    "best_val_accuracy": 0.9972222222222222,
    "final_train_loss": 0.0013319016682312485,
    "final_val_loss": 0.05207106710133505,
    "training_time_seconds": 2.075185775756836
  },
  "training_history": {
    "train_loss": [
      0.11767438086954986,
      0.03196940556917267,
      0.02378777953723044,
      0.011039385167190203,
      0.009275671822822415,
      0.006643437670943825,
      0.00584465884828972,
      0.010412434970645585,
      0.0031557700464569884,
      0.000640291531462757,
      0.008022762157978315,
      0.007492032799799584,
      0.0013319016682312485
    ],
    "val_loss": [
      0.04304331392049789,
      0.1330011830561691,
      0.028021026802404474,
      0.03896629333289133,
      0.03822897168316154,
      0.04148753782372094,
      0.06172054849351601,
      0.0435628249284087,
      0.04042779848807388,
      0.050283823324005224,
      0.062180745258875604,
      0.07321567291477954,
      0.05207106710133505
    ],
    "val_accuracy": [
      0.9916666666666667,
      0.975,
      0.9972222222222222,
      0.9916666666666667,
      0.9944444444444445,
      0.9916666666666667,
      0.9916666666666667,
      0.9916666666666667,
      0.9888888888888889,
      0.9916666666666667,
      0.9888888888888889,
      0.9888888888888889,
      0.9916666666666667
    ]
  },
  "global_metrics": {
    "accuracy": 0.992,
    "balanced_accuracy": 0.992,
    "top_3_accuracy": 1.0,
    "top_5_accuracy": 1.0,
    "log_loss": 0.030108893576810212,
    "mcc": 0.9880021406736239,
    "cohens_kappa": 0.988,
    "precision_macro": 0.9920085622072059,
    "precision_micro": 0.992,
    "precision_weighted": 0.9920085622072059,
    "recall_macro": 0.992,
    "recall_micro": 0.992,
    "recall_weighted": 0.992,
    "f1_macro": 0.9920021420189583,
    "f1_micro": 0.992,
    "f1_weighted": 0.9920021420189584,
    "auroc_macro": 0.9993156666666666,
    "auroc_weighted": 0.9993156666666667,
    "auprc_macro": 0.9983959427406545
  },
  "per_class_metrics": {
    "0": {
      "precision": 1.0,
      "recall": 0.999,
      "f1": 0.9994997498749374,
      "specificity": 1.0,
      "fpr": 0.0,
      "fnr": 0.001,
      "auroc": 0.9999945,
      "auprc": 0.9999891196834817,
      "support": 1000,
      "tp": 999,
      "tn": 2000,
      "fp": 0,
      "fn": 1
    },
    "1": {
      "precision": 0.9860557768924303,
      "recall": 0.99,
      "f1": 0.9880239520958083,
      "specificity": 0.993,
      "fpr": 0.007,
      "fnr": 0.01,
      "auroc": 0.9991275,
      "auprc": 0.9965180493015235,
      "support": 1000,
      "tp": 990,
      "tn": 1986,
      "fp": 14,
      "fn": 10
    },
    "2": {
      "precision": 0.9899699097291875,
      "recall": 0.987,
      "f1": 0.9884827240861291,
      "specificity": 0.995,
      "fpr": 0.005,
      "fnr": 0.013,
      "auroc": 0.9988250000000001,
      "auprc": 0.9986806592369581,
      "support": 1000,
      "tp": 987,
      "tn": 1990,
      "fp": 10,
      "fn": 13
    }
  },
  "confusion_matrix": [
    [
      999,
      1,
      0
    ],
    [
      0,
      990,
      10
    ],
    [
      0,
      13,
      987
    ]
  ]
}