{
  "experiment": "exp3",
  "condition": {
    "num_classes": 9,
    "class_list": [
      0,
      2,
      3,
      4,
      5,
      6,
      7,
      8,
      9
    ],
    "class_names": [
      "T-shirt/top",
      "Pullover",
      "Dress",
      "Coat",
      "Sandal",
      "Shirt",
      "Sneaker",
      "Bag",
      "Ankle boot"
    ],
    "combo_idx": 4,
    "subset_pct": 10,
    "num_samples": 5400,
    "samples_per_class": 600,
    "train_samples": 4860,
    "val_samples": 540,
    "test_samples": 9000
  },
  "seed": 20194682,
  "timestamp": "2026-01-17T22:39:35.718974",
  "training_dynamics": {
    "epochs_trained": 17,
    "best_epoch": 7,
    "best_val_accuracy": 0.8796296296296297,
    "final_train_loss": 0.07736652984136813,
    "final_val_loss": 0.4403761367003123,
    "training_time_seconds": 4.268889904022217
  },
  "training_history": {
    "train_loss": [
      0.8648103393222156,
      0.543063969988572,
      0.44291970976873446,
      0.3981797450075024,
      0.33398508888326195,
      0.3055167853047973,
      0.26371196000591707,
      0.23266372810068883,
      0.2106957678732119,
      0.172039263783709,
      0.14099165454114737,
      0.12552416089333987,
      0.11569421995725286,
      0.10410515248383347,
      0.0763594187600048,
      0.07723718180664275,
      0.07736652984136813
    ],
    "val_loss": [
      0.573528974365305,
      0.47569424156789425,
      0.422652002175649,
      0.4296575102541182,
      0.4286390081599907,
      0.4009969512621562,
      0.35736167475029273,
      0.40908381077978345,
      0.3855721116065979,
      0.38609411032111557,
      0.4099691914187537,
      0.5006521079275343,
      0.4078446754702815,
      0.43053054257675455,
      0.3959290632495174,
      0.4425797243913015,
      0.4403761367003123
    ],
    "val_accuracy": [
      0.7888888888888889,
      0.8240740740740741,
      0.825925925925926,
      0.8481481481481481,
      0.837037037037037,
      0.8629629629629629,
      0.8611111111111112,
      0.837037037037037,
      0.8740740740740741,
      0.8685185185185185,
      0.8611111111111112,
      0.8537037037037037,
      0.8648148148148148,
      0.8796296296296297,
      0.8722222222222222,
      0.8777777777777778,
      0.8666666666666667
    ]
  },
  "global_metrics": {
    "accuracy": 0.8463333333333334,
    "balanced_accuracy": 0.8463333333333334,
    "top_3_accuracy": 0.988,
    "top_5_accuracy": 0.9976666666666667,
    "log_loss": 0.3883393713702664,
    "mcc": 0.8289840317370564,
    "cohens_kappa": 0.827125,
    "precision_macro": 0.8623662533208112,
    "precision_micro": 0.8463333333333334,
    "precision_weighted": 0.8623662533208113,
    "recall_macro": 0.8463333333333334,
    "recall_micro": 0.8463333333333334,
    "recall_weighted": 0.8463333333333334,
    "f1_macro": 0.8479123906491289,
    "f1_micro": 0.8463333333333334,
    "f1_weighted": 0.8479123906491289,
    "auroc_macro": 0.986773388888889,
    "auroc_weighted": 0.986773388888889,
    "auprc_macro": 0.9253142658182624
  },
  "per_class_metrics": {
    "0": {
      "precision": 0.9115853658536586,
      "recall": 0.598,
      "f1": 0.7222222222222223,
      "specificity": 0.99275,
      "fpr": 0.00725,
      "fnr": 0.402,
      "auroc": 0.9841055000000001,
      "auprc": 0.8997900200775526,
      "support": 1000,
      "tp": 598,
      "tn": 7942,
      "fp": 58,
      "fn": 402
    },
    "1": {
      "precision": 0.8008213552361396,
      "recall": 0.78,
      "f1": 0.790273556231003,
      "specificity": 0.97575,
      "fpr": 0.02425,
      "fnr": 0.22,
      "auroc": 0.9811810000000001,
      "auprc": 0.8900079152596546,
      "support": 1000,
      "tp": 780,
      "tn": 7806,
      "fp": 194,
      "fn": 220
    },
    "2": {
      "precision": 0.8608445297504799,
      "recall": 0.897,
      "f1": 0.8785504407443683,
      "specificity": 0.981875,
      "fpr": 0.018125,
      "fnr": 0.103,
      "auroc": 0.992767375,
      "auprc": 0.9525083851435356,
      "support": 1000,
      "tp": 897,
      "tn": 7855,
      "fp": 145,
      "fn": 103
    },
    "3": {
      "precision": 0.8329466357308585,
      "recall": 0.718,
      "f1": 0.7712137486573577,
      "specificity": 0.982,
      "fpr": 0.018,
      "fnr": 0.282,
      "auroc": 0.983008125,
      "auprc": 0.8738959681060908,
      "support": 1000,
      "tp": 718,
      "tn": 7856,
      "fp": 144,
      "fn": 282
    },
    "4": {
      "precision": 0.9718026183282981,
      "recall": 0.965,
      "f1": 0.9683893627696939,
      "specificity": 0.9965,
      "fpr": 0.0035,
      "fnr": 0.035,
      "auroc": 0.99908025,
      "auprc": 0.9939274783676482,
      "support": 1000,
      "tp": 965,
      "tn": 7972,
      "fp": 28,
      "fn": 35
    },
    "5": {
      "precision": 0.5427769985974754,
      "recall": 0.774,
      "f1": 0.6380873866446827,
      "specificity": 0.9185,
      "fpr": 0.0815,
      "fnr": 0.226,
      "auroc": 0.9464733750000001,
      "auprc": 0.7479312166005719,
      "support": 1000,
      "tp": 774,
      "tn": 7348,
      "fp": 652,
      "fn": 226
    },
    "6": {
      "precision": 0.933728981206726,
      "recall": 0.944,
      "f1": 0.9388363998010939,
      "specificity": 0.991625,
      "fpr": 0.008375,
      "fnr": 0.056,
      "auroc": 0.9981345,
      "auprc": 0.984765022962619,
      "support": 1000,
      "tp": 944,
      "tn": 7933,
      "fp": 67,
      "fn": 56
    },
    "7": {
      "precision": 0.9496611810261375,
      "recall": 0.981,
      "f1": 0.9650762420068864,
      "specificity": 0.9935,
      "fpr": 0.0065,
      "fnr": 0.019,
      "auroc": 0.997952625,
      "auprc": 0.9932417847618719,
      "support": 1000,
      "tp": 981,
      "tn": 7948,
      "fp": 52,
      "fn": 19
    },
    "8": {
      "precision": 0.9571286141575274,
      "recall": 0.96,
      "f1": 0.9585621567648526,
      "specificity": 0.994625,
      "fpr": 0.005375,
      "fnr": 0.04,
      "auroc": 0.9982577499999999,
      "auprc": 0.9917606010848166,
      "support": 1000,
      "tp": 960,
      "tn": 7957,
      "fp": 43,
      "fn": 40
    }
  },
  "confusion_matrix": [
    [
      598,
      12,
      43,
      2,
      4,
      326,
      0,
      15,
      0
    ],
    [
      7,
      780,
      9,
      60,
      0,
      141,
      0,
      3,
      0
    ],
    [
      7,
      12,
      897,
      13,
      0,
      69,
      0,
      2,
      0
    ],
    [
      0,
      114,
      53,
      718,
      1,
      112,
      0,
      2,
      0
    ],
    [
      0,
      0,
      0,
      0,
      965,
      0,
      28,
      2,
      5
    ],
    [
      44,
      55,
      34,
      68,
      0,
      774,
      0,
      25,
      0
    ],
    [
      0,
      0,
      0,
      0,
      16,
      0,
      944,
      2,
      38
    ],
    [
      0,
      1,
      6,
      1,
      2,
      4,
      5,
      981,
      0
    ],
    [
      0,
      0,
      0,
      0,
      5,
      0,
      34,
      1,
      960
    ]
  ]
}