{
  "experiment": "exp3",
  "condition": {
    "num_classes": 4,
    "class_list": [
      1,
      5,
      7,
      9
    ],
    "class_names": [
      "Trouser",
      "Sandal",
      "Sneaker",
      "Ankle boot"
    ],
    "combo_idx": 4,
    "subset_pct": 60,
    "num_samples": 14400,
    "samples_per_class": 3600,
    "train_samples": 12960,
    "val_samples": 1440,
    "test_samples": 4000
  },
  "seed": 20194682,
  "timestamp": "2026-01-17T21:28:34.345648",
  "training_dynamics": {
    "epochs_trained": 16,
    "best_epoch": 6,
    "best_val_accuracy": 0.9777777777777777,
    "final_train_loss": 0.011750267848749232,
    "final_val_loss": 0.08337858585485568,
    "training_time_seconds": 9.397370100021362
  },
  "training_history": {
    "train_loss": [
      0.17243132059889033,
      0.08296631805121606,
      0.06517935723635217,
      0.049188789955725704,
      0.04513179067421356,
      0.034372135168721375,
      0.030397975988504865,
      0.028877574998628478,
      0.026987418490543726,
      0.017173291492967504,
      0.020259669132581155,
      0.01654600731696156,
      0.01032436788197176,
      0.0115293011333562,
      0.016658414832948307,
      0.011750267848749232
    ],
    "val_loss": [
      0.11379624414775107,
      0.12617770375476944,
      0.10639528723226653,
      0.08136013241277801,
      0.0704547036646141,
      0.06687270895474487,
      0.08673485422299967,
      0.07967228160964118,
      0.09431526402218474,
      0.10765809563712941,
      0.07896546533124314,
      0.0836183686223295,
      0.08554254642222077,
      0.08002377682261996,
      0.0962786304557489,
      0.08337858585485568
    ],
    "val_accuracy": [
      0.9625,
      0.9534722222222223,
      0.9638888888888889,
      0.9680555555555556,
      0.9756944444444444,
      0.9756944444444444,
      0.9701388888888889,
      0.9736111111111111,
      0.9736111111111111,
      0.9729166666666667,
      0.9777777777777777,
      0.9756944444444444,
      0.9763888888888889,
      0.9756944444444444,
      0.9743055555555555,
      0.9770833333333333
    ]
  },
  "global_metrics": {
    "accuracy": 0.97975,
    "balanced_accuracy": 0.9797499999999999,
    "top_3_accuracy": 1.0,
    "top_5_accuracy": 1.0,
    "log_loss": 0.06612075887458246,
    "mcc": 0.9730424093558652,
    "cohens_kappa": 0.973,
    "precision_macro": 0.979932821442851,
    "precision_micro": 0.97975,
    "precision_weighted": 0.9799328214428508,
    "recall_macro": 0.9797499999999999,
    "recall_micro": 0.97975,
    "recall_weighted": 0.97975,
    "f1_macro": 0.9797785482252974,
    "f1_micro": 0.97975,
    "f1_weighted": 0.9797785482252974,
    "auroc_macro": 0.9988551666666667,
    "auroc_weighted": 0.9988551666666667,
    "auprc_macro": 0.9967942351867773
  },
  "per_class_metrics": {
    "0": {
      "precision": 1.0,
      "recall": 1.0,
      "f1": 1.0,
      "specificity": 1.0,
      "fpr": 0.0,
      "fnr": 0.0,
      "auroc": 1.0,
      "auprc": 1.0,
      "support": 1000,
      "tp": 1000,
      "tn": 3000,
      "fp": 0,
      "fn": 0
    },
    "1": {
      "precision": 0.9898270600203459,
      "recall": 0.973,
      "f1": 0.9813414019162885,
      "specificity": 0.9966666666666667,
      "fpr": 0.0033333333333333335,
      "fnr": 0.027,
      "auroc": 0.9994736666666667,
      "auprc": 0.9985193005323701,
      "support": 1000,
      "tp": 973,
      "tn": 2990,
      "fp": 10,
      "fn": 27
    },
    "2": {
      "precision": 0.956140350877193,
      "recall": 0.981,
      "f1": 0.9684106614017769,
      "specificity": 0.985,
      "fpr": 0.015,
      "fnr": 0.019,
      "auroc": 0.9979546666666667,
      "auprc": 0.9938606354085997,
      "support": 1000,
      "tp": 981,
      "tn": 2955,
      "fp": 45,
      "fn": 19
    },
    "3": {
      "precision": 0.9737638748738647,
      "recall": 0.965,
      "f1": 0.9693621295831241,
      "specificity": 0.9913333333333333,
      "fpr": 0.008666666666666666,
      "fnr": 0.035,
      "auroc": 0.9979923333333334,
      "auprc": 0.9947970048061398,
      "support": 1000,
      "tp": 965,
      "tn": 2974,
      "fp": 26,
      "fn": 35
    }
  },
  "confusion_matrix": [
    [
      1000,
      0,
      0,
      0
    ],
    [
      0,
      973,
      16,
      11
    ],
    [
      0,
      4,
      981,
      15
    ],
    [
      0,
      6,
      29,
      965
    ]
  ]
}