{
  "experiment": "exp3",
  "condition": {
    "num_classes": 7,
    "class_list": [
      1,
      2,
      3,
      5,
      6,
      8,
      9
    ],
    "class_names": [
      "Trouser",
      "Pullover",
      "Dress",
      "Sandal",
      "Shirt",
      "Bag",
      "Ankle boot"
    ],
    "combo_idx": 3,
    "subset_pct": 40,
    "num_samples": 16800,
    "samples_per_class": 2400,
    "train_samples": 15120,
    "val_samples": 1680,
    "test_samples": 7000
  },
  "seed": 20194682,
  "timestamp": "2026-01-17T22:02:08.915544",
  "training_dynamics": {
    "epochs_trained": 18,
    "best_epoch": 8,
    "best_val_accuracy": 0.9619047619047619,
    "final_train_loss": 0.02573413311620243,
    "final_val_loss": 0.2346883706393696,
    "training_time_seconds": 13.437075138092041
  },
  "training_history": {
    "train_loss": [
      0.3333197994008346,
      0.18723343037666149,
      0.14228588141469511,
      0.11962104947915309,
      0.10977613428246057,
      0.08464627195236112,
      0.08448246362685906,
      0.06718722094471256,
      0.05201909690407667,
      0.04977794073498513,
      0.04237181203486987,
      0.04275203902983669,
      0.03548442851641522,
      0.03516494003230144,
      0.03222237762804477,
      0.028520212030336153,
      0.021806233120691187,
      0.02573413311620243
    ],
    "val_loss": [
      0.24530884247450602,
      0.15696710518428258,
      0.14836517870426177,
      0.1366857266851834,
      0.13295139290747188,
      0.13065677714489754,
      0.14331941732338496,
      0.12744503791133563,
      0.19139597011463982,
      0.13085457256862096,
      0.1606040217691944,
      0.15467703450648557,
      0.1612020104059151,
      0.1652924634516239,
      0.1601036365543093,
      0.16356343277508303,
      0.18721537288455736,
      0.2346883706393696
    ],
    "val_accuracy": [
      0.9035714285714286,
      0.9446428571428571,
      0.9482142857142857,
      0.9511904761904761,
      0.9571428571428572,
      0.9601190476190476,
      0.9541666666666667,
      0.9589285714285715,
      0.9398809523809524,
      0.9619047619047619,
      0.9523809523809523,
      0.9571428571428572,
      0.9541666666666667,
      0.955952380952381,
      0.9607142857142857,
      0.9565476190476191,
      0.9589285714285715,
      0.9529761904761904
    ]
  },
  "global_metrics": {
    "accuracy": 0.9537142857142857,
    "balanced_accuracy": 0.9537142857142856,
    "top_3_accuracy": 0.998,
    "top_5_accuracy": 0.9997142857142857,
    "log_loss": 0.14506760218088885,
    "mcc": 0.9461095297813359,
    "cohens_kappa": 0.946,
    "precision_macro": 0.9538606760111195,
    "precision_micro": 0.9537142857142857,
    "precision_weighted": 0.9538606760111195,
    "recall_macro": 0.9537142857142856,
    "recall_micro": 0.9537142857142857,
    "recall_weighted": 0.9537142857142857,
    "f1_macro": 0.953470848424865,
    "f1_micro": 0.9537142857142857,
    "f1_weighted": 0.953470848424865,
    "auroc_macro": 0.9969397380952382,
    "auroc_weighted": 0.9969397380952381,
    "auprc_macro": 0.984497259695453
  },
  "per_class_metrics": {
    "0": {
      "precision": 0.985985985985986,
      "recall": 0.985,
      "f1": 0.9854927463731865,
      "specificity": 0.9976666666666667,
      "fpr": 0.0023333333333333335,
      "fnr": 0.015,
      "auroc": 0.9996171666666667,
      "auprc": 0.9982083160522144,
      "support": 1000,
      "tp": 985,
      "tn": 5986,
      "fp": 14,
      "fn": 15
    },
    "1": {
      "precision": 0.8811320754716981,
      "recall": 0.934,
      "f1": 0.9067961165048544,
      "specificity": 0.979,
      "fpr": 0.021,
      "fnr": 0.066,
      "auroc": 0.99436825,
      "auprc": 0.9685245225063257,
      "support": 1000,
      "tp": 934,
      "tn": 5874,
      "fp": 126,
      "fn": 66
    },
    "2": {
      "precision": 0.9357707509881423,
      "recall": 0.947,
      "f1": 0.941351888667992,
      "specificity": 0.9891666666666666,
      "fpr": 0.010833333333333334,
      "fnr": 0.053,
      "auroc": 0.9969383333333334,
      "auprc": 0.9816011526289499,
      "support": 1000,
      "tp": 947,
      "tn": 5935,
      "fp": 65,
      "fn": 53
    },
    "3": {
      "precision": 0.9851924975320829,
      "recall": 0.998,
      "f1": 0.9915548931942374,
      "specificity": 0.9975,
      "fpr": 0.0025,
      "fnr": 0.002,
      "auroc": 0.9998770833333332,
      "auprc": 0.9991942283590045,
      "support": 1000,
      "tp": 998,
      "tn": 5985,
      "fp": 15,
      "fn": 2
    },
    "4": {
      "precision": 0.908008658008658,
      "recall": 0.839,
      "f1": 0.8721413721413721,
      "specificity": 0.9858333333333333,
      "fpr": 0.014166666666666666,
      "fnr": 0.161,
      "auroc": 0.9885433333333333,
      "auprc": 0.947244656221141,
      "support": 1000,
      "tp": 839,
      "tn": 5915,
      "fp": 85,
      "fn": 161
    },
    "5": {
      "precision": 0.9849548645937813,
      "recall": 0.982,
      "f1": 0.9834752128192289,
      "specificity": 0.9975,
      "fpr": 0.0025,
      "fnr": 0.018,
      "auroc": 0.9996626666666666,
      "auprc": 0.9982379777552788,
      "support": 1000,
      "tp": 982,
      "tn": 5985,
      "fp": 15,
      "fn": 18
    },
    "6": {
      "precision": 0.9959798994974874,
      "recall": 0.991,
      "f1": 0.993483709273183,
      "specificity": 0.9993333333333333,
      "fpr": 0.0006666666666666666,
      "fnr": 0.009,
      "auroc": 0.9995713333333334,
      "auprc": 0.9984699643452558,
      "support": 1000,
      "tp": 991,
      "tn": 5996,
      "fp": 4,
      "fn": 9
    }
  },
  "confusion_matrix": [
    [
      985,
      4,
      8,
      0,
      1,
      2,
      0
    ],
    [
      1,
      934,
      9,
      0,
      54,
      2,
      0
    ],
    [
      9,
      14,
      947,
      0,
      29,
      1,
      0
    ],
    [
      0,
      0,
      0,
      998,
      0,
      0,
      2
    ],
    [
      2,
      104,
      45,
      0,
      839,
      10,
      0
    ],
    [
      2,
      4,
      3,
      7,
      0,
      982,
      2
    ],
    [
      0,
      0,
      0,
      8,
      1,
      0,
      991
    ]
  ]
}