{
  "experiment": "exp3",
  "condition": {
    "num_classes": 8,
    "class_list": [
      0,
      1,
      3,
      4,
      5,
      6,
      7,
      8
    ],
    "class_names": [
      "T-shirt/top",
      "Trouser",
      "Dress",
      "Coat",
      "Sandal",
      "Shirt",
      "Sneaker",
      "Bag"
    ],
    "combo_idx": 1,
    "subset_pct": 70,
    "num_samples": 33600,
    "samples_per_class": 4200,
    "train_samples": 30240,
    "val_samples": 3360,
    "test_samples": 8000
  },
  "seed": 20194682,
  "timestamp": "2026-01-17T22:12:20.639608",
  "training_dynamics": {
    "epochs_trained": 15,
    "best_epoch": 5,
    "best_val_accuracy": 0.9333333333333333,
    "final_train_loss": 0.05660883637822487,
    "final_val_loss": 0.24326385642801013,
    "training_time_seconds": 21.528599500656128
  },
  "training_history": {
    "train_loss": [
      0.3922754832037408,
      0.250538697548951,
      0.21027421052656264,
      0.17910589276169117,
      0.1592130095916495,
      0.1378966207176951,
      0.12459041857127155,
      0.11212680216319465,
      0.0989040096583786,
      0.09152265354581414,
      0.08291181434540523,
      0.07018336818019917,
      0.0644656812341935,
      0.059859321200403035,
      0.05660883637822487
    ],
    "val_loss": [
      0.2800184644403912,
      0.24487621840976534,
      0.2070105234781901,
      0.229619547582808,
      0.20002638129960923,
      0.2424924488578524,
      0.23953386871587662,
      0.2181368140947251,
      0.21919472203368232,
      0.25723843702248167,
      0.238396750887235,
      0.25880255649487177,
      0.23520575563112894,
      0.25835736904825485,
      0.24326385642801013
    ],
    "val_accuracy": [
      0.8928571428571429,
      0.9020833333333333,
      0.9205357142857142,
      0.9145833333333333,
      0.9261904761904762,
      0.9139880952380952,
      0.919047619047619,
      0.9241071428571429,
      0.9252976190476191,
      0.9092261904761905,
      0.9270833333333334,
      0.924702380952381,
      0.9238095238095239,
      0.9270833333333334,
      0.9333333333333333
    ]
  },
  "global_metrics": {
    "accuracy": 0.92375,
    "balanced_accuracy": 0.9237500000000001,
    "top_3_accuracy": 0.995875,
    "top_5_accuracy": 0.999375,
    "log_loss": 0.19825207004955656,
    "mcc": 0.9128771611686659,
    "cohens_kappa": 0.9128571428571428,
    "precision_macro": 0.9231738831721799,
    "precision_micro": 0.92375,
    "precision_weighted": 0.9231738831721799,
    "recall_macro": 0.9237500000000001,
    "recall_micro": 0.92375,
    "recall_weighted": 0.92375,
    "f1_macro": 0.9233948494260393,
    "f1_micro": 0.92375,
    "f1_weighted": 0.9233948494260392,
    "auroc_macro": 0.9948302857142857,
    "auroc_weighted": 0.9948302857142857,
    "auprc_macro": 0.970395246076392
  },
  "per_class_metrics": {
    "0": {
      "precision": 0.866600790513834,
      "recall": 0.877,
      "f1": 0.8717693836978131,
      "specificity": 0.9807142857142858,
      "fpr": 0.019285714285714285,
      "fnr": 0.123,
      "auroc": 0.9915467142857143,
      "auprc": 0.9484133259798431,
      "support": 1000,
      "tp": 877,
      "tn": 6865,
      "fp": 135,
      "fn": 123
    },
    "1": {
      "precision": 0.9889669007021064,
      "recall": 0.986,
      "f1": 0.9874812218327491,
      "specificity": 0.9984285714285714,
      "fpr": 0.0015714285714285715,
      "fnr": 0.014,
      "auroc": 0.999743,
      "auprc": 0.9986220509262779,
      "support": 1000,
      "tp": 986,
      "tn": 6989,
      "fp": 11,
      "fn": 14
    },
    "2": {
      "precision": 0.9167502507522568,
      "recall": 0.914,
      "f1": 0.9153730595893842,
      "specificity": 0.9881428571428571,
      "fpr": 0.011857142857142858,
      "fnr": 0.086,
      "auroc": 0.9958102857142858,
      "auprc": 0.9721190343581951,
      "support": 1000,
      "tp": 914,
      "tn": 6917,
      "fp": 83,
      "fn": 86
    },
    "3": {
      "precision": 0.8887785501489573,
      "recall": 0.895,
      "f1": 0.8918784255107125,
      "specificity": 0.984,
      "fpr": 0.016,
      "fnr": 0.105,
      "auroc": 0.9946234285714286,
      "auprc": 0.9665260467341451,
      "support": 1000,
      "tp": 895,
      "tn": 6888,
      "fp": 112,
      "fn": 105
    },
    "4": {
      "precision": 0.9754420432220039,
      "recall": 0.993,
      "f1": 0.9841427155599604,
      "specificity": 0.9964285714285714,
      "fpr": 0.0035714285714285713,
      "fnr": 0.007,
      "auroc": 0.9998148571428571,
      "auprc": 0.9987431680505667,
      "support": 1000,
      "tp": 993,
      "tn": 6975,
      "fp": 25,
      "fn": 7
    },
    "5": {
      "precision": 0.7883817427385892,
      "recall": 0.76,
      "f1": 0.7739307535641547,
      "specificity": 0.9708571428571429,
      "fpr": 0.029142857142857144,
      "fnr": 0.24,
      "auroc": 0.9777167142857143,
      "auprc": 0.881970694370487,
      "support": 1000,
      "tp": 760,
      "tn": 6796,
      "fp": 204,
      "fn": 240
    },
    "6": {
      "precision": 0.9908629441624366,
      "recall": 0.976,
      "f1": 0.9833753148614609,
      "specificity": 0.9987142857142857,
      "fpr": 0.0012857142857142856,
      "fnr": 0.024,
      "auroc": 0.9997662857142857,
      "auprc": 0.9985960599492624,
      "support": 1000,
      "tp": 976,
      "tn": 6991,
      "fp": 9,
      "fn": 24
    },
    "7": {
      "precision": 0.9696078431372549,
      "recall": 0.989,
      "f1": 0.9792079207920792,
      "specificity": 0.9955714285714286,
      "fpr": 0.004428571428571428,
      "fnr": 0.011,
      "auroc": 0.999621,
      "auprc": 0.9981715882423585,
      "support": 1000,
      "tp": 989,
      "tn": 6969,
      "fp": 31,
      "fn": 11
    }
  },
  "confusion_matrix": [
    [
      877,
      0,
      21,
      4,
      1,
      90,
      0,
      7
    ],
    [
      1,
      986,
      8,
      2,
      0,
      1,
      0,
      2
    ],
    [
      16,
      7,
      914,
      27,
      0,
      32,
      0,
      4
    ],
    [
      1,
      1,
      20,
      895,
      0,
      80,
      0,
      3
    ],
    [
      0,
      0,
      0,
      0,
      993,
      0,
      7,
      0
    ],
    [
      114,
      2,
      33,
      77,
      0,
      760,
      0,
      14
    ],
    [
      0,
      0,
      0,
      0,
      23,
      0,
      976,
      1
    ],
    [
      3,
      1,
      1,
      2,
      1,
      1,
      2,
      989
    ]
  ]
}