{
  "experiment": "exp3",
  "condition": {
    "num_classes": 9,
    "class_list": [
      0,
      1,
      2,
      3,
      5,
      6,
      7,
      8,
      9
    ],
    "class_names": [
      "T-shirt/top",
      "Trouser",
      "Pullover",
      "Dress",
      "Sandal",
      "Shirt",
      "Sneaker",
      "Bag",
      "Ankle boot"
    ],
    "combo_idx": 2,
    "subset_pct": 80,
    "num_samples": 43200,
    "samples_per_class": 4800,
    "train_samples": 38880,
    "val_samples": 4320,
    "test_samples": 9000
  },
  "seed": 20194682,
  "timestamp": "2026-01-17T22:34:53.370534",
  "training_dynamics": {
    "epochs_trained": 18,
    "best_epoch": 8,
    "best_val_accuracy": 0.9416666666666667,
    "final_train_loss": 0.05225492147234802,
    "final_val_loss": 0.23052093261094006,
    "training_time_seconds": 33.10265898704529
  },
  "training_history": {
    "train_loss": [
      0.3765010495523089,
      0.23778925700676873,
      0.20240333338733763,
      0.1768236391760997,
      0.15967982695254154,
      0.14163330996923737,
      0.12793733395397125,
      0.11619117617374286,
      0.10623583307422355,
      0.09789462244953029,
      0.08768386437900756,
      0.08075363886267664,
      0.07273639905447214,
      0.06717263743753153,
      0.059955914466531555,
      0.05844822327612507,
      0.054221202036914246,
      0.05225492147234802
    ],
    "val_loss": [
      0.23835682019039436,
      0.20958403956007074,
      0.20010686461572294,
      0.1786028696982949,
      0.17727769999592394,
      0.16876748011068063,
      0.17030816326538722,
      0.16662851119482958,
      0.16809854143195682,
      0.18776819109916687,
      0.18713036676247916,
      0.1843155613651982,
      0.185465087355287,
      0.23450187229447894,
      0.19951203675181778,
      0.20872297117279637,
      0.21601666973696815,
      0.23052093261094006
    ],
    "val_accuracy": [
      0.9120370370370371,
      0.9222222222222223,
      0.9243055555555556,
      0.9324074074074075,
      0.9319444444444445,
      0.9335648148148148,
      0.9375,
      0.9391203703703703,
      0.9416666666666667,
      0.9347222222222222,
      0.9351851851851852,
      0.9388888888888889,
      0.9395833333333333,
      0.930787037037037,
      0.9361111111111111,
      0.9365740740740741,
      0.9347222222222222,
      0.9377314814814814
    ]
  },
  "global_metrics": {
    "accuracy": 0.9361111111111111,
    "balanced_accuracy": 0.9361111111111112,
    "top_3_accuracy": 0.9948888888888889,
    "top_5_accuracy": 0.9995555555555555,
    "log_loss": 0.19343669865868118,
    "mcc": 0.9282269300702893,
    "cohens_kappa": 0.928125,
    "precision_macro": 0.9356119885844859,
    "precision_micro": 0.9361111111111111,
    "precision_weighted": 0.9356119885844857,
    "recall_macro": 0.9361111111111112,
    "recall_micro": 0.9361111111111111,
    "recall_weighted": 0.9361111111111111,
    "f1_macro": 0.9354694932963447,
    "f1_micro": 0.9361111111111111,
    "f1_weighted": 0.9354694932963448,
    "auroc_macro": 0.9961924791666666,
    "auroc_weighted": 0.9961924791666666,
    "auprc_macro": 0.9761975684201318
  },
  "per_class_metrics": {
    "0": {
      "precision": 0.8667972575905974,
      "recall": 0.885,
      "f1": 0.875804057397328,
      "specificity": 0.983,
      "fpr": 0.017,
      "fnr": 0.115,
      "auroc": 0.9922331249999999,
      "auprc": 0.9478656150294855,
      "support": 1000,
      "tp": 885,
      "tn": 7864,
      "fp": 136,
      "fn": 115
    },
    "1": {
      "precision": 0.9753694581280788,
      "recall": 0.99,
      "f1": 0.9826302729528535,
      "specificity": 0.996875,
      "fpr": 0.003125,
      "fnr": 0.01,
      "auroc": 0.999728,
      "auprc": 0.9983652295674557,
      "support": 1000,
      "tp": 990,
      "tn": 7975,
      "fp": 25,
      "fn": 10
    },
    "2": {
      "precision": 0.8843984962406015,
      "recall": 0.941,
      "f1": 0.9118217054263567,
      "specificity": 0.984625,
      "fpr": 0.015375,
      "fnr": 0.059,
      "auroc": 0.9950996249999998,
      "auprc": 0.9693157857683483,
      "support": 1000,
      "tp": 941,
      "tn": 7877,
      "fp": 123,
      "fn": 59
    },
    "3": {
      "precision": 0.934077079107505,
      "recall": 0.921,
      "f1": 0.9274924471299093,
      "specificity": 0.991875,
      "fpr": 0.008125,
      "fnr": 0.079,
      "auroc": 0.9970826249999999,
      "auprc": 0.9778265732263756,
      "support": 1000,
      "tp": 921,
      "tn": 7935,
      "fp": 65,
      "fn": 79
    },
    "4": {
      "precision": 0.9869739478957916,
      "recall": 0.985,
      "f1": 0.9859859859859861,
      "specificity": 0.998375,
      "fpr": 0.001625,
      "fnr": 0.015,
      "auroc": 0.9997795625000001,
      "auprc": 0.9984243623290682,
      "support": 1000,
      "tp": 985,
      "tn": 7987,
      "fp": 13,
      "fn": 15
    },
    "5": {
      "precision": 0.856347438752784,
      "recall": 0.769,
      "f1": 0.8103266596417281,
      "specificity": 0.983875,
      "fpr": 0.016125,
      "fnr": 0.231,
      "auroc": 0.983727,
      "auprc": 0.9057038891146606,
      "support": 1000,
      "tp": 769,
      "tn": 7871,
      "fp": 129,
      "fn": 231
    },
    "6": {
      "precision": 0.9737638748738647,
      "recall": 0.965,
      "f1": 0.9693621295831241,
      "specificity": 0.99675,
      "fpr": 0.00325,
      "fnr": 0.035,
      "auroc": 0.9990963749999999,
      "auprc": 0.9946330167494986,
      "support": 1000,
      "tp": 965,
      "tn": 7974,
      "fp": 26,
      "fn": 35
    },
    "7": {
      "precision": 0.9792694965449161,
      "recall": 0.992,
      "f1": 0.9855936413313462,
      "specificity": 0.997375,
      "fpr": 0.002625,
      "fnr": 0.008,
      "auroc": 0.9996832499999999,
      "auprc": 0.9983491653828434,
      "support": 1000,
      "tp": 992,
      "tn": 7979,
      "fp": 21,
      "fn": 8
    },
    "8": {
      "precision": 0.9635108481262328,
      "recall": 0.977,
      "f1": 0.9702085402184707,
      "specificity": 0.995375,
      "fpr": 0.004625,
      "fnr": 0.023,
      "auroc": 0.9993027500000001,
      "auprc": 0.9952944786134512,
      "support": 1000,
      "tp": 977,
      "tn": 7963,
      "fp": 37,
      "fn": 23
    }
  },
  "confusion_matrix": [
    [
      885,
      1,
      27,
      19,
      2,
      60,
      0,
      6,
      0
    ],
    [
      0,
      990,
      2,
      4,
      0,
      2,
      0,
      2,
      0
    ],
    [
      10,
      1,
      941,
      8,
      0,
      39,
      0,
      1,
      0
    ],
    [
      20,
      20,
      10,
      921,
      0,
      28,
      0,
      1,
      0
    ],
    [
      0,
      0,
      0,
      0,
      985,
      0,
      8,
      0,
      7
    ],
    [
      106,
      2,
      82,
      30,
      0,
      769,
      0,
      11,
      0
    ],
    [
      0,
      0,
      0,
      0,
      5,
      0,
      965,
      0,
      30
    ],
    [
      0,
      1,
      1,
      4,
      2,
      0,
      0,
      992,
      0
    ],
    [
      0,
      0,
      1,
      0,
      4,
      0,
      18,
      0,
      977
    ]
  ]
}