{
  "experiment": "exp3",
  "condition": {
    "num_classes": 5,
    "class_list": [
      0,
      1,
      2,
      3,
      8
    ],
    "class_names": [
      "T-shirt/top",
      "Trouser",
      "Pullover",
      "Dress",
      "Bag"
    ],
    "combo_idx": 0,
    "subset_pct": 20,
    "num_samples": 6000,
    "samples_per_class": 1200,
    "train_samples": 5400,
    "val_samples": 600,
    "test_samples": 5000
  },
  "seed": 20194682,
  "timestamp": "2026-01-17T21:29:41.984924",
  "training_dynamics": {
    "epochs_trained": 20,
    "best_epoch": 10,
    "best_val_accuracy": 0.9783333333333334,
    "final_train_loss": 0.008909480734933715,
    "final_val_loss": 0.16914992158611616,
    "training_time_seconds": 4.953110218048096
  },
  "training_history": {
    "train_loss": [
      0.3722675000043476,
      0.18974577092072542,
      0.14725271300138795,
      0.1169268481871661,
      0.09662269261829994,
      0.08516357118154273,
      0.06632368292330819,
      0.05016074806232663,
      0.06651422717772862,
      0.03777990179574665,
      0.02467187846161644,
      0.03439095299622482,
      0.027445843930849256,
      0.010402617115280864,
      0.008340985238421982,
      0.011368254322031349,
      0.022617343202342884,
      0.01484973389614264,
      0.017106597543598206,
      0.008909480734933715
    ],
    "val_loss": [
      0.1563906862338384,
      0.2277146832148234,
      0.12232449313004812,
      0.12661493941520652,
      0.11217811166619261,
      0.09418717739482721,
      0.14494508683681487,
      0.1257094853480036,
      0.10538150900353987,
      0.09174185130745173,
      0.11803117740899324,
      0.12281723856615523,
      0.1194401423446834,
      0.11556788673081125,
      0.10720733880919094,
      0.13834898749444013,
      0.11087859752277533,
      0.1583541925717145,
      0.12902501742045083,
      0.16914992158611616
    ],
    "val_accuracy": [
      0.955,
      0.93,
      0.965,
      0.965,
      0.9683333333333334,
      0.9766666666666667,
      0.96,
      0.9633333333333334,
      0.9716666666666667,
      0.9766666666666667,
      0.97,
      0.9716666666666667,
      0.9716666666666667,
      0.9783333333333334,
      0.9716666666666667,
      0.9716666666666667,
      0.975,
      0.9583333333333334,
      0.9683333333333334,
      0.97
    ]
  },
  "global_metrics": {
    "accuracy": 0.961,
    "balanced_accuracy": 0.961,
    "top_3_accuracy": 0.9974,
    "top_5_accuracy": 1.0,
    "log_loss": 0.15897745916191955,
    "mcc": 0.9512665046170339,
    "cohens_kappa": 0.95125,
    "precision_macro": 0.9610250858833833,
    "precision_micro": 0.961,
    "precision_weighted": 0.9610250858833833,
    "recall_macro": 0.961,
    "recall_micro": 0.961,
    "recall_weighted": 0.961,
    "f1_macro": 0.960979397231576,
    "f1_micro": 0.961,
    "f1_weighted": 0.9609793972315761,
    "auroc_macro": 0.9969782,
    "auroc_weighted": 0.9969782000000001,
    "auprc_macro": 0.9900117529848085
  },
  "per_class_metrics": {
    "0": {
      "precision": 0.9299111549851925,
      "recall": 0.942,
      "f1": 0.9359165424739194,
      "specificity": 0.98225,
      "fpr": 0.01775,
      "fnr": 0.058,
      "auroc": 0.9948725,
      "auprc": 0.9815431109524302,
      "support": 1000,
      "tp": 942,
      "tn": 3929,
      "fp": 71,
      "fn": 58
    },
    "1": {
      "precision": 0.9762845849802372,
      "recall": 0.988,
      "f1": 0.9821073558648111,
      "specificity": 0.994,
      "fpr": 0.006,
      "fnr": 0.012,
      "auroc": 0.99938225,
      "auprc": 0.9981358835869151,
      "support": 1000,
      "tp": 988,
      "tn": 3976,
      "fp": 24,
      "fn": 12
    },
    "2": {
      "precision": 0.9558232931726908,
      "recall": 0.952,
      "f1": 0.9539078156312626,
      "specificity": 0.989,
      "fpr": 0.011,
      "fnr": 0.048,
      "auroc": 0.9956863749999999,
      "auprc": 0.9884223271009852,
      "support": 1000,
      "tp": 952,
      "tn": 3956,
      "fp": 44,
      "fn": 48
    },
    "3": {
      "precision": 0.9541284403669725,
      "recall": 0.936,
      "f1": 0.9449772841998991,
      "specificity": 0.98875,
      "fpr": 0.01125,
      "fnr": 0.064,
      "auroc": 0.9955256250000001,
      "auprc": 0.9836762974816751,
      "support": 1000,
      "tp": 936,
      "tn": 3955,
      "fp": 45,
      "fn": 64
    },
    "4": {
      "precision": 0.9889779559118237,
      "recall": 0.987,
      "f1": 0.987987987987988,
      "specificity": 0.99725,
      "fpr": 0.00275,
      "fnr": 0.013,
      "auroc": 0.9994242500000001,
      "auprc": 0.9982811458020368,
      "support": 1000,
      "tp": 987,
      "tn": 3989,
      "fp": 11,
      "fn": 13
    }
  },
  "confusion_matrix": [
    [
      942,
      3,
      27,
      22,
      6
    ],
    [
      0,
      988,
      3,
      7,
      2
    ],
    [
      30,
      3,
      952,
      12,
      3
    ],
    [
      38,
      17,
      9,
      936,
      0
    ],
    [
      3,
      1,
      5,
      4,
      987
    ]
  ]
}