{
  "experiment": "exp3",
  "condition": {
    "num_classes": 5,
    "class_list": [
      1,
      2,
      3,
      5,
      7
    ],
    "class_names": [
      "Trouser",
      "Pullover",
      "Dress",
      "Sandal",
      "Sneaker"
    ],
    "combo_idx": 3,
    "subset_pct": 90,
    "num_samples": 27000,
    "samples_per_class": 5400,
    "train_samples": 24300,
    "val_samples": 2700,
    "test_samples": 5000
  },
  "seed": 20194682,
  "timestamp": "2026-01-17T21:37:44.312911",
  "training_dynamics": {
    "epochs_trained": 15,
    "best_epoch": 5,
    "best_val_accuracy": 0.9888888888888889,
    "final_train_loss": 0.009766899337323833,
    "final_val_loss": 0.04664672115162291,
    "training_time_seconds": 17.525802850723267
  },
  "training_history": {
    "train_loss": [
      0.13003400299011877,
      0.06466945726914626,
      0.04865605149136268,
      0.038680137013158714,
      0.03240271129256335,
      0.025003880298065363,
      0.020839143317080974,
      0.02030678460329287,
      0.0168755455312892,
      0.017487480170032207,
      0.015059623673962625,
      0.015186353162555047,
      0.011259364728749987,
      0.014848152459954259,
      0.009766899337323833
    ],
    "val_loss": [
      0.0721939065169405,
      0.05865484387234405,
      0.04675190380326024,
      0.04969667473187049,
      0.03602274100813601,
      0.04684152230896332,
      0.043590074570642574,
      0.042376261212759544,
      0.04759602019494331,
      0.040212934930567386,
      0.07555529117239294,
      0.04307096999966436,
      0.04425264233378349,
      0.051389834302029126,
      0.04664672115162291
    ],
    "val_accuracy": [
      0.975925925925926,
      0.9833333333333333,
      0.9859259259259259,
      0.9851851851851852,
      0.9881481481481481,
      0.9844444444444445,
      0.9888888888888889,
      0.9877777777777778,
      0.9848148148148148,
      0.9877777777777778,
      0.9792592592592593,
      0.9885185185185185,
      0.9874074074074074,
      0.9885185185185185,
      0.987037037037037
    ]
  },
  "global_metrics": {
    "accuracy": 0.983,
    "balanced_accuracy": 0.983,
    "top_3_accuracy": 1.0,
    "top_5_accuracy": 1.0,
    "log_loss": 0.05643438768465483,
    "mcc": 0.9787933125623927,
    "cohens_kappa": 0.97875,
    "precision_macro": 0.983154029239414,
    "precision_micro": 0.983,
    "precision_weighted": 0.983154029239414,
    "recall_macro": 0.983,
    "recall_micro": 0.983,
    "recall_weighted": 0.983,
    "f1_macro": 0.982991585106392,
    "f1_micro": 0.983,
    "f1_weighted": 0.982991585106392,
    "auroc_macro": 0.9995111250000001,
    "auroc_weighted": 0.999511125,
    "auprc_macro": 0.9980709252466007
  },
  "per_class_metrics": {
    "0": {
      "precision": 0.9929506545820745,
      "recall": 0.986,
      "f1": 0.9894631209232314,
      "specificity": 0.99825,
      "fpr": 0.00175,
      "fnr": 0.014,
      "auroc": 0.9996845,
      "auprc": 0.9991153344026488,
      "support": 1000,
      "tp": 986,
      "tn": 3993,
      "fp": 7,
      "fn": 14
    },
    "1": {
      "precision": 0.9602713178294574,
      "recall": 0.991,
      "f1": 0.9753937007874016,
      "specificity": 0.98975,
      "fpr": 0.01025,
      "fnr": 0.009,
      "auroc": 0.9993435,
      "auprc": 0.9977967010081168,
      "support": 1000,
      "tp": 991,
      "tn": 3959,
      "fp": 41,
      "fn": 9
    },
    "2": {
      "precision": 0.9805128205128205,
      "recall": 0.956,
      "f1": 0.9681012658227849,
      "specificity": 0.99525,
      "fpr": 0.00475,
      "fnr": 0.044,
      "auroc": 0.998821125,
      "auprc": 0.9945945856344957,
      "support": 1000,
      "tp": 956,
      "tn": 3981,
      "fp": 19,
      "fn": 44
    },
    "3": {
      "precision": 0.993963782696177,
      "recall": 0.988,
      "f1": 0.9909729187562687,
      "specificity": 0.9985,
      "fpr": 0.0015,
      "fnr": 0.012,
      "auroc": 0.9998525,
      "auprc": 0.9994529566685678,
      "support": 1000,
      "tp": 988,
      "tn": 3994,
      "fp": 6,
      "fn": 12
    },
    "4": {
      "precision": 0.9880715705765407,
      "recall": 0.994,
      "f1": 0.9910269192422732,
      "specificity": 0.997,
      "fpr": 0.003,
      "fnr": 0.006,
      "auroc": 0.999854,
      "auprc": 0.9993950485191745,
      "support": 1000,
      "tp": 994,
      "tn": 3988,
      "fp": 12,
      "fn": 6
    }
  },
  "confusion_matrix": [
    [
      986,
      3,
      11,
      0,
      0
    ],
    [
      1,
      991,
      8,
      0,
      0
    ],
    [
      6,
      38,
      956,
      0,
      0
    ],
    [
      0,
      0,
      0,
      988,
      12
    ],
    [
      0,
      0,
      0,
      6,
      994
    ]
  ]
}