{
  "experiment": "exp3",
  "condition": {
    "num_classes": 5,
    "class_list": [
      1,
      2,
      3,
      5,
      7
    ],
    "class_names": [
      "Trouser",
      "Pullover",
      "Dress",
      "Sandal",
      "Sneaker"
    ],
    "combo_idx": 3,
    "subset_pct": 10,
    "num_samples": 3000,
    "samples_per_class": 600,
    "train_samples": 2700,
    "val_samples": 300,
    "test_samples": 5000
  },
  "seed": 20194682,
  "timestamp": "2026-01-17T21:36:11.908787",
  "training_dynamics": {
    "epochs_trained": 25,
    "best_epoch": 15,
    "best_val_accuracy": 0.9966666666666667,
    "final_train_loss": 0.020116128026762284,
    "final_val_loss": 0.05296985194087028,
    "training_time_seconds": 3.33451771736145
  },
  "training_history": {
    "train_loss": [
      0.38460605227670003,
      0.13131815307708675,
      0.0980514521429012,
      0.08743481394336668,
      0.06978897085456653,
      0.04091751526737975,
      0.03060674184234813,
      0.025890960528645233,
      0.022856905287521524,
      0.02045180239216533,
      0.015941706624797134,
      0.011475826044494,
      0.003913406902642617,
      0.0028272930456211703,
      0.0021792178490296615,
      0.001158041448561139,
      0.0017771582727005427,
      0.005440103330244689,
      0.0029865655632483838,
      0.009890412153719469,
      0.013796265163935374,
      0.04654161579538743,
      0.028557482519360303,
      0.015090219230461476,
      0.020116128026762284
    ],
    "val_loss": [
      0.11958119451999664,
      0.08050850133101145,
      0.06197376847267151,
      0.1067560887336731,
      0.06389325420061748,
      0.07619577825069428,
      0.06832635402679443,
      0.03677524074912071,
      0.03706602687637011,
      0.04607091143727302,
      0.07574318508307139,
      0.019432378659645717,
      0.020316994984944662,
      0.03499009349383414,
      0.01629254440466563,
      0.024387795322885115,
      0.02337968719191849,
      0.05588412379225095,
      0.05474499563376109,
      0.05564490765333176,
      0.06117156525452932,
      0.02671279912193616,
      0.04308515081803004,
      0.10906572925547758,
      0.05296985194087028
    ],
    "val_accuracy": [
      0.95,
      0.9666666666666667,
      0.9766666666666667,
      0.9533333333333334,
      0.97,
      0.9666666666666667,
      0.9766666666666667,
      0.9833333333333333,
      0.9833333333333333,
      0.9866666666666667,
      0.98,
      0.9966666666666667,
      0.99,
      0.99,
      0.9966666666666667,
      0.99,
      0.9933333333333333,
      0.98,
      0.98,
      0.98,
      0.97,
      0.99,
      0.9866666666666667,
      0.9766666666666667,
      0.9766666666666667
    ]
  },
  "global_metrics": {
    "accuracy": 0.9714,
    "balanced_accuracy": 0.9713999999999998,
    "top_3_accuracy": 0.9994,
    "top_5_accuracy": 1.0,
    "log_loss": 0.12268511244040001,
    "mcc": 0.9642594980028332,
    "cohens_kappa": 0.96425,
    "precision_macro": 0.9714818449762921,
    "precision_micro": 0.9714,
    "precision_weighted": 0.9714818449762921,
    "recall_macro": 0.9713999999999998,
    "recall_micro": 0.9714,
    "recall_weighted": 0.9714,
    "f1_macro": 0.9714216104215201,
    "f1_micro": 0.9714,
    "f1_weighted": 0.97142161042152,
    "auroc_macro": 0.9988268250000001,
    "auroc_weighted": 0.9988268250000001,
    "auprc_macro": 0.9955892696795507
  },
  "per_class_metrics": {
    "0": {
      "precision": 0.986815415821501,
      "recall": 0.973,
      "f1": 0.9798590130916414,
      "specificity": 0.99675,
      "fpr": 0.00325,
      "fnr": 0.027,
      "auroc": 0.9995285,
      "auprc": 0.9985107154241378,
      "support": 1000,
      "tp": 973,
      "tn": 3987,
      "fp": 13,
      "fn": 27
    },
    "1": {
      "precision": 0.9652432969215492,
      "recall": 0.972,
      "f1": 0.968609865470852,
      "specificity": 0.99125,
      "fpr": 0.00875,
      "fnr": 0.028,
      "auroc": 0.99873525,
      "auprc": 0.9957616317758035,
      "support": 1000,
      "tp": 972,
      "tn": 3965,
      "fp": 35,
      "fn": 28
    },
    "2": {
      "precision": 0.9552683896620279,
      "recall": 0.961,
      "f1": 0.9581256231306081,
      "specificity": 0.98875,
      "fpr": 0.01125,
      "fnr": 0.039,
      "auroc": 0.997934,
      "auprc": 0.9911488165870798,
      "support": 1000,
      "tp": 961,
      "tn": 3955,
      "fp": 45,
      "fn": 39
    },
    "3": {
      "precision": 0.9788519637462235,
      "recall": 0.972,
      "f1": 0.9754139488208731,
      "specificity": 0.99475,
      "fpr": 0.00525,
      "fnr": 0.028,
      "auroc": 0.9988072499999999,
      "auprc": 0.9960848674064913,
      "support": 1000,
      "tp": 972,
      "tn": 3979,
      "fp": 21,
      "fn": 28
    },
    "4": {
      "precision": 0.9712301587301587,
      "recall": 0.979,
      "f1": 0.9750996015936254,
      "specificity": 0.99275,
      "fpr": 0.00725,
      "fnr": 0.021,
      "auroc": 0.9991291250000001,
      "auprc": 0.9964403172042415,
      "support": 1000,
      "tp": 979,
      "tn": 3971,
      "fp": 29,
      "fn": 21
    }
  },
  "confusion_matrix": [
    [
      973,
      8,
      19,
      0,
      0
    ],
    [
      1,
      972,
      26,
      0,
      1
    ],
    [
      12,
      27,
      961,
      0,
      0
    ],
    [
      0,
      0,
      0,
      972,
      28
    ],
    [
      0,
      0,
      0,
      21,
      979
    ]
  ]
}