{
  "experiment": "exp3",
  "condition": {
    "num_classes": 8,
    "class_list": [
      0,
      1,
      3,
      4,
      5,
      7,
      8,
      9
    ],
    "class_names": [
      "T-shirt/top",
      "Trouser",
      "Dress",
      "Coat",
      "Sandal",
      "Sneaker",
      "Bag",
      "Ankle boot"
    ],
    "combo_idx": 2,
    "subset_pct": 20,
    "num_samples": 9600,
    "samples_per_class": 1200,
    "train_samples": 8640,
    "val_samples": 960,
    "test_samples": 8000
  },
  "seed": 20194682,
  "timestamp": "2026-01-17T22:14:14.586678",
  "training_dynamics": {
    "epochs_trained": 15,
    "best_epoch": 5,
    "best_val_accuracy": 0.9625,
    "final_train_loss": 0.030837713231556808,
    "final_val_loss": 0.15481864077349503,
    "training_time_seconds": 7.261129856109619
  },
  "training_history": {
    "train_loss": [
      0.3950966357081025,
      0.20406023713725585,
      0.1569666198834225,
      0.12210401329729292,
      0.10204030646494142,
      0.08423010655851276,
      0.07025313510525005,
      0.06547790940299078,
      0.04695197937113267,
      0.042531666690828626,
      0.03773876419635835,
      0.027134957545678372,
      0.027068399285242236,
      0.021123710200104312,
      0.030837713231556808
    ],
    "val_loss": [
      0.20697861363490422,
      0.1449267754952113,
      0.1357225313782692,
      0.12677454178531963,
      0.12399623543024063,
      0.14797312592466672,
      0.14394119754433632,
      0.1678139016032219,
      0.15939939891298613,
      0.15903520149489245,
      0.17680776330331963,
      0.1825856514275074,
      0.15714500012497107,
      0.17055800495048365,
      0.15481864077349503
    ],
    "val_accuracy": [
      0.9302083333333333,
      0.9510416666666667,
      0.9552083333333333,
      0.9604166666666667,
      0.9614583333333333,
      0.95625,
      0.9604166666666667,
      0.9510416666666667,
      0.9583333333333334,
      0.9583333333333334,
      0.9541666666666667,
      0.959375,
      0.959375,
      0.9614583333333333,
      0.9625
    ]
  },
  "global_metrics": {
    "accuracy": 0.949875,
    "balanced_accuracy": 0.949875,
    "top_3_accuracy": 0.996875,
    "top_5_accuracy": 0.999625,
    "log_loss": 0.15292081477874991,
    "mcc": 0.9429187023387303,
    "cohens_kappa": 0.9427142857142857,
    "precision_macro": 0.9515633528624433,
    "precision_micro": 0.949875,
    "precision_weighted": 0.9515633528624433,
    "recall_macro": 0.949875,
    "recall_micro": 0.949875,
    "recall_weighted": 0.949875,
    "f1_macro": 0.9500433328496414,
    "f1_micro": 0.949875,
    "f1_weighted": 0.9500433328496413,
    "auroc_macro": 0.9980056875000001,
    "auroc_weighted": 0.9980056875000001,
    "auprc_macro": 0.9886404079953601
  },
  "per_class_metrics": {
    "0": {
      "precision": 0.980349344978166,
      "recall": 0.898,
      "f1": 0.9373695198329853,
      "specificity": 0.9974285714285714,
      "fpr": 0.0025714285714285713,
      "fnr": 0.102,
      "auroc": 0.9968372857142858,
      "auprc": 0.9855177597531001,
      "support": 1000,
      "tp": 898,
      "tn": 6982,
      "fp": 18,
      "fn": 102
    },
    "1": {
      "precision": 0.9948347107438017,
      "recall": 0.963,
      "f1": 0.9786585365853658,
      "specificity": 0.9992857142857143,
      "fpr": 0.0007142857142857143,
      "fnr": 0.037,
      "auroc": 0.9990632857142856,
      "auprc": 0.9961120316552858,
      "support": 1000,
      "tp": 963,
      "tn": 6995,
      "fp": 5,
      "fn": 37
    },
    "2": {
      "precision": 0.9011099899091827,
      "recall": 0.893,
      "f1": 0.897036664992466,
      "specificity": 0.986,
      "fpr": 0.014,
      "fnr": 0.107,
      "auroc": 0.9950737857142857,
      "auprc": 0.9670537956940292,
      "support": 1000,
      "tp": 893,
      "tn": 6902,
      "fp": 98,
      "fn": 107
    },
    "3": {
      "precision": 0.8747779751332149,
      "recall": 0.985,
      "f1": 0.9266227657572906,
      "specificity": 0.9798571428571429,
      "fpr": 0.020142857142857143,
      "fnr": 0.015,
      "auroc": 0.9984685714285715,
      "auprc": 0.9900139180384077,
      "support": 1000,
      "tp": 985,
      "tn": 6859,
      "fp": 141,
      "fn": 15
    },
    "4": {
      "precision": 0.9768145161290323,
      "recall": 0.969,
      "f1": 0.9728915662650601,
      "specificity": 0.9967142857142857,
      "fpr": 0.003285714285714286,
      "fnr": 0.031,
      "auroc": 0.9993495714285714,
      "auprc": 0.9956925138721116,
      "support": 1000,
      "tp": 969,
      "tn": 6977,
      "fp": 23,
      "fn": 31
    },
    "5": {
      "precision": 0.9454365079365079,
      "recall": 0.953,
      "f1": 0.9492031872509961,
      "specificity": 0.9921428571428571,
      "fpr": 0.007857142857142858,
      "fnr": 0.047,
      "auroc": 0.9981692857142858,
      "auprc": 0.9881788942763768,
      "support": 1000,
      "tp": 953,
      "tn": 6945,
      "fp": 55,
      "fn": 47
    },
    "6": {
      "precision": 0.9838709677419355,
      "recall": 0.976,
      "f1": 0.9799196787148594,
      "specificity": 0.9977142857142857,
      "fpr": 0.002285714285714286,
      "fnr": 0.024,
      "auroc": 0.9983862857142857,
      "auprc": 0.9940029364030594,
      "support": 1000,
      "tp": 976,
      "tn": 6984,
      "fp": 16,
      "fn": 24
    },
    "7": {
      "precision": 0.9553128103277061,
      "recall": 0.962,
      "f1": 0.9586447433981066,
      "specificity": 0.9935714285714285,
      "fpr": 0.0064285714285714285,
      "fnr": 0.038,
      "auroc": 0.9986974285714286,
      "auprc": 0.9925514142705109,
      "support": 1000,
      "tp": 962,
      "tn": 6955,
      "fp": 45,
      "fn": 38
    }
  },
  "confusion_matrix": [
    [
      898,
      0,
      58,
      32,
      1,
      0,
      11,
      0
    ],
    [
      0,
      963,
      23,
      11,
      0,
      0,
      3,
      0
    ],
    [
      15,
      3,
      893,
      89,
      0,
      0,
      0,
      0
    ],
    [
      2,
      0,
      12,
      985,
      0,
      0,
      1,
      0
    ],
    [
      0,
      0,
      0,
      0,
      969,
      15,
      0,
      16
    ],
    [
      0,
      0,
      0,
      0,
      19,
      953,
      0,
      28
    ],
    [
      1,
      2,
      5,
      9,
      1,
      5,
      976,
      1
    ],
    [
      0,
      0,
      0,
      0,
      2,
      35,
      1,
      962
    ]
  ]
}