{
  "experiment": "exp3",
  "condition": {
    "num_classes": 9,
    "class_list": [
      0,
      2,
      3,
      4,
      5,
      6,
      7,
      8,
      9
    ],
    "class_names": [
      "T-shirt/top",
      "Pullover",
      "Dress",
      "Coat",
      "Sandal",
      "Shirt",
      "Sneaker",
      "Bag",
      "Ankle boot"
    ],
    "combo_idx": 4,
    "subset_pct": 60,
    "num_samples": 32400,
    "samples_per_class": 3600,
    "train_samples": 29160,
    "val_samples": 3240,
    "test_samples": 9000
  },
  "seed": 20194682,
  "timestamp": "2026-01-17T22:41:07.328986",
  "training_dynamics": {
    "epochs_trained": 19,
    "best_epoch": 9,
    "best_val_accuracy": 0.9212962962962963,
    "final_train_loss": 0.05785005761610687,
    "final_val_loss": 0.3246334788975892,
    "training_time_seconds": 30.128194332122803
  },
  "training_history": {
    "train_loss": [
      0.5277557497223219,
      0.35098279094356194,
      0.29278566328841343,
      0.2593692251105319,
      0.22913343539428815,
      0.20571268892340494,
      0.18672487450142702,
      0.17041263226092906,
      0.1495451301524187,
      0.13452305613706508,
      0.12038586455348291,
      0.10528805913207562,
      0.09823501939893488,
      0.08845800881809146,
      0.08012625996815857,
      0.07371151264810019,
      0.06604743623909981,
      0.06657255863823944,
      0.05785005761610687
    ],
    "val_loss": [
      0.3516789908762331,
      0.30418392831896557,
      0.23794395643987773,
      0.25561435450742276,
      0.26672730129442096,
      0.24936997323860358,
      0.24864890921263047,
      0.2346556868818071,
      0.23343551799103066,
      0.23837127413278744,
      0.24663571354783612,
      0.26539747678203346,
      0.27076624624523116,
      0.30589334457008927,
      0.2725383898358286,
      0.30682905757868734,
      0.2977453781498803,
      0.315269629896423,
      0.3246334788975892
    ],
    "val_accuracy": [
      0.8697530864197531,
      0.8848765432098765,
      0.9108024691358024,
      0.9021604938271605,
      0.8981481481481481,
      0.907716049382716,
      0.9114197530864198,
      0.9151234567901234,
      0.9209876543209876,
      0.9154320987654321,
      0.9212962962962963,
      0.9200617283950617,
      0.917283950617284,
      0.9114197530864198,
      0.9148148148148149,
      0.9135802469135802,
      0.9191358024691358,
      0.9191358024691358,
      0.917283950617284
    ]
  },
  "global_metrics": {
    "accuracy": 0.9065555555555556,
    "balanced_accuracy": 0.9065555555555554,
    "top_3_accuracy": 0.9933333333333333,
    "top_5_accuracy": 0.999,
    "log_loss": 0.2769839233867747,
    "mcc": 0.8950048224066286,
    "cohens_kappa": 0.894875,
    "precision_macro": 0.906948368474694,
    "precision_micro": 0.9065555555555556,
    "precision_weighted": 0.9069483684746938,
    "recall_macro": 0.9065555555555554,
    "recall_micro": 0.9065555555555556,
    "recall_weighted": 0.9065555555555556,
    "f1_macro": 0.9062653523127123,
    "f1_micro": 0.9065555555555556,
    "f1_weighted": 0.9062653523127123,
    "auroc_macro": 0.9933418333333334,
    "auroc_weighted": 0.9933418333333333,
    "auprc_macro": 0.9593600429350706
  },
  "per_class_metrics": {
    "0": {
      "precision": 0.8137432188065099,
      "recall": 0.9,
      "f1": 0.8547008547008548,
      "specificity": 0.97425,
      "fpr": 0.02575,
      "fnr": 0.1,
      "auroc": 0.9909598750000002,
      "auprc": 0.9416997768013505,
      "support": 1000,
      "tp": 900,
      "tn": 7794,
      "fp": 206,
      "fn": 100
    },
    "1": {
      "precision": 0.912568306010929,
      "recall": 0.835,
      "f1": 0.8720626631853786,
      "specificity": 0.99,
      "fpr": 0.01,
      "fnr": 0.165,
      "auroc": 0.9908815,
      "auprc": 0.9469352243638892,
      "support": 1000,
      "tp": 835,
      "tn": 7920,
      "fp": 80,
      "fn": 165
    },
    "2": {
      "precision": 0.9246231155778895,
      "recall": 0.92,
      "f1": 0.9223057644110277,
      "specificity": 0.990625,
      "fpr": 0.009375,
      "fnr": 0.08,
      "auroc": 0.9964895625,
      "auprc": 0.9748037231212555,
      "support": 1000,
      "tp": 920,
      "tn": 7925,
      "fp": 75,
      "fn": 80
    },
    "3": {
      "precision": 0.8668639053254438,
      "recall": 0.879,
      "f1": 0.8728897715988082,
      "specificity": 0.983125,
      "fpr": 0.016875,
      "fnr": 0.121,
      "auroc": 0.992381875,
      "auprc": 0.9473547939117862,
      "support": 1000,
      "tp": 879,
      "tn": 7865,
      "fp": 135,
      "fn": 121
    },
    "4": {
      "precision": 0.9908906882591093,
      "recall": 0.979,
      "f1": 0.9849094567404427,
      "specificity": 0.998875,
      "fpr": 0.001125,
      "fnr": 0.021,
      "auroc": 0.999455,
      "auprc": 0.9970574884087032,
      "support": 1000,
      "tp": 979,
      "tn": 7991,
      "fp": 9,
      "fn": 21
    },
    "5": {
      "precision": 0.7460815047021944,
      "recall": 0.714,
      "f1": 0.7296882984159427,
      "specificity": 0.969625,
      "fpr": 0.030375,
      "fnr": 0.286,
      "auroc": 0.9718425,
      "auprc": 0.8399317078615606,
      "support": 1000,
      "tp": 714,
      "tn": 7757,
      "fp": 243,
      "fn": 286
    },
    "6": {
      "precision": 0.9623389494549058,
      "recall": 0.971,
      "f1": 0.966650074664012,
      "specificity": 0.99525,
      "fpr": 0.00475,
      "fnr": 0.029,
      "auroc": 0.9990373124999999,
      "auprc": 0.9931080381899751,
      "support": 1000,
      "tp": 971,
      "tn": 7962,
      "fp": 38,
      "fn": 29
    },
    "7": {
      "precision": 0.9781962338949455,
      "recall": 0.987,
      "f1": 0.9825783972125436,
      "specificity": 0.99725,
      "fpr": 0.00275,
      "fnr": 0.013,
      "auroc": 0.99979425,
      "auprc": 0.9985652333817158,
      "support": 1000,
      "tp": 987,
      "tn": 7978,
      "fp": 22,
      "fn": 13
    },
    "8": {
      "precision": 0.9672293942403177,
      "recall": 0.974,
      "f1": 0.9706028898854012,
      "specificity": 0.995875,
      "fpr": 0.004125,
      "fnr": 0.026,
      "auroc": 0.9992346249999999,
      "auprc": 0.9947844003754004,
      "support": 1000,
      "tp": 974,
      "tn": 7967,
      "fp": 33,
      "fn": 26
    }
  },
  "confusion_matrix": [
    [
      900,
      14,
      13,
      3,
      2,
      62,
      0,
      6,
      0
    ],
    [
      23,
      835,
      9,
      57,
      0,
      75,
      0,
      1,
      0
    ],
    [
      24,
      5,
      920,
      20,
      0,
      31,
      0,
      0,
      0
    ],
    [
      0,
      25,
      20,
      879,
      0,
      73,
      0,
      3,
      0
    ],
    [
      0,
      0,
      0,
      0,
      979,
      0,
      13,
      0,
      8
    ],
    [
      157,
      35,
      31,
      51,
      0,
      714,
      0,
      12,
      0
    ],
    [
      0,
      0,
      0,
      0,
      4,
      0,
      971,
      0,
      25
    ],
    [
      2,
      1,
      2,
      4,
      1,
      1,
      2,
      987,
      0
    ],
    [
      0,
      0,
      0,
      0,
      2,
      1,
      23,
      0,
      974
    ]
  ]
}