{
  "experiment": "exp3",
  "condition": {
    "num_classes": 6,
    "class_list": [
      0,
      1,
      2,
      3,
      6,
      9
    ],
    "class_names": [
      "T-shirt/top",
      "Trouser",
      "Pullover",
      "Dress",
      "Shirt",
      "Ankle boot"
    ],
    "combo_idx": 0,
    "subset_pct": 80,
    "num_samples": 28800,
    "samples_per_class": 4800,
    "train_samples": 25920,
    "val_samples": 2880,
    "test_samples": 6000
  },
  "seed": 20194682,
  "timestamp": "2026-01-17T21:41:57.036449",
  "training_dynamics": {
    "epochs_trained": 14,
    "best_epoch": 4,
    "best_val_accuracy": 0.9315972222222222,
    "final_train_loss": 0.06769631188017902,
    "final_val_loss": 0.27772780309120815,
    "training_time_seconds": 17.246236324310303
  },
  "training_history": {
    "train_loss": [
      0.3907741852196646,
      0.27423706636016754,
      0.22834924694932537,
      0.20548150536638718,
      0.18483463910258846,
      0.16255815275657323,
      0.1472364886859317,
      0.12863404152018051,
      0.11074063081616237,
      0.10191935218732666,
      0.08960736066700868,
      0.08498946751847311,
      0.07100179584489928,
      0.06769631188017902
    ],
    "val_loss": [
      0.25084126989046734,
      0.21094238294495476,
      0.2562516588303778,
      0.18622179561191135,
      0.2052261213461558,
      0.19720321711566713,
      0.19550798104868994,
      0.20782043685515722,
      0.204493770086103,
      0.21568627142243915,
      0.23427208695146773,
      0.20857140156957837,
      0.21965760737657547,
      0.27772780309120815
    ],
    "val_accuracy": [
      0.9152777777777777,
      0.925,
      0.9013888888888889,
      0.9295138888888889,
      0.921875,
      0.9284722222222223,
      0.9274305555555555,
      0.91875,
      0.9315972222222222,
      0.9309027777777777,
      0.9243055555555556,
      0.9295138888888889,
      0.93125,
      0.9215277777777777
    ]
  },
  "global_metrics": {
    "accuracy": 0.916,
    "balanced_accuracy": 0.9159999999999999,
    "top_3_accuracy": 0.9956666666666667,
    "top_5_accuracy": 1.0,
    "log_loss": 0.2260308228059286,
    "mcc": 0.8992362099737639,
    "cohens_kappa": 0.8992,
    "precision_macro": 0.9161829182282765,
    "precision_micro": 0.916,
    "precision_weighted": 0.9161829182282765,
    "recall_macro": 0.9159999999999999,
    "recall_micro": 0.916,
    "recall_weighted": 0.916,
    "f1_macro": 0.9160061307449244,
    "f1_micro": 0.916,
    "f1_weighted": 0.9160061307449244,
    "auroc_macro": 0.9912579,
    "auroc_weighted": 0.9912579,
    "auprc_macro": 0.9647243218034389
  },
  "per_class_metrics": {
    "0": {
      "precision": 0.8512476007677543,
      "recall": 0.887,
      "f1": 0.8687561214495593,
      "specificity": 0.969,
      "fpr": 0.031,
      "fnr": 0.113,
      "auroc": 0.9874919999999999,
      "auprc": 0.9469546945934675,
      "support": 1000,
      "tp": 887,
      "tn": 4845,
      "fp": 155,
      "fn": 113
    },
    "1": {
      "precision": 0.987012987012987,
      "recall": 0.988,
      "f1": 0.9875062468765617,
      "specificity": 0.9974,
      "fpr": 0.0026,
      "fnr": 0.012,
      "auroc": 0.9996106,
      "auprc": 0.998842788275849,
      "support": 1000,
      "tp": 988,
      "tn": 4987,
      "fp": 13,
      "fn": 12
    },
    "2": {
      "precision": 0.917766497461929,
      "recall": 0.904,
      "f1": 0.910831234256927,
      "specificity": 0.9838,
      "fpr": 0.0162,
      "fnr": 0.096,
      "auroc": 0.991609,
      "auprc": 0.9666310423326961,
      "support": 1000,
      "tp": 904,
      "tn": 4919,
      "fp": 81,
      "fn": 96
    },
    "3": {
      "precision": 0.9402228976697061,
      "recall": 0.928,
      "f1": 0.934071464519376,
      "specificity": 0.9882,
      "fpr": 0.0118,
      "fnr": 0.072,
      "auroc": 0.9961678,
      "auprc": 0.9816522722515684,
      "support": 1000,
      "tp": 928,
      "tn": 4941,
      "fp": 59,
      "fn": 72
    },
    "4": {
      "precision": 0.8028455284552846,
      "recall": 0.79,
      "f1": 0.7963709677419355,
      "specificity": 0.9612,
      "fpr": 0.0388,
      "fnr": 0.21,
      "auroc": 0.9726746,
      "auprc": 0.8942970791560172,
      "support": 1000,
      "tp": 790,
      "tn": 4806,
      "fp": 194,
      "fn": 210
    },
    "5": {
      "precision": 0.998001998001998,
      "recall": 0.999,
      "f1": 0.9985007496251873,
      "specificity": 0.9996,
      "fpr": 0.0004,
      "fnr": 0.001,
      "auroc": 0.9999933999999999,
      "auprc": 0.9999680542110359,
      "support": 1000,
      "tp": 999,
      "tn": 4998,
      "fp": 2,
      "fn": 1
    }
  },
  "confusion_matrix": [
    [
      887,
      0,
      12,
      18,
      82,
      1
    ],
    [
      0,
      988,
      2,
      8,
      2,
      0
    ],
    [
      17,
      1,
      904,
      10,
      68,
      0
    ],
    [
      17,
      7,
      5,
      928,
      42,
      1
    ],
    [
      121,
      5,
      61,
      23,
      790,
      0
    ],
    [
      0,
      0,
      1,
      0,
      0,
      999
    ]
  ]
}