{
  "experiment": "exp3",
  "condition": {
    "num_classes": 5,
    "class_list": [
      0,
      1,
      2,
      3,
      8
    ],
    "class_names": [
      "T-shirt/top",
      "Trouser",
      "Pullover",
      "Dress",
      "Bag"
    ],
    "combo_idx": 0,
    "subset_pct": 90,
    "num_samples": 27000,
    "samples_per_class": 5400,
    "train_samples": 24300,
    "val_samples": 2700,
    "test_samples": 5000
  },
  "seed": 20194682,
  "timestamp": "2026-01-17T21:31:13.022211",
  "training_dynamics": {
    "epochs_trained": 19,
    "best_epoch": 9,
    "best_val_accuracy": 0.9751851851851852,
    "final_train_loss": 0.0217800772114156,
    "final_val_loss": 0.112035013826357,
    "training_time_seconds": 23.621893167495728
  },
  "training_history": {
    "train_loss": [
      0.21596499804015223,
      0.1264478025100145,
      0.10233170868289707,
      0.081800439281046,
      0.07117581160212132,
      0.059403944058392784,
      0.0521949047086405,
      0.04436306398649896,
      0.04056233150890636,
      0.03484010599541331,
      0.03133314851025046,
      0.024259418933127705,
      0.030327420394965693,
      0.02114401123468078,
      0.022057088318902778,
      0.019611990293905316,
      0.021561290305506096,
      0.012495046649526461,
      0.0217800772114156
    ],
    "val_loss": [
      0.12823795398076376,
      0.11289246865996608,
      0.11355008121993806,
      0.09751950183400401,
      0.09681058126743193,
      0.0948101465045302,
      0.09448432152056031,
      0.09715269665475244,
      0.07907422461719425,
      0.09940082431943328,
      0.08837719611271663,
      0.11298914813333087,
      0.09766869370170214,
      0.12228589185823997,
      0.11029136436405006,
      0.11710603479985837,
      0.13131429916178738,
      0.12511400338710735,
      0.112035013826357
    ],
    "val_accuracy": [
      0.957037037037037,
      0.9625925925925926,
      0.9618518518518518,
      0.9692592592592593,
      0.9681481481481482,
      0.9711111111111111,
      0.9703703703703703,
      0.9711111111111111,
      0.9740740740740741,
      0.9703703703703703,
      0.9733333333333334,
      0.9714814814814815,
      0.9725925925925926,
      0.9677777777777777,
      0.9703703703703703,
      0.9751851851851852,
      0.967037037037037,
      0.9696296296296296,
      0.97
    ]
  },
  "global_metrics": {
    "accuracy": 0.9688,
    "balanced_accuracy": 0.9687999999999999,
    "top_3_accuracy": 0.9988,
    "top_5_accuracy": 1.0,
    "log_loss": 0.11127858441096068,
    "mcc": 0.9610131179185899,
    "cohens_kappa": 0.961,
    "precision_macro": 0.9688275052778851,
    "precision_micro": 0.9688,
    "precision_weighted": 0.9688275052778851,
    "recall_macro": 0.9687999999999999,
    "recall_micro": 0.9688,
    "recall_weighted": 0.9688,
    "f1_macro": 0.9687875875673594,
    "f1_micro": 0.9688,
    "f1_weighted": 0.9687875875673595,
    "auroc_macro": 0.997836725,
    "auroc_weighted": 0.997836725,
    "auprc_macro": 0.9925768638570854
  },
  "per_class_metrics": {
    "0": {
      "precision": 0.9467871485943775,
      "recall": 0.943,
      "f1": 0.9448897795591182,
      "specificity": 0.98675,
      "fpr": 0.01325,
      "fnr": 0.057,
      "auroc": 0.9956316249999999,
      "auprc": 0.9865977323069818,
      "support": 1000,
      "tp": 943,
      "tn": 3947,
      "fp": 53,
      "fn": 57
    },
    "1": {
      "precision": 0.993963782696177,
      "recall": 0.988,
      "f1": 0.9909729187562687,
      "specificity": 0.9985,
      "fpr": 0.0015,
      "fnr": 0.012,
      "auroc": 0.99973175,
      "auprc": 0.9992260124224257,
      "support": 1000,
      "tp": 988,
      "tn": 3994,
      "fp": 6,
      "fn": 12
    },
    "2": {
      "precision": 0.9528023598820059,
      "recall": 0.969,
      "f1": 0.9608329201784828,
      "specificity": 0.988,
      "fpr": 0.012,
      "fnr": 0.031,
      "auroc": 0.9970269999999999,
      "auprc": 0.9905922936518101,
      "support": 1000,
      "tp": 969,
      "tn": 3952,
      "fp": 48,
      "fn": 31
    },
    "3": {
      "precision": 0.9625126646403243,
      "recall": 0.95,
      "f1": 0.9562154001006543,
      "specificity": 0.99075,
      "fpr": 0.00925,
      "fnr": 0.05,
      "auroc": 0.99694725,
      "auprc": 0.9870488735286989,
      "support": 1000,
      "tp": 950,
      "tn": 3963,
      "fp": 37,
      "fn": 50
    },
    "4": {
      "precision": 0.9880715705765407,
      "recall": 0.994,
      "f1": 0.9910269192422732,
      "specificity": 0.997,
      "fpr": 0.003,
      "fnr": 0.006,
      "auroc": 0.999846,
      "auprc": 0.9994194073755106,
      "support": 1000,
      "tp": 994,
      "tn": 3988,
      "fp": 12,
      "fn": 6
    }
  },
  "confusion_matrix": [
    [
      943,
      0,
      31,
      17,
      9
    ],
    [
      3,
      988,
      2,
      6,
      1
    ],
    [
      20,
      1,
      969,
      10,
      0
    ],
    [
      28,
      5,
      15,
      950,
      2
    ],
    [
      2,
      0,
      0,
      4,
      994
    ]
  ]
}