{
  "experiment": "exp3",
  "condition": {
    "num_classes": 3,
    "class_list": [
      3,
      7,
      8
    ],
    "class_names": [
      "Dress",
      "Sneaker",
      "Bag"
    ],
    "combo_idx": 4,
    "subset_pct": 90,
    "num_samples": 16200,
    "samples_per_class": 5400,
    "train_samples": 14580,
    "val_samples": 1620,
    "test_samples": 3000
  },
  "seed": 20194682,
  "timestamp": "2026-01-17T21:20:23.112926",
  "training_dynamics": {
    "epochs_trained": 29,
    "best_epoch": 19,
    "best_val_accuracy": 0.9981481481481481,
    "final_train_loss": 0.004218064906563325,
    "final_val_loss": 0.027667012406347995,
    "training_time_seconds": 20.590999841690063
  },
  "training_history": {
    "train_loss": [
      0.052232573320476434,
      0.022806362193653496,
      0.015618943829937499,
      0.012382013929916929,
      0.009077469513601355,
      0.006903521166146962,
      0.006341776406077714,
      0.007005431041753789,
      0.005704957212961952,
      0.0023931180856802633,
      0.0036985324308163895,
      0.0051783957662722285,
      0.005995967867841743,
      0.0029541543039489655,
      0.0013958859690464116,
      0.0015187966168928582,
      0.0024441069265813005,
      0.0060615790383441465,
      0.0054245881190685425,
      0.001135455758793519,
      0.00014774896788008425,
      9.294060786913361e-05,
      0.00010072243156755895,
      9.477036074631622e-05,
      6.944896468914457e-05,
      0.00012766670853811215,
      0.0029039582546293956,
      0.0145331324298009,
      0.004218064906563325
    ],
    "val_loss": [
      0.026606504974547588,
      0.024423179556443183,
      0.025788644959437886,
      0.018472909702442263,
      0.012952005579768692,
      0.022435204102654437,
      0.032125790084332466,
      0.018118639447780922,
      0.01303811797396868,
      0.020373942330949246,
      0.01835768407068247,
      0.00894652011428785,
      0.013003011147784042,
      0.01089166302584814,
      0.02070298940139262,
      0.01646037824106537,
      0.021141357930477618,
      0.01574137077399495,
      0.007549541473525568,
      0.011563714914440044,
      0.009825010877754418,
      0.008422351615796108,
      0.009575737903111232,
      0.009283125308770707,
      0.00865227215620698,
      0.012787806227391195,
      0.07055244166269269,
      0.011030595633017157,
      0.027667012406347995
    ],
    "val_accuracy": [
      0.9938271604938271,
      0.9938271604938271,
      0.9938271604938271,
      0.9932098765432099,
      0.9950617283950617,
      0.9944444444444445,
      0.9938271604938271,
      0.995679012345679,
      0.995679012345679,
      0.9938271604938271,
      0.9950617283950617,
      0.9975308641975309,
      0.9969135802469136,
      0.9975308641975309,
      0.995679012345679,
      0.9962962962962963,
      0.995679012345679,
      0.9962962962962963,
      0.9975308641975309,
      0.9981481481481481,
      0.9975308641975309,
      0.9969135802469136,
      0.9981481481481481,
      0.9975308641975309,
      0.9975308641975309,
      0.9969135802469136,
      0.9839506172839506,
      0.995679012345679,
      0.9925925925925926
    ]
  },
  "global_metrics": {
    "accuracy": 0.9946666666666667,
    "balanced_accuracy": 0.9946666666666667,
    "top_3_accuracy": 1.0,
    "top_5_accuracy": 1.0,
    "log_loss": 0.016796631237673162,
    "mcc": 0.9920014880033481,
    "cohens_kappa": 0.992,
    "precision_macro": 0.9946646426484506,
    "precision_micro": 0.9946666666666667,
    "precision_weighted": 0.9946646426484506,
    "recall_macro": 0.9946666666666667,
    "recall_micro": 0.9946666666666667,
    "recall_weighted": 0.9946666666666667,
    "f1_macro": 0.9946641606610281,
    "f1_micro": 0.9946666666666667,
    "f1_weighted": 0.9946641606610281,
    "auroc_macro": 0.999927,
    "auroc_weighted": 0.999927,
    "auprc_macro": 0.9998554782199914
  },
  "per_class_metrics": {
    "0": {
      "precision": 0.9949849548645938,
      "recall": 0.992,
      "f1": 0.9934902353530296,
      "specificity": 0.9975,
      "fpr": 0.0025,
      "fnr": 0.008,
      "auroc": 0.9999045,
      "auprc": 0.9998070452549142,
      "support": 1000,
      "tp": 992,
      "tn": 1995,
      "fp": 5,
      "fn": 8
    },
    "1": {
      "precision": 0.9970089730807578,
      "recall": 1.0,
      "f1": 0.9985022466300548,
      "specificity": 0.9985,
      "fpr": 0.0015,
      "fnr": 0.0,
      "auroc": 1.0,
      "auprc": 1.0,
      "support": 1000,
      "tp": 1000,
      "tn": 1997,
      "fp": 3,
      "fn": 0
    },
    "2": {
      "precision": 0.992,
      "recall": 0.992,
      "f1": 0.992,
      "specificity": 0.996,
      "fpr": 0.004,
      "fnr": 0.008,
      "auroc": 0.9998765,
      "auprc": 0.9997593894050604,
      "support": 1000,
      "tp": 992,
      "tn": 1992,
      "fp": 8,
      "fn": 8
    }
  },
  "confusion_matrix": [
    [
      992,
      0,
      8
    ],
    [
      0,
      1000,
      0
    ],
    [
      5,
      3,
      992
    ]
  ]
}