{
  "experiment": "exp3",
  "condition": {
    "num_classes": 7,
    "class_list": [
      0,
      1,
      2,
      3,
      5,
      7,
      8
    ],
    "class_names": [
      "T-shirt/top",
      "Trouser",
      "Pullover",
      "Dress",
      "Sandal",
      "Sneaker",
      "Bag"
    ],
    "combo_idx": 1,
    "subset_pct": 40,
    "num_samples": 16800,
    "samples_per_class": 2400,
    "train_samples": 15120,
    "val_samples": 1680,
    "test_samples": 7000
  },
  "seed": 20194682,
  "timestamp": "2026-01-17T21:56:06.276218",
  "training_dynamics": {
    "epochs_trained": 17,
    "best_epoch": 7,
    "best_val_accuracy": 0.975,
    "final_train_loss": 0.014778762424788596,
    "final_val_loss": 0.15131624229252338,
    "training_time_seconds": 12.656427145004272
  },
  "training_history": {
    "train_loss": [
      0.26959640587746847,
      0.14167606686772424,
      0.10729687784912402,
      0.08818388473289678,
      0.07185218300678245,
      0.06263260785313442,
      0.055318905502844615,
      0.043937828238534773,
      0.037557595176867874,
      0.03783187593278408,
      0.03409970892575581,
      0.024501946596002633,
      0.022848775288711973,
      0.01951053693255936,
      0.017771347645507588,
      0.019301087172718657,
      0.014778762424788596
    ],
    "val_loss": [
      0.14616739054520925,
      0.1292677308122317,
      0.13067694526343118,
      0.13089609099995522,
      0.11111266747826622,
      0.11517116995084853,
      0.10313848005164238,
      0.1120054800595556,
      0.16037256362892333,
      0.11769794370269492,
      0.11437294508020084,
      0.14896607289002056,
      0.11394568008503743,
      0.14299496737353148,
      0.14886256769476902,
      0.17149446995130607,
      0.15131624229252338
    ],
    "val_accuracy": [
      0.9517857142857142,
      0.9589285714285715,
      0.9654761904761905,
      0.9619047619047619,
      0.968452380952381,
      0.9672619047619048,
      0.9732142857142857,
      0.9732142857142857,
      0.9678571428571429,
      0.9744047619047619,
      0.9720238095238095,
      0.9666666666666667,
      0.9696428571428571,
      0.9744047619047619,
      0.9714285714285714,
      0.969047619047619,
      0.975
    ]
  },
  "global_metrics": {
    "accuracy": 0.9651428571428572,
    "balanced_accuracy": 0.9651428571428572,
    "top_3_accuracy": 0.9974285714285714,
    "top_5_accuracy": 0.9997142857142857,
    "log_loss": 0.12189679186714844,
    "mcc": 0.9594129679146425,
    "cohens_kappa": 0.9593333333333334,
    "precision_macro": 0.9655337549554827,
    "precision_micro": 0.9651428571428572,
    "precision_weighted": 0.9655337549554827,
    "recall_macro": 0.9651428571428572,
    "recall_micro": 0.9651428571428572,
    "recall_weighted": 0.9651428571428572,
    "f1_macro": 0.9651073019224251,
    "f1_micro": 0.9651428571428572,
    "f1_weighted": 0.9651073019224251,
    "auroc_macro": 0.9985610595238096,
    "auroc_weighted": 0.9985610595238096,
    "auprc_macro": 0.993045982694951
  },
  "per_class_metrics": {
    "0": {
      "precision": 0.96,
      "recall": 0.912,
      "f1": 0.9353846153846154,
      "specificity": 0.9936666666666667,
      "fpr": 0.006333333333333333,
      "fnr": 0.088,
      "auroc": 0.996264,
      "auprc": 0.9828635227430272,
      "support": 1000,
      "tp": 912,
      "tn": 5962,
      "fp": 38,
      "fn": 88
    },
    "1": {
      "precision": 0.9919110212335692,
      "recall": 0.981,
      "f1": 0.9864253393665159,
      "specificity": 0.9986666666666667,
      "fpr": 0.0013333333333333333,
      "fnr": 0.019,
      "auroc": 0.9993384999999999,
      "auprc": 0.9978876853932303,
      "support": 1000,
      "tp": 981,
      "tn": 5992,
      "fp": 8,
      "fn": 19
    },
    "2": {
      "precision": 0.9172932330827067,
      "recall": 0.976,
      "f1": 0.945736434108527,
      "specificity": 0.9853333333333333,
      "fpr": 0.014666666666666666,
      "fnr": 0.024,
      "auroc": 0.9980772500000001,
      "auprc": 0.9911663070521916,
      "support": 1000,
      "tp": 976,
      "tn": 5912,
      "fp": 88,
      "fn": 24
    },
    "3": {
      "precision": 0.9503042596348884,
      "recall": 0.937,
      "f1": 0.9436052366565961,
      "specificity": 0.9918333333333333,
      "fpr": 0.008166666666666666,
      "fnr": 0.063,
      "auroc": 0.9971555000000001,
      "auprc": 0.9844237820969304,
      "support": 1000,
      "tp": 937,
      "tn": 5951,
      "fp": 49,
      "fn": 63
    },
    "4": {
      "precision": 0.981018981018981,
      "recall": 0.982,
      "f1": 0.9815092453773112,
      "specificity": 0.9968333333333333,
      "fpr": 0.0031666666666666666,
      "fnr": 0.018,
      "auroc": 0.9997078333333334,
      "auprc": 0.9984499701262177,
      "support": 1000,
      "tp": 982,
      "tn": 5981,
      "fp": 19,
      "fn": 18
    },
    "5": {
      "precision": 0.9791459781529295,
      "recall": 0.986,
      "f1": 0.9825610363726955,
      "specificity": 0.9965,
      "fpr": 0.0035,
      "fnr": 0.014,
      "auroc": 0.9997735,
      "auprc": 0.9985974303112547,
      "support": 1000,
      "tp": 986,
      "tn": 5979,
      "fp": 21,
      "fn": 14
    },
    "6": {
      "precision": 0.9790628115653041,
      "recall": 0.982,
      "f1": 0.980529206190714,
      "specificity": 0.9965,
      "fpr": 0.0035,
      "fnr": 0.018,
      "auroc": 0.9996108333333332,
      "auprc": 0.9979331811418057,
      "support": 1000,
      "tp": 982,
      "tn": 5979,
      "fp": 21,
      "fn": 18
    }
  },
  "confusion_matrix": [
    [
      912,
      0,
      47,
      28,
      2,
      0,
      11
    ],
    [
      1,
      981,
      4,
      11,
      0,
      0,
      3
    ],
    [
      14,
      1,
      976,
      8,
      0,
      0,
      1
    ],
    [
      23,
      5,
      29,
      937,
      0,
      0,
      6
    ],
    [
      0,
      0,
      0,
      0,
      982,
      18,
      0
    ],
    [
      0,
      0,
      0,
      0,
      14,
      986,
      0
    ],
    [
      0,
      2,
      8,
      2,
      3,
      3,
      982
    ]
  ]
}