{
  "experiment": "exp3",
  "condition": {
    "num_classes": 4,
    "class_list": [
      0,
      1,
      2,
      4
    ],
    "class_names": [
      "T-shirt/top",
      "Trouser",
      "Pullover",
      "Coat"
    ],
    "combo_idx": 0,
    "subset_pct": 60,
    "num_samples": 14400,
    "samples_per_class": 3600,
    "train_samples": 12960,
    "val_samples": 1440,
    "test_samples": 4000
  },
  "seed": 20194682,
  "timestamp": "2026-01-17T21:21:11.846774",
  "training_dynamics": {
    "epochs_trained": 13,
    "best_epoch": 3,
    "best_val_accuracy": 0.9576388888888889,
    "final_train_loss": 0.04722453108552862,
    "final_val_loss": 0.13842580848269992,
    "training_time_seconds": 7.929776430130005
  },
  "training_history": {
    "train_loss": [
      0.30398888221662035,
      0.18887268722497771,
      0.15754800354098453,
      0.13674758878431004,
      0.11651182749074668,
      0.0996507738115899,
      0.09165648430851954,
      0.08367053924009131,
      0.06806630069123847,
      0.05564101826711535,
      0.05178896255052552,
      0.04180267059503426,
      0.04722453108552862
    ],
    "val_loss": [
      0.20165299673875173,
      0.15988943063550526,
      0.13695751594172584,
      0.13709520432684158,
      0.19224728710121577,
      0.148629373146428,
      0.14735756624076102,
      0.13852562250362502,
      0.1425362109310097,
      0.17817413608233135,
      0.1822758072366317,
      0.14254100682834783,
      0.13842580848269992
    ],
    "val_accuracy": [
      0.9236111111111112,
      0.9388888888888889,
      0.9527777777777777,
      0.9506944444444444,
      0.9236111111111112,
      0.9479166666666666,
      0.9506944444444444,
      0.9520833333333333,
      0.9513888888888888,
      0.9444444444444444,
      0.9479166666666666,
      0.9527777777777777,
      0.9576388888888889
    ]
  },
  "global_metrics": {
    "accuracy": 0.93625,
    "balanced_accuracy": 0.93625,
    "top_3_accuracy": 0.99875,
    "top_5_accuracy": 1.0,
    "log_loss": 0.16554280763102353,
    "mcc": 0.9151018107399822,
    "cohens_kappa": 0.915,
    "precision_macro": 0.9366632087825215,
    "precision_micro": 0.93625,
    "precision_weighted": 0.9366632087825215,
    "recall_macro": 0.93625,
    "recall_micro": 0.93625,
    "recall_weighted": 0.93625,
    "f1_macro": 0.936306757526928,
    "f1_micro": 0.93625,
    "f1_weighted": 0.9363067575269279,
    "auroc_macro": 0.9930339166666666,
    "auroc_weighted": 0.9930339166666666,
    "auprc_macro": 0.9810426354714854
  },
  "per_class_metrics": {
    "0": {
      "precision": 0.9640718562874252,
      "recall": 0.966,
      "f1": 0.9650349650349649,
      "specificity": 0.988,
      "fpr": 0.012,
      "fnr": 0.034,
      "auroc": 0.9977863333333333,
      "auprc": 0.9939388372169247,
      "support": 1000,
      "tp": 966,
      "tn": 2964,
      "fp": 36,
      "fn": 34
    },
    "1": {
      "precision": 0.990990990990991,
      "recall": 0.99,
      "f1": 0.9904952476238119,
      "specificity": 0.997,
      "fpr": 0.003,
      "fnr": 0.01,
      "auroc": 0.9998993333333334,
      "auprc": 0.999702497670047,
      "support": 1000,
      "tp": 990,
      "tn": 2991,
      "fp": 9,
      "fn": 10
    },
    "2": {
      "precision": 0.8725868725868726,
      "recall": 0.904,
      "f1": 0.888015717092338,
      "specificity": 0.956,
      "fpr": 0.044,
      "fnr": 0.096,
      "auroc": 0.9848366666666667,
      "auprc": 0.9612548520536356,
      "support": 1000,
      "tp": 904,
      "tn": 2868,
      "fp": 132,
      "fn": 96
    },
    "3": {
      "precision": 0.9190031152647975,
      "recall": 0.885,
      "f1": 0.9016811003565971,
      "specificity": 0.974,
      "fpr": 0.026,
      "fnr": 0.115,
      "auroc": 0.9896133333333333,
      "auprc": 0.9692743549453346,
      "support": 1000,
      "tp": 885,
      "tn": 2922,
      "fp": 78,
      "fn": 115
    }
  },
  "confusion_matrix": [
    [
      966,
      3,
      24,
      7
    ],
    [
      5,
      990,
      0,
      5
    ],
    [
      26,
      4,
      904,
      66
    ],
    [
      5,
      2,
      108,
      885
    ]
  ]
}