{
  "experiment": "exp3",
  "condition": {
    "num_classes": 8,
    "class_list": [
      1,
      2,
      3,
      4,
      5,
      7,
      8,
      9
    ],
    "class_names": [
      "Trouser",
      "Pullover",
      "Dress",
      "Coat",
      "Sandal",
      "Sneaker",
      "Bag",
      "Ankle boot"
    ],
    "combo_idx": 3,
    "subset_pct": 50,
    "num_samples": 24000,
    "samples_per_class": 3000,
    "train_samples": 21600,
    "val_samples": 2400,
    "test_samples": 8000
  },
  "seed": 20194682,
  "timestamp": "2026-01-17T22:19:00.157661",
  "training_dynamics": {
    "epochs_trained": 18,
    "best_epoch": 8,
    "best_val_accuracy": 0.965,
    "final_train_loss": 0.027863545260790285,
    "final_val_loss": 0.18353097788989545,
    "training_time_seconds": 19.354302644729614
  },
  "training_history": {
    "train_loss": [
      0.3434272576454123,
      0.18777517642627453,
      0.15164533092160903,
      0.12834928408210006,
      0.10944475910279172,
      0.09376884725071578,
      0.08236788329806112,
      0.0721171426458681,
      0.066860555228915,
      0.05649062321099767,
      0.05055439785831007,
      0.04851154562295277,
      0.03907666919675804,
      0.03534138622468464,
      0.03382520972800678,
      0.032096511853039786,
      0.027205579750809526,
      0.027863545260790285
    ],
    "val_loss": [
      0.1827192751566569,
      0.18915776977936427,
      0.19868832270304362,
      0.12317351703842482,
      0.13091098596652348,
      0.11209606387962898,
      0.11691022112965584,
      0.10176229918996493,
      0.12395969085395336,
      0.12439656460036834,
      0.14005605616917213,
      0.12561635702848434,
      0.17894212508574128,
      0.13003627936045328,
      0.15212519123684615,
      0.14819923392186563,
      0.1720350045710802,
      0.18353097788989545
    ],
    "val_accuracy": [
      0.93125,
      0.9283333333333333,
      0.9258333333333333,
      0.9533333333333334,
      0.9504166666666667,
      0.9604166666666667,
      0.9608333333333333,
      0.9625,
      0.9604166666666667,
      0.9608333333333333,
      0.9579166666666666,
      0.965,
      0.95,
      0.9625,
      0.9608333333333333,
      0.9629166666666666,
      0.9541666666666667,
      0.9545833333333333
    ]
  },
  "global_metrics": {
    "accuracy": 0.953375,
    "balanced_accuracy": 0.953375,
    "top_3_accuracy": 0.998375,
    "top_5_accuracy": 1.0,
    "log_loss": 0.142343052897996,
    "mcc": 0.9468673862581676,
    "cohens_kappa": 0.9467142857142857,
    "precision_macro": 0.9546254043831739,
    "precision_micro": 0.953375,
    "precision_weighted": 0.9546254043831739,
    "recall_macro": 0.953375,
    "recall_micro": 0.953375,
    "recall_weighted": 0.953375,
    "f1_macro": 0.9534978586542662,
    "f1_micro": 0.953375,
    "f1_weighted": 0.9534978586542661,
    "auroc_macro": 0.9982901785714287,
    "auroc_weighted": 0.9982901785714287,
    "auprc_macro": 0.9891917614651007
  },
  "per_class_metrics": {
    "0": {
      "precision": 0.9939455095862765,
      "recall": 0.985,
      "f1": 0.9894525364138623,
      "specificity": 0.9991428571428571,
      "fpr": 0.0008571428571428571,
      "fnr": 0.015,
      "auroc": 0.9998047142857143,
      "auprc": 0.9989560349059261,
      "support": 1000,
      "tp": 985,
      "tn": 6994,
      "fp": 6,
      "fn": 15
    },
    "1": {
      "precision": 0.8703196347031964,
      "recall": 0.953,
      "f1": 0.9097852028639618,
      "specificity": 0.9797142857142858,
      "fpr": 0.020285714285714285,
      "fnr": 0.047,
      "auroc": 0.9957881428571428,
      "auprc": 0.9743670523717467,
      "support": 1000,
      "tp": 953,
      "tn": 6858,
      "fp": 142,
      "fn": 47
    },
    "2": {
      "precision": 0.9492753623188406,
      "recall": 0.917,
      "f1": 0.9328585961342828,
      "specificity": 0.993,
      "fpr": 0.007,
      "fnr": 0.083,
      "auroc": 0.9977000000000001,
      "auprc": 0.9851527419382382,
      "support": 1000,
      "tp": 917,
      "tn": 6951,
      "fp": 49,
      "fn": 83
    },
    "3": {
      "precision": 0.9262381454162276,
      "recall": 0.879,
      "f1": 0.9020010261672652,
      "specificity": 0.99,
      "fpr": 0.01,
      "fnr": 0.121,
      "auroc": 0.9952302857142857,
      "auprc": 0.969454125395582,
      "support": 1000,
      "tp": 879,
      "tn": 6930,
      "fp": 70,
      "fn": 121
    },
    "4": {
      "precision": 0.9938335046248715,
      "recall": 0.967,
      "f1": 0.9802331474911302,
      "specificity": 0.9991428571428571,
      "fpr": 0.0008571428571428571,
      "fnr": 0.033,
      "auroc": 0.9996565714285714,
      "auprc": 0.9982741273647084,
      "support": 1000,
      "tp": 967,
      "tn": 6994,
      "fp": 6,
      "fn": 33
    },
    "5": {
      "precision": 0.9330188679245283,
      "recall": 0.989,
      "f1": 0.9601941747572815,
      "specificity": 0.9898571428571429,
      "fpr": 0.010142857142857143,
      "fnr": 0.011,
      "auroc": 0.9991144285714285,
      "auprc": 0.993639016411204,
      "support": 1000,
      "tp": 989,
      "tn": 6929,
      "fp": 71,
      "fn": 11
    },
    "6": {
      "precision": 0.9899598393574297,
      "recall": 0.986,
      "f1": 0.9879759519038075,
      "specificity": 0.9985714285714286,
      "fpr": 0.0014285714285714286,
      "fnr": 0.014,
      "auroc": 0.9998231428571429,
      "auprc": 0.9988759828756532,
      "support": 1000,
      "tp": 986,
      "tn": 6990,
      "fp": 10,
      "fn": 14
    },
    "7": {
      "precision": 0.9804123711340206,
      "recall": 0.951,
      "f1": 0.965482233502538,
      "specificity": 0.9972857142857143,
      "fpr": 0.0027142857142857142,
      "fnr": 0.049,
      "auroc": 0.9992041428571429,
      "auprc": 0.9948150104577478,
      "support": 1000,
      "tp": 951,
      "tn": 6981,
      "fp": 19,
      "fn": 49
    }
  },
  "confusion_matrix": [
    [
      985,
      3,
      8,
      2,
      0,
      0,
      2,
      0
    ],
    [
      1,
      953,
      7,
      39,
      0,
      0,
      0,
      0
    ],
    [
      3,
      49,
      917,
      27,
      0,
      0,
      4,
      0
    ],
    [
      2,
      87,
      29,
      879,
      0,
      0,
      3,
      0
    ],
    [
      0,
      1,
      0,
      0,
      967,
      22,
      0,
      10
    ],
    [
      0,
      0,
      0,
      0,
      2,
      989,
      0,
      9
    ],
    [
      0,
      2,
      5,
      2,
      1,
      4,
      986,
      0
    ],
    [
      0,
      0,
      0,
      0,
      3,
      45,
      1,
      951
    ]
  ]
}