{
  "experiment": "exp3",
  "condition": {
    "num_classes": 4,
    "class_list": [
      1,
      5,
      6,
      9
    ],
    "class_names": [
      "Trouser",
      "Sandal",
      "Shirt",
      "Ankle boot"
    ],
    "combo_idx": 3,
    "subset_pct": 60,
    "num_samples": 14400,
    "samples_per_class": 3600,
    "train_samples": 12960,
    "val_samples": 1440,
    "test_samples": 4000
  },
  "seed": 20194682,
  "timestamp": "2026-01-17T21:27:07.476237",
  "training_dynamics": {
    "epochs_trained": 14,
    "best_epoch": 4,
    "best_val_accuracy": 0.9909722222222223,
    "final_train_loss": 0.003211925330102809,
    "final_val_loss": 0.05809709718337722,
    "training_time_seconds": 8.493435621261597
  },
  "training_history": {
    "train_loss": [
      0.07765509769506294,
      0.03344669880625319,
      0.02408848557804179,
      0.016442699866539116,
      0.010257532057993795,
      0.014725892388758197,
      0.009698643597855642,
      0.006145806880335908,
      0.006917935230344953,
      0.004125023399997481,
      0.006441448313838237,
      0.01000690323750855,
      0.006243459976337313,
      0.003211925330102809
    ],
    "val_loss": [
      0.05254318934554855,
      0.04338026020882858,
      0.04759447841594617,
      0.039646916277706626,
      0.055008558890161416,
      0.053528100391849874,
      0.04296447856823862,
      0.046876812303970734,
      0.08789618051766107,
      0.06179075310616706,
      0.048540938153544426,
      0.06471663522340047,
      0.056348435151691474,
      0.05809709718337722
    ],
    "val_accuracy": [
      0.9798611111111111,
      0.9868055555555556,
      0.9805555555555555,
      0.9881944444444445,
      0.9861111111111112,
      0.9875,
      0.9875,
      0.9909722222222223,
      0.9826388888888888,
      0.9875,
      0.9909722222222223,
      0.9888888888888889,
      0.9895833333333334,
      0.9881944444444445
    ]
  },
  "global_metrics": {
    "accuracy": 0.99125,
    "balanced_accuracy": 0.9912500000000001,
    "top_3_accuracy": 1.0,
    "top_5_accuracy": 1.0,
    "log_loss": 0.02854668051011402,
    "mcc": 0.9883442875432252,
    "cohens_kappa": 0.9883333333333333,
    "precision_macro": 0.9912851287883848,
    "precision_micro": 0.99125,
    "precision_weighted": 0.9912851287883849,
    "recall_macro": 0.9912500000000001,
    "recall_micro": 0.99125,
    "recall_weighted": 0.99125,
    "f1_macro": 0.9912510985042107,
    "f1_micro": 0.99125,
    "f1_weighted": 0.9912510985042107,
    "auroc_macro": 0.9998705,
    "auroc_weighted": 0.9998705,
    "auprc_macro": 0.9996225541603989
  },
  "per_class_metrics": {
    "0": {
      "precision": 0.9949545913218971,
      "recall": 0.986,
      "f1": 0.9904570567553993,
      "specificity": 0.9983333333333333,
      "fpr": 0.0016666666666666668,
      "fnr": 0.014,
      "auroc": 0.9999053333333333,
      "auprc": 0.9997193699899979,
      "support": 1000,
      "tp": 986,
      "tn": 2995,
      "fp": 5,
      "fn": 14
    },
    "1": {
      "precision": 0.9959718026183283,
      "recall": 0.989,
      "f1": 0.9924736578023081,
      "specificity": 0.9986666666666667,
      "fpr": 0.0013333333333333333,
      "fnr": 0.011,
      "auroc": 0.999863,
      "auprc": 0.9995995707785204,
      "support": 1000,
      "tp": 989,
      "tn": 2996,
      "fp": 4,
      "fn": 11
    },
    "2": {
      "precision": 0.9851485148514851,
      "recall": 0.995,
      "f1": 0.9900497512437811,
      "specificity": 0.995,
      "fpr": 0.005,
      "fnr": 0.005,
      "auroc": 0.9998843333333333,
      "auprc": 0.999653323708782,
      "support": 1000,
      "tp": 995,
      "tn": 2985,
      "fp": 15,
      "fn": 5
    },
    "3": {
      "precision": 0.989065606361829,
      "recall": 0.995,
      "f1": 0.992023928215354,
      "specificity": 0.9963333333333333,
      "fpr": 0.0036666666666666666,
      "fnr": 0.005,
      "auroc": 0.9998293333333333,
      "auprc": 0.9995179521642954,
      "support": 1000,
      "tp": 995,
      "tn": 2989,
      "fp": 11,
      "fn": 5
    }
  },
  "confusion_matrix": [
    [
      986,
      0,
      14,
      0
    ],
    [
      0,
      989,
      0,
      11
    ],
    [
      5,
      0,
      995,
      0
    ],
    [
      0,
      4,
      1,
      995
    ]
  ]
}