{
  "experiment": "exp3",
  "condition": {
    "num_classes": 4,
    "class_list": [
      1,
      4,
      5,
      8
    ],
    "class_names": [
      "Trouser",
      "Coat",
      "Sandal",
      "Bag"
    ],
    "combo_idx": 1,
    "subset_pct": 40,
    "num_samples": 9600,
    "samples_per_class": 2400,
    "train_samples": 8640,
    "val_samples": 960,
    "test_samples": 4000
  },
  "seed": 20194682,
  "timestamp": "2026-01-17T21:22:29.921696",
  "training_dynamics": {
    "epochs_trained": 25,
    "best_epoch": 15,
    "best_val_accuracy": 0.996875,
    "final_train_loss": 6.347749369726646e-05,
    "final_val_loss": 0.011609109143675293,
    "training_time_seconds": 9.990491151809692
  },
  "training_history": {
    "train_loss": [
      0.1062085891176981,
      0.030772165830799,
      0.021552006855900228,
      0.016446003343595226,
      0.01357957469709045,
      0.012898174008404128,
      0.004275696446368076,
      0.005818524021527049,
      0.005448485410845563,
      0.007609083910480236,
      0.006824833455593088,
      0.0015735501752142565,
      0.0006934033579665521,
      0.00045381760092587446,
      0.00038897694756980384,
      0.000900521268279051,
      0.001487240239208,
      0.01717226643858238,
      0.011977183247681414,
      0.005377781213691277,
      0.0019036294423349991,
      0.000454944469194945,
      0.0002682480187685441,
      0.00016682394439916,
      6.347749369726646e-05
    ],
    "val_loss": [
      0.03392728325755646,
      0.024599273976249,
      0.019598512293305247,
      0.024041470236261374,
      0.04705044981092214,
      0.0219349898089907,
      0.010631229481320285,
      0.02161595199546961,
      0.016294657450634985,
      0.01621403020302144,
      0.016577235830360828,
      0.011301971321987974,
      0.01344782047820748,
      0.018577084957299424,
      0.00718412583519239,
      0.008707264584018048,
      0.026436623710909164,
      0.023044534852184977,
      0.012330680162024994,
      0.01547441331204027,
      0.013671514328098055,
      0.012818914699740466,
      0.009467872467151512,
      0.01135776196884611,
      0.011609109143675293
    ],
    "val_accuracy": [
      0.9885416666666667,
      0.9885416666666667,
      0.9916666666666667,
      0.9916666666666667,
      0.9854166666666667,
      0.9916666666666667,
      0.9958333333333333,
      0.99375,
      0.99375,
      0.9958333333333333,
      0.99375,
      0.9958333333333333,
      0.9958333333333333,
      0.9927083333333333,
      0.996875,
      0.9958333333333333,
      0.990625,
      0.9895833333333334,
      0.99375,
      0.99375,
      0.9947916666666666,
      0.99375,
      0.9947916666666666,
      0.9947916666666666,
      0.9947916666666666
    ]
  },
  "global_metrics": {
    "accuracy": 0.9945,
    "balanced_accuracy": 0.9945,
    "top_3_accuracy": 1.0,
    "top_5_accuracy": 1.0,
    "log_loss": 0.02413580371128995,
    "mcc": 0.9926689001742047,
    "cohens_kappa": 0.9926666666666667,
    "precision_macro": 0.9945009344804041,
    "precision_micro": 0.9945,
    "precision_weighted": 0.994500934480404,
    "recall_macro": 0.9945,
    "recall_micro": 0.9945,
    "recall_weighted": 0.9945,
    "f1_macro": 0.994497107294823,
    "f1_micro": 0.9945,
    "f1_weighted": 0.9944971072948231,
    "auroc_macro": 0.9999193333333333,
    "auroc_weighted": 0.9999193333333333,
    "auprc_macro": 0.9997749765097502
  },
  "per_class_metrics": {
    "0": {
      "precision": 0.9940179461615155,
      "recall": 0.997,
      "f1": 0.9955067398901647,
      "specificity": 0.998,
      "fpr": 0.002,
      "fnr": 0.003,
      "auroc": 0.9999506666666667,
      "auprc": 0.9998558832346892,
      "support": 1000,
      "tp": 997,
      "tn": 2994,
      "fp": 6,
      "fn": 3
    },
    "1": {
      "precision": 0.9959798994974874,
      "recall": 0.991,
      "f1": 0.993483709273183,
      "specificity": 0.9986666666666667,
      "fpr": 0.0013333333333333333,
      "fnr": 0.009,
      "auroc": 0.9999199999999999,
      "auprc": 0.9997579142848761,
      "support": 1000,
      "tp": 991,
      "tn": 2996,
      "fp": 4,
      "fn": 9
    },
    "2": {
      "precision": 0.9950199203187251,
      "recall": 0.999,
      "f1": 0.9970059880239521,
      "specificity": 0.9983333333333333,
      "fpr": 0.0016666666666666668,
      "fnr": 0.001,
      "auroc": 0.9999969999999999,
      "auprc": 0.9999910238686148,
      "support": 1000,
      "tp": 999,
      "tn": 2995,
      "fp": 5,
      "fn": 1
    },
    "3": {
      "precision": 0.9929859719438878,
      "recall": 0.991,
      "f1": 0.9919919919919921,
      "specificity": 0.9976666666666667,
      "fpr": 0.0023333333333333335,
      "fnr": 0.009,
      "auroc": 0.9998096666666667,
      "auprc": 0.9994950846508205,
      "support": 1000,
      "tp": 991,
      "tn": 2993,
      "fp": 7,
      "fn": 9
    }
  },
  "confusion_matrix": [
    [
      997,
      1,
      0,
      2
    ],
    [
      5,
      991,
      0,
      4
    ],
    [
      0,
      0,
      999,
      1
    ],
    [
      1,
      3,
      5,
      991
    ]
  ]
}