{
  "experiment": "exp3",
  "condition": {
    "num_classes": 4,
    "class_list": [
      1,
      4,
      5,
      9
    ],
    "class_names": [
      "Trouser",
      "Coat",
      "Sandal",
      "Ankle boot"
    ],
    "combo_idx": 2,
    "subset_pct": 50,
    "num_samples": 12000,
    "samples_per_class": 3000,
    "train_samples": 10800,
    "val_samples": 1200,
    "test_samples": 4000
  },
  "seed": 20194682,
  "timestamp": "2026-01-17T21:25:01.745132",
  "training_dynamics": {
    "epochs_trained": 21,
    "best_epoch": 11,
    "best_val_accuracy": 0.9966666666666667,
    "final_train_loss": 0.00040246882001772534,
    "final_val_loss": 0.014794501884956238,
    "training_time_seconds": 11.574462175369263
  },
  "training_history": {
    "train_loss": [
      0.07889786666705544,
      0.030975076312422422,
      0.017250339084714045,
      0.015899695600147916,
      0.013476350243241573,
      0.007937823675404793,
      0.005909531817763486,
      0.0048748797457228215,
      0.007387705070007773,
      0.00446632425255087,
      0.003302718698353079,
      0.002357629287543253,
      0.0059563957421614865,
      0.0037954308336527083,
      0.002737106182396891,
      0.006272583695873119,
      0.0021305675575902937,
      0.000923296040691814,
      0.0003977244553424735,
      0.0002585038436099153,
      0.00040246882001772534
    ],
    "val_loss": [
      0.04948581710768243,
      0.016725741646563014,
      0.019863732784676055,
      0.01813210125003631,
      0.025000919604596373,
      0.016421999781547736,
      0.013930544028213868,
      0.02507095270705577,
      0.016182182295427387,
      0.013633681020316242,
      0.011938838352798485,
      0.06990773384345327,
      0.03130944432113514,
      0.01886021663164835,
      0.03396027637101118,
      0.03322243422677275,
      0.015427255320852661,
      0.026354702295298012,
      0.017752189596571953,
      0.019234501869871867,
      0.014794501884956238
    ],
    "val_accuracy": [
      0.9825,
      0.9958333333333333,
      0.9925,
      0.9941666666666666,
      0.9916666666666667,
      0.995,
      0.9966666666666667,
      0.9941666666666666,
      0.9966666666666667,
      0.9958333333333333,
      0.9958333333333333,
      0.9866666666666667,
      0.9908333333333333,
      0.9958333333333333,
      0.9925,
      0.9883333333333333,
      0.995,
      0.9941666666666666,
      0.9933333333333333,
      0.995,
      0.9966666666666667
    ]
  },
  "global_metrics": {
    "accuracy": 0.99425,
    "balanced_accuracy": 0.99425,
    "top_3_accuracy": 0.99975,
    "top_5_accuracy": 1.0,
    "log_loss": 0.026485328794032384,
    "mcc": 0.9923358968710447,
    "cohens_kappa": 0.9923333333333333,
    "precision_macro": 0.9942598544551925,
    "precision_micro": 0.99425,
    "precision_weighted": 0.9942598544551925,
    "recall_macro": 0.99425,
    "recall_micro": 0.99425,
    "recall_weighted": 0.99425,
    "f1_macro": 0.9942510913397038,
    "f1_micro": 0.99425,
    "f1_weighted": 0.9942510913397038,
    "auroc_macro": 0.9998045833333333,
    "auroc_weighted": 0.9998045833333333,
    "auprc_macro": 0.9993212492827107
  },
  "per_class_metrics": {
    "0": {
      "precision": 0.997997997997998,
      "recall": 0.997,
      "f1": 0.9974987493746873,
      "specificity": 0.9993333333333333,
      "fpr": 0.0006666666666666666,
      "fnr": 0.003,
      "auroc": 0.9999903333333333,
      "auprc": 0.9999710458088018,
      "support": 1000,
      "tp": 997,
      "tn": 2998,
      "fp": 2,
      "fn": 3
    },
    "1": {
      "precision": 0.997,
      "recall": 0.997,
      "f1": 0.997,
      "specificity": 0.999,
      "fpr": 0.001,
      "fnr": 0.003,
      "auroc": 0.9999886666666666,
      "auprc": 0.9999660952837852,
      "support": 1000,
      "tp": 997,
      "tn": 2997,
      "fp": 3,
      "fn": 3
    },
    "2": {
      "precision": 0.9880715705765407,
      "recall": 0.994,
      "f1": 0.9910269192422732,
      "specificity": 0.996,
      "fpr": 0.004,
      "fnr": 0.006,
      "auroc": 0.999599,
      "auprc": 0.99818473755682,
      "support": 1000,
      "tp": 994,
      "tn": 2988,
      "fp": 12,
      "fn": 6
    },
    "3": {
      "precision": 0.9939698492462311,
      "recall": 0.989,
      "f1": 0.9914786967418546,
      "specificity": 0.998,
      "fpr": 0.002,
      "fnr": 0.011,
      "auroc": 0.9996403333333334,
      "auprc": 0.9991631184814361,
      "support": 1000,
      "tp": 989,
      "tn": 2994,
      "fp": 6,
      "fn": 11
    }
  },
  "confusion_matrix": [
    [
      997,
      3,
      0,
      0
    ],
    [
      2,
      997,
      1,
      0
    ],
    [
      0,
      0,
      994,
      6
    ],
    [
      0,
      0,
      11,
      989
    ]
  ]
}