{
  "experiment": "exp3",
  "condition": {
    "num_classes": 8,
    "class_list": [
      1,
      2,
      3,
      4,
      5,
      7,
      8,
      9
    ],
    "class_names": [
      "Trouser",
      "Pullover",
      "Dress",
      "Coat",
      "Sandal",
      "Sneaker",
      "Bag",
      "Ankle boot"
    ],
    "combo_idx": 3,
    "subset_pct": 90,
    "num_samples": 43200,
    "samples_per_class": 5400,
    "train_samples": 38880,
    "val_samples": 4320,
    "test_samples": 8000
  },
  "seed": 20194682,
  "timestamp": "2026-01-17T22:20:50.463324",
  "training_dynamics": {
    "epochs_trained": 18,
    "best_epoch": 8,
    "best_val_accuracy": 0.9587962962962963,
    "final_train_loss": 0.02983073876940149,
    "final_val_loss": 0.17932452539378707,
    "training_time_seconds": 33.4177041053772
  },
  "training_history": {
    "train_loss": [
      0.27258744562583925,
      0.161320022239938,
      0.13174661703554816,
      0.11088704131696814,
      0.09715906411063195,
      0.08573024269303699,
      0.0762499808418062,
      0.06617684462597888,
      0.05892066399821105,
      0.05427654658103022,
      0.04774763512604726,
      0.04724176103914751,
      0.04212096634345423,
      0.039039318509151745,
      0.03438889674390865,
      0.0325943365482281,
      0.0310888799545673,
      0.02983073876940149
    ],
    "val_loss": [
      0.17364912430445353,
      0.1371231120493677,
      0.13764826307694117,
      0.1569614914280397,
      0.14315783850572728,
      0.13938020600212944,
      0.1371981997180868,
      0.12353259656164381,
      0.17246792488903911,
      0.13643023733187604,
      0.13656361797065647,
      0.16509232394466244,
      0.16151502910587523,
      0.16334955732993506,
      0.16793218457648806,
      0.16324510889610758,
      0.15528931853844335,
      0.17932452539378707
    ],
    "val_accuracy": [
      0.9377314814814814,
      0.9486111111111111,
      0.9516203703703704,
      0.9453703703703704,
      0.950462962962963,
      0.9483796296296296,
      0.9550925925925926,
      0.9527777777777777,
      0.9541666666666667,
      0.955787037037037,
      0.9587962962962963,
      0.955324074074074,
      0.9527777777777777,
      0.955787037037037,
      0.9525462962962963,
      0.9581018518518518,
      0.9571759259259259,
      0.95625
    ]
  },
  "global_metrics": {
    "accuracy": 0.95525,
    "balanced_accuracy": 0.9552499999999999,
    "top_3_accuracy": 0.998875,
    "top_5_accuracy": 1.0,
    "log_loss": 0.1223098258415992,
    "mcc": 0.9489161808360963,
    "cohens_kappa": 0.9488571428571428,
    "precision_macro": 0.9557162197449772,
    "precision_micro": 0.95525,
    "precision_weighted": 0.9557162197449772,
    "recall_macro": 0.9552499999999999,
    "recall_micro": 0.95525,
    "recall_weighted": 0.95525,
    "f1_macro": 0.9552858010802041,
    "f1_micro": 0.95525,
    "f1_weighted": 0.9552858010802042,
    "auroc_macro": 0.9985021250000001,
    "auroc_weighted": 0.998502125,
    "auprc_macro": 0.9905280781275151
  },
  "per_class_metrics": {
    "0": {
      "precision": 0.9899193548387096,
      "recall": 0.982,
      "f1": 0.9859437751004014,
      "specificity": 0.9985714285714286,
      "fpr": 0.0014285714285714286,
      "fnr": 0.018,
      "auroc": 0.9996350000000002,
      "auprc": 0.9982076676880847,
      "support": 1000,
      "tp": 982,
      "tn": 6990,
      "fp": 10,
      "fn": 18
    },
    "1": {
      "precision": 0.8933962264150943,
      "recall": 0.947,
      "f1": 0.9194174757281552,
      "specificity": 0.9838571428571429,
      "fpr": 0.016142857142857143,
      "fnr": 0.053,
      "auroc": 0.9966175714285714,
      "auprc": 0.9816052750682583,
      "support": 1000,
      "tp": 947,
      "tn": 6887,
      "fp": 113,
      "fn": 53
    },
    "2": {
      "precision": 0.9429429429429429,
      "recall": 0.942,
      "f1": 0.9424712356178088,
      "specificity": 0.9918571428571429,
      "fpr": 0.008142857142857143,
      "fnr": 0.058,
      "auroc": 0.9981738571428571,
      "auprc": 0.9864901266481872,
      "support": 1000,
      "tp": 942,
      "tn": 6943,
      "fp": 57,
      "fn": 58
    },
    "3": {
      "precision": 0.9225941422594143,
      "recall": 0.882,
      "f1": 0.901840490797546,
      "specificity": 0.9894285714285714,
      "fpr": 0.010571428571428572,
      "fnr": 0.118,
      "auroc": 0.9956882857142858,
      "auprc": 0.971072562054502,
      "support": 1000,
      "tp": 882,
      "tn": 6926,
      "fp": 74,
      "fn": 118
    },
    "4": {
      "precision": 0.9888776541961577,
      "recall": 0.978,
      "f1": 0.9834087481146304,
      "specificity": 0.9984285714285714,
      "fpr": 0.0015714285714285715,
      "fnr": 0.022,
      "auroc": 0.9998082857142857,
      "auprc": 0.9987508550887084,
      "support": 1000,
      "tp": 978,
      "tn": 6989,
      "fp": 11,
      "fn": 22
    },
    "5": {
      "precision": 0.965482233502538,
      "recall": 0.951,
      "f1": 0.9581863979848866,
      "specificity": 0.9951428571428571,
      "fpr": 0.004857142857142857,
      "fnr": 0.049,
      "auroc": 0.9988485714285714,
      "auprc": 0.9932119506114627,
      "support": 1000,
      "tp": 951,
      "tn": 6966,
      "fp": 34,
      "fn": 49
    },
    "6": {
      "precision": 0.9949443882709808,
      "recall": 0.984,
      "f1": 0.9894419306184011,
      "specificity": 0.9992857142857143,
      "fpr": 0.0007142857142857143,
      "fnr": 0.016,
      "auroc": 0.9998964285714286,
      "auprc": 0.9993347795291587,
      "support": 1000,
      "tp": 984,
      "tn": 6995,
      "fp": 5,
      "fn": 16
    },
    "7": {
      "precision": 0.9475728155339805,
      "recall": 0.976,
      "f1": 0.961576354679803,
      "specificity": 0.9922857142857143,
      "fpr": 0.007714285714285714,
      "fnr": 0.024,
      "auroc": 0.999349,
      "auprc": 0.9955514083317586,
      "support": 1000,
      "tp": 976,
      "tn": 6946,
      "fp": 54,
      "fn": 24
    }
  },
  "confusion_matrix": [
    [
      982,
      2,
      13,
      1,
      0,
      0,
      2,
      0
    ],
    [
      1,
      947,
      19,
      33,
      0,
      0,
      0,
      0
    ],
    [
      5,
      15,
      942,
      37,
      0,
      0,
      1,
      0
    ],
    [
      2,
      96,
      18,
      882,
      0,
      0,
      2,
      0
    ],
    [
      0,
      0,
      0,
      0,
      978,
      14,
      0,
      8
    ],
    [
      0,
      0,
      0,
      0,
      5,
      951,
      0,
      44
    ],
    [
      2,
      0,
      7,
      3,
      1,
      1,
      984,
      2
    ],
    [
      0,
      0,
      0,
      0,
      5,
      19,
      0,
      976
    ]
  ]
}