{
  "experiment": "exp3",
  "condition": {
    "num_classes": 8,
    "class_list": [
      0,
      1,
      2,
      3,
      4,
      5,
      6,
      9
    ],
    "class_names": [
      "T-shirt/top",
      "Trouser",
      "Pullover",
      "Dress",
      "Coat",
      "Sandal",
      "Shirt",
      "Ankle boot"
    ],
    "combo_idx": 0,
    "subset_pct": 30,
    "num_samples": 14400,
    "samples_per_class": 1800,
    "train_samples": 12960,
    "val_samples": 1440,
    "test_samples": 8000
  },
  "seed": 20194682,
  "timestamp": "2026-01-17T22:07:47.045171",
  "training_dynamics": {
    "epochs_trained": 17,
    "best_epoch": 7,
    "best_val_accuracy": 0.9111111111111111,
    "final_train_loss": 0.06484832264697454,
    "final_val_loss": 0.4323986162741979,
    "training_time_seconds": 10.334368467330933
  },
  "training_history": {
    "train_loss": [
      0.5832200294057724,
      0.3885376161248813,
      0.3462543440569798,
      0.3068022450129387,
      0.2727727972227952,
      0.23852141091389023,
      0.21184254055980392,
      0.186662598710342,
      0.16684542159582005,
      0.14343837507326027,
      0.12157056987138805,
      0.10506845982240633,
      0.09736786748333078,
      0.08493176242566021,
      0.07981073165890472,
      0.05961350541736178,
      0.06484832264697454
    ],
    "val_loss": [
      0.38266348242759707,
      0.3511301808887058,
      0.3253662427266439,
      0.3172614971796672,
      0.28710532784461973,
      0.3052775164445241,
      0.28351479371388755,
      0.3270158761077457,
      0.31515853305657704,
      0.31750657227304246,
      0.33235723541842566,
      0.3135933803187476,
      0.39322128891944885,
      0.3665969424777561,
      0.32487639238437016,
      0.3812436716424094,
      0.4323986162741979
    ],
    "val_accuracy": [
      0.8576388888888888,
      0.8708333333333333,
      0.88125,
      0.8805555555555555,
      0.8979166666666667,
      0.8833333333333333,
      0.9041666666666667,
      0.8840277777777777,
      0.8944444444444445,
      0.8944444444444445,
      0.8881944444444444,
      0.9027777777777778,
      0.8861111111111111,
      0.9006944444444445,
      0.9111111111111111,
      0.9,
      0.8993055555555556
    ]
  },
  "global_metrics": {
    "accuracy": 0.88475,
    "balanced_accuracy": 0.8847499999999999,
    "top_3_accuracy": 0.988625,
    "top_5_accuracy": 0.998625,
    "log_loss": 0.33042847185551844,
    "mcc": 0.8688538822512384,
    "cohens_kappa": 0.8682857142857143,
    "precision_macro": 0.8848350780568639,
    "precision_micro": 0.88475,
    "precision_weighted": 0.8848350780568639,
    "recall_macro": 0.8847499999999999,
    "recall_micro": 0.88475,
    "recall_weighted": 0.88475,
    "f1_macro": 0.882801152192261,
    "f1_micro": 0.88475,
    "f1_weighted": 0.8828011521922611,
    "auroc_macro": 0.9886692410714286,
    "auroc_weighted": 0.9886692410714286,
    "auprc_macro": 0.9420544247345757
  },
  "per_class_metrics": {
    "0": {
      "precision": 0.8093896713615023,
      "recall": 0.862,
      "f1": 0.834866828087167,
      "specificity": 0.971,
      "fpr": 0.029,
      "fnr": 0.138,
      "auroc": 0.9862675714285715,
      "auprc": 0.9233408471749113,
      "support": 1000,
      "tp": 862,
      "tn": 6797,
      "fp": 203,
      "fn": 138
    },
    "1": {
      "precision": 0.9928352098259979,
      "recall": 0.97,
      "f1": 0.9812847749114819,
      "specificity": 0.999,
      "fpr": 0.001,
      "fnr": 0.03,
      "auroc": 0.9994168571428572,
      "auprc": 0.9979742647137417,
      "support": 1000,
      "tp": 970,
      "tn": 6993,
      "fp": 7,
      "fn": 30
    },
    "2": {
      "precision": 0.8645621181262729,
      "recall": 0.849,
      "f1": 0.856710393541877,
      "specificity": 0.981,
      "fpr": 0.019,
      "fnr": 0.151,
      "auroc": 0.986297142857143,
      "auprc": 0.9289334816511775,
      "support": 1000,
      "tp": 849,
      "tn": 6867,
      "fp": 133,
      "fn": 151
    },
    "3": {
      "precision": 0.8337801608579088,
      "recall": 0.933,
      "f1": 0.8806040585181689,
      "specificity": 0.9734285714285714,
      "fpr": 0.026571428571428572,
      "fnr": 0.067,
      "auroc": 0.9935828571428572,
      "auprc": 0.9602502376907807,
      "support": 1000,
      "tp": 933,
      "tn": 6814,
      "fp": 186,
      "fn": 67
    },
    "4": {
      "precision": 0.8131455399061033,
      "recall": 0.866,
      "f1": 0.8387409200968523,
      "specificity": 0.9715714285714285,
      "fpr": 0.028428571428571428,
      "fnr": 0.134,
      "auroc": 0.9877085714285715,
      "auprc": 0.9187169436877576,
      "support": 1000,
      "tp": 866,
      "tn": 6801,
      "fp": 199,
      "fn": 134
    },
    "5": {
      "precision": 0.9624277456647399,
      "recall": 0.999,
      "f1": 0.9803729146221786,
      "specificity": 0.9944285714285714,
      "fpr": 0.005571428571428572,
      "fnr": 0.001,
      "auroc": 0.9998162142857142,
      "auprc": 0.9971556693939782,
      "support": 1000,
      "tp": 999,
      "tn": 6961,
      "fp": 39,
      "fn": 1
    },
    "6": {
      "precision": 0.8056265984654731,
      "recall": 0.63,
      "f1": 0.7070707070707071,
      "specificity": 0.9782857142857143,
      "fpr": 0.021714285714285714,
      "fnr": 0.37,
      "auroc": 0.9570541428571429,
      "auprc": 0.8117184624403273,
      "support": 1000,
      "tp": 630,
      "tn": 6848,
      "fp": 152,
      "fn": 370
    },
    "7": {
      "precision": 0.9969135802469136,
      "recall": 0.969,
      "f1": 0.982758620689655,
      "specificity": 0.9995714285714286,
      "fpr": 0.00042857142857142855,
      "fnr": 0.031,
      "auroc": 0.9992105714285714,
      "auprc": 0.9983454911239319,
      "support": 1000,
      "tp": 969,
      "tn": 6997,
      "fp": 3,
      "fn": 31
    }
  },
  "confusion_matrix": [
    [
      862,
      0,
      24,
      61,
      4,
      6,
      42,
      1
    ],
    [
      0,
      970,
      3,
      22,
      3,
      0,
      2,
      0
    ],
    [
      13,
      2,
      849,
      14,
      72,
      0,
      50,
      0
    ],
    [
      15,
      2,
      11,
      933,
      24,
      0,
      14,
      1
    ],
    [
      3,
      1,
      39,
      46,
      866,
      1,
      44,
      0
    ],
    [
      0,
      0,
      0,
      0,
      0,
      999,
      0,
      1
    ],
    [
      172,
      2,
      56,
      43,
      96,
      1,
      630,
      0
    ],
    [
      0,
      0,
      0,
      0,
      0,
      31,
      0,
      969
    ]
  ]
}