{
  "experiment": "exp3",
  "condition": {
    "num_classes": 8,
    "class_list": [
      0,
      1,
      3,
      4,
      5,
      7,
      8,
      9
    ],
    "class_names": [
      "T-shirt/top",
      "Trouser",
      "Dress",
      "Coat",
      "Sandal",
      "Sneaker",
      "Bag",
      "Ankle boot"
    ],
    "combo_idx": 2,
    "subset_pct": 10,
    "num_samples": 4800,
    "samples_per_class": 600,
    "train_samples": 4320,
    "val_samples": 480,
    "test_samples": 8000
  },
  "seed": 20194682,
  "timestamp": "2026-01-17T22:14:06.915264",
  "training_dynamics": {
    "epochs_trained": 18,
    "best_epoch": 8,
    "best_val_accuracy": 0.9541666666666667,
    "final_train_loss": 0.03471346365404315,
    "final_val_loss": 0.23564137220382692,
    "training_time_seconds": 4.366291284561157
  },
  "training_history": {
    "train_loss": [
      0.5412440387641683,
      0.26811455244965415,
      0.18869165566695087,
      0.15705165338209448,
      0.13057065459296985,
      0.1026641520918073,
      0.08962378124980365,
      0.06203996505150024,
      0.05044342037838172,
      0.049673542832298315,
      0.03377223922528655,
      0.0268390316683936,
      0.021659226793631473,
      0.0272503066688146,
      0.02297840519424747,
      0.0236765754302991,
      0.02673830247915569,
      0.03471346365404315
    ],
    "val_loss": [
      0.2959371785322825,
      0.1936648557583491,
      0.17603521446386974,
      0.1712973967194557,
      0.2116654376188914,
      0.18398256301879884,
      0.17805726702014604,
      0.1388057698806127,
      0.16013041536013287,
      0.14054113229115803,
      0.16413847704728443,
      0.19562702576319377,
      0.16526158998409907,
      0.19482138628760973,
      0.15545379656056563,
      0.19395602320631344,
      0.2107847362756729,
      0.23564137220382692
    ],
    "val_accuracy": [
      0.89375,
      0.9375,
      0.9416666666666667,
      0.9395833333333333,
      0.9145833333333333,
      0.9416666666666667,
      0.9520833333333333,
      0.94375,
      0.9520833333333333,
      0.9541666666666667,
      0.95,
      0.9458333333333333,
      0.94375,
      0.9520833333333333,
      0.9541666666666667,
      0.9416666666666667,
      0.9541666666666667,
      0.9333333333333333
    ]
  },
  "global_metrics": {
    "accuracy": 0.948,
    "balanced_accuracy": 0.948,
    "top_3_accuracy": 0.9965,
    "top_5_accuracy": 0.999625,
    "log_loss": 0.1638483617546861,
    "mcc": 0.9407399705154703,
    "cohens_kappa": 0.9405714285714286,
    "precision_macro": 0.9498102080103801,
    "precision_micro": 0.948,
    "precision_weighted": 0.9498102080103802,
    "recall_macro": 0.948,
    "recall_micro": 0.948,
    "recall_weighted": 0.948,
    "f1_macro": 0.9483581866928109,
    "f1_micro": 0.948,
    "f1_weighted": 0.9483581866928109,
    "auroc_macro": 0.9978306607142857,
    "auroc_weighted": 0.9978306607142857,
    "auprc_macro": 0.9872180655296736
  },
  "per_class_metrics": {
    "0": {
      "precision": 0.9720430107526882,
      "recall": 0.904,
      "f1": 0.9367875647668393,
      "specificity": 0.9962857142857143,
      "fpr": 0.0037142857142857142,
      "fnr": 0.096,
      "auroc": 0.9967428571428572,
      "auprc": 0.9841434765562638,
      "support": 1000,
      "tp": 904,
      "tn": 6974,
      "fp": 26,
      "fn": 96
    },
    "1": {
      "precision": 0.9897645854657113,
      "recall": 0.967,
      "f1": 0.9782498735457764,
      "specificity": 0.9985714285714286,
      "fpr": 0.0014285714285714286,
      "fnr": 0.033,
      "auroc": 0.9992745714285713,
      "auprc": 0.9967622370211738,
      "support": 1000,
      "tp": 967,
      "tn": 6990,
      "fp": 10,
      "fn": 33
    },
    "2": {
      "precision": 0.8499550763701708,
      "recall": 0.946,
      "f1": 0.8954093705631802,
      "specificity": 0.9761428571428571,
      "fpr": 0.023857142857142858,
      "fnr": 0.054,
      "auroc": 0.9952254285714286,
      "auprc": 0.9658428969977535,
      "support": 1000,
      "tp": 946,
      "tn": 6833,
      "fp": 167,
      "fn": 54
    },
    "3": {
      "precision": 0.9473140495867769,
      "recall": 0.917,
      "f1": 0.931910569105691,
      "specificity": 0.9927142857142857,
      "fpr": 0.007285714285714286,
      "fnr": 0.083,
      "auroc": 0.9975745714285715,
      "auprc": 0.9858494028806195,
      "support": 1000,
      "tp": 917,
      "tn": 6949,
      "fp": 51,
      "fn": 83
    },
    "4": {
      "precision": 0.969939879759519,
      "recall": 0.968,
      "f1": 0.9689689689689689,
      "specificity": 0.9957142857142857,
      "fpr": 0.004285714285714286,
      "fnr": 0.032,
      "auroc": 0.9990851428571429,
      "auprc": 0.9945326273692746,
      "support": 1000,
      "tp": 968,
      "tn": 6970,
      "fp": 30,
      "fn": 32
    },
    "5": {
      "precision": 0.928919182083739,
      "recall": 0.954,
      "f1": 0.9412925505673408,
      "specificity": 0.9895714285714285,
      "fpr": 0.01042857142857143,
      "fnr": 0.046,
      "auroc": 0.9976916428571428,
      "auprc": 0.984539329999918,
      "support": 1000,
      "tp": 954,
      "tn": 6927,
      "fp": 73,
      "fn": 46
    },
    "6": {
      "precision": 0.9799398194583752,
      "recall": 0.977,
      "f1": 0.9784677015523284,
      "specificity": 0.9971428571428571,
      "fpr": 0.002857142857142857,
      "fnr": 0.023,
      "auroc": 0.998929357142857,
      "auprc": 0.9949937065552752,
      "support": 1000,
      "tp": 977,
      "tn": 6980,
      "fp": 20,
      "fn": 23
    },
    "7": {
      "precision": 0.9606060606060606,
      "recall": 0.951,
      "f1": 0.9557788944723618,
      "specificity": 0.9944285714285714,
      "fpr": 0.005571428571428572,
      "fnr": 0.049,
      "auroc": 0.9981217142857143,
      "auprc": 0.9910808468571113,
      "support": 1000,
      "tp": 951,
      "tn": 6961,
      "fp": 39,
      "fn": 49
    }
  },
  "confusion_matrix": [
    [
      904,
      2,
      64,
      12,
      4,
      3,
      11,
      0
    ],
    [
      2,
      967,
      25,
      4,
      0,
      0,
      2,
      0
    ],
    [
      20,
      5,
      946,
      27,
      0,
      0,
      2,
      0
    ],
    [
      2,
      2,
      74,
      917,
      1,
      0,
      4,
      0
    ],
    [
      0,
      0,
      0,
      0,
      968,
      25,
      0,
      7
    ],
    [
      0,
      0,
      0,
      0,
      14,
      954,
      0,
      32
    ],
    [
      1,
      1,
      4,
      8,
      4,
      5,
      977,
      0
    ],
    [
      1,
      0,
      0,
      0,
      7,
      40,
      1,
      951
    ]
  ]
}