{
  "experiment": "exp3",
  "condition": {
    "num_classes": 7,
    "class_list": [
      1,
      2,
      3,
      5,
      6,
      8,
      9
    ],
    "class_names": [
      "Trouser",
      "Pullover",
      "Dress",
      "Sandal",
      "Shirt",
      "Bag",
      "Ankle boot"
    ],
    "combo_idx": 3,
    "subset_pct": 20,
    "num_samples": 8400,
    "samples_per_class": 1200,
    "train_samples": 7560,
    "val_samples": 840,
    "test_samples": 7000
  },
  "seed": 20194682,
  "timestamp": "2026-01-17T22:01:45.225287",
  "training_dynamics": {
    "epochs_trained": 16,
    "best_epoch": 6,
    "best_val_accuracy": 0.9488095238095238,
    "final_train_loss": 0.022875476355357253,
    "final_val_loss": 0.2132379786826537,
    "training_time_seconds": 6.130563735961914
  },
  "training_history": {
    "train_loss": [
      0.43188969753369566,
      0.23697905636885586,
      0.17995841331592127,
      0.148367433190471,
      0.11474279392541957,
      0.09870621367913335,
      0.09077387850950747,
      0.07767156838682018,
      0.07341827548445523,
      0.06535133368437405,
      0.049363667607119605,
      0.034121726366628684,
      0.03892482719736315,
      0.03573340695779849,
      0.030763111440190935,
      0.022875476355357253
    ],
    "val_loss": [
      0.28179962180909657,
      0.24218154851169812,
      0.25139648623409727,
      0.22470870983032953,
      0.19797132664493153,
      0.1946943441317195,
      0.2026054585796027,
      0.281470922203291,
      0.25680285319685936,
      0.21642637328200398,
      0.21080279727743584,
      0.2589333250409081,
      0.21704851787847776,
      0.20932046109200678,
      0.22936929133332645,
      0.2132379786826537
    ],
    "val_accuracy": [
      0.9083333333333333,
      0.9107142857142857,
      0.925,
      0.9214285714285714,
      0.9273809523809524,
      0.9285714285714286,
      0.9321428571428572,
      0.9166666666666666,
      0.9238095238095239,
      0.9392857142857143,
      0.9428571428571428,
      0.9273809523809524,
      0.9392857142857143,
      0.9488095238095238,
      0.9404761904761905,
      0.9416666666666667
    ]
  },
  "global_metrics": {
    "accuracy": 0.9381428571428572,
    "balanced_accuracy": 0.9381428571428571,
    "top_3_accuracy": 0.9972857142857143,
    "top_5_accuracy": 0.9995714285714286,
    "log_loss": 0.19009005251175812,
    "mcc": 0.927929489485354,
    "cohens_kappa": 0.9278333333333333,
    "precision_macro": 0.938864171044646,
    "precision_micro": 0.9381428571428572,
    "precision_weighted": 0.9388641710446463,
    "recall_macro": 0.9381428571428571,
    "recall_micro": 0.9381428571428572,
    "recall_weighted": 0.9381428571428572,
    "f1_macro": 0.9382178769412632,
    "f1_micro": 0.9381428571428572,
    "f1_weighted": 0.9382178769412634,
    "auroc_macro": 0.9955726904761905,
    "auroc_weighted": 0.9955726904761905,
    "auprc_macro": 0.9773616697773962
  },
  "per_class_metrics": {
    "0": {
      "precision": 0.9907502569373073,
      "recall": 0.964,
      "f1": 0.9771920932589965,
      "specificity": 0.9985,
      "fpr": 0.0015,
      "fnr": 0.036,
      "auroc": 0.9992878333333333,
      "auprc": 0.9972761406627114,
      "support": 1000,
      "tp": 964,
      "tn": 5991,
      "fp": 9,
      "fn": 36
    },
    "1": {
      "precision": 0.9145299145299145,
      "recall": 0.856,
      "f1": 0.8842975206611571,
      "specificity": 0.9866666666666667,
      "fpr": 0.013333333333333334,
      "fnr": 0.144,
      "auroc": 0.9918107500000001,
      "auprc": 0.9498627589703811,
      "support": 1000,
      "tp": 856,
      "tn": 5920,
      "fp": 80,
      "fn": 144
    },
    "2": {
      "precision": 0.8969465648854962,
      "recall": 0.94,
      "f1": 0.91796875,
      "specificity": 0.982,
      "fpr": 0.018,
      "fnr": 0.06,
      "auroc": 0.9960538333333334,
      "auprc": 0.9780958184232712,
      "support": 1000,
      "tp": 940,
      "tn": 5892,
      "fp": 108,
      "fn": 60
    },
    "3": {
      "precision": 0.9736070381231672,
      "recall": 0.996,
      "f1": 0.9846762234305487,
      "specificity": 0.9955,
      "fpr": 0.0045,
      "fnr": 0.004,
      "auroc": 0.99977625,
      "auprc": 0.997705867297582,
      "support": 1000,
      "tp": 996,
      "tn": 5973,
      "fp": 27,
      "fn": 4
    },
    "4": {
      "precision": 0.8283220174587779,
      "recall": 0.854,
      "f1": 0.8409650418513047,
      "specificity": 0.9705,
      "fpr": 0.0295,
      "fnr": 0.146,
      "auroc": 0.9833666666666666,
      "auprc": 0.9236655129088486,
      "support": 1000,
      "tp": 854,
      "tn": 5823,
      "fp": 177,
      "fn": 146
    },
    "5": {
      "precision": 0.9739478957915831,
      "recall": 0.972,
      "f1": 0.972972972972973,
      "specificity": 0.9956666666666667,
      "fpr": 0.004333333333333333,
      "fnr": 0.028,
      "auroc": 0.9993046666666666,
      "auprc": 0.996426438112778,
      "support": 1000,
      "tp": 972,
      "tn": 5974,
      "fp": 26,
      "fn": 28
    },
    "6": {
      "precision": 0.9939455095862765,
      "recall": 0.985,
      "f1": 0.9894525364138623,
      "specificity": 0.999,
      "fpr": 0.001,
      "fnr": 0.015,
      "auroc": 0.9994088333333333,
      "auprc": 0.9984991520662015,
      "support": 1000,
      "tp": 985,
      "tn": 5994,
      "fp": 6,
      "fn": 15
    }
  },
  "confusion_matrix": [
    [
      964,
      1,
      31,
      0,
      2,
      2,
      0
    ],
    [
      2,
      856,
      14,
      1,
      125,
      2,
      0
    ],
    [
      4,
      11,
      940,
      0,
      43,
      1,
      1
    ],
    [
      0,
      0,
      0,
      996,
      0,
      0,
      4
    ],
    [
      2,
      65,
      57,
      2,
      854,
      20,
      0
    ],
    [
      1,
      3,
      6,
      10,
      7,
      972,
      1
    ],
    [
      0,
      0,
      0,
      14,
      0,
      1,
      985
    ]
  ]
}