{
  "experiment": "exp3",
  "condition": {
    "num_classes": 2,
    "class_list": [
      2,
      3
    ],
    "class_names": [
      "Pullover",
      "Dress"
    ],
    "combo_idx": 0,
    "subset_pct": 40,
    "num_samples": 4800,
    "samples_per_class": 2400,
    "train_samples": 4320,
    "val_samples": 480,
    "test_samples": 2000
  },
  "seed": 20194682,
  "timestamp": "2026-01-17T21:08:47.662048",
  "training_dynamics": {
    "epochs_trained": 18,
    "best_epoch": 8,
    "best_val_accuracy": 0.9895833333333334,
    "final_train_loss": 0.0013216236150663677,
    "final_val_loss": 0.07709713519240419,
    "training_time_seconds": 3.6965670585632324
  },
  "training_history": {
    "train_loss": [
      0.1351768754367881,
      0.07050395600826424,
      0.06550976901438416,
      0.04395492316689342,
      0.04308908927829608,
      0.030186154872781652,
      0.03402408131617395,
      0.03528028781190241,
      0.01867633692060789,
      0.011948122595426599,
      0.021431284803410937,
      0.008946421213027755,
      0.00502261866848344,
      0.00650894755817182,
      0.011814649838884982,
      0.010672788630044498,
      0.007702883363730079,
      0.0013216236150663677
    ],
    "val_loss": [
      0.08467553754647573,
      0.09140253439545631,
      0.05235345078011354,
      0.06372937168926,
      0.0505286805331707,
      0.05500960194816192,
      0.06498214863240719,
      0.04815029439826806,
      0.055773447702328366,
      0.14915721515814465,
      0.055650372182329495,
      0.04847964543150738,
      0.08403604762255175,
      0.09703010439989157,
      0.07210206375457347,
      0.06544697200879454,
      0.08051500671087221,
      0.07709713519240419
    ],
    "val_accuracy": [
      0.9645833333333333,
      0.9770833333333333,
      0.98125,
      0.9833333333333333,
      0.9833333333333333,
      0.9833333333333333,
      0.9729166666666667,
      0.9833333333333333,
      0.9875,
      0.9708333333333333,
      0.9854166666666667,
      0.9875,
      0.9895833333333334,
      0.9791666666666666,
      0.975,
      0.9854166666666667,
      0.9875,
      0.9895833333333334
    ]
  },
  "global_metrics": {
    "accuracy": 0.9785,
    "balanced_accuracy": 0.9784999999999999,
    "top_3_accuracy": 1.0,
    "top_5_accuracy": 1.0,
    "log_loss": 0.0716159163151044,
    "mcc": 0.957023447361694,
    "cohens_kappa": 0.957,
    "precision_macro": 0.9785234476489348,
    "precision_micro": 0.9785,
    "precision_weighted": 0.9785234476489348,
    "recall_macro": 0.9784999999999999,
    "recall_micro": 0.9785,
    "recall_weighted": 0.9785,
    "f1_macro": 0.9784997366217736,
    "f1_micro": 0.9785,
    "f1_weighted": 0.9784997366217736,
    "auroc_macro": 0.995964,
    "auroc_weighted": 0.995964,
    "auprc_macro": 0.995926578041601
  },
  "per_class_metrics": {
    "0": {
      "precision": 0.9751737835153923,
      "recall": 0.982,
      "f1": 0.9785749875435975,
      "specificity": 0.975,
      "fpr": 0.025,
      "fnr": 0.018,
      "auroc": 0.995964,
      "auprc": 0.9968429579033551,
      "support": 1000,
      "tp": 982,
      "tn": 975,
      "fp": 25,
      "fn": 18
    },
    "1": {
      "precision": 0.9818731117824774,
      "recall": 0.975,
      "f1": 0.9784244856999498,
      "specificity": 0.982,
      "fpr": 0.018,
      "fnr": 0.025,
      "auroc": 0.995964,
      "auprc": 0.9950101981798469,
      "support": 1000,
      "tp": 975,
      "tn": 982,
      "fp": 18,
      "fn": 25
    }
  },
  "confusion_matrix": [
    [
      982,
      18
    ],
    [
      25,
      975
    ]
  ]
}