{
  "experiment": "exp3",
  "condition": {
    "num_classes": 4,
    "class_list": [
      1,
      5,
      6,
      9
    ],
    "class_names": [
      "Trouser",
      "Sandal",
      "Shirt",
      "Ankle boot"
    ],
    "combo_idx": 3,
    "subset_pct": 50,
    "num_samples": 12000,
    "samples_per_class": 3000,
    "train_samples": 10800,
    "val_samples": 1200,
    "test_samples": 4000
  },
  "seed": 20194682,
  "timestamp": "2026-01-17T21:26:58.741588",
  "training_dynamics": {
    "epochs_trained": 18,
    "best_epoch": 8,
    "best_val_accuracy": 0.9966666666666667,
    "final_train_loss": 0.0001242382403081229,
    "final_val_loss": 0.01615023033608812,
    "training_time_seconds": 9.391012191772461
  },
  "training_history": {
    "train_loss": [
      0.10140768697653407,
      0.036191142802044045,
      0.025773645312864246,
      0.01827090661442348,
      0.01569217815474275,
      0.010657737303028205,
      0.012391906115926058,
      0.009128108685621361,
      0.00523388847267538,
      0.00789319081782169,
      0.005917884173228102,
      0.007561634645398469,
      0.007881112007119679,
      0.005193236570354611,
      0.000898973563194757,
      0.0002943161786570595,
      0.00018485978226049182,
      0.0001242382403081229
    ],
    "val_loss": [
      0.02590700379262368,
      0.024240291360765696,
      0.014048715488364298,
      0.02337852792503933,
      0.012160767956326405,
      0.01055650356846551,
      0.017225571513990873,
      0.009215196536679286,
      0.01860867470636246,
      0.02972191666995059,
      0.011740105758040045,
      0.02365598586577107,
      0.01630831366230268,
      0.009909209178003949,
      0.018999851041611084,
      0.015748378358355998,
      0.01631476075082522,
      0.01615023033608812
    ],
    "val_accuracy": [
      0.9916666666666667,
      0.9908333333333333,
      0.9941666666666666,
      0.9916666666666667,
      0.9958333333333333,
      0.9958333333333333,
      0.9933333333333333,
      0.9966666666666667,
      0.9958333333333333,
      0.9925,
      0.9958333333333333,
      0.9941666666666666,
      0.9958333333333333,
      0.9966666666666667,
      0.995,
      0.9958333333333333,
      0.9958333333333333,
      0.9958333333333333
    ]
  },
  "global_metrics": {
    "accuracy": 0.993,
    "balanced_accuracy": 0.993,
    "top_3_accuracy": 0.99975,
    "top_5_accuracy": 1.0,
    "log_loss": 0.02947106948699235,
    "mcc": 0.990673023505629,
    "cohens_kappa": 0.9906666666666667,
    "precision_macro": 0.9930197031802535,
    "precision_micro": 0.993,
    "precision_weighted": 0.9930197031802536,
    "recall_macro": 0.993,
    "recall_micro": 0.993,
    "recall_weighted": 0.993,
    "f1_macro": 0.9930003039083388,
    "f1_micro": 0.993,
    "f1_weighted": 0.9930003039083387,
    "auroc_macro": 0.9999006666666667,
    "auroc_weighted": 0.9999006666666667,
    "auprc_macro": 0.9997144630910393
  },
  "per_class_metrics": {
    "0": {
      "precision": 0.9959718026183283,
      "recall": 0.989,
      "f1": 0.9924736578023081,
      "specificity": 0.9986666666666667,
      "fpr": 0.0013333333333333333,
      "fnr": 0.011,
      "auroc": 0.9999506666666668,
      "auprc": 0.9998522160200954,
      "support": 1000,
      "tp": 989,
      "tn": 2996,
      "fp": 4,
      "fn": 11
    },
    "1": {
      "precision": 0.9920318725099602,
      "recall": 0.996,
      "f1": 0.9940119760479043,
      "specificity": 0.9973333333333333,
      "fpr": 0.0026666666666666666,
      "fnr": 0.004,
      "auroc": 0.9998946666666667,
      "auprc": 0.9996762222612969,
      "support": 1000,
      "tp": 996,
      "tn": 2992,
      "fp": 8,
      "fn": 4
    },
    "2": {
      "precision": 0.9880952380952381,
      "recall": 0.996,
      "f1": 0.9920318725099602,
      "specificity": 0.996,
      "fpr": 0.004,
      "fnr": 0.004,
      "auroc": 0.9999446666666667,
      "auprc": 0.9998361730456775,
      "support": 1000,
      "tp": 996,
      "tn": 2988,
      "fp": 12,
      "fn": 4
    },
    "3": {
      "precision": 0.9959798994974874,
      "recall": 0.991,
      "f1": 0.993483709273183,
      "specificity": 0.9986666666666667,
      "fpr": 0.0013333333333333333,
      "fnr": 0.009,
      "auroc": 0.9998126666666667,
      "auprc": 0.9994932410370871,
      "support": 1000,
      "tp": 991,
      "tn": 2996,
      "fp": 4,
      "fn": 9
    }
  },
  "confusion_matrix": [
    [
      989,
      0,
      11,
      0
    ],
    [
      0,
      996,
      0,
      4
    ],
    [
      4,
      0,
      996,
      0
    ],
    [
      0,
      8,
      1,
      991
    ]
  ]
}