{
  "experiment": "exp3",
  "condition": {
    "num_classes": 6,
    "class_list": [
      1,
      2,
      3,
      4,
      6,
      7
    ],
    "class_names": [
      "Trouser",
      "Pullover",
      "Dress",
      "Coat",
      "Shirt",
      "Sneaker"
    ],
    "combo_idx": 3,
    "subset_pct": 100,
    "num_samples": 36000,
    "samples_per_class": 6000,
    "train_samples": 32400,
    "val_samples": 3600,
    "test_samples": 6000
  },
  "seed": 20194682,
  "timestamp": "2026-01-17T21:50:20.324675",
  "training_dynamics": {
    "epochs_trained": 14,
    "best_epoch": 4,
    "best_val_accuracy": 0.9283333333333333,
    "final_train_loss": 0.06739947835720077,
    "final_val_loss": 0.28010455038812426,
    "training_time_seconds": 21.71922779083252
  },
  "training_history": {
    "train_loss": [
      0.4076068279952457,
      0.2758249297620512,
      0.2311007647868797,
      0.203775237826906,
      0.17919410469793004,
      0.15860272423020716,
      0.1422798295580659,
      0.12588771209451396,
      0.10756153847904659,
      0.09471139457091483,
      0.09206446288961778,
      0.07597330610173215,
      0.07080864197624152,
      0.06739947835720077
    ],
    "val_loss": [
      0.3357763926188151,
      0.2435044358174006,
      0.22747402204407585,
      0.2259297009309133,
      0.22687945975197685,
      0.246521522336536,
      0.25494164718521967,
      0.2401400829686059,
      0.23656322598457336,
      0.2676959300041199,
      0.2414775750041008,
      0.25912693162759143,
      0.26444674531618756,
      0.28010455038812426
    ],
    "val_accuracy": [
      0.8755555555555555,
      0.9072222222222223,
      0.9163888888888889,
      0.9194444444444444,
      0.9194444444444444,
      0.9144444444444444,
      0.9169444444444445,
      0.9205555555555556,
      0.9283333333333333,
      0.9244444444444444,
      0.9261111111111111,
      0.9225,
      0.9272222222222222,
      0.9283333333333333
    ]
  },
  "global_metrics": {
    "accuracy": 0.909,
    "balanced_accuracy": 0.9090000000000001,
    "top_3_accuracy": 0.9946666666666667,
    "top_5_accuracy": 1.0,
    "log_loss": 0.2521344054579532,
    "mcc": 0.8909892365100911,
    "cohens_kappa": 0.8908,
    "precision_macro": 0.9096181521017632,
    "precision_micro": 0.909,
    "precision_weighted": 0.9096181521017632,
    "recall_macro": 0.9090000000000001,
    "recall_micro": 0.909,
    "recall_weighted": 0.909,
    "f1_macro": 0.9088759108340171,
    "f1_micro": 0.909,
    "f1_weighted": 0.9088759108340172,
    "auroc_macro": 0.9908495666666667,
    "auroc_weighted": 0.9908495666666666,
    "auprc_macro": 0.9618172528622582
  },
  "per_class_metrics": {
    "0": {
      "precision": 0.9850597609561753,
      "recall": 0.989,
      "f1": 0.9870259481037924,
      "specificity": 0.997,
      "fpr": 0.003,
      "fnr": 0.011,
      "auroc": 0.9995343999999999,
      "auprc": 0.9983924852441849,
      "support": 1000,
      "tp": 989,
      "tn": 4985,
      "fp": 15,
      "fn": 11
    },
    "1": {
      "precision": 0.8264840182648402,
      "recall": 0.905,
      "f1": 0.863961813842482,
      "specificity": 0.962,
      "fpr": 0.038,
      "fnr": 0.095,
      "auroc": 0.9855824,
      "auprc": 0.9436732436898845,
      "support": 1000,
      "tp": 905,
      "tn": 4810,
      "fp": 190,
      "fn": 95
    },
    "2": {
      "precision": 0.9267548321464903,
      "recall": 0.911,
      "f1": 0.91880988401412,
      "specificity": 0.9856,
      "fpr": 0.0144,
      "fnr": 0.089,
      "auroc": 0.9952329999999998,
      "auprc": 0.976758566570044,
      "support": 1000,
      "tp": 911,
      "tn": 4928,
      "fp": 72,
      "fn": 89
    },
    "3": {
      "precision": 0.8682572614107884,
      "recall": 0.837,
      "f1": 0.8523421588594704,
      "specificity": 0.9746,
      "fpr": 0.0254,
      "fnr": 0.163,
      "auroc": 0.9847644,
      "auprc": 0.9308979422100734,
      "support": 1000,
      "tp": 837,
      "tn": 4873,
      "fp": 127,
      "fn": 163
    },
    "4": {
      "precision": 0.8511530398322851,
      "recall": 0.812,
      "f1": 0.8311156601842374,
      "specificity": 0.9716,
      "fpr": 0.0284,
      "fnr": 0.188,
      "auroc": 0.9799831999999999,
      "auprc": 0.9211812794593621,
      "support": 1000,
      "tp": 812,
      "tn": 4858,
      "fp": 142,
      "fn": 188
    },
    "5": {
      "precision": 1.0,
      "recall": 1.0,
      "f1": 1.0,
      "specificity": 1.0,
      "fpr": 0.0,
      "fnr": 0.0,
      "auroc": 1.0,
      "auprc": 1.0,
      "support": 1000,
      "tp": 1000,
      "tn": 5000,
      "fp": 0,
      "fn": 0
    }
  },
  "confusion_matrix": [
    [
      989,
      0,
      8,
      1,
      2,
      0
    ],
    [
      2,
      905,
      6,
      33,
      54,
      0
    ],
    [
      11,
      12,
      911,
      15,
      51,
      0
    ],
    [
      0,
      95,
      33,
      837,
      35,
      0
    ],
    [
      2,
      83,
      25,
      78,
      812,
      0
    ],
    [
      0,
      0,
      0,
      0,
      0,
      1000
    ]
  ]
}