{
  "experiment": "exp3",
  "condition": {
    "num_classes": 6,
    "class_list": [
      0,
      2,
      4,
      5,
      7,
      8
    ],
    "class_names": [
      "T-shirt/top",
      "Pullover",
      "Coat",
      "Sandal",
      "Sneaker",
      "Bag"
    ],
    "combo_idx": 2,
    "subset_pct": 30,
    "num_samples": 10800,
    "samples_per_class": 1800,
    "train_samples": 9720,
    "val_samples": 1080,
    "test_samples": 6000
  },
  "seed": 20194682,
  "timestamp": "2026-01-17T21:45:44.547207",
  "training_dynamics": {
    "epochs_trained": 18,
    "best_epoch": 8,
    "best_val_accuracy": 0.9601851851851851,
    "final_train_loss": 0.037473129587229585,
    "final_val_loss": 0.15842248499393463,
    "training_time_seconds": 8.622316598892212
  },
  "training_history": {
    "train_loss": [
      0.3871764598022166,
      0.21745857395427792,
      0.17205735401397473,
      0.14472150533018927,
      0.11479996294273358,
      0.10365634911546581,
      0.08462609953590129,
      0.0760827682924604,
      0.07004192265020193,
      0.05547042055772372,
      0.055624269744025935,
      0.04361894365482792,
      0.036476733215079694,
      0.04090663368237744,
      0.029991169789450635,
      0.03135277297405992,
      0.02927103660802363,
      0.037473129587229585
    ],
    "val_loss": [
      0.28252691582397177,
      0.1883731344231853,
      0.199622028403812,
      0.1340820699930191,
      0.13423541420035892,
      0.19748524846854032,
      0.15534113347530365,
      0.12142050238671126,
      0.13083314581049812,
      0.14302333924505445,
      0.17733110388120016,
      0.14507465263207753,
      0.17360850903722974,
      0.15886163579093085,
      0.21878985783292187,
      0.17230451912791642,
      0.18886115573070666,
      0.15842248499393463
    ],
    "val_accuracy": [
      0.899074074074074,
      0.9361111111111111,
      0.9305555555555556,
      0.9537037037037037,
      0.9490740740740741,
      0.937962962962963,
      0.9518518518518518,
      0.9564814814814815,
      0.9527777777777777,
      0.950925925925926,
      0.9472222222222222,
      0.9527777777777777,
      0.9555555555555556,
      0.9564814814814815,
      0.95,
      0.9601851851851851,
      0.9518518518518518,
      0.9564814814814815
    ]
  },
  "global_metrics": {
    "accuracy": 0.9485,
    "balanced_accuracy": 0.9485,
    "top_3_accuracy": 0.9991666666666666,
    "top_5_accuracy": 1.0,
    "log_loss": 0.14789345117460584,
    "mcc": 0.9383748981009498,
    "cohens_kappa": 0.9382,
    "precision_macro": 0.9495690265494737,
    "precision_micro": 0.9485,
    "precision_weighted": 0.9495690265494737,
    "recall_macro": 0.9485,
    "recall_micro": 0.9485,
    "recall_weighted": 0.9485,
    "f1_macro": 0.9486197977058884,
    "f1_micro": 0.9485,
    "f1_weighted": 0.9486197977058883,
    "auroc_macro": 0.9967583333333335,
    "auroc_weighted": 0.9967583333333334,
    "auprc_macro": 0.9853768708668916
  },
  "per_class_metrics": {
    "0": {
      "precision": 0.9599198396793587,
      "recall": 0.958,
      "f1": 0.9589589589589589,
      "specificity": 0.992,
      "fpr": 0.008,
      "fnr": 0.042,
      "auroc": 0.9979674000000001,
      "auprc": 0.9908652188255875,
      "support": 1000,
      "tp": 958,
      "tn": 4960,
      "fp": 40,
      "fn": 42
    },
    "1": {
      "precision": 0.8532961931290622,
      "recall": 0.919,
      "f1": 0.8849301877708233,
      "specificity": 0.9684,
      "fpr": 0.0316,
      "fnr": 0.081,
      "auroc": 0.9901664000000001,
      "auprc": 0.9582687133230848,
      "support": 1000,
      "tp": 919,
      "tn": 4842,
      "fp": 158,
      "fn": 81
    },
    "2": {
      "precision": 0.9321851453175457,
      "recall": 0.866,
      "f1": 0.897874546397097,
      "specificity": 0.9874,
      "fpr": 0.0126,
      "fnr": 0.134,
      "auroc": 0.9934696,
      "auprc": 0.9680349804642914,
      "support": 1000,
      "tp": 866,
      "tn": 4937,
      "fp": 63,
      "fn": 134
    },
    "3": {
      "precision": 0.9878542510121457,
      "recall": 0.976,
      "f1": 0.9818913480885312,
      "specificity": 0.9976,
      "fpr": 0.0024,
      "fnr": 0.024,
      "auroc": 0.9996288,
      "auprc": 0.9981683449451598,
      "support": 1000,
      "tp": 976,
      "tn": 4988,
      "fp": 12,
      "fn": 24
    },
    "4": {
      "precision": 0.9801587301587301,
      "recall": 0.988,
      "f1": 0.9840637450199202,
      "specificity": 0.996,
      "fpr": 0.004,
      "fnr": 0.012,
      "auroc": 0.9997224,
      "auprc": 0.9986432804340536,
      "support": 1000,
      "tp": 988,
      "tn": 4980,
      "fp": 20,
      "fn": 12
    },
    "5": {
      "precision": 0.984,
      "recall": 0.984,
      "f1": 0.984,
      "specificity": 0.9968,
      "fpr": 0.0032,
      "fnr": 0.016,
      "auroc": 0.9995954,
      "auprc": 0.9982806872091736,
      "support": 1000,
      "tp": 984,
      "tn": 4984,
      "fp": 16,
      "fn": 16
    }
  },
  "confusion_matrix": [
    [
      958,
      28,
      7,
      1,
      0,
      6
    ],
    [
      28,
      919,
      50,
      0,
      0,
      3
    ],
    [
      7,
      125,
      866,
      0,
      0,
      2
    ],
    [
      1,
      0,
      0,
      976,
      20,
      3
    ],
    [
      0,
      0,
      0,
      10,
      988,
      2
    ],
    [
      4,
      5,
      6,
      1,
      0,
      984
    ]
  ]
}