{
  "experiment": "exp3",
  "condition": {
    "num_classes": 6,
    "class_list": [
      0,
      1,
      3,
      4,
      6,
      8
    ],
    "class_names": [
      "T-shirt/top",
      "Trouser",
      "Dress",
      "Coat",
      "Shirt",
      "Bag"
    ],
    "combo_idx": 1,
    "subset_pct": 60,
    "num_samples": 21600,
    "samples_per_class": 3600,
    "train_samples": 19440,
    "val_samples": 2160,
    "test_samples": 6000
  },
  "seed": 20194682,
  "timestamp": "2026-01-17T21:43:55.413329",
  "training_dynamics": {
    "epochs_trained": 18,
    "best_epoch": 8,
    "best_val_accuracy": 0.925,
    "final_train_loss": 0.045880750877825595,
    "final_val_loss": 0.34852159536547134,
    "training_time_seconds": 18.23827815055847
  },
  "training_history": {
    "train_loss": [
      0.46478217065726457,
      0.3141287233386385,
      0.26818603956091563,
      0.23685040633733334,
      0.20485583948902786,
      0.17999181223690117,
      0.15807846148718932,
      0.1408550043798689,
      0.11621340756353579,
      0.10687094893747646,
      0.0948879907679695,
      0.08322275922891047,
      0.07091040682280436,
      0.0612433762029181,
      0.05533391925870858,
      0.05449294664140325,
      0.05732737127752779,
      0.045880750877825595
    ],
    "val_loss": [
      0.3594872729645835,
      0.28289326837769263,
      0.23941469413262825,
      0.21495714055167303,
      0.2265317236383756,
      0.2315004129100729,
      0.24088926337383412,
      0.20941181155266586,
      0.22854721841436845,
      0.2337488215278696,
      0.2767555737660991,
      0.28169340190512165,
      0.257959525273354,
      0.27779916491773393,
      0.2836050667696529,
      0.3018249682806156,
      0.3183517089596501,
      0.34852159536547134
    ],
    "val_accuracy": [
      0.8541666666666666,
      0.8851851851851852,
      0.9083333333333333,
      0.9212962962962963,
      0.9157407407407407,
      0.913425925925926,
      0.9041666666666667,
      0.925,
      0.9162037037037037,
      0.9175925925925926,
      0.9013888888888889,
      0.9152777777777777,
      0.9143518518518519,
      0.9152777777777777,
      0.9162037037037037,
      0.9120370370370371,
      0.9171296296296296,
      0.9097222222222222
    ]
  },
  "global_metrics": {
    "accuracy": 0.9051666666666667,
    "balanced_accuracy": 0.9051666666666667,
    "top_3_accuracy": 0.9943333333333333,
    "top_5_accuracy": 0.9993333333333333,
    "log_loss": 0.25791002044982286,
    "mcc": 0.8863759039795515,
    "cohens_kappa": 0.8862,
    "precision_macro": 0.9065391449232211,
    "precision_micro": 0.9051666666666667,
    "precision_weighted": 0.9065391449232211,
    "recall_macro": 0.9051666666666667,
    "recall_micro": 0.9051666666666667,
    "recall_weighted": 0.9051666666666667,
    "f1_macro": 0.9054476027226815,
    "f1_micro": 0.9051666666666667,
    "f1_weighted": 0.9054476027226813,
    "auroc_macro": 0.9907651166666667,
    "auroc_weighted": 0.9907651166666668,
    "auprc_macro": 0.9616342566883898
  },
  "per_class_metrics": {
    "0": {
      "precision": 0.8258887876025525,
      "recall": 0.906,
      "f1": 0.8640915593705293,
      "specificity": 0.9618,
      "fpr": 0.0382,
      "fnr": 0.094,
      "auroc": 0.9882453999999999,
      "auprc": 0.9484173506585386,
      "support": 1000,
      "tp": 906,
      "tn": 4809,
      "fp": 191,
      "fn": 94
    },
    "1": {
      "precision": 0.994908350305499,
      "recall": 0.977,
      "f1": 0.9858728557013118,
      "specificity": 0.999,
      "fpr": 0.001,
      "fnr": 0.023,
      "auroc": 0.9995896,
      "auprc": 0.9987177418640097,
      "support": 1000,
      "tp": 977,
      "tn": 4995,
      "fp": 5,
      "fn": 23
    },
    "2": {
      "precision": 0.9325025960539979,
      "recall": 0.898,
      "f1": 0.9149261334691798,
      "specificity": 0.987,
      "fpr": 0.013,
      "fnr": 0.102,
      "auroc": 0.9935264,
      "auprc": 0.9723425684941507,
      "support": 1000,
      "tp": 898,
      "tn": 4935,
      "fp": 65,
      "fn": 102
    },
    "3": {
      "precision": 0.9091836734693878,
      "recall": 0.891,
      "f1": 0.8999999999999999,
      "specificity": 0.9822,
      "fpr": 0.0178,
      "fnr": 0.109,
      "auroc": 0.9930453,
      "auprc": 0.9688135000391721,
      "support": 1000,
      "tp": 891,
      "tn": 4911,
      "fp": 89,
      "fn": 109
    },
    "4": {
      "precision": 0.7887755102040817,
      "recall": 0.773,
      "f1": 0.7808080808080808,
      "specificity": 0.9586,
      "fpr": 0.0414,
      "fnr": 0.227,
      "auroc": 0.9704596000000001,
      "auprc": 0.8827733661470283,
      "support": 1000,
      "tp": 773,
      "tn": 4793,
      "fp": 207,
      "fn": 227
    },
    "5": {
      "precision": 0.9879759519038076,
      "recall": 0.986,
      "f1": 0.986986986986987,
      "specificity": 0.9976,
      "fpr": 0.0024,
      "fnr": 0.014,
      "auroc": 0.9997244000000001,
      "auprc": 0.9987410129274392,
      "support": 1000,
      "tp": 986,
      "tn": 4988,
      "fp": 12,
      "fn": 14
    }
  },
  "confusion_matrix": [
    [
      906,
      0,
      7,
      4,
      79,
      4
    ],
    [
      7,
      977,
      11,
      2,
      2,
      1
    ],
    [
      37,
      3,
      898,
      18,
      43,
      1
    ],
    [
      2,
      0,
      26,
      891,
      80,
      1
    ],
    [
      138,
      1,
      20,
      63,
      773,
      5
    ],
    [
      7,
      1,
      1,
      2,
      3,
      986
    ]
  ]
}