{
  "experiment": "exp3",
  "condition": {
    "num_classes": 6,
    "class_list": [
      1,
      2,
      3,
      4,
      6,
      7
    ],
    "class_names": [
      "Trouser",
      "Pullover",
      "Dress",
      "Coat",
      "Shirt",
      "Sneaker"
    ],
    "combo_idx": 3,
    "subset_pct": 30,
    "num_samples": 10800,
    "samples_per_class": 1800,
    "train_samples": 9720,
    "val_samples": 1080,
    "test_samples": 6000
  },
  "seed": 20194682,
  "timestamp": "2026-01-17T21:48:09.802491",
  "training_dynamics": {
    "epochs_trained": 18,
    "best_epoch": 8,
    "best_val_accuracy": 0.9175925925925926,
    "final_train_loss": 0.03938838935420407,
    "final_val_loss": 0.4599587667871405,
    "training_time_seconds": 8.531081676483154
  },
  "training_history": {
    "train_loss": [
      0.5430234501040295,
      0.34834515421014084,
      0.2953357292143138,
      0.2589350934875639,
      0.23120675378135944,
      0.19600500433558696,
      0.1631406976988441,
      0.1578427281377739,
      0.1278678261135754,
      0.10626256530859361,
      0.0946002344686636,
      0.08277290942465984,
      0.06931047318625803,
      0.06427712428175207,
      0.04650749382103401,
      0.04441421469642879,
      0.04612219359229417,
      0.03938838935420407
    ],
    "val_loss": [
      0.36307798094219634,
      0.3259719658780981,
      0.2761233611239327,
      0.2924644076161914,
      0.30192134027127865,
      0.28179609135345174,
      0.31516015220571447,
      0.26851994947150903,
      0.2855392074143445,
      0.32461539021244756,
      0.3225947967282048,
      0.36738425824377274,
      0.3893680093465028,
      0.3045163971406442,
      0.39162942171096804,
      0.3787567639792407,
      0.3622205675752075,
      0.4599587667871405
    ],
    "val_accuracy": [
      0.8611111111111112,
      0.8787037037037037,
      0.887962962962963,
      0.8944444444444445,
      0.8981481481481481,
      0.8907407407407407,
      0.8935185185185185,
      0.9037037037037037,
      0.9,
      0.8981481481481481,
      0.9083333333333333,
      0.8962962962962963,
      0.9083333333333333,
      0.9111111111111111,
      0.9101851851851852,
      0.9018518518518519,
      0.9175925925925926,
      0.9074074074074074
    ]
  },
  "global_metrics": {
    "accuracy": 0.8933333333333333,
    "balanced_accuracy": 0.8933333333333334,
    "top_3_accuracy": 0.9928333333333333,
    "top_5_accuracy": 1.0,
    "log_loss": 0.3120389166891475,
    "mcc": 0.8725526462645472,
    "cohens_kappa": 0.872,
    "precision_macro": 0.8952886301483681,
    "precision_micro": 0.8933333333333333,
    "precision_weighted": 0.8952886301483681,
    "recall_macro": 0.8933333333333334,
    "recall_micro": 0.8933333333333333,
    "recall_weighted": 0.8933333333333333,
    "f1_macro": 0.8930086351177464,
    "f1_micro": 0.8933333333333333,
    "f1_weighted": 0.8930086351177466,
    "auroc_macro": 0.9878356333333334,
    "auroc_weighted": 0.9878356333333332,
    "auprc_macro": 0.9504016499052806
  },
  "per_class_metrics": {
    "0": {
      "precision": 0.9888324873096447,
      "recall": 0.974,
      "f1": 0.981360201511335,
      "specificity": 0.9978,
      "fpr": 0.0022,
      "fnr": 0.026,
      "auroc": 0.9989021999999999,
      "auprc": 0.9968831029219849,
      "support": 1000,
      "tp": 974,
      "tn": 4989,
      "fp": 11,
      "fn": 26
    },
    "1": {
      "precision": 0.7874015748031497,
      "recall": 0.9,
      "f1": 0.8399440037330845,
      "specificity": 0.9514,
      "fpr": 0.0486,
      "fnr": 0.1,
      "auroc": 0.981478,
      "auprc": 0.9277124667792844,
      "support": 1000,
      "tp": 900,
      "tn": 4757,
      "fp": 243,
      "fn": 100
    },
    "2": {
      "precision": 0.8977604673807206,
      "recall": 0.922,
      "f1": 0.9097187962506167,
      "specificity": 0.979,
      "fpr": 0.021,
      "fnr": 0.078,
      "auroc": 0.9933911999999999,
      "auprc": 0.9711097424873801,
      "support": 1000,
      "tp": 922,
      "tn": 4895,
      "fp": 105,
      "fn": 78
    },
    "3": {
      "precision": 0.8731428571428571,
      "recall": 0.764,
      "f1": 0.8149333333333334,
      "specificity": 0.9778,
      "fpr": 0.0222,
      "fnr": 0.236,
      "auroc": 0.9792160000000002,
      "auprc": 0.9071844160353085,
      "support": 1000,
      "tp": 764,
      "tn": 4889,
      "fp": 111,
      "fn": 236
    },
    "4": {
      "precision": 0.8255933952528379,
      "recall": 0.8,
      "f1": 0.8125952260030473,
      "specificity": 0.9662,
      "fpr": 0.0338,
      "fnr": 0.2,
      "auroc": 0.9740264,
      "auprc": 0.8995201712077265,
      "support": 1000,
      "tp": 800,
      "tn": 4831,
      "fp": 169,
      "fn": 200
    },
    "5": {
      "precision": 0.999000999000999,
      "recall": 1.0,
      "f1": 0.9995002498750626,
      "specificity": 0.9998,
      "fpr": 0.0002,
      "fnr": 0.0,
      "auroc": 1.0,
      "auprc": 1.0,
      "support": 1000,
      "tp": 1000,
      "tn": 4999,
      "fp": 1,
      "fn": 0
    }
  },
  "confusion_matrix": [
    [
      974,
      2,
      13,
      7,
      4,
      0
    ],
    [
      1,
      900,
      10,
      33,
      56,
      0
    ],
    [
      7,
      11,
      922,
      13,
      47,
      0
    ],
    [
      0,
      130,
      44,
      764,
      62,
      0
    ],
    [
      3,
      100,
      38,
      58,
      800,
      1
    ],
    [
      0,
      0,
      0,
      0,
      0,
      1000
    ]
  ]
}