{
  "experiment": "exp3",
  "condition": {
    "num_classes": 8,
    "class_list": [
      1,
      2,
      3,
      4,
      5,
      7,
      8,
      9
    ],
    "class_names": [
      "Trouser",
      "Pullover",
      "Dress",
      "Coat",
      "Sandal",
      "Sneaker",
      "Bag",
      "Ankle boot"
    ],
    "combo_idx": 3,
    "subset_pct": 10,
    "num_samples": 4800,
    "samples_per_class": 600,
    "train_samples": 4320,
    "val_samples": 480,
    "test_samples": 8000
  },
  "seed": 20194682,
  "timestamp": "2026-01-17T22:18:05.647025",
  "training_dynamics": {
    "epochs_trained": 18,
    "best_epoch": 8,
    "best_val_accuracy": 0.9395833333333333,
    "final_train_loss": 0.029139143822249025,
    "final_val_loss": 0.2541490028301875,
    "training_time_seconds": 4.225956201553345
  },
  "training_history": {
    "train_loss": [
      0.585943677188719,
      0.2981238121933797,
      0.2535812085603966,
      0.20086514062302954,
      0.1621166965650285,
      0.13582202901735024,
      0.11563529967166045,
      0.09284909157192006,
      0.0769748917698641,
      0.08687324016628896,
      0.0661270945223377,
      0.05755353153354543,
      0.04460864925674875,
      0.049971440176972574,
      0.04087921153918347,
      0.035015721230165046,
      0.033377722028971595,
      0.029139143822249025
    ],
    "val_loss": [
      0.31275247732798256,
      0.3084777573744456,
      0.26176163951555886,
      0.2486525277296702,
      0.23847910314798354,
      0.22670592963695527,
      0.27814306517442067,
      0.19549941917260488,
      0.2522243479887644,
      0.20257344444592792,
      0.27978802224000293,
      0.22838975141445797,
      0.24931111459930738,
      0.23338643163442613,
      0.2668013428648313,
      0.2649113414188226,
      0.5864714051286379,
      0.2541490028301875
    ],
    "val_accuracy": [
      0.8854166666666666,
      0.8854166666666666,
      0.89375,
      0.9083333333333333,
      0.9166666666666666,
      0.93125,
      0.9,
      0.9375,
      0.9208333333333333,
      0.9333333333333333,
      0.9145833333333333,
      0.9333333333333333,
      0.9270833333333334,
      0.9291666666666667,
      0.925,
      0.9354166666666667,
      0.88125,
      0.9395833333333333
    ]
  },
  "global_metrics": {
    "accuracy": 0.929625,
    "balanced_accuracy": 0.9296249999999999,
    "top_3_accuracy": 0.996625,
    "top_5_accuracy": 0.998875,
    "log_loss": 0.20533382422707483,
    "mcc": 0.9196224526112198,
    "cohens_kappa": 0.9195714285714286,
    "precision_macro": 0.930296294946273,
    "precision_micro": 0.929625,
    "precision_weighted": 0.9302962949462729,
    "recall_macro": 0.9296249999999999,
    "recall_micro": 0.929625,
    "recall_weighted": 0.929625,
    "f1_macro": 0.9297831567376764,
    "f1_micro": 0.929625,
    "f1_weighted": 0.9297831567376764,
    "auroc_macro": 0.996128,
    "auroc_weighted": 0.9961279999999999,
    "auprc_macro": 0.9763117753363031
  },
  "per_class_metrics": {
    "0": {
      "precision": 0.9937565036420395,
      "recall": 0.955,
      "f1": 0.9739928607853136,
      "specificity": 0.9991428571428571,
      "fpr": 0.0008571428571428571,
      "fnr": 0.045,
      "auroc": 0.9981631428571429,
      "auprc": 0.9931883368348756,
      "support": 1000,
      "tp": 955,
      "tn": 6994,
      "fp": 6,
      "fn": 45
    },
    "1": {
      "precision": 0.8742268041237113,
      "recall": 0.848,
      "f1": 0.8609137055837565,
      "specificity": 0.9825714285714285,
      "fpr": 0.01742857142857143,
      "fnr": 0.152,
      "auroc": 0.9904577142857143,
      "auprc": 0.9451361484850032,
      "support": 1000,
      "tp": 848,
      "tn": 6878,
      "fp": 122,
      "fn": 152
    },
    "2": {
      "precision": 0.8879392212725546,
      "recall": 0.935,
      "f1": 0.910862152946907,
      "specificity": 0.9831428571428571,
      "fpr": 0.01685714285714286,
      "fnr": 0.065,
      "auroc": 0.9964711428571429,
      "auprc": 0.9760425015105586,
      "support": 1000,
      "tp": 935,
      "tn": 6882,
      "fp": 118,
      "fn": 65
    },
    "3": {
      "precision": 0.8408644400785854,
      "recall": 0.856,
      "f1": 0.848364717542121,
      "specificity": 0.9768571428571429,
      "fpr": 0.023142857142857142,
      "fnr": 0.144,
      "auroc": 0.9892325714285715,
      "auprc": 0.92705874066633,
      "support": 1000,
      "tp": 856,
      "tn": 6838,
      "fp": 162,
      "fn": 144
    },
    "4": {
      "precision": 0.9605133267522211,
      "recall": 0.973,
      "f1": 0.9667163437655241,
      "specificity": 0.9942857142857143,
      "fpr": 0.005714285714285714,
      "fnr": 0.027,
      "auroc": 0.999069,
      "auprc": 0.9942927443306032,
      "support": 1000,
      "tp": 973,
      "tn": 6960,
      "fp": 40,
      "fn": 27
    },
    "5": {
      "precision": 0.9386745796241345,
      "recall": 0.949,
      "f1": 0.9438090502237692,
      "specificity": 0.9911428571428571,
      "fpr": 0.008857142857142857,
      "fnr": 0.051,
      "auroc": 0.9979075714285714,
      "auprc": 0.9862282556861026,
      "support": 1000,
      "tp": 949,
      "tn": 6938,
      "fp": 62,
      "fn": 51
    },
    "6": {
      "precision": 0.9847405900305188,
      "recall": 0.968,
      "f1": 0.9762985375693394,
      "specificity": 0.9978571428571429,
      "fpr": 0.002142857142857143,
      "fnr": 0.032,
      "auroc": 0.9992719999999999,
      "auprc": 0.99644771917357,
      "support": 1000,
      "tp": 968,
      "tn": 6985,
      "fp": 15,
      "fn": 32
    },
    "7": {
      "precision": 0.9616548940464178,
      "recall": 0.953,
      "f1": 0.9573078854846809,
      "specificity": 0.9945714285714286,
      "fpr": 0.0054285714285714284,
      "fnr": 0.047,
      "auroc": 0.9984508571428571,
      "auprc": 0.9920997560033814,
      "support": 1000,
      "tp": 953,
      "tn": 6962,
      "fp": 38,
      "fn": 47
    }
  },
  "confusion_matrix": [
    [
      955,
      3,
      34,
      4,
      2,
      0,
      2,
      0
    ],
    [
      1,
      848,
      19,
      129,
      1,
      0,
      2,
      0
    ],
    [
      2,
      30,
      935,
      24,
      0,
      0,
      6,
      3
    ],
    [
      3,
      74,
      60,
      856,
      3,
      0,
      4,
      0
    ],
    [
      0,
      0,
      0,
      0,
      973,
      21,
      0,
      6
    ],
    [
      0,
      0,
      0,
      0,
      23,
      949,
      0,
      28
    ],
    [
      0,
      15,
      5,
      5,
      3,
      3,
      968,
      1
    ],
    [
      0,
      0,
      0,
      0,
      8,
      38,
      1,
      953
    ]
  ]
}