{
  "experiment": "exp3",
  "condition": {
    "num_classes": 9,
    "class_list": [
      0,
      1,
      3,
      4,
      5,
      6,
      7,
      8,
      9
    ],
    "class_names": [
      "T-shirt/top",
      "Trouser",
      "Dress",
      "Coat",
      "Sandal",
      "Shirt",
      "Sneaker",
      "Bag",
      "Ankle boot"
    ],
    "combo_idx": 3,
    "subset_pct": 90,
    "num_samples": 48600,
    "samples_per_class": 5400,
    "train_samples": 43740,
    "val_samples": 4860,
    "test_samples": 9000
  },
  "seed": 20194682,
  "timestamp": "2026-01-17T22:38:54.730389",
  "training_dynamics": {
    "epochs_trained": 16,
    "best_epoch": 6,
    "best_val_accuracy": 0.9419753086419753,
    "final_train_loss": 0.05764693252000909,
    "final_val_loss": 0.22937400242919295,
    "training_time_seconds": 33.416255950927734
  },
  "training_history": {
    "train_loss": [
      0.37435638811983907,
      0.2422893313658342,
      0.20324256146947542,
      0.17884889391539563,
      0.15707352085104376,
      0.142094771290601,
      0.12609632349469596,
      0.11405856204246394,
      0.10375009314974018,
      0.09249438773513886,
      0.08501116480754568,
      0.07584010764727728,
      0.07359247479236505,
      0.06473413542422264,
      0.059817734292888065,
      0.05764693252000909
    ],
    "val_loss": [
      0.24773962089308985,
      0.21067674904448505,
      0.18647009496090344,
      0.1799063008263278,
      0.1940903810194,
      0.17019994442845568,
      0.17430304361223684,
      0.17702874541282654,
      0.20258957938647565,
      0.17472483031298397,
      0.18801568056084983,
      0.19642017473899778,
      0.19934107147371818,
      0.19963571517555803,
      0.20718287164537014,
      0.22937400242919295
    ],
    "val_accuracy": [
      0.9082304526748971,
      0.9199588477366255,
      0.9304526748971194,
      0.9349794238683128,
      0.9290123456790124,
      0.9347736625514403,
      0.9366255144032922,
      0.9364197530864198,
      0.9382716049382716,
      0.9376543209876543,
      0.937037037037037,
      0.9296296296296296,
      0.9306584362139918,
      0.9382716049382716,
      0.9419753086419753,
      0.9347736625514403
    ]
  },
  "global_metrics": {
    "accuracy": 0.9314444444444444,
    "balanced_accuracy": 0.9314444444444445,
    "top_3_accuracy": 0.9965555555555555,
    "top_5_accuracy": 0.9997777777777778,
    "log_loss": 0.19505817958455027,
    "mcc": 0.9229265186834482,
    "cohens_kappa": 0.922875,
    "precision_macro": 0.9311341419967315,
    "precision_micro": 0.9314444444444444,
    "precision_weighted": 0.9311341419967315,
    "recall_macro": 0.9314444444444445,
    "recall_micro": 0.9314444444444444,
    "recall_weighted": 0.9314444444444444,
    "f1_macro": 0.9310894214963751,
    "f1_micro": 0.9314444444444444,
    "f1_weighted": 0.9310894214963749,
    "auroc_macro": 0.9959562638888888,
    "auroc_weighted": 0.9959562638888888,
    "auprc_macro": 0.9734546944735943
  },
  "per_class_metrics": {
    "0": {
      "precision": 0.8603082851637764,
      "recall": 0.893,
      "f1": 0.8763493621197253,
      "specificity": 0.981875,
      "fpr": 0.018125,
      "fnr": 0.107,
      "auroc": 0.9922169999999999,
      "auprc": 0.9495568695181732,
      "support": 1000,
      "tp": 893,
      "tn": 7855,
      "fp": 145,
      "fn": 107
    },
    "1": {
      "precision": 0.9929292929292929,
      "recall": 0.983,
      "f1": 0.9879396984924623,
      "specificity": 0.999125,
      "fpr": 0.000875,
      "fnr": 0.017,
      "auroc": 0.9997095,
      "auprc": 0.998528410808587,
      "support": 1000,
      "tp": 983,
      "tn": 7993,
      "fp": 7,
      "fn": 17
    },
    "2": {
      "precision": 0.9173228346456693,
      "recall": 0.932,
      "f1": 0.9246031746031745,
      "specificity": 0.9895,
      "fpr": 0.0105,
      "fnr": 0.068,
      "auroc": 0.996721,
      "auprc": 0.9741490147264503,
      "support": 1000,
      "tp": 932,
      "tn": 7916,
      "fp": 84,
      "fn": 68
    },
    "3": {
      "precision": 0.910010111223458,
      "recall": 0.9,
      "f1": 0.9049773755656108,
      "specificity": 0.988875,
      "fpr": 0.011125,
      "fnr": 0.1,
      "auroc": 0.9955007499999999,
      "auprc": 0.9677070334351141,
      "support": 1000,
      "tp": 900,
      "tn": 7911,
      "fp": 89,
      "fn": 100
    },
    "4": {
      "precision": 0.9772502472799208,
      "recall": 0.988,
      "f1": 0.9825957235206365,
      "specificity": 0.997125,
      "fpr": 0.002875,
      "fnr": 0.012,
      "auroc": 0.99970425,
      "auprc": 0.9980438609893009,
      "support": 1000,
      "tp": 988,
      "tn": 7977,
      "fp": 23,
      "fn": 12
    },
    "5": {
      "precision": 0.8105820105820106,
      "recall": 0.766,
      "f1": 0.7876606683804629,
      "specificity": 0.977625,
      "fpr": 0.022375,
      "fnr": 0.234,
      "auroc": 0.9812479999999999,
      "auprc": 0.8840939324210272,
      "support": 1000,
      "tp": 766,
      "tn": 7821,
      "fp": 179,
      "fn": 234
    },
    "6": {
      "precision": 0.9478260869565217,
      "recall": 0.981,
      "f1": 0.9641277641277641,
      "specificity": 0.99325,
      "fpr": 0.00675,
      "fnr": 0.019,
      "auroc": 0.999323125,
      "auprc": 0.9946523335312512,
      "support": 1000,
      "tp": 981,
      "tn": 7946,
      "fp": 54,
      "fn": 19
    },
    "7": {
      "precision": 0.9743842364532019,
      "recall": 0.989,
      "f1": 0.9816377171215881,
      "specificity": 0.99675,
      "fpr": 0.00325,
      "fnr": 0.011,
      "auroc": 0.999735375,
      "auprc": 0.998254789973355,
      "support": 1000,
      "tp": 989,
      "tn": 7974,
      "fp": 26,
      "fn": 11
    },
    "8": {
      "precision": 0.9895941727367326,
      "recall": 0.951,
      "f1": 0.9699133095359511,
      "specificity": 0.99875,
      "fpr": 0.00125,
      "fnr": 0.049,
      "auroc": 0.999447375,
      "auprc": 0.9961060048590905,
      "support": 1000,
      "tp": 951,
      "tn": 7990,
      "fp": 10,
      "fn": 49
    }
  },
  "confusion_matrix": [
    [
      893,
      0,
      15,
      4,
      3,
      75,
      0,
      9,
      1
    ],
    [
      2,
      983,
      9,
      2,
      0,
      1,
      0,
      3,
      0
    ],
    [
      10,
      3,
      932,
      21,
      0,
      30,
      0,
      4,
      0
    ],
    [
      0,
      1,
      25,
      900,
      0,
      71,
      0,
      3,
      0
    ],
    [
      0,
      0,
      0,
      0,
      988,
      0,
      11,
      0,
      1
    ],
    [
      131,
      3,
      33,
      60,
      0,
      766,
      0,
      7,
      0
    ],
    [
      0,
      0,
      0,
      0,
      11,
      0,
      981,
      0,
      8
    ],
    [
      1,
      0,
      2,
      2,
      3,
      2,
      1,
      989,
      0
    ],
    [
      1,
      0,
      0,
      0,
      6,
      0,
      42,
      0,
      951
    ]
  ]
}