{
  "experiment": "exp3",
  "condition": {
    "num_classes": 4,
    "class_list": [
      1,
      4,
      5,
      9
    ],
    "class_names": [
      "Trouser",
      "Coat",
      "Sandal",
      "Ankle boot"
    ],
    "combo_idx": 2,
    "subset_pct": 10,
    "num_samples": 2400,
    "samples_per_class": 600,
    "train_samples": 2160,
    "val_samples": 240,
    "test_samples": 4000
  },
  "seed": 20194682,
  "timestamp": "2026-01-17T21:24:24.762552",
  "training_dynamics": {
    "epochs_trained": 19,
    "best_epoch": 9,
    "best_val_accuracy": 1.0,
    "final_train_loss": 0.00012538126702565933,
    "final_val_loss": 0.021090752295276616,
    "training_time_seconds": 2.1545629501342773
  },
  "training_history": {
    "train_loss": [
      0.19145508381702445,
      0.052975527777829594,
      0.023123925243613914,
      0.020425954402205262,
      0.027788808339905432,
      0.015818942478611406,
      0.0058073978237670795,
      0.007901707288350308,
      0.006419866675808889,
      0.003801596600062433,
      0.008731589918384356,
      0.0065274347349152185,
      0.0017693799481201173,
      0.0005186774624770111,
      0.0003255472099815105,
      0.00044179706941684024,
      0.00023606028667820604,
      0.00013438391461557543,
      0.00012538126702565933
    ],
    "val_loss": [
      0.036672896891832354,
      0.03885028411944707,
      0.028286233047644296,
      0.02909458614885807,
      0.03865650420387586,
      0.012451128444323938,
      0.007183703229141732,
      0.038834950576225914,
      0.006310495734214783,
      0.007211656247576078,
      0.06730262711644172,
      0.006516259675845504,
      0.016194743428301687,
      0.020303022003887842,
      0.019073856920779994,
      0.028131801351749648,
      0.017571213027501167,
      0.01857283566884386,
      0.021090752295276616
    ],
    "val_accuracy": [
      0.9916666666666667,
      0.9916666666666667,
      0.9916666666666667,
      0.9833333333333333,
      0.9875,
      0.9958333333333333,
      1.0,
      0.9791666666666666,
      0.9958333333333333,
      0.9958333333333333,
      0.9666666666666667,
      0.9958333333333333,
      0.9958333333333333,
      0.9958333333333333,
      0.9958333333333333,
      0.9958333333333333,
      0.9958333333333333,
      0.9958333333333333,
      0.9958333333333333
    ]
  },
  "global_metrics": {
    "accuracy": 0.99,
    "balanced_accuracy": 0.99,
    "top_3_accuracy": 0.99975,
    "top_5_accuracy": 1.0,
    "log_loss": 0.04986243457103795,
    "mcc": 0.9866780957541362,
    "cohens_kappa": 0.9866666666666667,
    "precision_macro": 0.9900362180487636,
    "precision_micro": 0.99,
    "precision_weighted": 0.9900362180487635,
    "recall_macro": 0.99,
    "recall_micro": 0.99,
    "recall_weighted": 0.99,
    "f1_macro": 0.9900008541736909,
    "f1_micro": 0.99,
    "f1_weighted": 0.990000854173691,
    "auroc_macro": 0.9994213333333333,
    "auroc_weighted": 0.9994213333333335,
    "auprc_macro": 0.9980891631933344
  },
  "per_class_metrics": {
    "0": {
      "precision": 0.9979757085020243,
      "recall": 0.986,
      "f1": 0.9919517102615695,
      "specificity": 0.9993333333333333,
      "fpr": 0.0006666666666666666,
      "fnr": 0.014,
      "auroc": 0.9996950000000001,
      "auprc": 0.9993075410496652,
      "support": 1000,
      "tp": 986,
      "tn": 2998,
      "fp": 2,
      "fn": 14
    },
    "1": {
      "precision": 0.9861523244312562,
      "recall": 0.997,
      "f1": 0.991546494281452,
      "specificity": 0.9953333333333333,
      "fpr": 0.004666666666666667,
      "fnr": 0.003,
      "auroc": 0.9998636666666667,
      "auprc": 0.999583198409766,
      "support": 1000,
      "tp": 997,
      "tn": 2986,
      "fp": 14,
      "fn": 3
    },
    "2": {
      "precision": 0.9889779559118237,
      "recall": 0.987,
      "f1": 0.987987987987988,
      "specificity": 0.9963333333333333,
      "fpr": 0.0036666666666666666,
      "fnr": 0.013,
      "auroc": 0.9990206666666667,
      "auprc": 0.9953395806287547,
      "support": 1000,
      "tp": 987,
      "tn": 2989,
      "fp": 11,
      "fn": 13
    },
    "3": {
      "precision": 0.9870388833499502,
      "recall": 0.99,
      "f1": 0.9885172241637543,
      "specificity": 0.9956666666666667,
      "fpr": 0.004333333333333333,
      "fnr": 0.01,
      "auroc": 0.999106,
      "auprc": 0.9981263326851514,
      "support": 1000,
      "tp": 990,
      "tn": 2987,
      "fp": 13,
      "fn": 10
    }
  },
  "confusion_matrix": [
    [
      986,
      14,
      0,
      0
    ],
    [
      2,
      997,
      1,
      0
    ],
    [
      0,
      0,
      987,
      13
    ],
    [
      0,
      0,
      10,
      990
    ]
  ]
}