{
  "experiment": "exp3",
  "condition": {
    "num_classes": 6,
    "class_list": [
      0,
      1,
      2,
      3,
      6,
      9
    ],
    "class_names": [
      "T-shirt/top",
      "Trouser",
      "Pullover",
      "Dress",
      "Shirt",
      "Ankle boot"
    ],
    "combo_idx": 0,
    "subset_pct": 40,
    "num_samples": 14400,
    "samples_per_class": 2400,
    "train_samples": 12960,
    "val_samples": 1440,
    "test_samples": 6000
  },
  "seed": 20194682,
  "timestamp": "2026-01-17T21:40:50.336597",
  "training_dynamics": {
    "epochs_trained": 19,
    "best_epoch": 9,
    "best_val_accuracy": 0.9194444444444444,
    "final_train_loss": 0.03775739603104721,
    "final_val_loss": 0.3852055710222986,
    "training_time_seconds": 11.263399362564087
  },
  "training_history": {
    "train_loss": [
      0.4558247253665783,
      0.29570587856575775,
      0.248049917479454,
      0.2161725657473644,
      0.18470878024663537,
      0.16180976050827892,
      0.1360197929582866,
      0.13193932160955343,
      0.10333420797778761,
      0.08922112523463413,
      0.08654180408129698,
      0.06826403222088083,
      0.05935536783986858,
      0.050007359527872663,
      0.0458080662899591,
      0.04225671037044055,
      0.0339989297044936,
      0.047693420565122824,
      0.03775739603104721
    ],
    "val_loss": [
      0.32736839718288846,
      0.2804675112167994,
      0.29145205616950987,
      0.27051867677105795,
      0.27263657566573885,
      0.27986749410629275,
      0.30126226080788504,
      0.27498847080601585,
      0.2681705168551869,
      0.28039128681023917,
      0.34725957181718614,
      0.35099643137719894,
      0.35306081573168435,
      0.3481898824373881,
      0.4123058161801762,
      0.3870310250255797,
      0.41281769474347435,
      0.4188795885278119,
      0.3852055710222986
    ],
    "val_accuracy": [
      0.8791666666666667,
      0.8923611111111112,
      0.9048611111111111,
      0.91875,
      0.9020833333333333,
      0.9069444444444444,
      0.9055555555555556,
      0.9194444444444444,
      0.9180555555555555,
      0.9083333333333333,
      0.89375,
      0.9083333333333333,
      0.9131944444444444,
      0.9125,
      0.9145833333333333,
      0.9173611111111111,
      0.9131944444444444,
      0.90625,
      0.9152777777777777
    ]
  },
  "global_metrics": {
    "accuracy": 0.9056666666666666,
    "balanced_accuracy": 0.9056666666666665,
    "top_3_accuracy": 0.9938333333333333,
    "top_5_accuracy": 0.9996666666666667,
    "log_loss": 0.2933946370881029,
    "mcc": 0.8868529171361308,
    "cohens_kappa": 0.8868,
    "precision_macro": 0.9060628116488673,
    "precision_micro": 0.9056666666666666,
    "precision_weighted": 0.9060628116488674,
    "recall_macro": 0.9056666666666665,
    "recall_micro": 0.9056666666666666,
    "recall_weighted": 0.9056666666666666,
    "f1_macro": 0.9057427381898301,
    "f1_micro": 0.9056666666666666,
    "f1_weighted": 0.90574273818983,
    "auroc_macro": 0.9890819833333332,
    "auroc_weighted": 0.9890819833333333,
    "auprc_macro": 0.9570186762874263
  },
  "per_class_metrics": {
    "0": {
      "precision": 0.8241444866920152,
      "recall": 0.867,
      "f1": 0.8450292397660819,
      "specificity": 0.963,
      "fpr": 0.037,
      "fnr": 0.133,
      "auroc": 0.9848088,
      "auprc": 0.9332315213455735,
      "support": 1000,
      "tp": 867,
      "tn": 4815,
      "fp": 185,
      "fn": 133
    },
    "1": {
      "precision": 0.9849548645937813,
      "recall": 0.982,
      "f1": 0.9834752128192289,
      "specificity": 0.997,
      "fpr": 0.003,
      "fnr": 0.018,
      "auroc": 0.999127,
      "auprc": 0.9973606250243386,
      "support": 1000,
      "tp": 982,
      "tn": 4985,
      "fp": 15,
      "fn": 18
    },
    "2": {
      "precision": 0.9067882472137792,
      "recall": 0.895,
      "f1": 0.9008555611474586,
      "specificity": 0.9816,
      "fpr": 0.0184,
      "fnr": 0.105,
      "auroc": 0.9894230999999999,
      "auprc": 0.9564172058078778,
      "support": 1000,
      "tp": 895,
      "tn": 4908,
      "fp": 92,
      "fn": 105
    },
    "3": {
      "precision": 0.9369918699186992,
      "recall": 0.922,
      "f1": 0.9294354838709676,
      "specificity": 0.9876,
      "fpr": 0.0124,
      "fnr": 0.078,
      "auroc": 0.9949926,
      "auprc": 0.977583569507131,
      "support": 1000,
      "tp": 922,
      "tn": 4938,
      "fp": 62,
      "fn": 78
    },
    "4": {
      "precision": 0.7854954034729316,
      "recall": 0.769,
      "f1": 0.7771601819100556,
      "specificity": 0.958,
      "fpr": 0.042,
      "fnr": 0.231,
      "auroc": 0.966143,
      "auprc": 0.8775319692084428,
      "support": 1000,
      "tp": 769,
      "tn": 4790,
      "fp": 210,
      "fn": 231
    },
    "5": {
      "precision": 0.998001998001998,
      "recall": 0.999,
      "f1": 0.9985007496251873,
      "specificity": 0.9996,
      "fpr": 0.0004,
      "fnr": 0.001,
      "auroc": 0.9999973999999999,
      "auprc": 0.9999871668311945,
      "support": 1000,
      "tp": 999,
      "tn": 4998,
      "fp": 2,
      "fn": 1
    }
  },
  "confusion_matrix": [
    [
      867,
      1,
      14,
      14,
      103,
      1
    ],
    [
      3,
      982,
      2,
      10,
      3,
      0
    ],
    [
      20,
      1,
      895,
      11,
      73,
      0
    ],
    [
      30,
      10,
      6,
      922,
      31,
      1
    ],
    [
      132,
      3,
      69,
      27,
      769,
      0
    ],
    [
      0,
      0,
      1,
      0,
      0,
      999
    ]
  ]
}