{
  "experiment": "exp3",
  "condition": {
    "num_classes": 9,
    "class_list": [
      0,
      1,
      2,
      3,
      4,
      5,
      6,
      7,
      9
    ],
    "class_names": [
      "T-shirt/top",
      "Trouser",
      "Pullover",
      "Dress",
      "Coat",
      "Sandal",
      "Shirt",
      "Sneaker",
      "Ankle boot"
    ],
    "combo_idx": 1,
    "subset_pct": 20,
    "num_samples": 10800,
    "samples_per_class": 1200,
    "train_samples": 9720,
    "val_samples": 1080,
    "test_samples": 9000
  },
  "seed": 20194682,
  "timestamp": "2026-01-17T22:28:51.638850",
  "training_dynamics": {
    "epochs_trained": 23,
    "best_epoch": 13,
    "best_val_accuracy": 0.9120370370370371,
    "final_train_loss": 0.03652221877143204,
    "final_val_loss": 0.5161942371615658,
    "training_time_seconds": 10.900146484375
  },
  "training_history": {
    "train_loss": [
      0.681226804264282,
      0.4299953026991141,
      0.36697986388677045,
      0.31665520252365814,
      0.2737892817362751,
      0.2515697186126521,
      0.2179708802386334,
      0.19754949305206537,
      0.17184326221774282,
      0.13228185137880868,
      0.1383327602433335,
      0.10792629277382634,
      0.09293256345891247,
      0.09150572301280734,
      0.08293050591907415,
      0.05803190929643614,
      0.05053230015695781,
      0.05702323141189194,
      0.047165337257626415,
      0.0475477441214025,
      0.048256435223217854,
      0.0331606175597316,
      0.03652221877143204
    ],
    "val_loss": [
      0.495033746737021,
      0.3935512602329254,
      0.35020845333735146,
      0.31938136131675154,
      0.34162905679808725,
      0.3297710380068532,
      0.32217955412688076,
      0.36694452232784697,
      0.32237934558479875,
      0.3427407244841258,
      0.31546995220360935,
      0.3337890538904402,
      0.31094401004137817,
      0.33314095117427683,
      0.3858245697286394,
      0.3655155994273998,
      0.42162656806133414,
      0.39800066462269534,
      0.42607151358215894,
      0.44000811091175784,
      0.44863147536913556,
      0.45245438902466384,
      0.5161942371615658
    ],
    "val_accuracy": [
      0.8166666666666667,
      0.8592592592592593,
      0.8666666666666667,
      0.8907407407407407,
      0.8787037037037037,
      0.8861111111111111,
      0.8907407407407407,
      0.8777777777777778,
      0.8962962962962963,
      0.8916666666666667,
      0.8972222222222223,
      0.8972222222222223,
      0.9074074074074074,
      0.9009259259259259,
      0.9009259259259259,
      0.9018518518518519,
      0.8944444444444445,
      0.8981481481481481,
      0.9037037037037037,
      0.8898148148148148,
      0.899074074074074,
      0.9120370370370371,
      0.8907407407407407
    ]
  },
  "global_metrics": {
    "accuracy": 0.8853333333333333,
    "balanced_accuracy": 0.8853333333333333,
    "top_3_accuracy": 0.9894444444444445,
    "top_5_accuracy": 0.9988888888888889,
    "log_loss": 0.3722892754818232,
    "mcc": 0.8710859150852719,
    "cohens_kappa": 0.871,
    "precision_macro": 0.8859031828046086,
    "precision_micro": 0.8853333333333333,
    "precision_weighted": 0.8859031828046087,
    "recall_macro": 0.8853333333333333,
    "recall_micro": 0.8853333333333333,
    "recall_weighted": 0.8853333333333333,
    "f1_macro": 0.8852825759555494,
    "f1_micro": 0.8853333333333333,
    "f1_weighted": 0.8852825759555494,
    "auroc_macro": 0.9901077222222222,
    "auroc_weighted": 0.9901077222222221,
    "auprc_macro": 0.941289961927848
  },
  "per_class_metrics": {
    "0": {
      "precision": 0.8392156862745098,
      "recall": 0.856,
      "f1": 0.8475247524752475,
      "specificity": 0.9795,
      "fpr": 0.0205,
      "fnr": 0.144,
      "auroc": 0.9882458749999999,
      "auprc": 0.918791309219766,
      "support": 1000,
      "tp": 856,
      "tn": 7836,
      "fp": 164,
      "fn": 144
    },
    "1": {
      "precision": 0.9897854954034729,
      "recall": 0.969,
      "f1": 0.9792824658918645,
      "specificity": 0.99875,
      "fpr": 0.00125,
      "fnr": 0.031,
      "auroc": 0.99914275,
      "auprc": 0.9960741844646842,
      "support": 1000,
      "tp": 969,
      "tn": 7990,
      "fp": 10,
      "fn": 31
    },
    "2": {
      "precision": 0.8067542213883677,
      "recall": 0.86,
      "f1": 0.8325266214908035,
      "specificity": 0.97425,
      "fpr": 0.02575,
      "fnr": 0.14,
      "auroc": 0.9839021250000001,
      "auprc": 0.9140724617230302,
      "support": 1000,
      "tp": 860,
      "tn": 7794,
      "fp": 206,
      "fn": 140
    },
    "3": {
      "precision": 0.9195402298850575,
      "recall": 0.88,
      "f1": 0.8993357179356156,
      "specificity": 0.990375,
      "fpr": 0.009625,
      "fnr": 0.12,
      "auroc": 0.994335875,
      "auprc": 0.9625873293732375,
      "support": 1000,
      "tp": 880,
      "tn": 7923,
      "fp": 77,
      "fn": 120
    },
    "4": {
      "precision": 0.8200389105058365,
      "recall": 0.843,
      "f1": 0.831360946745562,
      "specificity": 0.976875,
      "fpr": 0.023125,
      "fnr": 0.157,
      "auroc": 0.98652625,
      "auprc": 0.9020174351861717,
      "support": 1000,
      "tp": 843,
      "tn": 7815,
      "fp": 185,
      "fn": 157
    },
    "5": {
      "precision": 0.9853556485355649,
      "recall": 0.942,
      "f1": 0.9631901840490797,
      "specificity": 0.99825,
      "fpr": 0.00175,
      "fnr": 0.058,
      "auroc": 0.9986496249999999,
      "auprc": 0.9936908105969704,
      "support": 1000,
      "tp": 942,
      "tn": 7986,
      "fp": 14,
      "fn": 58
    },
    "6": {
      "precision": 0.7383474576271186,
      "recall": 0.697,
      "f1": 0.7170781893004115,
      "specificity": 0.969125,
      "fpr": 0.030875,
      "fnr": 0.303,
      "auroc": 0.9631191250000001,
      "auprc": 0.8043367860441067,
      "support": 1000,
      "tp": 697,
      "tn": 7753,
      "fp": 247,
      "fn": 303
    },
    "7": {
      "precision": 0.9313725490196079,
      "recall": 0.95,
      "f1": 0.9405940594059405,
      "specificity": 0.99125,
      "fpr": 0.00875,
      "fnr": 0.05,
      "auroc": 0.99787475,
      "auprc": 0.9861047190820628,
      "support": 1000,
      "tp": 950,
      "tn": 7930,
      "fp": 70,
      "fn": 50
    },
    "8": {
      "precision": 0.9427184466019417,
      "recall": 0.971,
      "f1": 0.9566502463054187,
      "specificity": 0.992625,
      "fpr": 0.007375,
      "fnr": 0.029,
      "auroc": 0.999173125,
      "auprc": 0.9939346216606009,
      "support": 1000,
      "tp": 971,
      "tn": 7941,
      "fp": 59,
      "fn": 29
    }
  },
  "confusion_matrix": [
    [
      856,
      0,
      25,
      18,
      6,
      4,
      90,
      1,
      0
    ],
    [
      7,
      969,
      6,
      11,
      4,
      0,
      3,
      0,
      0
    ],
    [
      14,
      1,
      860,
      9,
      53,
      0,
      63,
      0,
      0
    ],
    [
      16,
      8,
      10,
      880,
      37,
      0,
      48,
      0,
      1
    ],
    [
      1,
      0,
      97,
      16,
      843,
      1,
      42,
      0,
      0
    ],
    [
      0,
      0,
      0,
      0,
      0,
      942,
      0,
      44,
      14
    ],
    [
      126,
      1,
      68,
      23,
      85,
      0,
      697,
      0,
      0
    ],
    [
      0,
      0,
      0,
      0,
      0,
      6,
      0,
      950,
      44
    ],
    [
      0,
      0,
      0,
      0,
      0,
      3,
      1,
      25,
      971
    ]
  ]
}