{
  "experiment": "exp3",
  "condition": {
    "num_classes": 9,
    "class_list": [
      0,
      2,
      3,
      4,
      5,
      6,
      7,
      8,
      9
    ],
    "class_names": [
      "T-shirt/top",
      "Pullover",
      "Dress",
      "Coat",
      "Sandal",
      "Shirt",
      "Sneaker",
      "Bag",
      "Ankle boot"
    ],
    "combo_idx": 4,
    "subset_pct": 100,
    "num_samples": 54000,
    "samples_per_class": 6000,
    "train_samples": 48600,
    "val_samples": 5400,
    "test_samples": 9000
  },
  "seed": 20194682,
  "timestamp": "2026-01-17T22:43:27.299892",
  "training_dynamics": {
    "epochs_trained": 15,
    "best_epoch": 5,
    "best_val_accuracy": 0.9231481481481482,
    "final_train_loss": 0.09087889122678654,
    "final_val_loss": 0.281091310315662,
    "training_time_seconds": 36.12064719200134
  },
  "training_history": {
    "train_loss": [
      0.46828360902635674,
      0.3131975021801497,
      0.26664434199858655,
      0.23399705355496783,
      0.2107914808402328,
      0.1915068591969382,
      0.1748702031192615,
      0.1574342024757674,
      0.14500206826303744,
      0.128983437838523,
      0.11979053268503202,
      0.10771147125204535,
      0.10255533727376084,
      0.09651679517578726,
      0.09087889122678654
    ],
    "val_loss": [
      0.3358843430324837,
      0.272302125427458,
      0.248368483627284,
      0.2599846186240514,
      0.22057424905123535,
      0.22429193203096037,
      0.25051542313010605,
      0.2258745747363126,
      0.23739753118267765,
      0.23605668915642633,
      0.23928757513010943,
      0.2575561001124205,
      0.31706174472967785,
      0.2852816184803292,
      0.281091310315662
    ],
    "val_accuracy": [
      0.8764814814814815,
      0.8988888888888888,
      0.9075925925925926,
      0.8988888888888888,
      0.9161111111111111,
      0.9207407407407407,
      0.9142592592592592,
      0.9231481481481482,
      0.9131481481481482,
      0.9138888888888889,
      0.9218518518518518,
      0.9188888888888889,
      0.8966666666666666,
      0.9125925925925926,
      0.9105555555555556
    ]
  },
  "global_metrics": {
    "accuracy": 0.9048888888888889,
    "balanced_accuracy": 0.9048888888888889,
    "top_3_accuracy": 0.9946666666666667,
    "top_5_accuracy": 0.9997777777777778,
    "log_loss": 0.24810240212361673,
    "mcc": 0.893037099020082,
    "cohens_kappa": 0.893,
    "precision_macro": 0.9050509682927523,
    "precision_micro": 0.9048888888888889,
    "precision_weighted": 0.9050509682927521,
    "recall_macro": 0.9048888888888889,
    "recall_micro": 0.9048888888888889,
    "recall_weighted": 0.9048888888888889,
    "f1_macro": 0.9048173254167199,
    "f1_micro": 0.9048888888888889,
    "f1_weighted": 0.9048173254167199,
    "auroc_macro": 0.9937456805555556,
    "auroc_weighted": 0.9937456805555556,
    "auprc_macro": 0.9613719498148833
  },
  "per_class_metrics": {
    "0": {
      "precision": 0.8554095045500506,
      "recall": 0.846,
      "f1": 0.8506787330316742,
      "specificity": 0.982125,
      "fpr": 0.017875,
      "fnr": 0.154,
      "auroc": 0.9905649999999999,
      "auprc": 0.9419011712042109,
      "support": 1000,
      "tp": 846,
      "tn": 7857,
      "fp": 143,
      "fn": 154
    },
    "1": {
      "precision": 0.8539865513928915,
      "recall": 0.889,
      "f1": 0.871141597256247,
      "specificity": 0.981,
      "fpr": 0.019,
      "fnr": 0.111,
      "auroc": 0.991028625,
      "auprc": 0.9479016644052907,
      "support": 1000,
      "tp": 889,
      "tn": 7848,
      "fp": 152,
      "fn": 111
    },
    "2": {
      "precision": 0.9234642497482377,
      "recall": 0.917,
      "f1": 0.9202207727044657,
      "specificity": 0.9905,
      "fpr": 0.0095,
      "fnr": 0.083,
      "auroc": 0.9964605000000001,
      "auprc": 0.9744499405431375,
      "support": 1000,
      "tp": 917,
      "tn": 7924,
      "fp": 76,
      "fn": 83
    },
    "3": {
      "precision": 0.8760330578512396,
      "recall": 0.848,
      "f1": 0.8617886178861788,
      "specificity": 0.985,
      "fpr": 0.015,
      "fnr": 0.152,
      "auroc": 0.9921372500000001,
      "auprc": 0.9434258969127832,
      "support": 1000,
      "tp": 848,
      "tn": 7880,
      "fp": 120,
      "fn": 152
    },
    "4": {
      "precision": 0.9763313609467456,
      "recall": 0.99,
      "f1": 0.9831181727904666,
      "specificity": 0.997,
      "fpr": 0.003,
      "fnr": 0.01,
      "auroc": 0.999849125,
      "auprc": 0.9987776355188442,
      "support": 1000,
      "tp": 990,
      "tn": 7976,
      "fp": 24,
      "fn": 10
    },
    "5": {
      "precision": 0.7477477477477478,
      "recall": 0.747,
      "f1": 0.7473736868434216,
      "specificity": 0.9685,
      "fpr": 0.0315,
      "fnr": 0.253,
      "auroc": 0.9754707499999999,
      "auprc": 0.8582038316487461,
      "support": 1000,
      "tp": 747,
      "tn": 7748,
      "fp": 252,
      "fn": 253
    },
    "6": {
      "precision": 0.9439613526570049,
      "recall": 0.977,
      "f1": 0.9601965601965602,
      "specificity": 0.99275,
      "fpr": 0.00725,
      "fnr": 0.023,
      "auroc": 0.9992435,
      "auprc": 0.9945426414875675,
      "support": 1000,
      "tp": 977,
      "tn": 7942,
      "fp": 58,
      "fn": 23
    },
    "7": {
      "precision": 0.9810379241516967,
      "recall": 0.983,
      "f1": 0.982017982017982,
      "specificity": 0.997625,
      "fpr": 0.002375,
      "fnr": 0.017,
      "auroc": 0.9996577499999999,
      "auprc": 0.9981216175135786,
      "support": 1000,
      "tp": 983,
      "tn": 7981,
      "fp": 19,
      "fn": 17
    },
    "8": {
      "precision": 0.9874869655891554,
      "recall": 0.947,
      "f1": 0.9668198060234813,
      "specificity": 0.9985,
      "fpr": 0.0015,
      "fnr": 0.053,
      "auroc": 0.999298625,
      "auprc": 0.9950231490997908,
      "support": 1000,
      "tp": 947,
      "tn": 7988,
      "fp": 12,
      "fn": 53
    }
  },
  "confusion_matrix": [
    [
      846,
      16,
      10,
      2,
      1,
      120,
      0,
      5,
      0
    ],
    [
      17,
      889,
      9,
      39,
      0,
      43,
      0,
      3,
      0
    ],
    [
      26,
      9,
      917,
      20,
      0,
      27,
      0,
      1,
      0
    ],
    [
      0,
      60,
      32,
      848,
      0,
      60,
      0,
      0,
      0
    ],
    [
      0,
      0,
      0,
      0,
      990,
      0,
      7,
      0,
      3
    ],
    [
      97,
      66,
      22,
      57,
      1,
      747,
      0,
      10,
      0
    ],
    [
      0,
      0,
      0,
      0,
      14,
      0,
      977,
      0,
      9
    ],
    [
      3,
      1,
      3,
      2,
      3,
      2,
      3,
      983,
      0
    ],
    [
      0,
      0,
      0,
      0,
      5,
      0,
      48,
      0,
      947
    ]
  ]
}