{
  "experiment": "exp2",
  "condition": {
    "noise_rate": 0.35,
    "noisy_pct": 15,
    "clean_samples": 30000,
    "noisy_samples": 9000,
    "num_corrupted": 3171,
    "total_samples": 39000,
    "train_samples": 35100,
    "val_samples": 3900
  },
  "seed": 99719928,
  "timestamp": "2026-01-13T21:34:44.821853",
  "training_dynamics": {
    "epochs_trained": 15,
    "best_epoch": 5,
    "best_val_accuracy": 0.8353846153846154,
    "final_train_loss": 0.3835216754799766,
    "final_val_loss": 0.9759394983144907,
    "training_time_seconds": 25.34990954399109
  },
  "training_history": {
    "train_loss": [
      0.9457804543833046,
      0.7888950566559324,
      0.7405347282334972,
      0.7066574737511045,
      0.6787135700927623,
      0.6521881802757364,
      0.6299856812684697,
      0.5989111436629339,
      0.5712272959654449,
      0.5441785404265252,
      0.5127635832692756,
      0.48447061372150707,
      0.44511451644107075,
      0.4134738446774813,
      0.3835216754799766
    ],
    "val_loss": [
      0.8105369805067013,
      0.805116075369028,
      0.7554473088337825,
      0.7770267938956236,
      0.7301524712489201,
      0.7328040547248644,
      0.7395237390811626,
      0.7617590802755111,
      0.7583078053058722,
      0.77680725977971,
      0.8266944607710227,
      0.8033523359054174,
      0.8263356569485787,
      0.8353198710466042,
      0.9759394983144907
    ],
    "val_accuracy": [
      0.8020512820512821,
      0.8156410256410257,
      0.8176923076923077,
      0.8156410256410257,
      0.8351282051282052,
      0.8274358974358974,
      0.8341025641025641,
      0.8294871794871795,
      0.8302564102564103,
      0.8353846153846154,
      0.8264102564102564,
      0.8325641025641025,
      0.8238461538461539,
      0.8238461538461539,
      0.8220512820512821
    ]
  },
  "global_metrics": {
    "accuracy": 0.9002,
    "balanced_accuracy": 0.9002000000000001,
    "top_3_accuracy": 0.9884,
    "top_5_accuracy": 0.9971,
    "log_loss": 0.3394817970909236,
    "mcc": 0.8895050514144213,
    "cohens_kappa": 0.8891111111111112,
    "precision_macro": 0.9006755516896894,
    "precision_micro": 0.9002,
    "precision_weighted": 0.9006755516896894,
    "recall_macro": 0.9002000000000001,
    "recall_micro": 0.9002,
    "recall_weighted": 0.9002,
    "f1_macro": 0.8987486135594287,
    "f1_micro": 0.9002,
    "f1_weighted": 0.8987486135594287,
    "auroc_macro": 0.9926344055555555,
    "auroc_weighted": 0.9926344055555555,
    "auprc_macro": 0.9545257968670178
  },
  "per_class_metrics": {
    "0": {
      "precision": 0.848780487804878,
      "recall": 0.87,
      "f1": 0.8592592592592593,
      "specificity": 0.9827777777777778,
      "fpr": 0.017222222222222222,
      "fnr": 0.13,
      "auroc": 0.9878122777777777,
      "auprc": 0.9284539412114928,
      "support": 1000,
      "tp": 870,
      "tn": 8845,
      "fp": 155,
      "fn": 130
    },
    "1": {
      "precision": 0.9938650306748467,
      "recall": 0.972,
      "f1": 0.9828109201213348,
      "specificity": 0.9993333333333333,
      "fpr": 0.0006666666666666666,
      "fnr": 0.028,
      "auroc": 0.9995882222222222,
      "auprc": 0.9979941638285846,
      "support": 1000,
      "tp": 972,
      "tn": 8994,
      "fp": 6,
      "fn": 28
    },
    "2": {
      "precision": 0.8274209012464045,
      "recall": 0.863,
      "f1": 0.8448360254527654,
      "specificity": 0.98,
      "fpr": 0.02,
      "fnr": 0.137,
      "auroc": 0.9868296666666667,
      "auprc": 0.9284721431973195,
      "support": 1000,
      "tp": 863,
      "tn": 8820,
      "fp": 180,
      "fn": 137
    },
    "3": {
      "precision": 0.9,
      "recall": 0.882,
      "f1": 0.890909090909091,
      "specificity": 0.9891111111111112,
      "fpr": 0.010888888888888889,
      "fnr": 0.118,
      "auroc": 0.9943477777777778,
      "auprc": 0.9586652678071752,
      "support": 1000,
      "tp": 882,
      "tn": 8902,
      "fp": 98,
      "fn": 118
    },
    "4": {
      "precision": 0.7739430543572045,
      "recall": 0.897,
      "f1": 0.8309402501157944,
      "specificity": 0.9708888888888889,
      "fpr": 0.029111111111111112,
      "fnr": 0.103,
      "auroc": 0.9893753333333333,
      "auprc": 0.9196330834833478,
      "support": 1000,
      "tp": 897,
      "tn": 8738,
      "fp": 262,
      "fn": 103
    },
    "5": {
      "precision": 0.9878542510121457,
      "recall": 0.976,
      "f1": 0.9818913480885312,
      "specificity": 0.9986666666666667,
      "fpr": 0.0013333333333333333,
      "fnr": 0.024,
      "auroc": 0.9994572222222222,
      "auprc": 0.9966585961708311,
      "support": 1000,
      "tp": 976,
      "tn": 8988,
      "fp": 12,
      "fn": 24
    },
    "6": {
      "precision": 0.8095238095238095,
      "recall": 0.629,
      "f1": 0.7079347214406303,
      "specificity": 0.9835555555555555,
      "fpr": 0.016444444444444446,
      "fnr": 0.371,
      "auroc": 0.9720753333333334,
      "auprc": 0.8343933825505304,
      "support": 1000,
      "tp": 629,
      "tn": 8852,
      "fp": 148,
      "fn": 371
    },
    "7": {
      "precision": 0.9480392156862745,
      "recall": 0.967,
      "f1": 0.9574257425742574,
      "specificity": 0.9941111111111111,
      "fpr": 0.005888888888888889,
      "fnr": 0.033,
      "auroc": 0.9987248888888889,
      "auprc": 0.9921019112004842,
      "support": 1000,
      "tp": 967,
      "tn": 8947,
      "fp": 53,
      "fn": 33
    },
    "8": {
      "precision": 0.9552529182879378,
      "recall": 0.982,
      "f1": 0.9684418145956608,
      "specificity": 0.9948888888888889,
      "fpr": 0.005111111111111111,
      "fnr": 0.018,
      "auroc": 0.9992967777777777,
      "auprc": 0.9955716718234904,
      "support": 1000,
      "tp": 982,
      "tn": 8954,
      "fp": 46,
      "fn": 18
    },
    "9": {
      "precision": 0.9620758483033932,
      "recall": 0.964,
      "f1": 0.963036963036963,
      "specificity": 0.9957777777777778,
      "fpr": 0.004222222222222222,
      "fnr": 0.036,
      "auroc": 0.9988365555555556,
      "auprc": 0.9933138073969221,
      "support": 1000,
      "tp": 964,
      "tn": 8962,
      "fp": 38,
      "fn": 36
    }
  },
  "confusion_matrix": [
    [
      870,
      0,
      26,
      23,
      9,
      3,
      56,
      1,
      12,
      0
    ],
    [
      1,
      972,
      1,
      16,
      6,
      0,
      1,
      0,
      3,
      0
    ],
    [
      12,
      1,
      863,
      9,
      81,
      0,
      30,
      0,
      4,
      0
    ],
    [
      20,
      2,
      10,
      882,
      57,
      0,
      23,
      0,
      5,
      1
    ],
    [
      1,
      0,
      43,
      19,
      897,
      0,
      38,
      0,
      2,
      0
    ],
    [
      0,
      0,
      0,
      0,
      0,
      976,
      0,
      15,
      0,
      9
    ],
    [
      121,
      1,
      96,
      28,
      106,
      0,
      629,
      0,
      19,
      0
    ],
    [
      0,
      0,
      0,
      0,
      0,
      5,
      0,
      967,
      0,
      28
    ],
    [
      0,
      2,
      4,
      3,
      3,
      1,
      0,
      5,
      982,
      0
    ],
    [
      0,
      0,
      0,
      0,
      0,
      3,
      0,
      32,
      1,
      964
    ]
  ]
}