{
  "experiment": "exp2",
  "condition": {
    "noise_rate": 0.15,
    "noisy_pct": 5,
    "clean_samples": 30000,
    "noisy_samples": 3000,
    "num_corrupted": 419,
    "total_samples": 33000,
    "train_samples": 29700,
    "val_samples": 3300
  },
  "seed": 99719928,
  "timestamp": "2026-01-13T21:11:16.301313",
  "training_dynamics": {
    "epochs_trained": 17,
    "best_epoch": 7,
    "best_val_accuracy": 0.9084848484848485,
    "final_train_loss": 0.12686556415652395,
    "final_val_loss": 0.4025741298270948,
    "training_time_seconds": 23.35275650024414
  },
  "training_history": {
    "train_loss": [
      0.6239327646711821,
      0.43662029453503187,
      0.38576583445713086,
      0.3482210756950481,
      0.31878910039861996,
      0.2928240260129334,
      0.2663388565022458,
      0.2443574301057285,
      0.21996642814208103,
      0.201751356003105,
      0.18201833618704671,
      0.1605960299290957,
      0.14413632886704578,
      0.136301156690204,
      0.11991466595641066,
      0.10999362270037333,
      0.12686556415652395
    ],
    "val_loss": [
      0.3943279545234911,
      0.3992352703845862,
      0.3222900981614084,
      0.3402025041435704,
      0.3173704654158968,
      0.32071664058800897,
      0.3082267606980873,
      0.3154477458108555,
      0.3400527161179167,
      0.3592146204818379,
      0.37630004839463665,
      0.37077312310536703,
      0.356981476725954,
      0.40755836616862906,
      0.4149331616632866,
      0.4275717404394439,
      0.4025741298270948
    ],
    "val_accuracy": [
      0.8703030303030304,
      0.8654545454545455,
      0.8978787878787878,
      0.8945454545454545,
      0.9045454545454545,
      0.906969696969697,
      0.9084848484848485,
      0.9051515151515152,
      0.9078787878787878,
      0.9006060606060606,
      0.9030303030303031,
      0.9057575757575758,
      0.906060606060606,
      0.9,
      0.9021212121212121,
      0.9045454545454545,
      0.9036363636363637
    ]
  },
  "global_metrics": {
    "accuracy": 0.9133,
    "balanced_accuracy": 0.9133000000000001,
    "top_3_accuracy": 0.9925,
    "top_5_accuracy": 0.9989,
    "log_loss": 0.24820484341825144,
    "mcc": 0.9036783442744997,
    "cohens_kappa": 0.9036666666666666,
    "precision_macro": 0.9140237973798238,
    "precision_micro": 0.9133,
    "precision_weighted": 0.9140237973798238,
    "recall_macro": 0.9133000000000001,
    "recall_micro": 0.9133,
    "recall_weighted": 0.9133,
    "f1_macro": 0.913613042843418,
    "f1_micro": 0.9133,
    "f1_weighted": 0.913613042843418,
    "auroc_macro": 0.9939984666666668,
    "auroc_weighted": 0.9939984666666667,
    "auprc_macro": 0.9620022597319492
  },
  "per_class_metrics": {
    "0": {
      "precision": 0.8651911468812877,
      "recall": 0.86,
      "f1": 0.8625877632898695,
      "specificity": 0.9851111111111112,
      "fpr": 0.014888888888888889,
      "fnr": 0.14,
      "auroc": 0.9897475555555555,
      "auprc": 0.9407999777116784,
      "support": 1000,
      "tp": 860,
      "tn": 8866,
      "fp": 134,
      "fn": 140
    },
    "1": {
      "precision": 0.9959100204498977,
      "recall": 0.974,
      "f1": 0.9848331648129423,
      "specificity": 0.9995555555555555,
      "fpr": 0.00044444444444444447,
      "fnr": 0.026,
      "auroc": 0.9997308888888888,
      "auprc": 0.9983598635627438,
      "support": 1000,
      "tp": 974,
      "tn": 8996,
      "fp": 4,
      "fn": 26
    },
    "2": {
      "precision": 0.8666666666666667,
      "recall": 0.871,
      "f1": 0.8688279301745636,
      "specificity": 0.9851111111111112,
      "fpr": 0.014888888888888889,
      "fnr": 0.129,
      "auroc": 0.9895046666666666,
      "auprc": 0.938855046695486,
      "support": 1000,
      "tp": 871,
      "tn": 8866,
      "fp": 134,
      "fn": 129
    },
    "3": {
      "precision": 0.909,
      "recall": 0.909,
      "f1": 0.909,
      "specificity": 0.9898888888888889,
      "fpr": 0.01011111111111111,
      "fnr": 0.091,
      "auroc": 0.9947863333333333,
      "auprc": 0.9686458632413761,
      "support": 1000,
      "tp": 909,
      "tn": 8909,
      "fp": 91,
      "fn": 91
    },
    "4": {
      "precision": 0.8662613981762918,
      "recall": 0.855,
      "f1": 0.8605938600905889,
      "specificity": 0.9853333333333333,
      "fpr": 0.014666666666666666,
      "fnr": 0.145,
      "auroc": 0.9920417777777778,
      "auprc": 0.9353894337887287,
      "support": 1000,
      "tp": 855,
      "tn": 8868,
      "fp": 132,
      "fn": 145
    },
    "5": {
      "precision": 0.9848942598187311,
      "recall": 0.978,
      "f1": 0.9814350225790266,
      "specificity": 0.9983333333333333,
      "fpr": 0.0016666666666666668,
      "fnr": 0.022,
      "auroc": 0.9997158888888888,
      "auprc": 0.9977889527706872,
      "support": 1000,
      "tp": 978,
      "tn": 8985,
      "fp": 15,
      "fn": 22
    },
    "6": {
      "precision": 0.7439613526570048,
      "recall": 0.77,
      "f1": 0.7567567567567567,
      "specificity": 0.9705555555555555,
      "fpr": 0.029444444444444443,
      "fnr": 0.23,
      "auroc": 0.9764063333333334,
      "auprc": 0.8558410170467962,
      "support": 1000,
      "tp": 770,
      "tn": 8735,
      "fp": 265,
      "fn": 230
    },
    "7": {
      "precision": 0.9626639757820383,
      "recall": 0.954,
      "f1": 0.958312405826218,
      "specificity": 0.9958888888888889,
      "fpr": 0.004111111111111111,
      "fnr": 0.046,
      "auroc": 0.9989668888888888,
      "auprc": 0.9919918811353078,
      "support": 1000,
      "tp": 954,
      "tn": 8963,
      "fp": 37,
      "fn": 46
    },
    "8": {
      "precision": 0.988011988011988,
      "recall": 0.989,
      "f1": 0.9885057471264368,
      "specificity": 0.9986666666666667,
      "fpr": 0.0013333333333333333,
      "fnr": 0.011,
      "auroc": 0.9997942222222223,
      "auprc": 0.9984244885215303,
      "support": 1000,
      "tp": 989,
      "tn": 8988,
      "fp": 12,
      "fn": 11
    },
    "9": {
      "precision": 0.9576771653543307,
      "recall": 0.973,
      "f1": 0.9652777777777778,
      "specificity": 0.9952222222222222,
      "fpr": 0.0047777777777777775,
      "fnr": 0.027,
      "auroc": 0.9992901111111111,
      "auprc": 0.9939260728451569,
      "support": 1000,
      "tp": 973,
      "tn": 8957,
      "fp": 43,
      "fn": 27
    }
  },
  "confusion_matrix": [
    [
      860,
      0,
      15,
      7,
      2,
      0,
      111,
      0,
      5,
      0
    ],
    [
      5,
      974,
      1,
      14,
      2,
      0,
      3,
      0,
      1,
      0
    ],
    [
      7,
      1,
      871,
      8,
      46,
      0,
      67,
      0,
      0,
      0
    ],
    [
      25,
      2,
      10,
      909,
      22,
      0,
      32,
      0,
      0,
      0
    ],
    [
      1,
      0,
      59,
      33,
      855,
      0,
      51,
      0,
      1,
      0
    ],
    [
      0,
      0,
      0,
      0,
      0,
      978,
      0,
      13,
      0,
      9
    ],
    [
      94,
      0,
      48,
      24,
      60,
      0,
      770,
      0,
      4,
      0
    ],
    [
      0,
      0,
      0,
      0,
      0,
      12,
      0,
      954,
      0,
      34
    ],
    [
      2,
      1,
      1,
      5,
      0,
      1,
      1,
      0,
      989,
      0
    ],
    [
      0,
      0,
      0,
      0,
      0,
      2,
      0,
      24,
      1,
      973
    ]
  ]
}