{
  "experiment": "exp2",
  "condition": {
    "noise_rate": 0.15,
    "noisy_pct": 20,
    "clean_samples": 30000,
    "noisy_samples": 12000,
    "num_corrupted": 1769,
    "total_samples": 42000,
    "train_samples": 37800,
    "val_samples": 4200
  },
  "seed": 99719928,
  "timestamp": "2026-01-13T21:12:32.998316",
  "training_dynamics": {
    "epochs_trained": 14,
    "best_epoch": 4,
    "best_val_accuracy": 0.8761904761904762,
    "final_train_loss": 0.2569462140287744,
    "final_val_loss": 0.620645911693573,
    "training_time_seconds": 24.896695613861084
  },
  "training_history": {
    "train_loss": [
      0.7476912674363293,
      0.592686583825376,
      0.5477967793011626,
      0.5153612909230282,
      0.48642636979291887,
      0.4588073896474241,
      0.4306477681180547,
      0.4085325346329894,
      0.3801294320251938,
      0.3574690925313535,
      0.33085612028005157,
      0.3076906707106306,
      0.2803711113338745,
      0.2569462140287744
    ],
    "val_loss": [
      0.6077861873308817,
      0.5583457682246253,
      0.5373053863502684,
      0.5133048485006605,
      0.5312589467139471,
      0.5213725247269585,
      0.5154280563763209,
      0.523169454790297,
      0.5457181479817345,
      0.5514861184074765,
      0.574583887372698,
      0.5825671345846993,
      0.6146563103653135,
      0.620645911693573
    ],
    "val_accuracy": [
      0.8338095238095238,
      0.8564285714285714,
      0.8678571428571429,
      0.8704761904761905,
      0.8692857142857143,
      0.8711904761904762,
      0.8714285714285714,
      0.8761904761904762,
      0.8745238095238095,
      0.8714285714285714,
      0.8680952380952381,
      0.8709523809523809,
      0.8690476190476191,
      0.865
    ]
  },
  "global_metrics": {
    "accuracy": 0.9037,
    "balanced_accuracy": 0.9037,
    "top_3_accuracy": 0.9918,
    "top_5_accuracy": 0.9979,
    "log_loss": 0.28416684122435587,
    "mcc": 0.8931244109719804,
    "cohens_kappa": 0.893,
    "precision_macro": 0.9039225828297337,
    "precision_micro": 0.9037,
    "precision_weighted": 0.9039225828297338,
    "recall_macro": 0.9037,
    "recall_micro": 0.9037,
    "recall_weighted": 0.9037,
    "f1_macro": 0.9032708224974588,
    "f1_micro": 0.9037,
    "f1_weighted": 0.9032708224974587,
    "auroc_macro": 0.9935591333333333,
    "auroc_weighted": 0.9935591333333333,
    "auprc_macro": 0.9579939238563057
  },
  "per_class_metrics": {
    "0": {
      "precision": 0.8225806451612904,
      "recall": 0.867,
      "f1": 0.8442064264849074,
      "specificity": 0.9792222222222222,
      "fpr": 0.020777777777777777,
      "fnr": 0.133,
      "auroc": 0.9897383333333334,
      "auprc": 0.9337847213628956,
      "support": 1000,
      "tp": 867,
      "tn": 8813,
      "fp": 187,
      "fn": 133
    },
    "1": {
      "precision": 0.98989898989899,
      "recall": 0.98,
      "f1": 0.9849246231155778,
      "specificity": 0.9988888888888889,
      "fpr": 0.0011111111111111111,
      "fnr": 0.02,
      "auroc": 0.9997225555555556,
      "auprc": 0.9979763438485741,
      "support": 1000,
      "tp": 980,
      "tn": 8990,
      "fp": 10,
      "fn": 20
    },
    "2": {
      "precision": 0.8430622009569378,
      "recall": 0.881,
      "f1": 0.8616136919315405,
      "specificity": 0.9817777777777777,
      "fpr": 0.018222222222222223,
      "fnr": 0.119,
      "auroc": 0.9896882222222222,
      "auprc": 0.9362104626167811,
      "support": 1000,
      "tp": 881,
      "tn": 8836,
      "fp": 164,
      "fn": 119
    },
    "3": {
      "precision": 0.9247083775185578,
      "recall": 0.872,
      "f1": 0.8975810602161606,
      "specificity": 0.9921111111111112,
      "fpr": 0.00788888888888889,
      "fnr": 0.128,
      "auroc": 0.9951981111111111,
      "auprc": 0.9659975557568226,
      "support": 1000,
      "tp": 872,
      "tn": 8929,
      "fp": 71,
      "fn": 128
    },
    "4": {
      "precision": 0.8323699421965318,
      "recall": 0.864,
      "f1": 0.8478900883218843,
      "specificity": 0.9806666666666667,
      "fpr": 0.019333333333333334,
      "fnr": 0.136,
      "auroc": 0.9910063333333333,
      "auprc": 0.929465501964881,
      "support": 1000,
      "tp": 864,
      "tn": 8826,
      "fp": 174,
      "fn": 136
    },
    "5": {
      "precision": 0.9878296146044625,
      "recall": 0.974,
      "f1": 0.9808660624370593,
      "specificity": 0.9986666666666667,
      "fpr": 0.0013333333333333333,
      "fnr": 0.026,
      "auroc": 0.9995498888888888,
      "auprc": 0.9974310552937002,
      "support": 1000,
      "tp": 974,
      "tn": 8988,
      "fp": 12,
      "fn": 26
    },
    "6": {
      "precision": 0.7618002195389681,
      "recall": 0.694,
      "f1": 0.7263212977498692,
      "specificity": 0.9758888888888889,
      "fpr": 0.02411111111111111,
      "fnr": 0.306,
      "auroc": 0.9728049999999999,
      "auprc": 0.8356352819218724,
      "support": 1000,
      "tp": 694,
      "tn": 8783,
      "fp": 217,
      "fn": 306
    },
    "7": {
      "precision": 0.9213483146067416,
      "recall": 0.984,
      "f1": 0.9516441005802707,
      "specificity": 0.9906666666666667,
      "fpr": 0.009333333333333334,
      "fnr": 0.016,
      "auroc": 0.999006111111111,
      "auprc": 0.9923798121108806,
      "support": 1000,
      "tp": 984,
      "tn": 8916,
      "fp": 84,
      "fn": 16
    },
    "8": {
      "precision": 0.9714003944773175,
      "recall": 0.985,
      "f1": 0.9781529294935453,
      "specificity": 0.9967777777777778,
      "fpr": 0.0032222222222222222,
      "fnr": 0.015,
      "auroc": 0.9995805555555556,
      "auprc": 0.9971912583204363,
      "support": 1000,
      "tp": 985,
      "tn": 8971,
      "fp": 29,
      "fn": 15
    },
    "9": {
      "precision": 0.9842271293375394,
      "recall": 0.936,
      "f1": 0.9595079446437725,
      "specificity": 0.9983333333333333,
      "fpr": 0.0016666666666666668,
      "fnr": 0.064,
      "auroc": 0.9992962222222223,
      "auprc": 0.9938672453662134,
      "support": 1000,
      "tp": 936,
      "tn": 8985,
      "fp": 15,
      "fn": 64
    }
  },
  "confusion_matrix": [
    [
      867,
      1,
      17,
      13,
      5,
      1,
      87,
      0,
      9,
      0
    ],
    [
      2,
      980,
      0,
      9,
      5,
      0,
      2,
      0,
      2,
      0
    ],
    [
      12,
      1,
      881,
      10,
      42,
      0,
      51,
      0,
      3,
      0
    ],
    [
      39,
      5,
      12,
      872,
      42,
      0,
      29,
      0,
      1,
      0
    ],
    [
      1,
      1,
      68,
      19,
      864,
      0,
      47,
      0,
      0,
      0
    ],
    [
      0,
      0,
      0,
      0,
      0,
      974,
      0,
      21,
      0,
      5
    ],
    [
      130,
      1,
      65,
      19,
      78,
      0,
      694,
      0,
      13,
      0
    ],
    [
      0,
      0,
      0,
      0,
      0,
      7,
      0,
      984,
      0,
      9
    ],
    [
      3,
      1,
      2,
      1,
      2,
      0,
      1,
      4,
      985,
      1
    ],
    [
      0,
      0,
      0,
      0,
      0,
      4,
      0,
      59,
      1,
      936
    ]
  ]
}