{
  "experiment": "exp2",
  "condition": {
    "noise_rate": 0.1,
    "noisy_pct": 25,
    "clean_samples": 30000,
    "noisy_samples": 15000,
    "num_corrupted": 1438,
    "total_samples": 45000,
    "train_samples": 40500,
    "val_samples": 4500
  },
  "seed": 99719928,
  "timestamp": "2026-01-13T21:07:29.843446",
  "training_dynamics": {
    "epochs_trained": 15,
    "best_epoch": 5,
    "best_val_accuracy": 0.8913333333333333,
    "final_train_loss": 0.1995008090778738,
    "final_val_loss": 0.5815129031075371,
    "training_time_seconds": 26.956942081451416
  },
  "training_history": {
    "train_loss": [
      0.6953698510618949,
      0.5336987055120122,
      0.4885396164552107,
      0.4559075206424011,
      0.42634189007641954,
      0.40629485124754494,
      0.3830077729966215,
      0.35639430365950386,
      0.3335710963201937,
      0.3086595662514934,
      0.2842848575122266,
      0.26534071411660876,
      0.2418245231971074,
      0.22440285869178142,
      0.1995008090778738
    ],
    "val_loss": [
      0.5375555709203085,
      0.46806829934649996,
      0.469257585340076,
      0.45923942947387697,
      0.44311300240622625,
      0.4753046899371677,
      0.46273921102947657,
      0.47675442841317917,
      0.45512725374433727,
      0.4825596202214559,
      0.4953663821750217,
      0.551743781513638,
      0.4996432777510749,
      0.5694231810039944,
      0.5815129031075371
    ],
    "val_accuracy": [
      0.8568888888888889,
      0.8775555555555555,
      0.8757777777777778,
      0.8793333333333333,
      0.8902222222222222,
      0.8766666666666667,
      0.8913333333333333,
      0.8817777777777778,
      0.8904444444444445,
      0.8835555555555555,
      0.886,
      0.8844444444444445,
      0.8855555555555555,
      0.8868888888888888,
      0.882
    ]
  },
  "global_metrics": {
    "accuracy": 0.9067,
    "balanced_accuracy": 0.9066999999999998,
    "top_3_accuracy": 0.9919,
    "top_5_accuracy": 0.9982,
    "log_loss": 0.27691861985942323,
    "mcc": 0.8965177062162096,
    "cohens_kappa": 0.8963333333333334,
    "precision_macro": 0.9070951196289258,
    "precision_micro": 0.9067,
    "precision_weighted": 0.9070951196289258,
    "recall_macro": 0.9066999999999998,
    "recall_micro": 0.9067,
    "recall_weighted": 0.9067,
    "f1_macro": 0.9061008905123206,
    "f1_micro": 0.9067,
    "f1_weighted": 0.9061008905123205,
    "auroc_macro": 0.9935691333333333,
    "auroc_weighted": 0.9935691333333334,
    "auprc_macro": 0.9589892056216461
  },
  "per_class_metrics": {
    "0": {
      "precision": 0.834870848708487,
      "recall": 0.905,
      "f1": 0.8685220729366603,
      "specificity": 0.9801111111111112,
      "fpr": 0.01988888888888889,
      "fnr": 0.095,
      "auroc": 0.9912515555555554,
      "auprc": 0.9426143760793084,
      "support": 1000,
      "tp": 905,
      "tn": 8821,
      "fp": 179,
      "fn": 95
    },
    "1": {
      "precision": 0.9928789420142421,
      "recall": 0.976,
      "f1": 0.9843671205244579,
      "specificity": 0.9992222222222222,
      "fpr": 0.0007777777777777777,
      "fnr": 0.024,
      "auroc": 0.9994738888888889,
      "auprc": 0.9980236048705318,
      "support": 1000,
      "tp": 976,
      "tn": 8993,
      "fp": 7,
      "fn": 24
    },
    "2": {
      "precision": 0.8467507274490785,
      "recall": 0.873,
      "f1": 0.8596750369276218,
      "specificity": 0.9824444444444445,
      "fpr": 0.017555555555555557,
      "fnr": 0.127,
      "auroc": 0.9893954444444445,
      "auprc": 0.9388259108037037,
      "support": 1000,
      "tp": 873,
      "tn": 8842,
      "fp": 158,
      "fn": 127
    },
    "3": {
      "precision": 0.8973607038123167,
      "recall": 0.918,
      "f1": 0.907563025210084,
      "specificity": 0.9883333333333333,
      "fpr": 0.011666666666666667,
      "fnr": 0.082,
      "auroc": 0.995658,
      "auprc": 0.9664084383209379,
      "support": 1000,
      "tp": 918,
      "tn": 8895,
      "fp": 105,
      "fn": 82
    },
    "4": {
      "precision": 0.8499005964214712,
      "recall": 0.855,
      "f1": 0.8524426719840479,
      "specificity": 0.9832222222222222,
      "fpr": 0.016777777777777777,
      "fnr": 0.145,
      "auroc": 0.9909702222222222,
      "auprc": 0.928990947580403,
      "support": 1000,
      "tp": 855,
      "tn": 8849,
      "fp": 151,
      "fn": 145
    },
    "5": {
      "precision": 0.9925611052072264,
      "recall": 0.934,
      "f1": 0.9623905203503349,
      "specificity": 0.9992222222222222,
      "fpr": 0.0007777777777777777,
      "fnr": 0.066,
      "auroc": 0.9983263333333333,
      "auprc": 0.995267825109362,
      "support": 1000,
      "tp": 934,
      "tn": 8993,
      "fp": 7,
      "fn": 66
    },
    "6": {
      "precision": 0.790193842645382,
      "recall": 0.693,
      "f1": 0.7384123601491741,
      "specificity": 0.9795555555555555,
      "fpr": 0.020444444444444446,
      "fnr": 0.307,
      "auroc": 0.9735488888888888,
      "auprc": 0.8402554611756174,
      "support": 1000,
      "tp": 693,
      "tn": 8816,
      "fp": 184,
      "fn": 307
    },
    "7": {
      "precision": 0.9011893870082343,
      "recall": 0.985,
      "f1": 0.9412326803631151,
      "specificity": 0.988,
      "fpr": 0.012,
      "fnr": 0.015,
      "auroc": 0.9985857777777777,
      "auprc": 0.9899903877243417,
      "support": 1000,
      "tp": 985,
      "tn": 8892,
      "fp": 108,
      "fn": 15
    },
    "8": {
      "precision": 0.9878787878787879,
      "recall": 0.978,
      "f1": 0.9829145728643215,
      "specificity": 0.9986666666666667,
      "fpr": 0.0013333333333333333,
      "fnr": 0.022,
      "auroc": 0.9994666666666666,
      "auprc": 0.9976157021390453,
      "support": 1000,
      "tp": 978,
      "tn": 8988,
      "fp": 12,
      "fn": 22
    },
    "9": {
      "precision": 0.977366255144033,
      "recall": 0.95,
      "f1": 0.9634888438133874,
      "specificity": 0.9975555555555555,
      "fpr": 0.0024444444444444444,
      "fnr": 0.05,
      "auroc": 0.9990145555555556,
      "auprc": 0.9918994024132111,
      "support": 1000,
      "tp": 950,
      "tn": 8978,
      "fp": 22,
      "fn": 50
    }
  },
  "confusion_matrix": [
    [
      905,
      0,
      10,
      20,
      4,
      1,
      56,
      0,
      4,
      0
    ],
    [
      1,
      976,
      1,
      14,
      5,
      0,
      1,
      0,
      2,
      0
    ],
    [
      19,
      1,
      873,
      7,
      45,
      0,
      55,
      0,
      0,
      0
    ],
    [
      22,
      2,
      12,
      918,
      20,
      0,
      26,
      0,
      0,
      0
    ],
    [
      1,
      1,
      65,
      34,
      855,
      0,
      44,
      0,
      0,
      0
    ],
    [
      0,
      0,
      0,
      0,
      0,
      934,
      0,
      58,
      0,
      8
    ],
    [
      133,
      3,
      68,
      24,
      73,
      0,
      693,
      0,
      6,
      0
    ],
    [
      0,
      0,
      0,
      0,
      0,
      1,
      0,
      985,
      0,
      14
    ],
    [
      3,
      0,
      1,
      6,
      4,
      1,
      2,
      5,
      978,
      0
    ],
    [
      0,
      0,
      1,
      0,
      0,
      4,
      0,
      45,
      0,
      950
    ]
  ]
}