{
  "experiment": "exp2",
  "condition": {
    "noise_rate": 0.15,
    "noisy_pct": 45,
    "clean_samples": 30000,
    "noisy_samples": 27000,
    "num_corrupted": 4000,
    "total_samples": 57000,
    "train_samples": 51300,
    "val_samples": 5700
  },
  "seed": 99719928,
  "timestamp": "2026-01-13T21:15:22.418107",
  "training_dynamics": {
    "epochs_trained": 15,
    "best_epoch": 5,
    "best_val_accuracy": 0.8524561403508772,
    "final_train_loss": 0.3834493637242891,
    "final_val_loss": 0.7943135903697265,
    "training_time_seconds": 35.13138437271118
  },
  "training_history": {
    "train_loss": [
      0.8485252356291412,
      0.7187498915671113,
      0.6751655996626155,
      0.6495236896740231,
      0.6259937055613335,
      0.6001151635165226,
      0.5769875754144721,
      0.5592816448271126,
      0.5316662521582292,
      0.5085427154626633,
      0.4827358116049719,
      0.45591642898960305,
      0.4312036739211725,
      0.40393462118476703,
      0.3834493637242891
    ],
    "val_loss": [
      0.7122644879472884,
      0.6749535353037349,
      0.6646628283617789,
      0.6588129271331586,
      0.6483942251351842,
      0.6587172226111094,
      0.6622598991791407,
      0.6540591918167316,
      0.6525821175073323,
      0.7089528112662465,
      0.7039304036006593,
      0.7204579018762237,
      0.7496788911861286,
      0.799194739679234,
      0.7943135903697265
    ],
    "val_accuracy": [
      0.8175438596491228,
      0.8354385964912281,
      0.8375438596491228,
      0.84,
      0.8452631578947368,
      0.846140350877193,
      0.8519298245614035,
      0.8515789473684211,
      0.8524561403508772,
      0.8452631578947368,
      0.8485964912280701,
      0.8464912280701754,
      0.8475438596491228,
      0.8435087719298245,
      0.8473684210526315
    ]
  },
  "global_metrics": {
    "accuracy": 0.9086,
    "balanced_accuracy": 0.9086000000000001,
    "top_3_accuracy": 0.991,
    "top_5_accuracy": 0.9969,
    "log_loss": 0.33936679407981085,
    "mcc": 0.8987910851320862,
    "cohens_kappa": 0.8984444444444444,
    "precision_macro": 0.9084297930776174,
    "precision_micro": 0.9086,
    "precision_weighted": 0.9084297930776174,
    "recall_macro": 0.9086000000000001,
    "recall_micro": 0.9086,
    "recall_weighted": 0.9086,
    "f1_macro": 0.9070445062726638,
    "f1_micro": 0.9086,
    "f1_weighted": 0.9070445062726638,
    "auroc_macro": 0.9931544777777777,
    "auroc_weighted": 0.9931544777777779,
    "auprc_macro": 0.9577483335026976
  },
  "per_class_metrics": {
    "0": {
      "precision": 0.8155774395702775,
      "recall": 0.911,
      "f1": 0.860651865847898,
      "specificity": 0.9771111111111112,
      "fpr": 0.02288888888888889,
      "fnr": 0.089,
      "auroc": 0.9886084444444446,
      "auprc": 0.9328160158446228,
      "support": 1000,
      "tp": 911,
      "tn": 8794,
      "fp": 206,
      "fn": 89
    },
    "1": {
      "precision": 0.9948927477017364,
      "recall": 0.974,
      "f1": 0.9843355229914098,
      "specificity": 0.9994444444444445,
      "fpr": 0.0005555555555555556,
      "fnr": 0.026,
      "auroc": 0.999075111111111,
      "auprc": 0.9971525591482076,
      "support": 1000,
      "tp": 974,
      "tn": 8995,
      "fp": 5,
      "fn": 26
    },
    "2": {
      "precision": 0.8752535496957403,
      "recall": 0.863,
      "f1": 0.8690835850956696,
      "specificity": 0.9863333333333333,
      "fpr": 0.013666666666666667,
      "fnr": 0.137,
      "auroc": 0.9891834444444444,
      "auprc": 0.9349316423079359,
      "support": 1000,
      "tp": 863,
      "tn": 8877,
      "fp": 123,
      "fn": 137
    },
    "3": {
      "precision": 0.9068384539147671,
      "recall": 0.915,
      "f1": 0.9109009457441514,
      "specificity": 0.9895555555555555,
      "fpr": 0.010444444444444444,
      "fnr": 0.085,
      "auroc": 0.9946203333333333,
      "auprc": 0.9617496266683504,
      "support": 1000,
      "tp": 915,
      "tn": 8906,
      "fp": 94,
      "fn": 85
    },
    "4": {
      "precision": 0.8185920577617328,
      "recall": 0.907,
      "f1": 0.8605313092979127,
      "specificity": 0.9776666666666667,
      "fpr": 0.022333333333333334,
      "fnr": 0.093,
      "auroc": 0.9916913333333334,
      "auprc": 0.938922854828426,
      "support": 1000,
      "tp": 907,
      "tn": 8799,
      "fp": 201,
      "fn": 93
    },
    "5": {
      "precision": 0.9668615984405458,
      "recall": 0.992,
      "f1": 0.979269496544916,
      "specificity": 0.9962222222222222,
      "fpr": 0.003777777777777778,
      "fnr": 0.008,
      "auroc": 0.9998621111111111,
      "auprc": 0.9988192948063588,
      "support": 1000,
      "tp": 992,
      "tn": 8966,
      "fp": 34,
      "fn": 8
    },
    "6": {
      "precision": 0.7959697732997482,
      "recall": 0.632,
      "f1": 0.7045707915273133,
      "specificity": 0.982,
      "fpr": 0.018,
      "fnr": 0.368,
      "auroc": 0.9715675555555555,
      "auprc": 0.8326912218127301,
      "support": 1000,
      "tp": 632,
      "tn": 8838,
      "fp": 162,
      "fn": 368
    },
    "7": {
      "precision": 0.9606060606060606,
      "recall": 0.951,
      "f1": 0.9557788944723618,
      "specificity": 0.9956666666666667,
      "fpr": 0.004333333333333333,
      "fnr": 0.049,
      "auroc": 0.9984794444444445,
      "auprc": 0.9927792524830669,
      "support": 1000,
      "tp": 951,
      "tn": 8961,
      "fp": 39,
      "fn": 49
    },
    "8": {
      "precision": 0.9800399201596807,
      "recall": 0.982,
      "f1": 0.9810189810189809,
      "specificity": 0.9977777777777778,
      "fpr": 0.0022222222222222222,
      "fnr": 0.018,
      "auroc": 0.9991583333333334,
      "auprc": 0.9949951933583862,
      "support": 1000,
      "tp": 982,
      "tn": 8980,
      "fp": 20,
      "fn": 18
    },
    "9": {
      "precision": 0.9696663296258847,
      "recall": 0.959,
      "f1": 0.9643036701860231,
      "specificity": 0.9966666666666667,
      "fpr": 0.0033333333333333335,
      "fnr": 0.041,
      "auroc": 0.9992986666666667,
      "auprc": 0.9926256737688919,
      "support": 1000,
      "tp": 959,
      "tn": 8970,
      "fp": 30,
      "fn": 41
    }
  },
  "confusion_matrix": [
    [
      911,
      0,
      10,
      15,
      6,
      2,
      49,
      0,
      7,
      0
    ],
    [
      1,
      974,
      0,
      18,
      3,
      0,
      2,
      0,
      2,
      0
    ],
    [
      19,
      1,
      863,
      8,
      58,
      0,
      50,
      0,
      1,
      0
    ],
    [
      19,
      1,
      11,
      915,
      25,
      0,
      28,
      0,
      1,
      0
    ],
    [
      0,
      0,
      36,
      25,
      907,
      0,
      32,
      0,
      0,
      0
    ],
    [
      0,
      0,
      0,
      0,
      0,
      992,
      0,
      7,
      0,
      1
    ],
    [
      166,
      2,
      63,
      26,
      103,
      0,
      632,
      0,
      8,
      0
    ],
    [
      0,
      0,
      0,
      0,
      0,
      20,
      0,
      951,
      0,
      29
    ],
    [
      1,
      1,
      3,
      2,
      6,
      1,
      1,
      3,
      982,
      0
    ],
    [
      0,
      0,
      0,
      0,
      0,
      11,
      0,
      29,
      1,
      959
    ]
  ]
}