{
  "experiment": "exp2",
  "condition": {
    "noise_rate": 0.1,
    "noisy_pct": 10,
    "clean_samples": 30000,
    "noisy_samples": 6000,
    "num_corrupted": 591,
    "total_samples": 36000,
    "train_samples": 32400,
    "val_samples": 3600
  },
  "seed": 99719928,
  "timestamp": "2026-01-13T21:06:08.036326",
  "training_dynamics": {
    "epochs_trained": 16,
    "best_epoch": 6,
    "best_val_accuracy": 0.9044444444444445,
    "final_train_loss": 0.12275401366547603,
    "final_val_loss": 0.4695876723527908,
    "training_time_seconds": 23.92122530937195
  },
  "training_history": {
    "train_loss": [
      0.6256329017513133,
      0.459934349537366,
      0.40312806143621954,
      0.36758108835307335,
      0.3437293638903244,
      0.31374552903267056,
      0.2917570358902745,
      0.26399041599129314,
      0.24452312169431228,
      0.22140919349176527,
      0.19819634451110218,
      0.18470828555509652,
      0.16110784954279367,
      0.14702543651931266,
      0.13239912927900194,
      0.12275401366547603
    ],
    "val_loss": [
      0.45601056575775145,
      0.39275771896044415,
      0.3725475991765658,
      0.3690984560714828,
      0.3783531822098626,
      0.3658094360431035,
      0.3991003970636262,
      0.37496001382668814,
      0.40453834848271475,
      0.39446568930314646,
      0.40755080024401347,
      0.40395513309372794,
      0.4105957830614514,
      0.45373697163330184,
      0.5015842269526588,
      0.4695876723527908
    ],
    "val_accuracy": [
      0.8602777777777778,
      0.8830555555555556,
      0.8938888888888888,
      0.8883333333333333,
      0.8875,
      0.9,
      0.8952777777777777,
      0.9044444444444445,
      0.8894444444444445,
      0.8983333333333333,
      0.8958333333333334,
      0.8980555555555556,
      0.8958333333333334,
      0.8991666666666667,
      0.8911111111111111,
      0.8961111111111111
    ]
  },
  "global_metrics": {
    "accuracy": 0.9044,
    "balanced_accuracy": 0.9044000000000001,
    "top_3_accuracy": 0.9912,
    "top_5_accuracy": 0.9985,
    "log_loss": 0.26624852933893656,
    "mcc": 0.8940613395299797,
    "cohens_kappa": 0.8937777777777778,
    "precision_macro": 0.9048718515053779,
    "precision_micro": 0.9044,
    "precision_weighted": 0.9048718515053779,
    "recall_macro": 0.9044000000000001,
    "recall_micro": 0.9044,
    "recall_weighted": 0.9044,
    "f1_macro": 0.9034676472932492,
    "f1_micro": 0.9044,
    "f1_weighted": 0.9034676472932491,
    "auroc_macro": 0.9937057555555555,
    "auroc_weighted": 0.9937057555555555,
    "auprc_macro": 0.9586530608505107
  },
  "per_class_metrics": {
    "0": {
      "precision": 0.8234200743494424,
      "recall": 0.886,
      "f1": 0.8535645472061658,
      "specificity": 0.9788888888888889,
      "fpr": 0.021111111111111112,
      "fnr": 0.114,
      "auroc": 0.990342,
      "auprc": 0.9361906738778357,
      "support": 1000,
      "tp": 886,
      "tn": 8810,
      "fp": 190,
      "fn": 114
    },
    "1": {
      "precision": 0.9989637305699481,
      "recall": 0.964,
      "f1": 0.9811704834605598,
      "specificity": 0.9998888888888889,
      "fpr": 0.00011111111111111112,
      "fnr": 0.036,
      "auroc": 0.9996737777777778,
      "auprc": 0.998061255826211,
      "support": 1000,
      "tp": 964,
      "tn": 8999,
      "fp": 1,
      "fn": 36
    },
    "2": {
      "precision": 0.7998251748251748,
      "recall": 0.915,
      "f1": 0.8535447761194029,
      "specificity": 0.9745555555555555,
      "fpr": 0.025444444444444443,
      "fnr": 0.085,
      "auroc": 0.9906575555555557,
      "auprc": 0.9410196272588286,
      "support": 1000,
      "tp": 915,
      "tn": 8771,
      "fp": 229,
      "fn": 85
    },
    "3": {
      "precision": 0.8895405669599218,
      "recall": 0.91,
      "f1": 0.8996539792387542,
      "specificity": 0.9874444444444445,
      "fpr": 0.012555555555555556,
      "fnr": 0.09,
      "auroc": 0.9942733333333333,
      "auprc": 0.9593140515369938,
      "support": 1000,
      "tp": 910,
      "tn": 8887,
      "fp": 113,
      "fn": 90
    },
    "4": {
      "precision": 0.8729817007534983,
      "recall": 0.811,
      "f1": 0.8408501814411611,
      "specificity": 0.9868888888888889,
      "fpr": 0.013111111111111112,
      "fnr": 0.189,
      "auroc": 0.9918657777777777,
      "auprc": 0.9326369344470594,
      "support": 1000,
      "tp": 811,
      "tn": 8882,
      "fp": 118,
      "fn": 189
    },
    "5": {
      "precision": 0.9762376237623762,
      "recall": 0.986,
      "f1": 0.9810945273631841,
      "specificity": 0.9973333333333333,
      "fpr": 0.0026666666666666666,
      "fnr": 0.014,
      "auroc": 0.99951,
      "auprc": 0.9965807844801101,
      "support": 1000,
      "tp": 986,
      "tn": 8976,
      "fp": 24,
      "fn": 14
    },
    "6": {
      "precision": 0.7891637220259128,
      "recall": 0.67,
      "f1": 0.7247160627366144,
      "specificity": 0.9801111111111112,
      "fpr": 0.01988888888888889,
      "fnr": 0.33,
      "auroc": 0.9732818888888888,
      "auprc": 0.839332522577824,
      "support": 1000,
      "tp": 670,
      "tn": 8821,
      "fp": 179,
      "fn": 330
    },
    "7": {
      "precision": 0.9489194499017681,
      "recall": 0.966,
      "f1": 0.9573835480673935,
      "specificity": 0.9942222222222222,
      "fpr": 0.0057777777777777775,
      "fnr": 0.034,
      "auroc": 0.9989744444444445,
      "auprc": 0.992241603243307,
      "support": 1000,
      "tp": 966,
      "tn": 8948,
      "fp": 52,
      "fn": 34
    },
    "8": {
      "precision": 0.9742063492063492,
      "recall": 0.982,
      "f1": 0.9780876494023905,
      "specificity": 0.9971111111111111,
      "fpr": 0.0028888888888888888,
      "fnr": 0.018,
      "auroc": 0.9997186666666666,
      "auprc": 0.9977543534025177,
      "support": 1000,
      "tp": 982,
      "tn": 8974,
      "fp": 26,
      "fn": 18
    },
    "9": {
      "precision": 0.9754601226993865,
      "recall": 0.954,
      "f1": 0.9646107178968656,
      "specificity": 0.9973333333333333,
      "fpr": 0.0026666666666666666,
      "fnr": 0.046,
      "auroc": 0.9987601111111112,
      "auprc": 0.9933988018544189,
      "support": 1000,
      "tp": 954,
      "tn": 8976,
      "fp": 24,
      "fn": 46
    }
  },
  "confusion_matrix": [
    [
      886,
      0,
      28,
      9,
      4,
      2,
      64,
      0,
      7,
      0
    ],
    [
      1,
      964,
      1,
      26,
      3,
      0,
      2,
      0,
      3,
      0
    ],
    [
      14,
      1,
      915,
      7,
      28,
      0,
      34,
      0,
      1,
      0
    ],
    [
      30,
      0,
      21,
      910,
      13,
      0,
      24,
      0,
      2,
      0
    ],
    [
      0,
      0,
      91,
      43,
      811,
      1,
      52,
      0,
      2,
      0
    ],
    [
      0,
      0,
      0,
      0,
      0,
      986,
      0,
      12,
      0,
      2
    ],
    [
      144,
      0,
      83,
      23,
      69,
      0,
      670,
      0,
      11,
      0
    ],
    [
      0,
      0,
      0,
      0,
      0,
      12,
      0,
      966,
      0,
      22
    ],
    [
      1,
      0,
      5,
      5,
      1,
      1,
      2,
      3,
      982,
      0
    ],
    [
      0,
      0,
      0,
      0,
      0,
      8,
      1,
      37,
      0,
      954
    ]
  ]
}