{
  "experiment": "exp2",
  "condition": {
    "noise_rate": 0.05,
    "noisy_pct": 25,
    "clean_samples": 30000,
    "noisy_samples": 15000,
    "num_corrupted": 721,
    "total_samples": 45000,
    "train_samples": 40500,
    "val_samples": 4500
  },
  "seed": 99719928,
  "timestamp": "2026-01-13T21:01:48.449852",
  "training_dynamics": {
    "epochs_trained": 19,
    "best_epoch": 9,
    "best_val_accuracy": 0.9097777777777778,
    "final_train_loss": 0.1049777080509429,
    "final_val_loss": 0.5019759026633369,
    "training_time_seconds": 35.5554895401001
  },
  "training_history": {
    "train_loss": [
      0.5923506841652013,
      0.4321463505780151,
      0.3921640680346632,
      0.35837478483740187,
      0.3344341926688643,
      0.30900613703481017,
      0.28393071703318545,
      0.2658552024248652,
      0.24385011621631716,
      0.22328681873060516,
      0.20220379584938242,
      0.18504448777644367,
      0.16933306387226918,
      0.15250879594994382,
      0.14066215183168038,
      0.13373482744628784,
      0.11844371832424619,
      0.11789101926465688,
      0.1049777080509429
    ],
    "val_loss": [
      0.43303111126687793,
      0.40037631969981724,
      0.36315507396062213,
      0.3460600391228994,
      0.3662622401449415,
      0.3524266760614183,
      0.3743572021325429,
      0.3439354122877121,
      0.3384660790496402,
      0.35055701246526505,
      0.37628748149342006,
      0.3851474740240309,
      0.40420181018776363,
      0.4260307029353248,
      0.44243155951301255,
      0.44978789904382493,
      0.5008307981491089,
      0.4745502166615592,
      0.5019759026633369
    ],
    "val_accuracy": [
      0.8697777777777778,
      0.8848888888888888,
      0.8922222222222222,
      0.9,
      0.894,
      0.906,
      0.9013333333333333,
      0.9075555555555556,
      0.9082222222222223,
      0.9091111111111111,
      0.9048888888888889,
      0.9051111111111111,
      0.9097777777777778,
      0.9042222222222223,
      0.9011111111111111,
      0.9022222222222223,
      0.9004444444444445,
      0.9,
      0.8964444444444445
    ]
  },
  "global_metrics": {
    "accuracy": 0.913,
    "balanced_accuracy": 0.9129999999999999,
    "top_3_accuracy": 0.9925,
    "top_5_accuracy": 0.9984,
    "log_loss": 0.25032200953908706,
    "mcc": 0.9033745080742605,
    "cohens_kappa": 0.9033333333333333,
    "precision_macro": 0.9145858087738363,
    "precision_micro": 0.913,
    "precision_weighted": 0.9145858087738363,
    "recall_macro": 0.9129999999999999,
    "recall_micro": 0.913,
    "recall_weighted": 0.913,
    "f1_macro": 0.9136287051774901,
    "f1_micro": 0.913,
    "f1_weighted": 0.9136287051774898,
    "auroc_macro": 0.9942380444444445,
    "auroc_weighted": 0.9942380444444443,
    "auprc_macro": 0.9625660518429597
  },
  "per_class_metrics": {
    "0": {
      "precision": 0.8822916666666667,
      "recall": 0.847,
      "f1": 0.8642857142857143,
      "specificity": 0.9874444444444445,
      "fpr": 0.012555555555555556,
      "fnr": 0.153,
      "auroc": 0.9909347777777778,
      "auprc": 0.9450378661478214,
      "support": 1000,
      "tp": 847,
      "tn": 8887,
      "fp": 113,
      "fn": 153
    },
    "1": {
      "precision": 0.9949341438703141,
      "recall": 0.982,
      "f1": 0.98842476094615,
      "specificity": 0.9994444444444445,
      "fpr": 0.0005555555555555556,
      "fnr": 0.018,
      "auroc": 0.9993656666666666,
      "auprc": 0.997427498485623,
      "support": 1000,
      "tp": 982,
      "tn": 8995,
      "fp": 5,
      "fn": 18
    },
    "2": {
      "precision": 0.859251968503937,
      "recall": 0.873,
      "f1": 0.8660714285714286,
      "specificity": 0.9841111111111112,
      "fpr": 0.01588888888888889,
      "fnr": 0.127,
      "auroc": 0.9901518888888889,
      "auprc": 0.942705254999064,
      "support": 1000,
      "tp": 873,
      "tn": 8857,
      "fp": 143,
      "fn": 127
    },
    "3": {
      "precision": 0.9186991869918699,
      "recall": 0.904,
      "f1": 0.9112903225806451,
      "specificity": 0.9911111111111112,
      "fpr": 0.008888888888888889,
      "fnr": 0.096,
      "auroc": 0.995775111111111,
      "auprc": 0.9634236026386676,
      "support": 1000,
      "tp": 904,
      "tn": 8920,
      "fp": 80,
      "fn": 96
    },
    "4": {
      "precision": 0.8581349206349206,
      "recall": 0.865,
      "f1": 0.8615537848605578,
      "specificity": 0.9841111111111112,
      "fpr": 0.01588888888888889,
      "fnr": 0.135,
      "auroc": 0.9918218888888888,
      "auprc": 0.939131694369612,
      "support": 1000,
      "tp": 865,
      "tn": 8857,
      "fp": 143,
      "fn": 135
    },
    "5": {
      "precision": 0.9820179820179821,
      "recall": 0.983,
      "f1": 0.9825087456271864,
      "specificity": 0.998,
      "fpr": 0.002,
      "fnr": 0.017,
      "auroc": 0.9997193333333333,
      "auprc": 0.9975892922082966,
      "support": 1000,
      "tp": 983,
      "tn": 8982,
      "fp": 18,
      "fn": 17
    },
    "6": {
      "precision": 0.7364485981308411,
      "recall": 0.788,
      "f1": 0.7613526570048309,
      "specificity": 0.9686666666666667,
      "fpr": 0.03133333333333333,
      "fnr": 0.212,
      "auroc": 0.9764224444444445,
      "auprc": 0.8547096242557453,
      "support": 1000,
      "tp": 788,
      "tn": 8718,
      "fp": 282,
      "fn": 212
    },
    "7": {
      "precision": 0.9524281466798811,
      "recall": 0.961,
      "f1": 0.9566948730711796,
      "specificity": 0.9946666666666667,
      "fpr": 0.005333333333333333,
      "fnr": 0.039,
      "auroc": 0.9991447777777778,
      "auprc": 0.9931300972051794,
      "support": 1000,
      "tp": 961,
      "tn": 8952,
      "fp": 48,
      "fn": 39
    },
    "8": {
      "precision": 0.9948506694129763,
      "recall": 0.966,
      "f1": 0.9802130898021308,
      "specificity": 0.9994444444444445,
      "fpr": 0.0005555555555555556,
      "fnr": 0.034,
      "auroc": 0.9996974444444445,
      "auprc": 0.9979003160271994,
      "support": 1000,
      "tp": 966,
      "tn": 8995,
      "fp": 5,
      "fn": 34
    },
    "9": {
      "precision": 0.9668008048289738,
      "recall": 0.961,
      "f1": 0.9638916750250752,
      "specificity": 0.9963333333333333,
      "fpr": 0.0036666666666666666,
      "fnr": 0.039,
      "auroc": 0.9993471111111111,
      "auprc": 0.9946052720923891,
      "support": 1000,
      "tp": 961,
      "tn": 8967,
      "fp": 33,
      "fn": 39
    }
  },
  "confusion_matrix": [
    [
      847,
      1,
      20,
      12,
      3,
      1,
      114,
      0,
      2,
      0
    ],
    [
      3,
      982,
      4,
      7,
      2,
      0,
      1,
      0,
      1,
      0
    ],
    [
      9,
      1,
      873,
      8,
      48,
      0,
      61,
      0,
      0,
      0
    ],
    [
      21,
      2,
      10,
      904,
      22,
      0,
      41,
      0,
      0,
      0
    ],
    [
      0,
      0,
      56,
      27,
      865,
      0,
      52,
      0,
      0,
      0
    ],
    [
      0,
      0,
      0,
      0,
      0,
      983,
      0,
      13,
      0,
      4
    ],
    [
      75,
      1,
      50,
      22,
      62,
      0,
      788,
      0,
      2,
      0
    ],
    [
      0,
      0,
      0,
      0,
      0,
      10,
      0,
      961,
      0,
      29
    ],
    [
      5,
      0,
      3,
      4,
      6,
      1,
      12,
      3,
      966,
      0
    ],
    [
      0,
      0,
      0,
      0,
      0,
      6,
      1,
      32,
      0,
      961
    ]
  ]
}