{
  "experiment": "exp2",
  "condition": {
    "noise_rate": 0.05,
    "noisy_pct": 35,
    "clean_samples": 30000,
    "noisy_samples": 21000,
    "num_corrupted": 1025,
    "total_samples": 51000,
    "train_samples": 45900,
    "val_samples": 5100
  },
  "seed": 99719928,
  "timestamp": "2026-01-13T21:02:56.242482",
  "training_dynamics": {
    "epochs_trained": 16,
    "best_epoch": 6,
    "best_val_accuracy": 0.9052941176470588,
    "final_train_loss": 0.1532766506656963,
    "final_val_loss": 0.4827818367995468,
    "training_time_seconds": 33.49593758583069
  },
  "training_history": {
    "train_loss": [
      0.6025680600766684,
      0.45424464672886894,
      0.4033428506308279,
      0.3791049847944865,
      0.35301291256167594,
      0.32890697874772185,
      0.3101517969176879,
      0.28937330811925255,
      0.266716658275232,
      0.2482330487382113,
      0.22809622988291603,
      0.2106252565025287,
      0.1928240996156365,
      0.1747730222808244,
      0.16762069965295057,
      0.1532766506656963
    ],
    "val_loss": [
      0.4490310227870941,
      0.3951320593029845,
      0.38418609682251426,
      0.39585234200253205,
      0.3796863232874403,
      0.37539659537521064,
      0.38615828327104157,
      0.3877586685442457,
      0.39654294490814207,
      0.4159873208345151,
      0.4235194291086758,
      0.4255009103756325,
      0.44468708935905904,
      0.4509896789111343,
      0.4583660410899742,
      0.4827818367995468
    ],
    "val_accuracy": [
      0.8703921568627451,
      0.8931372549019608,
      0.8949019607843137,
      0.8986274509803922,
      0.9031372549019608,
      0.9031372549019608,
      0.8998039215686274,
      0.9052941176470588,
      0.9009803921568628,
      0.8990196078431373,
      0.8984313725490196,
      0.9029411764705882,
      0.903921568627451,
      0.8972549019607843,
      0.8988235294117647,
      0.8970588235294118
    ]
  },
  "global_metrics": {
    "accuracy": 0.9138,
    "balanced_accuracy": 0.9138,
    "top_3_accuracy": 0.9922,
    "top_5_accuracy": 0.9987,
    "log_loss": 0.25050434964600643,
    "mcc": 0.9043180850202319,
    "cohens_kappa": 0.9042222222222223,
    "precision_macro": 0.9150250230839614,
    "precision_micro": 0.9138,
    "precision_weighted": 0.9150250230839614,
    "recall_macro": 0.9138,
    "recall_micro": 0.9138,
    "recall_weighted": 0.9138,
    "f1_macro": 0.914001635006046,
    "f1_micro": 0.9138,
    "f1_weighted": 0.9140016350060459,
    "auroc_macro": 0.9943160055555555,
    "auroc_weighted": 0.9943160055555554,
    "auprc_macro": 0.9636781126515299
  },
  "per_class_metrics": {
    "0": {
      "precision": 0.8764278296988577,
      "recall": 0.844,
      "f1": 0.8599083036169128,
      "specificity": 0.9867777777777778,
      "fpr": 0.013222222222222222,
      "fnr": 0.156,
      "auroc": 0.991213888888889,
      "auprc": 0.9454936792500009,
      "support": 1000,
      "tp": 844,
      "tn": 8881,
      "fp": 119,
      "fn": 156
    },
    "1": {
      "precision": 0.9979381443298969,
      "recall": 0.968,
      "f1": 0.982741116751269,
      "specificity": 0.9997777777777778,
      "fpr": 0.00022222222222222223,
      "fnr": 0.032,
      "auroc": 0.9993348888888889,
      "auprc": 0.9973895380557681,
      "support": 1000,
      "tp": 968,
      "tn": 8998,
      "fp": 2,
      "fn": 32
    },
    "2": {
      "precision": 0.9059196617336153,
      "recall": 0.857,
      "f1": 0.880781089414183,
      "specificity": 0.9901111111111112,
      "fpr": 0.009888888888888888,
      "fnr": 0.143,
      "auroc": 0.9913069444444444,
      "auprc": 0.9451542764373959,
      "support": 1000,
      "tp": 857,
      "tn": 8911,
      "fp": 89,
      "fn": 143
    },
    "3": {
      "precision": 0.8717712177121771,
      "recall": 0.945,
      "f1": 0.9069097888675623,
      "specificity": 0.9845555555555555,
      "fpr": 0.015444444444444445,
      "fnr": 0.055,
      "auroc": 0.9957275555555555,
      "auprc": 0.967092474749007,
      "support": 1000,
      "tp": 945,
      "tn": 8861,
      "fp": 139,
      "fn": 55
    },
    "4": {
      "precision": 0.8778705636743215,
      "recall": 0.841,
      "f1": 0.8590398365679265,
      "specificity": 0.987,
      "fpr": 0.013,
      "fnr": 0.159,
      "auroc": 0.9919805555555555,
      "auprc": 0.9372433947013248,
      "support": 1000,
      "tp": 841,
      "tn": 8883,
      "fp": 117,
      "fn": 159
    },
    "5": {
      "precision": 0.9919273461150353,
      "recall": 0.983,
      "f1": 0.9874434957307884,
      "specificity": 0.9991111111111111,
      "fpr": 0.0008888888888888889,
      "fnr": 0.017,
      "auroc": 0.9998431111111111,
      "auprc": 0.998659983036065,
      "support": 1000,
      "tp": 983,
      "tn": 8992,
      "fp": 8,
      "fn": 17
    },
    "6": {
      "precision": 0.7367424242424242,
      "recall": 0.778,
      "f1": 0.7568093385214008,
      "specificity": 0.9691111111111111,
      "fpr": 0.03088888888888889,
      "fnr": 0.222,
      "auroc": 0.975653,
      "auprc": 0.8591758764647938,
      "support": 1000,
      "tp": 778,
      "tn": 8722,
      "fp": 278,
      "fn": 222
    },
    "7": {
      "precision": 0.9734422880490297,
      "recall": 0.953,
      "f1": 0.9631126831733198,
      "specificity": 0.9971111111111111,
      "fpr": 0.0028888888888888888,
      "fnr": 0.047,
      "auroc": 0.9990515555555556,
      "auprc": 0.9940097888427393,
      "support": 1000,
      "tp": 953,
      "tn": 8974,
      "fp": 26,
      "fn": 47
    },
    "8": {
      "precision": 0.9677734375,
      "recall": 0.991,
      "f1": 0.9792490118577075,
      "specificity": 0.9963333333333333,
      "fpr": 0.0036666666666666666,
      "fnr": 0.009,
      "auroc": 0.9996889999999999,
      "auprc": 0.9976738882863803,
      "support": 1000,
      "tp": 991,
      "tn": 8967,
      "fp": 33,
      "fn": 9
    },
    "9": {
      "precision": 0.9504373177842566,
      "recall": 0.978,
      "f1": 0.9640216855593888,
      "specificity": 0.9943333333333333,
      "fpr": 0.005666666666666667,
      "fnr": 0.022,
      "auroc": 0.9993595555555556,
      "auprc": 0.9948882266918241,
      "support": 1000,
      "tp": 978,
      "tn": 8949,
      "fp": 51,
      "fn": 22
    }
  },
  "confusion_matrix": [
    [
      844,
      0,
      10,
      24,
      2,
      1,
      107,
      0,
      12,
      0
    ],
    [
      1,
      968,
      0,
      22,
      3,
      0,
      3,
      0,
      3,
      0
    ],
    [
      15,
      1,
      857,
      12,
      54,
      0,
      59,
      0,
      2,
      0
    ],
    [
      9,
      0,
      9,
      945,
      8,
      0,
      27,
      0,
      2,
      0
    ],
    [
      0,
      0,
      30,
      49,
      841,
      0,
      77,
      0,
      3,
      0
    ],
    [
      0,
      0,
      0,
      0,
      0,
      983,
      0,
      8,
      1,
      8
    ],
    [
      92,
      1,
      40,
      29,
      50,
      0,
      778,
      0,
      10,
      0
    ],
    [
      0,
      0,
      0,
      0,
      0,
      4,
      0,
      953,
      0,
      43
    ],
    [
      2,
      0,
      0,
      3,
      0,
      0,
      4,
      0,
      991,
      0
    ],
    [
      0,
      0,
      0,
      0,
      0,
      3,
      1,
      18,
      0,
      978
    ]
  ]
}