{
  "experiment": "exp2",
  "condition": {
    "noise_rate": 0.35,
    "noisy_pct": 35,
    "clean_samples": 30000,
    "noisy_samples": 21000,
    "num_corrupted": 7365,
    "total_samples": 51000,
    "train_samples": 45900,
    "val_samples": 5100
  },
  "seed": 99719928,
  "timestamp": "2026-01-13T21:36:52.575566",
  "training_dynamics": {
    "epochs_trained": 18,
    "best_epoch": 8,
    "best_val_accuracy": 0.7874509803921569,
    "final_train_loss": 0.5497002879723201,
    "final_val_loss": 1.2440770860746795,
    "training_time_seconds": 38.33577013015747
  },
  "training_history": {
    "train_loss": [
      1.1634166118660345,
      1.0331689554336676,
      0.9951619886090164,
      0.9659488629497858,
      0.9435698118133465,
      0.9193494278823433,
      0.895530277183461,
      0.8647492855040144,
      0.8362379896773602,
      0.8103175225945236,
      0.77620086810632,
      0.7432746528582985,
      0.7095995685267249,
      0.6763300413789856,
      0.6412277968398044,
      0.6114307733506877,
      0.5784197324539293,
      0.5497002879723201
    ],
    "val_loss": [
      0.9926642297295963,
      0.9919574725394156,
      0.9667813585318771,
      0.948262258978451,
      0.9675597498931137,
      0.9635055728052176,
      0.9679771152197146,
      0.9482545164519666,
      0.9874952054491231,
      0.997290267196356,
      0.9825122426537907,
      1.0544399900997385,
      1.0671343176037658,
      1.0918076635809506,
      1.1736323455735749,
      1.1777883713853126,
      1.1592704553230135,
      1.2440770860746795
    ],
    "val_accuracy": [
      0.756078431372549,
      0.7633333333333333,
      0.7752941176470588,
      0.7807843137254902,
      0.782156862745098,
      0.7809803921568628,
      0.7862745098039216,
      0.7874509803921569,
      0.7862745098039216,
      0.7825490196078432,
      0.779607843137255,
      0.7811764705882352,
      0.7786274509803922,
      0.7621568627450981,
      0.7760784313725491,
      0.7723529411764706,
      0.7674509803921569,
      0.7678431372549019
    ]
  },
  "global_metrics": {
    "accuracy": 0.9079,
    "balanced_accuracy": 0.9078999999999999,
    "top_3_accuracy": 0.9901,
    "top_5_accuracy": 0.9967,
    "log_loss": 0.399202382176818,
    "mcc": 0.8977674317530085,
    "cohens_kappa": 0.8976666666666667,
    "precision_macro": 0.907421750735941,
    "precision_micro": 0.9079,
    "precision_weighted": 0.907421750735941,
    "recall_macro": 0.9078999999999999,
    "recall_micro": 0.9079,
    "recall_weighted": 0.9079,
    "f1_macro": 0.9072407512890178,
    "f1_micro": 0.9079,
    "f1_weighted": 0.9072407512890178,
    "auroc_macro": 0.9922084333333332,
    "auroc_weighted": 0.9922084333333332,
    "auprc_macro": 0.9518285061491983
  },
  "per_class_metrics": {
    "0": {
      "precision": 0.82483781278962,
      "recall": 0.89,
      "f1": 0.8561808561808562,
      "specificity": 0.979,
      "fpr": 0.021,
      "fnr": 0.11,
      "auroc": 0.987689111111111,
      "auprc": 0.9173781375328398,
      "support": 1000,
      "tp": 890,
      "tn": 8811,
      "fp": 189,
      "fn": 110
    },
    "1": {
      "precision": 0.9898682877406282,
      "recall": 0.977,
      "f1": 0.9833920483140414,
      "specificity": 0.9988888888888889,
      "fpr": 0.0011111111111111111,
      "fnr": 0.023,
      "auroc": 0.9994804444444445,
      "auprc": 0.9972045283632288,
      "support": 1000,
      "tp": 977,
      "tn": 8990,
      "fp": 10,
      "fn": 23
    },
    "2": {
      "precision": 0.8665997993981945,
      "recall": 0.864,
      "f1": 0.8652979469203805,
      "specificity": 0.9852222222222222,
      "fpr": 0.014777777777777779,
      "fnr": 0.136,
      "auroc": 0.9884240000000001,
      "auprc": 0.9326219637720576,
      "support": 1000,
      "tp": 864,
      "tn": 8867,
      "fp": 133,
      "fn": 136
    },
    "3": {
      "precision": 0.8996101364522417,
      "recall": 0.923,
      "f1": 0.9111549851924976,
      "specificity": 0.9885555555555555,
      "fpr": 0.011444444444444445,
      "fnr": 0.077,
      "auroc": 0.9938721111111111,
      "auprc": 0.9606893572151972,
      "support": 1000,
      "tp": 923,
      "tn": 8897,
      "fp": 103,
      "fn": 77
    },
    "4": {
      "precision": 0.8611670020120724,
      "recall": 0.856,
      "f1": 0.8585757271815446,
      "specificity": 0.9846666666666667,
      "fpr": 0.015333333333333332,
      "fnr": 0.144,
      "auroc": 0.9897754444444444,
      "auprc": 0.923507381322848,
      "support": 1000,
      "tp": 856,
      "tn": 8862,
      "fp": 138,
      "fn": 144
    },
    "5": {
      "precision": 0.9958376690946931,
      "recall": 0.957,
      "f1": 0.9760326364099948,
      "specificity": 0.9995555555555555,
      "fpr": 0.00044444444444444447,
      "fnr": 0.043,
      "auroc": 0.9984603333333333,
      "auprc": 0.9958875371664618,
      "support": 1000,
      "tp": 957,
      "tn": 8996,
      "fp": 4,
      "fn": 43
    },
    "6": {
      "precision": 0.7591160220994475,
      "recall": 0.687,
      "f1": 0.721259842519685,
      "specificity": 0.9757777777777777,
      "fpr": 0.02422222222222222,
      "fnr": 0.313,
      "auroc": 0.9687247777777778,
      "auprc": 0.8190973975885268,
      "support": 1000,
      "tp": 687,
      "tn": 8782,
      "fp": 218,
      "fn": 313
    },
    "7": {
      "precision": 0.9361904761904762,
      "recall": 0.983,
      "f1": 0.9590243902439024,
      "specificity": 0.9925555555555555,
      "fpr": 0.0074444444444444445,
      "fnr": 0.017,
      "auroc": 0.9973834444444445,
      "auprc": 0.9843843891086989,
      "support": 1000,
      "tp": 983,
      "tn": 8933,
      "fp": 67,
      "fn": 17
    },
    "8": {
      "precision": 0.9760956175298805,
      "recall": 0.98,
      "f1": 0.9780439121756487,
      "specificity": 0.9973333333333333,
      "fpr": 0.0026666666666666666,
      "fnr": 0.02,
      "auroc": 0.9996069999999999,
      "auprc": 0.9970427613670875,
      "support": 1000,
      "tp": 980,
      "tn": 8976,
      "fp": 24,
      "fn": 20
    },
    "9": {
      "precision": 0.9648946840521565,
      "recall": 0.962,
      "f1": 0.9634451677516274,
      "specificity": 0.9961111111111111,
      "fpr": 0.0038888888888888888,
      "fnr": 0.038,
      "auroc": 0.9986676666666667,
      "auprc": 0.9904716080550368,
      "support": 1000,
      "tp": 962,
      "tn": 8965,
      "fp": 35,
      "fn": 38
    }
  },
  "confusion_matrix": [
    [
      890,
      0,
      14,
      12,
      2,
      2,
      72,
      1,
      7,
      0
    ],
    [
      1,
      977,
      1,
      16,
      2,
      0,
      1,
      0,
      2,
      0
    ],
    [
      17,
      2,
      864,
      9,
      46,
      0,
      61,
      0,
      1,
      0
    ],
    [
      17,
      1,
      13,
      923,
      17,
      0,
      26,
      0,
      1,
      2
    ],
    [
      3,
      1,
      44,
      38,
      856,
      0,
      56,
      0,
      2,
      0
    ],
    [
      0,
      0,
      0,
      0,
      0,
      957,
      0,
      25,
      2,
      16
    ],
    [
      148,
      4,
      58,
      26,
      69,
      0,
      687,
      0,
      8,
      0
    ],
    [
      0,
      0,
      0,
      0,
      0,
      1,
      0,
      983,
      0,
      16
    ],
    [
      3,
      2,
      3,
      2,
      2,
      0,
      2,
      5,
      980,
      1
    ],
    [
      0,
      0,
      0,
      0,
      0,
      1,
      0,
      36,
      1,
      962
    ]
  ]
}