{
  "experiment": "exp2",
  "condition": {
    "noise_rate": 0.1,
    "noisy_pct": 40,
    "clean_samples": 30000,
    "noisy_samples": 24000,
    "num_corrupted": 2353,
    "total_samples": 54000,
    "train_samples": 48600,
    "val_samples": 5400
  },
  "seed": 99719928,
  "timestamp": "2026-01-13T21:09:12.403438",
  "training_dynamics": {
    "epochs_trained": 16,
    "best_epoch": 6,
    "best_val_accuracy": 0.8781481481481481,
    "final_train_loss": 0.23947717109695077,
    "final_val_loss": 0.6862201699504146,
    "training_time_seconds": 36.933764696121216
  },
  "training_history": {
    "train_loss": [
      0.7310181501272478,
      0.5870852053753639,
      0.5426979892740124,
      0.5149217618923438,
      0.48301081226060266,
      0.4641639756136819,
      0.43829692426676814,
      0.41389550092188937,
      0.3917568522064309,
      0.36694072465363303,
      0.3429339264372462,
      0.3222444640913684,
      0.30008136921219136,
      0.27968789664048116,
      0.2620707291178405,
      0.23947717109695077
    ],
    "val_loss": [
      0.5835706980581636,
      0.5618307378556994,
      0.5918739649984571,
      0.521606626201559,
      0.5225408671961891,
      0.5204171085357666,
      0.5639071963010011,
      0.5425781838982193,
      0.5488870664879127,
      0.5615351500776079,
      0.5787394234869215,
      0.5898877803484599,
      0.6040282622090093,
      0.6354090238500525,
      0.6428828962643941,
      0.6862201699504146
    ],
    "val_accuracy": [
      0.8481481481481481,
      0.8603703703703703,
      0.8518518518518519,
      0.8735185185185185,
      0.8740740740740741,
      0.8751851851851852,
      0.8683333333333333,
      0.8724074074074074,
      0.8731481481481481,
      0.8692592592592593,
      0.8781481481481481,
      0.8722222222222222,
      0.8714814814814815,
      0.8746296296296296,
      0.8655555555555555,
      0.8737037037037036
    ]
  },
  "global_metrics": {
    "accuracy": 0.9142,
    "balanced_accuracy": 0.9141999999999999,
    "top_3_accuracy": 0.9926,
    "top_5_accuracy": 0.9982,
    "log_loss": 0.26460831862893935,
    "mcc": 0.9047259583173217,
    "cohens_kappa": 0.9046666666666667,
    "precision_macro": 0.9153974940445389,
    "precision_micro": 0.9142,
    "precision_weighted": 0.9153974940445389,
    "recall_macro": 0.9141999999999999,
    "recall_micro": 0.9142,
    "recall_weighted": 0.9142,
    "f1_macro": 0.9145435374314939,
    "f1_micro": 0.9142,
    "f1_weighted": 0.9145435374314939,
    "auroc_macro": 0.9940745666666666,
    "auroc_weighted": 0.9940745666666666,
    "auprc_macro": 0.9628483461173671
  },
  "per_class_metrics": {
    "0": {
      "precision": 0.8961456102783726,
      "recall": 0.837,
      "f1": 0.8655635987590484,
      "specificity": 0.9892222222222222,
      "fpr": 0.010777777777777778,
      "fnr": 0.163,
      "auroc": 0.9907293333333332,
      "auprc": 0.9423843711273477,
      "support": 1000,
      "tp": 837,
      "tn": 8903,
      "fp": 97,
      "fn": 163
    },
    "1": {
      "precision": 0.9928934010152284,
      "recall": 0.978,
      "f1": 0.9853904282115868,
      "specificity": 0.9992222222222222,
      "fpr": 0.0007777777777777777,
      "fnr": 0.022,
      "auroc": 0.9995445555555555,
      "auprc": 0.9981250053339259,
      "support": 1000,
      "tp": 978,
      "tn": 8993,
      "fp": 7,
      "fn": 22
    },
    "2": {
      "precision": 0.885773624091381,
      "recall": 0.853,
      "f1": 0.869077941925624,
      "specificity": 0.9877777777777778,
      "fpr": 0.012222222222222223,
      "fnr": 0.147,
      "auroc": 0.9901909999999999,
      "auprc": 0.945573060545524,
      "support": 1000,
      "tp": 853,
      "tn": 8890,
      "fp": 110,
      "fn": 147
    },
    "3": {
      "precision": 0.8892100192678227,
      "recall": 0.923,
      "f1": 0.9057899901864573,
      "specificity": 0.9872222222222222,
      "fpr": 0.012777777777777779,
      "fnr": 0.077,
      "auroc": 0.996383,
      "auprc": 0.9708820741690234,
      "support": 1000,
      "tp": 923,
      "tn": 8885,
      "fp": 115,
      "fn": 77
    },
    "4": {
      "precision": 0.8554913294797688,
      "recall": 0.888,
      "f1": 0.8714425907752699,
      "specificity": 0.9833333333333333,
      "fpr": 0.016666666666666666,
      "fnr": 0.112,
      "auroc": 0.9917600000000001,
      "auprc": 0.9420462618695715,
      "support": 1000,
      "tp": 888,
      "tn": 8850,
      "fp": 150,
      "fn": 112
    },
    "5": {
      "precision": 0.9820538384845464,
      "recall": 0.985,
      "f1": 0.9835247129306042,
      "specificity": 0.998,
      "fpr": 0.002,
      "fnr": 0.015,
      "auroc": 0.9998272222222223,
      "auprc": 0.9982444714414622,
      "support": 1000,
      "tp": 985,
      "tn": 8982,
      "fp": 18,
      "fn": 15
    },
    "6": {
      "precision": 0.7333333333333333,
      "recall": 0.77,
      "f1": 0.7512195121951218,
      "specificity": 0.9688888888888889,
      "fpr": 0.03111111111111111,
      "fnr": 0.23,
      "auroc": 0.9744438888888888,
      "auprc": 0.845291362577834,
      "support": 1000,
      "tp": 770,
      "tn": 8720,
      "fp": 280,
      "fn": 230
    },
    "7": {
      "precision": 0.9647532729103726,
      "recall": 0.958,
      "f1": 0.9613647767185147,
      "specificity": 0.9961111111111111,
      "fpr": 0.0038888888888888888,
      "fnr": 0.042,
      "auroc": 0.9990917777777778,
      "auprc": 0.9937697532751818,
      "support": 1000,
      "tp": 958,
      "tn": 8965,
      "fp": 35,
      "fn": 42
    },
    "8": {
      "precision": 0.991869918699187,
      "recall": 0.976,
      "f1": 0.9838709677419355,
      "specificity": 0.9991111111111111,
      "fpr": 0.0008888888888888889,
      "fnr": 0.024,
      "auroc": 0.9996421111111111,
      "auprc": 0.9978491580896693,
      "support": 1000,
      "tp": 976,
      "tn": 8992,
      "fp": 8,
      "fn": 24
    },
    "9": {
      "precision": 0.9624505928853755,
      "recall": 0.974,
      "f1": 0.9681908548707753,
      "specificity": 0.9957777777777778,
      "fpr": 0.004222222222222222,
      "fnr": 0.026,
      "auroc": 0.9991327777777776,
      "auprc": 0.9943179427441299,
      "support": 1000,
      "tp": 974,
      "tn": 8962,
      "fp": 38,
      "fn": 26
    }
  },
  "confusion_matrix": [
    [
      837,
      1,
      13,
      26,
      4,
      1,
      115,
      0,
      3,
      0
    ],
    [
      0,
      978,
      1,
      16,
      2,
      0,
      1,
      0,
      2,
      0
    ],
    [
      9,
      1,
      853,
      13,
      41,
      0,
      83,
      0,
      0,
      0
    ],
    [
      8,
      3,
      8,
      923,
      25,
      1,
      32,
      0,
      0,
      0
    ],
    [
      0,
      0,
      41,
      27,
      888,
      0,
      44,
      0,
      0,
      0
    ],
    [
      0,
      0,
      0,
      0,
      0,
      985,
      0,
      10,
      0,
      5
    ],
    [
      78,
      1,
      45,
      27,
      76,
      1,
      770,
      0,
      2,
      0
    ],
    [
      0,
      0,
      0,
      0,
      0,
      9,
      0,
      958,
      0,
      33
    ],
    [
      2,
      1,
      2,
      6,
      2,
      1,
      5,
      5,
      976,
      0
    ],
    [
      0,
      0,
      0,
      0,
      0,
      5,
      0,
      20,
      1,
      974
    ]
  ]
}