{
  "experiment": "exp2",
  "condition": {
    "noise_rate": 0.2,
    "noisy_pct": 35,
    "clean_samples": 30000,
    "noisy_samples": 21000,
    "num_corrupted": 4115,
    "total_samples": 51000,
    "train_samples": 45900,
    "val_samples": 5100
  },
  "seed": 99719928,
  "timestamp": "2026-01-13T21:19:43.210173",
  "training_dynamics": {
    "epochs_trained": 18,
    "best_epoch": 8,
    "best_val_accuracy": 0.8419607843137255,
    "final_train_loss": 0.3349152691351006,
    "final_val_loss": 0.984926338336047,
    "training_time_seconds": 40.61476230621338
  },
  "training_history": {
    "train_loss": [
      0.9113247120612843,
      0.7730520158425015,
      0.7312842362604434,
      0.6983618775906669,
      0.6717448578654558,
      0.6504070489851546,
      0.6250359858477016,
      0.5948696925945601,
      0.572488472924093,
      0.5470831111115001,
      0.514486121164225,
      0.4871318922858052,
      0.46123604405889274,
      0.43032140820222314,
      0.4034092563066974,
      0.3833787675770544,
      0.3568760586855803,
      0.3349152691351006
    ],
    "val_loss": [
      0.7724705399251451,
      0.7301981887630388,
      0.7163006887248918,
      0.7515833274523417,
      0.7458877769171023,
      0.7070642437654383,
      0.7002905018656862,
      0.6982125267328001,
      0.7233355589473949,
      0.7145610321269316,
      0.7564466756932876,
      0.7602307743652195,
      0.7912385501113592,
      0.8278691762101417,
      0.8755849281479331,
      0.9036423237651002,
      0.9224837154033138,
      0.984926338336047
    ],
    "val_accuracy": [
      0.8088235294117647,
      0.8243137254901961,
      0.8284313725490197,
      0.8145098039215686,
      0.822156862745098,
      0.8354901960784313,
      0.8368627450980393,
      0.8419607843137255,
      0.8398039215686275,
      0.8409803921568627,
      0.8356862745098039,
      0.8319607843137254,
      0.8307843137254902,
      0.8256862745098039,
      0.8311764705882353,
      0.823921568627451,
      0.8252941176470588,
      0.8227450980392157
    ]
  },
  "global_metrics": {
    "accuracy": 0.9117,
    "balanced_accuracy": 0.9117000000000001,
    "top_3_accuracy": 0.9905,
    "top_5_accuracy": 0.9973,
    "log_loss": 0.35691291626277755,
    "mcc": 0.9020589330021063,
    "cohens_kappa": 0.901888888888889,
    "precision_macro": 0.9117867840986044,
    "precision_micro": 0.9117,
    "precision_weighted": 0.9117867840986043,
    "recall_macro": 0.9117000000000001,
    "recall_micro": 0.9117,
    "recall_weighted": 0.9117,
    "f1_macro": 0.9110238166058775,
    "f1_micro": 0.9117,
    "f1_weighted": 0.9110238166058774,
    "auroc_macro": 0.9929523666666666,
    "auroc_weighted": 0.9929523666666668,
    "auprc_macro": 0.9589852983418921
  },
  "per_class_metrics": {
    "0": {
      "precision": 0.8517441860465116,
      "recall": 0.879,
      "f1": 0.8651574803149605,
      "specificity": 0.983,
      "fpr": 0.017,
      "fnr": 0.121,
      "auroc": 0.988910111111111,
      "auprc": 0.9327764995796977,
      "support": 1000,
      "tp": 879,
      "tn": 8847,
      "fp": 153,
      "fn": 121
    },
    "1": {
      "precision": 0.9918616480162767,
      "recall": 0.975,
      "f1": 0.983358547655068,
      "specificity": 0.9991111111111111,
      "fpr": 0.0008888888888888889,
      "fnr": 0.025,
      "auroc": 0.9990117777777778,
      "auprc": 0.9964489322307126,
      "support": 1000,
      "tp": 975,
      "tn": 8992,
      "fp": 8,
      "fn": 25
    },
    "2": {
      "precision": 0.8913502109704642,
      "recall": 0.845,
      "f1": 0.8675564681724847,
      "specificity": 0.9885555555555555,
      "fpr": 0.011444444444444445,
      "fnr": 0.155,
      "auroc": 0.9877082222222222,
      "auprc": 0.938101688404257,
      "support": 1000,
      "tp": 845,
      "tn": 8897,
      "fp": 103,
      "fn": 155
    },
    "3": {
      "precision": 0.8770104068117314,
      "recall": 0.927,
      "f1": 0.9013125911521634,
      "specificity": 0.9855555555555555,
      "fpr": 0.014444444444444444,
      "fnr": 0.073,
      "auroc": 0.99489,
      "auprc": 0.9657996373678285,
      "support": 1000,
      "tp": 927,
      "tn": 8870,
      "fp": 130,
      "fn": 73
    },
    "4": {
      "precision": 0.8246575342465754,
      "recall": 0.903,
      "f1": 0.8620525059665871,
      "specificity": 0.9786666666666667,
      "fpr": 0.021333333333333333,
      "fnr": 0.097,
      "auroc": 0.9907284444444444,
      "auprc": 0.9319233756756854,
      "support": 1000,
      "tp": 903,
      "tn": 8808,
      "fp": 192,
      "fn": 97
    },
    "5": {
      "precision": 0.9886246122026887,
      "recall": 0.956,
      "f1": 0.9720386375190646,
      "specificity": 0.9987777777777778,
      "fpr": 0.0012222222222222222,
      "fnr": 0.044,
      "auroc": 0.9990643333333333,
      "auprc": 0.9946974615809128,
      "support": 1000,
      "tp": 956,
      "tn": 8989,
      "fp": 11,
      "fn": 44
    },
    "6": {
      "precision": 0.7968217934165721,
      "recall": 0.702,
      "f1": 0.7464114832535885,
      "specificity": 0.9801111111111112,
      "fpr": 0.01988888888888889,
      "fnr": 0.298,
      "auroc": 0.972079,
      "auprc": 0.8484281171033947,
      "support": 1000,
      "tp": 702,
      "tn": 8821,
      "fp": 179,
      "fn": 298
    },
    "7": {
      "precision": 0.9350525310410697,
      "recall": 0.979,
      "f1": 0.9565217391304347,
      "specificity": 0.9924444444444445,
      "fpr": 0.007555555555555556,
      "fnr": 0.021,
      "auroc": 0.998813,
      "auprc": 0.9917593244536119,
      "support": 1000,
      "tp": 979,
      "tn": 8932,
      "fp": 68,
      "fn": 21
    },
    "8": {
      "precision": 0.9840478564307079,
      "recall": 0.987,
      "f1": 0.9855217174238642,
      "specificity": 0.9982222222222222,
      "fpr": 0.0017777777777777779,
      "fnr": 0.013,
      "auroc": 0.9993346666666667,
      "auprc": 0.9969620754950006,
      "support": 1000,
      "tp": 987,
      "tn": 8984,
      "fp": 16,
      "fn": 13
    },
    "9": {
      "precision": 0.9766970618034447,
      "recall": 0.964,
      "f1": 0.9703069954705585,
      "specificity": 0.9974444444444445,
      "fpr": 0.0025555555555555557,
      "fnr": 0.036,
      "auroc": 0.9989841111111112,
      "auprc": 0.9929558715278194,
      "support": 1000,
      "tp": 964,
      "tn": 8977,
      "fp": 23,
      "fn": 36
    }
  },
  "confusion_matrix": [
    [
      879,
      0,
      10,
      34,
      8,
      0,
      62,
      0,
      7,
      0
    ],
    [
      0,
      975,
      0,
      20,
      3,
      0,
      0,
      0,
      2,
      0
    ],
    [
      22,
      2,
      845,
      12,
      67,
      0,
      52,
      0,
      0,
      0
    ],
    [
      13,
      3,
      7,
      927,
      22,
      0,
      27,
      0,
      1,
      0
    ],
    [
      1,
      0,
      30,
      29,
      903,
      0,
      36,
      0,
      1,
      0
    ],
    [
      2,
      1,
      0,
      0,
      0,
      956,
      0,
      36,
      0,
      5
    ],
    [
      114,
      1,
      54,
      32,
      91,
      1,
      702,
      0,
      5,
      0
    ],
    [
      0,
      0,
      0,
      0,
      0,
      4,
      0,
      979,
      0,
      17
    ],
    [
      1,
      1,
      2,
      3,
      1,
      1,
      0,
      3,
      987,
      1
    ],
    [
      0,
      0,
      0,
      0,
      0,
      5,
      2,
      29,
      0,
      964
    ]
  ]
}