{
  "experiment": "exp2",
  "condition": {
    "noise_rate": 0.25,
    "noisy_pct": 45,
    "clean_samples": 30000,
    "noisy_samples": 27000,
    "num_corrupted": 6756,
    "total_samples": 57000,
    "train_samples": 51300,
    "val_samples": 5700
  },
  "seed": 99719928,
  "timestamp": "2026-01-13T21:26:51.708626",
  "training_dynamics": {
    "epochs_trained": 17,
    "best_epoch": 7,
    "best_val_accuracy": 0.8052631578947368,
    "final_train_loss": 0.5169313406557811,
    "final_val_loss": 1.0826191137548078,
    "training_time_seconds": 40.58773422241211
  },
  "training_history": {
    "train_loss": [
      1.0622838737810045,
      0.9308320824196213,
      0.8883583405220004,
      0.8616348124873311,
      0.8401087250495493,
      0.8151121148073168,
      0.7946892736335645,
      0.7699133930658164,
      0.7413352889907627,
      0.7156785497270023,
      0.6873716616125178,
      0.6590800106971341,
      0.6288365050407122,
      0.5978639019174766,
      0.5690849713628131,
      0.543043839366656,
      0.5169313406557811
    ],
    "val_loss": [
      0.9123806921641032,
      0.8809799771559866,
      0.8800991853078206,
      0.8678457260131835,
      0.8545656781447561,
      0.8527272264580977,
      0.8502872856876307,
      0.8910447395057008,
      0.8861473359559712,
      0.9009529726128829,
      0.898829679656447,
      0.8966254292872914,
      0.9175327950193171,
      0.9969523846475702,
      1.0097296549144543,
      1.0878909467395983,
      1.0826191137548078
    ],
    "val_accuracy": [
      0.7701754385964912,
      0.787719298245614,
      0.7898245614035088,
      0.7968421052631579,
      0.7996491228070175,
      0.8052631578947368,
      0.8015789473684211,
      0.7984210526315789,
      0.8042105263157895,
      0.8035087719298246,
      0.7994736842105263,
      0.8021052631578948,
      0.8007017543859649,
      0.7926315789473685,
      0.7910526315789473,
      0.7914035087719298,
      0.7884210526315789
    ]
  },
  "global_metrics": {
    "accuracy": 0.9119,
    "balanced_accuracy": 0.9119000000000002,
    "top_3_accuracy": 0.9912,
    "top_5_accuracy": 0.9973,
    "log_loss": 0.3724949867268645,
    "mcc": 0.9024830007027888,
    "cohens_kappa": 0.9021111111111111,
    "precision_macro": 0.9124579161659028,
    "precision_micro": 0.9119,
    "precision_weighted": 0.9124579161659027,
    "recall_macro": 0.9119000000000002,
    "recall_micro": 0.9119,
    "recall_weighted": 0.9119,
    "f1_macro": 0.9106487687124009,
    "f1_micro": 0.9119,
    "f1_weighted": 0.9106487687124009,
    "auroc_macro": 0.9929433944444443,
    "auroc_weighted": 0.9929433944444445,
    "auprc_macro": 0.9591479632416424
  },
  "per_class_metrics": {
    "0": {
      "precision": 0.8537284894837476,
      "recall": 0.893,
      "f1": 0.8729227761485826,
      "specificity": 0.983,
      "fpr": 0.017,
      "fnr": 0.107,
      "auroc": 0.9904388888888889,
      "auprc": 0.9442199302691645,
      "support": 1000,
      "tp": 893,
      "tn": 8847,
      "fp": 153,
      "fn": 107
    },
    "1": {
      "precision": 0.98989898989899,
      "recall": 0.98,
      "f1": 0.9849246231155778,
      "specificity": 0.9988888888888889,
      "fpr": 0.0011111111111111111,
      "fnr": 0.02,
      "auroc": 0.9989544444444445,
      "auprc": 0.9973615581117229,
      "support": 1000,
      "tp": 980,
      "tn": 8990,
      "fp": 10,
      "fn": 20
    },
    "2": {
      "precision": 0.8766839378238342,
      "recall": 0.846,
      "f1": 0.8610687022900764,
      "specificity": 0.9867777777777778,
      "fpr": 0.013222222222222222,
      "fnr": 0.154,
      "auroc": 0.9884481111111111,
      "auprc": 0.9325370642289242,
      "support": 1000,
      "tp": 846,
      "tn": 8881,
      "fp": 119,
      "fn": 154
    },
    "3": {
      "precision": 0.90935960591133,
      "recall": 0.923,
      "f1": 0.9161290322580645,
      "specificity": 0.9897777777777778,
      "fpr": 0.010222222222222223,
      "fnr": 0.077,
      "auroc": 0.9950748888888888,
      "auprc": 0.9665053765766469,
      "support": 1000,
      "tp": 923,
      "tn": 8908,
      "fp": 92,
      "fn": 77
    },
    "4": {
      "precision": 0.7905004240882103,
      "recall": 0.932,
      "f1": 0.8554382744378154,
      "specificity": 0.9725555555555555,
      "fpr": 0.027444444444444445,
      "fnr": 0.068,
      "auroc": 0.9915715555555555,
      "auprc": 0.9350620271911179,
      "support": 1000,
      "tp": 932,
      "tn": 8753,
      "fp": 247,
      "fn": 68
    },
    "5": {
      "precision": 0.9811320754716981,
      "recall": 0.988,
      "f1": 0.9845540607872446,
      "specificity": 0.9978888888888889,
      "fpr": 0.002111111111111111,
      "fnr": 0.012,
      "auroc": 0.9996711111111111,
      "auprc": 0.99717477925402,
      "support": 1000,
      "tp": 988,
      "tn": 8981,
      "fp": 19,
      "fn": 12
    },
    "6": {
      "precision": 0.8161490683229814,
      "recall": 0.657,
      "f1": 0.7279778393351801,
      "specificity": 0.9835555555555555,
      "fpr": 0.016444444444444446,
      "fnr": 0.343,
      "auroc": 0.9686016111111111,
      "auprc": 0.8431045932020504,
      "support": 1000,
      "tp": 657,
      "tn": 8852,
      "fp": 148,
      "fn": 343
    },
    "7": {
      "precision": 0.9526159921026653,
      "recall": 0.965,
      "f1": 0.9587680079483357,
      "specificity": 0.9946666666666667,
      "fpr": 0.005333333333333333,
      "fnr": 0.035,
      "auroc": 0.9983376666666667,
      "auprc": 0.985934770660141,
      "support": 1000,
      "tp": 965,
      "tn": 8952,
      "fp": 48,
      "fn": 35
    },
    "8": {
      "precision": 0.9858870967741935,
      "recall": 0.978,
      "f1": 0.9819277108433735,
      "specificity": 0.9984444444444445,
      "fpr": 0.0015555555555555555,
      "fnr": 0.022,
      "auroc": 0.9994645555555556,
      "auprc": 0.9968428729656857,
      "support": 1000,
      "tp": 978,
      "tn": 8986,
      "fp": 14,
      "fn": 22
    },
    "9": {
      "precision": 0.9686234817813765,
      "recall": 0.957,
      "f1": 0.9627766599597586,
      "specificity": 0.9965555555555555,
      "fpr": 0.0034444444444444444,
      "fnr": 0.043,
      "auroc": 0.9988711111111112,
      "auprc": 0.99273665995695,
      "support": 1000,
      "tp": 957,
      "tn": 8969,
      "fp": 31,
      "fn": 43
    }
  },
  "confusion_matrix": [
    [
      893,
      2,
      12,
      15,
      7,
      1,
      67,
      0,
      3,
      0
    ],
    [
      1,
      980,
      0,
      13,
      4,
      0,
      0,
      0,
      2,
      0
    ],
    [
      19,
      1,
      846,
      9,
      91,
      0,
      34,
      0,
      0,
      0
    ],
    [
      15,
      4,
      8,
      923,
      27,
      0,
      21,
      0,
      0,
      2
    ],
    [
      0,
      2,
      21,
      21,
      932,
      0,
      24,
      0,
      0,
      0
    ],
    [
      0,
      0,
      0,
      0,
      0,
      988,
      0,
      7,
      0,
      5
    ],
    [
      116,
      1,
      73,
      29,
      116,
      0,
      657,
      0,
      8,
      0
    ],
    [
      0,
      0,
      0,
      0,
      0,
      11,
      0,
      965,
      0,
      24
    ],
    [
      2,
      0,
      5,
      5,
      2,
      2,
      2,
      4,
      978,
      0
    ],
    [
      0,
      0,
      0,
      0,
      0,
      5,
      0,
      37,
      1,
      957
    ]
  ]
}