{
  "experiment": "exp2",
  "condition": {
    "noise_rate": 0.3,
    "noisy_pct": 30,
    "clean_samples": 30000,
    "noisy_samples": 18000,
    "num_corrupted": 5346,
    "total_samples": 48000,
    "train_samples": 43200,
    "val_samples": 4800
  },
  "seed": 99719928,
  "timestamp": "2026-01-13T21:30:42.632100",
  "training_dynamics": {
    "epochs_trained": 14,
    "best_epoch": 4,
    "best_val_accuracy": 0.8179166666666666,
    "final_train_loss": 0.5541917866909946,
    "final_val_loss": 0.934459707736969,
    "training_time_seconds": 27.373769998550415
  },
  "training_history": {
    "train_loss": [
      1.0506524739000533,
      0.9141320556181448,
      0.8728140368726518,
      0.8380896273365727,
      0.8116300305172249,
      0.7890054515997569,
      0.7625556189484066,
      0.7395928653522774,
      0.7073138025954918,
      0.6820770178017793,
      0.6527378860888657,
      0.6197823954290814,
      0.5877608190421705,
      0.5541917866909946
    ],
    "val_loss": [
      0.9063963596026102,
      0.8372926378250122,
      0.8287834986050924,
      0.8025466704368591,
      0.8081137915452321,
      0.8288468217849732,
      0.8092841045061747,
      0.8353690282503764,
      0.8199176347255707,
      0.8330303784211477,
      0.8638194262981415,
      0.8814782921473185,
      0.9075095983346303,
      0.934459707736969
    ],
    "val_accuracy": [
      0.7733333333333333,
      0.795,
      0.8035416666666667,
      0.8120833333333334,
      0.8077083333333334,
      0.8041666666666667,
      0.8179166666666666,
      0.8083333333333333,
      0.8152083333333333,
      0.8166666666666667,
      0.8125,
      0.8129166666666666,
      0.80625,
      0.804375
    ]
  },
  "global_metrics": {
    "accuracy": 0.9059,
    "balanced_accuracy": 0.9058999999999999,
    "top_3_accuracy": 0.9908,
    "top_5_accuracy": 0.9972,
    "log_loss": 0.3638436213161206,
    "mcc": 0.8956307251530223,
    "cohens_kappa": 0.8954444444444445,
    "precision_macro": 0.9053567000421688,
    "precision_micro": 0.9059,
    "precision_weighted": 0.905356700042169,
    "recall_macro": 0.9058999999999999,
    "recall_micro": 0.9059,
    "recall_weighted": 0.9059,
    "f1_macro": 0.9048250816844791,
    "f1_micro": 0.9059,
    "f1_weighted": 0.9048250816844792,
    "auroc_macro": 0.9929566555555555,
    "auroc_weighted": 0.9929566555555556,
    "auprc_macro": 0.9550045694360598
  },
  "per_class_metrics": {
    "0": {
      "precision": 0.828886844526219,
      "recall": 0.901,
      "f1": 0.8634403449928126,
      "specificity": 0.9793333333333333,
      "fpr": 0.020666666666666667,
      "fnr": 0.099,
      "auroc": 0.9892691111111113,
      "auprc": 0.9280822533078971,
      "support": 1000,
      "tp": 901,
      "tn": 8814,
      "fp": 186,
      "fn": 99
    },
    "1": {
      "precision": 0.9918200408997955,
      "recall": 0.97,
      "f1": 0.9807886754297269,
      "specificity": 0.9991111111111111,
      "fpr": 0.0008888888888888889,
      "fnr": 0.03,
      "auroc": 0.9988378888888889,
      "auprc": 0.9970877887367103,
      "support": 1000,
      "tp": 970,
      "tn": 8992,
      "fp": 8,
      "fn": 30
    },
    "2": {
      "precision": 0.8463768115942029,
      "recall": 0.876,
      "f1": 0.8609336609336609,
      "specificity": 0.9823333333333333,
      "fpr": 0.017666666666666667,
      "fnr": 0.124,
      "auroc": 0.9898013333333334,
      "auprc": 0.9343043296944534,
      "support": 1000,
      "tp": 876,
      "tn": 8841,
      "fp": 159,
      "fn": 124
    },
    "3": {
      "precision": 0.8916256157635468,
      "recall": 0.905,
      "f1": 0.8982630272952853,
      "specificity": 0.9877777777777778,
      "fpr": 0.012222222222222223,
      "fnr": 0.095,
      "auroc": 0.9948888888888888,
      "auprc": 0.961562351147544,
      "support": 1000,
      "tp": 905,
      "tn": 8890,
      "fp": 110,
      "fn": 95
    },
    "4": {
      "precision": 0.8304093567251462,
      "recall": 0.852,
      "f1": 0.84106614017769,
      "specificity": 0.9806666666666667,
      "fpr": 0.019333333333333334,
      "fnr": 0.148,
      "auroc": 0.9899824444444444,
      "auprc": 0.9158600392405004,
      "support": 1000,
      "tp": 852,
      "tn": 8826,
      "fp": 174,
      "fn": 148
    },
    "5": {
      "precision": 0.9751737835153923,
      "recall": 0.982,
      "f1": 0.9785749875435975,
      "specificity": 0.9972222222222222,
      "fpr": 0.002777777777777778,
      "fnr": 0.018,
      "auroc": 0.999623,
      "auprc": 0.9968114018399062,
      "support": 1000,
      "tp": 982,
      "tn": 8975,
      "fp": 25,
      "fn": 18
    },
    "6": {
      "precision": 0.8026315789473685,
      "recall": 0.671,
      "f1": 0.7309368191721134,
      "specificity": 0.9816666666666667,
      "fpr": 0.018333333333333333,
      "fnr": 0.329,
      "auroc": 0.9703273333333334,
      "auprc": 0.8367394619448615,
      "support": 1000,
      "tp": 671,
      "tn": 8835,
      "fp": 165,
      "fn": 329
    },
    "7": {
      "precision": 0.9523336643495531,
      "recall": 0.959,
      "f1": 0.955655206776283,
      "specificity": 0.9946666666666667,
      "fpr": 0.005333333333333333,
      "fnr": 0.041,
      "auroc": 0.9988334444444444,
      "auprc": 0.9910517364804612,
      "support": 1000,
      "tp": 959,
      "tn": 8952,
      "fp": 48,
      "fn": 41
    },
    "8": {
      "precision": 0.9665024630541872,
      "recall": 0.981,
      "f1": 0.9736972704714641,
      "specificity": 0.9962222222222222,
      "fpr": 0.003777777777777778,
      "fnr": 0.019,
      "auroc": 0.9991865555555555,
      "auprc": 0.9954480493334638,
      "support": 1000,
      "tp": 981,
      "tn": 8966,
      "fp": 34,
      "fn": 19
    },
    "9": {
      "precision": 0.9678068410462777,
      "recall": 0.962,
      "f1": 0.9648946840521565,
      "specificity": 0.9964444444444445,
      "fpr": 0.0035555555555555557,
      "fnr": 0.038,
      "auroc": 0.9988165555555556,
      "auprc": 0.9930982826348014,
      "support": 1000,
      "tp": 962,
      "tn": 8968,
      "fp": 32,
      "fn": 38
    }
  },
  "confusion_matrix": [
    [
      901,
      1,
      12,
      20,
      4,
      3,
      50,
      0,
      9,
      0
    ],
    [
      0,
      970,
      0,
      23,
      4,
      0,
      1,
      0,
      2,
      0
    ],
    [
      19,
      1,
      876,
      5,
      46,
      0,
      49,
      0,
      4,
      0
    ],
    [
      27,
      2,
      11,
      905,
      32,
      0,
      21,
      0,
      1,
      1
    ],
    [
      0,
      0,
      77,
      28,
      852,
      0,
      43,
      0,
      0,
      0
    ],
    [
      0,
      0,
      0,
      0,
      0,
      982,
      0,
      13,
      1,
      4
    ],
    [
      138,
      3,
      57,
      28,
      87,
      0,
      671,
      0,
      16,
      0
    ],
    [
      0,
      0,
      0,
      0,
      0,
      14,
      0,
      959,
      0,
      27
    ],
    [
      2,
      1,
      2,
      6,
      1,
      2,
      1,
      4,
      981,
      0
    ],
    [
      0,
      0,
      0,
      0,
      0,
      6,
      0,
      31,
      1,
      962
    ]
  ]
}