func_type,equation,r_squared,x_min,x_max,efficiency_x,efficiency_y,efficiency_note,efficiency_ratio,knee_x,knee_y,knee_note,marginal_x,marginal_y,marginal_note,marginal_threshold,metric
log,y = 0.0218·log(x) + 0.6820,0.986,3000.0,60000.0,3000.0,0.8563,boundary,0.00028543,19033.03,0.8965,max_distance,3000.0,0.8563,dy/dx=0.0001,0.0001,accuracy
log,y = 0.0218·log(x) + 0.6820,0.986,3000.0,60000.0,3000.0,0.8563,boundary,0.00028543,19033.03,0.8965,max_distance,3000.0,0.8563,dy/dx=0.0001,0.0001,balanced_accuracy
log,y = 0.0220·log(x) + 0.6796,0.9836,3000.0,60000.0,3000.0,0.8555,boundary,0.00028516,19033.03,0.8961,max_distance,3000.0,0.8555,dy/dx=0.0001,0.0001,f1_macro
log,y = 0.0027·log(x) + 0.9658,0.974,3000.0,60000.0,3000.0,0.9875,boundary,0.00032918,19033.03,0.9925,max_distance,3000.0,0.9875,dy/dx=0.0001,0.0001,auroc_macro
log,y = 0.0167·log(x) + 0.7862,0.9806,3000.0,60000.0,3000.0,0.9197,boundary,0.00030657,19033.03,0.9505,max_distance,3000.0,0.9197,dy/dx=0.0001,0.0001,auprc_macro
log,y = 0.0240·log(x) + 0.6487,0.9868,3000.0,60000.0,3000.0,0.8409,boundary,0.00028031,19033.03,0.8853,max_distance,3000.0,0.8409,dy/dx=0.0001,0.0001,mcc
log,y = 0.0207·log(x) + 0.6942,0.9888,3000.0,60000.0,3000.0,0.8598,boundary,0.0002866,19033.03,0.898,max_distance,3000.0,0.8598,dy/dx=0.0001,0.0001,precision_macro
log,y = 0.0218·log(x) + 0.6820,0.986,3000.0,60000.0,3000.0,0.8563,boundary,0.00028543,19033.03,0.8965,max_distance,3000.0,0.8563,dy/dx=0.0001,0.0001,recall_macro
