{
  "experiment": "exp2",
  "condition": {
    "noise_rate": 0.2,
    "noisy_pct": 10,
    "clean_samples": 30000,
    "noisy_samples": 6000,
    "num_corrupted": 1229,
    "total_samples": 36000,
    "train_samples": 32400,
    "val_samples": 3600
  },
  "seed": 20194682,
  "timestamp": "2026-01-13T19:02:19.583835",
  "training_dynamics": {
    "epochs_trained": 17,
    "best_epoch": 7,
    "best_val_accuracy": 0.8727777777777778,
    "final_train_loss": 0.17138616260163178,
    "final_val_loss": 0.7240756271945106,
    "training_time_seconds": 25.249988794326782
  },
  "training_history": {
    "train_loss": [
      0.7168992594971929,
      0.5592384157037359,
      0.5139731452074747,
      0.47599062708590395,
      0.45486614895760424,
      0.42296157501035425,
      0.39750826862848254,
      0.3675093224209676,
      0.34303709645654556,
      0.3157161790914319,
      0.2896048281878174,
      0.2666459696797224,
      0.2469048305420128,
      0.22133175061769506,
      0.20057076552269257,
      0.18205918470504134,
      0.17138616260163178
    ],
    "val_loss": [
      0.5898126162423027,
      0.5450475331147512,
      0.5352419673071968,
      0.5248956114716,
      0.5348910864194234,
      0.5230865784486135,
      0.514743040535185,
      0.558991259071562,
      0.540343443552653,
      0.5594349847899542,
      0.5497399862607321,
      0.5801983049180772,
      0.6156153343783485,
      0.6346125189463298,
      0.6901280249489679,
      0.7093004629347059,
      0.7240756271945106
    ],
    "val_accuracy": [
      0.8352777777777778,
      0.8497222222222223,
      0.8594444444444445,
      0.8647222222222222,
      0.8630555555555556,
      0.8708333333333333,
      0.8697222222222222,
      0.8694444444444445,
      0.8688888888888889,
      0.8727777777777778,
      0.8725,
      0.8697222222222222,
      0.8661111111111112,
      0.87,
      0.8647222222222222,
      0.8658333333333333,
      0.8605555555555555
    ]
  },
  "global_metrics": {
    "accuracy": 0.9052,
    "balanced_accuracy": 0.9052,
    "top_3_accuracy": 0.9899,
    "top_5_accuracy": 0.9976,
    "log_loss": 0.29678496858911735,
    "mcc": 0.8948745801277908,
    "cohens_kappa": 0.8946666666666667,
    "precision_macro": 0.9053114254218155,
    "precision_micro": 0.9052,
    "precision_weighted": 0.9053114254218155,
    "recall_macro": 0.9052,
    "recall_micro": 0.9052,
    "recall_weighted": 0.9052,
    "f1_macro": 0.9043761033586788,
    "f1_micro": 0.9052,
    "f1_weighted": 0.9043761033586788,
    "auroc_macro": 0.9926033000000001,
    "auroc_weighted": 0.9926033,
    "auprc_macro": 0.9542219294405264
  },
  "per_class_metrics": {
    "0": {
      "precision": 0.8299256505576208,
      "recall": 0.893,
      "f1": 0.8603082851637764,
      "specificity": 0.9796666666666667,
      "fpr": 0.02033333333333333,
      "fnr": 0.107,
      "auroc": 0.9880787777777778,
      "auprc": 0.9304881121818486,
      "support": 1000,
      "tp": 893,
      "tn": 8817,
      "fp": 183,
      "fn": 107
    },
    "1": {
      "precision": 0.9969167523124358,
      "recall": 0.97,
      "f1": 0.9832742017232641,
      "specificity": 0.9996666666666667,
      "fpr": 0.0003333333333333333,
      "fnr": 0.03,
      "auroc": 0.9989113333333334,
      "auprc": 0.9965951982518356,
      "support": 1000,
      "tp": 970,
      "tn": 8997,
      "fp": 3,
      "fn": 30
    },
    "2": {
      "precision": 0.8099173553719008,
      "recall": 0.882,
      "f1": 0.8444231689803734,
      "specificity": 0.977,
      "fpr": 0.023,
      "fnr": 0.118,
      "auroc": 0.9879937777777777,
      "auprc": 0.9306014412961033,
      "support": 1000,
      "tp": 882,
      "tn": 8793,
      "fp": 207,
      "fn": 118
    },
    "3": {
      "precision": 0.8917073170731707,
      "recall": 0.914,
      "f1": 0.9027160493827161,
      "specificity": 0.9876666666666667,
      "fpr": 0.012333333333333333,
      "fnr": 0.086,
      "auroc": 0.9945798888888888,
      "auprc": 0.957573568361025,
      "support": 1000,
      "tp": 914,
      "tn": 8889,
      "fp": 111,
      "fn": 86
    },
    "4": {
      "precision": 0.8561224489795919,
      "recall": 0.839,
      "f1": 0.8474747474747476,
      "specificity": 0.9843333333333333,
      "fpr": 0.015666666666666666,
      "fnr": 0.161,
      "auroc": 0.9906073333333333,
      "auprc": 0.9240867118593741,
      "support": 1000,
      "tp": 839,
      "tn": 8859,
      "fp": 141,
      "fn": 161
    },
    "5": {
      "precision": 0.9897750511247444,
      "recall": 0.968,
      "f1": 0.9787664307381194,
      "specificity": 0.9988888888888889,
      "fpr": 0.0011111111111111111,
      "fnr": 0.032,
      "auroc": 0.9996375555555556,
      "auprc": 0.9968483373909045,
      "support": 1000,
      "tp": 968,
      "tn": 8990,
      "fp": 10,
      "fn": 32
    },
    "6": {
      "precision": 0.7875586854460094,
      "recall": 0.671,
      "f1": 0.724622030237581,
      "specificity": 0.9798888888888889,
      "fpr": 0.02011111111111111,
      "fnr": 0.329,
      "auroc": 0.9695638888888889,
      "auprc": 0.8283235729495839,
      "support": 1000,
      "tp": 671,
      "tn": 8819,
      "fp": 181,
      "fn": 329
    },
    "7": {
      "precision": 0.9318181818181818,
      "recall": 0.984,
      "f1": 0.9571984435797666,
      "specificity": 0.992,
      "fpr": 0.008,
      "fnr": 0.016,
      "auroc": 0.9986937777777778,
      "auprc": 0.9880318449277813,
      "support": 1000,
      "tp": 984,
      "tn": 8928,
      "fp": 72,
      "fn": 16
    },
    "8": {
      "precision": 0.981,
      "recall": 0.981,
      "f1": 0.9810000000000001,
      "specificity": 0.9978888888888889,
      "fpr": 0.002111111111111111,
      "fnr": 0.019,
      "auroc": 0.9992051111111111,
      "auprc": 0.9963159150381259,
      "support": 1000,
      "tp": 981,
      "tn": 8981,
      "fp": 19,
      "fn": 19
    },
    "9": {
      "precision": 0.9783728115345005,
      "recall": 0.95,
      "f1": 0.9639776763064435,
      "specificity": 0.9976666666666667,
      "fpr": 0.0023333333333333335,
      "fnr": 0.05,
      "auroc": 0.9987615555555556,
      "auprc": 0.9933545921486823,
      "support": 1000,
      "tp": 950,
      "tn": 8979,
      "fp": 21,
      "fn": 50
    }
  },
  "confusion_matrix": [
    [
      893,
      0,
      25,
      15,
      5,
      1,
      57,
      0,
      4,
      0
    ],
    [
      4,
      970,
      2,
      19,
      2,
      0,
      1,
      0,
      2,
      0
    ],
    [
      19,
      1,
      882,
      9,
      47,
      0,
      40,
      0,
      2,
      0
    ],
    [
      20,
      1,
      15,
      914,
      12,
      0,
      36,
      0,
      1,
      1
    ],
    [
      0,
      0,
      78,
      40,
      839,
      0,
      42,
      0,
      1,
      0
    ],
    [
      0,
      0,
      0,
      0,
      0,
      968,
      1,
      24,
      0,
      7
    ],
    [
      136,
      0,
      84,
      26,
      74,
      0,
      671,
      0,
      9,
      0
    ],
    [
      0,
      0,
      0,
      0,
      0,
      4,
      0,
      984,
      0,
      12
    ],
    [
      4,
      1,
      3,
      2,
      1,
      1,
      3,
      3,
      981,
      1
    ],
    [
      0,
      0,
      0,
      0,
      0,
      4,
      1,
      45,
      0,
      950
    ]
  ]
}