{
  "experiment": "exp2",
  "condition": {
    "noise_rate": 0.15,
    "noisy_pct": 35,
    "clean_samples": 30000,
    "noisy_samples": 21000,
    "num_corrupted": 3170,
    "total_samples": 51000,
    "train_samples": 45900,
    "val_samples": 5100
  },
  "seed": 20194682,
  "timestamp": "2026-01-13T18:59:22.610736",
  "training_dynamics": {
    "epochs_trained": 16,
    "best_epoch": 6,
    "best_val_accuracy": 0.8613725490196078,
    "final_train_loss": 0.3083787931539222,
    "final_val_loss": 0.7660880926543591,
    "training_time_seconds": 34.02482342720032
  },
  "training_history": {
    "train_loss": [
      0.8259217775216674,
      0.6808360708789241,
      0.6425868140165188,
      0.6087183988027918,
      0.5806039776601167,
      0.5565490766239033,
      0.5300756144365892,
      0.5082501456515038,
      0.48009375021027656,
      0.4562809886540543,
      0.42819365842428714,
      0.402650139042926,
      0.37908984429117365,
      0.3531107666090255,
      0.3284688274594008,
      0.3083787931539222
    ],
    "val_loss": [
      0.6804358322947633,
      0.6370478708136316,
      0.6290360384828904,
      0.621798646847407,
      0.6054457992665908,
      0.6011031518730463,
      0.6137600800336576,
      0.6259489843424628,
      0.635847006966086,
      0.6380924169222514,
      0.684748487332288,
      0.6846036061586118,
      0.7023742495097366,
      0.7453693425421621,
      0.7683929724319308,
      0.7660880926543591
    ],
    "val_accuracy": [
      0.8282352941176471,
      0.8445098039215686,
      0.8456862745098039,
      0.8509803921568627,
      0.8578431372549019,
      0.8611764705882353,
      0.8594117647058823,
      0.8601960784313726,
      0.8574509803921568,
      0.8584313725490196,
      0.8505882352941176,
      0.8586274509803922,
      0.8596078431372549,
      0.8613725490196078,
      0.8539215686274509,
      0.8498039215686275
    ]
  },
  "global_metrics": {
    "accuracy": 0.9126,
    "balanced_accuracy": 0.9126,
    "top_3_accuracy": 0.9926,
    "top_5_accuracy": 0.9983,
    "log_loss": 0.2939250438879775,
    "mcc": 0.9029579477469943,
    "cohens_kappa": 0.9028888888888889,
    "precision_macro": 0.9128281821700789,
    "precision_micro": 0.9126,
    "precision_weighted": 0.9128281821700788,
    "recall_macro": 0.9126,
    "recall_micro": 0.9126,
    "recall_weighted": 0.9126,
    "f1_macro": 0.9124018957291762,
    "f1_micro": 0.9126,
    "f1_weighted": 0.9124018957291761,
    "auroc_macro": 0.9935017222222223,
    "auroc_weighted": 0.9935017222222221,
    "auprc_macro": 0.9599424396642118
  },
  "per_class_metrics": {
    "0": {
      "precision": 0.8509021842355176,
      "recall": 0.896,
      "f1": 0.8728689722357527,
      "specificity": 0.9825555555555555,
      "fpr": 0.017444444444444443,
      "fnr": 0.104,
      "auroc": 0.9912350000000001,
      "auprc": 0.9433133169746097,
      "support": 1000,
      "tp": 896,
      "tn": 8843,
      "fp": 157,
      "fn": 104
    },
    "1": {
      "precision": 0.9908998988877654,
      "recall": 0.98,
      "f1": 0.9854198089492208,
      "specificity": 0.999,
      "fpr": 0.001,
      "fnr": 0.02,
      "auroc": 0.9985736666666667,
      "auprc": 0.9961575351316392,
      "support": 1000,
      "tp": 980,
      "tn": 8991,
      "fp": 9,
      "fn": 20
    },
    "2": {
      "precision": 0.8537054860442733,
      "recall": 0.887,
      "f1": 0.8700343305541932,
      "specificity": 0.9831111111111112,
      "fpr": 0.016888888888888887,
      "fnr": 0.113,
      "auroc": 0.9886014444444444,
      "auprc": 0.9411991622555298,
      "support": 1000,
      "tp": 887,
      "tn": 8848,
      "fp": 152,
      "fn": 113
    },
    "3": {
      "precision": 0.9025844930417495,
      "recall": 0.908,
      "f1": 0.9052841475573279,
      "specificity": 0.9891111111111112,
      "fpr": 0.010888888888888889,
      "fnr": 0.092,
      "auroc": 0.9951838888888889,
      "auprc": 0.9653821006679133,
      "support": 1000,
      "tp": 908,
      "tn": 8902,
      "fp": 98,
      "fn": 92
    },
    "4": {
      "precision": 0.8911419423692636,
      "recall": 0.835,
      "f1": 0.8621579762519359,
      "specificity": 0.9886666666666667,
      "fpr": 0.011333333333333334,
      "fnr": 0.165,
      "auroc": 0.9917532222222222,
      "auprc": 0.9357441568336585,
      "support": 1000,
      "tp": 835,
      "tn": 8898,
      "fp": 102,
      "fn": 165
    },
    "5": {
      "precision": 0.9631425800193987,
      "recall": 0.993,
      "f1": 0.9778434268833088,
      "specificity": 0.9957777777777778,
      "fpr": 0.004222222222222222,
      "fnr": 0.007,
      "auroc": 0.9996568888888888,
      "auprc": 0.9956178431816338,
      "support": 1000,
      "tp": 993,
      "tn": 8962,
      "fp": 38,
      "fn": 7
    },
    "6": {
      "precision": 0.7590113285272915,
      "recall": 0.737,
      "f1": 0.7478437341451042,
      "specificity": 0.974,
      "fpr": 0.026,
      "fnr": 0.263,
      "auroc": 0.9732196666666666,
      "auprc": 0.8442377407112339,
      "support": 1000,
      "tp": 737,
      "tn": 8766,
      "fp": 234,
      "fn": 263
    },
    "7": {
      "precision": 0.9443359375,
      "recall": 0.967,
      "f1": 0.9555335968379446,
      "specificity": 0.9936666666666667,
      "fpr": 0.006333333333333333,
      "fnr": 0.033,
      "auroc": 0.9987185555555556,
      "auprc": 0.986503619001042,
      "support": 1000,
      "tp": 967,
      "tn": 8943,
      "fp": 57,
      "fn": 33
    },
    "8": {
      "precision": 0.9820717131474104,
      "recall": 0.986,
      "f1": 0.9840319361277445,
      "specificity": 0.998,
      "fpr": 0.002,
      "fnr": 0.014,
      "auroc": 0.9994646666666667,
      "auprc": 0.99723232691457,
      "support": 1000,
      "tp": 986,
      "tn": 8982,
      "fp": 18,
      "fn": 14
    },
    "9": {
      "precision": 0.9904862579281184,
      "recall": 0.937,
      "f1": 0.9630010277492292,
      "specificity": 0.999,
      "fpr": 0.001,
      "fnr": 0.063,
      "auroc": 0.9986102222222223,
      "auprc": 0.9940365949702873,
      "support": 1000,
      "tp": 937,
      "tn": 8991,
      "fp": 9,
      "fn": 63
    }
  },
  "confusion_matrix": [
    [
      896,
      0,
      18,
      17,
      2,
      1,
      63,
      0,
      3,
      0
    ],
    [
      3,
      980,
      0,
      12,
      2,
      0,
      1,
      0,
      2,
      0
    ],
    [
      17,
      2,
      887,
      8,
      35,
      0,
      51,
      0,
      0,
      0
    ],
    [
      16,
      2,
      7,
      908,
      17,
      0,
      48,
      0,
      2,
      0
    ],
    [
      0,
      1,
      69,
      27,
      835,
      1,
      66,
      0,
      1,
      0
    ],
    [
      0,
      0,
      0,
      0,
      0,
      993,
      0,
      5,
      1,
      1
    ],
    [
      121,
      1,
      58,
      29,
      46,
      0,
      737,
      0,
      8,
      0
    ],
    [
      0,
      0,
      0,
      0,
      0,
      25,
      0,
      967,
      0,
      8
    ],
    [
      0,
      3,
      0,
      5,
      0,
      1,
      5,
      0,
      986,
      0
    ],
    [
      0,
      0,
      0,
      0,
      0,
      10,
      0,
      52,
      1,
      937
    ]
  ]
}