{
  "experiment": "exp2",
  "condition": {
    "noise_rate": 0.25,
    "noisy_pct": 35,
    "clean_samples": 30000,
    "noisy_samples": 21000,
    "num_corrupted": 5276,
    "total_samples": 51000,
    "train_samples": 45900,
    "val_samples": 5100
  },
  "seed": 20194682,
  "timestamp": "2026-01-13T19:10:34.595695",
  "training_dynamics": {
    "epochs_trained": 15,
    "best_epoch": 5,
    "best_val_accuracy": 0.8213725490196079,
    "final_train_loss": 0.5054762431505995,
    "final_val_loss": 0.9230195010877124,
    "training_time_seconds": 33.144649267196655
  },
  "training_history": {
    "train_loss": [
      1.0221312627154804,
      0.88070112533224,
      0.8398585774440287,
      0.8091936134694346,
      0.7851075916071124,
      0.7602505750933397,
      0.7332293625744605,
      0.7107347401901872,
      0.6801899020718333,
      0.6550466450642078,
      0.6254380193012339,
      0.5969804842076926,
      0.5651373959309876,
      0.5393096316699199,
      0.5054762431505995
    ],
    "val_loss": [
      0.8577012231303196,
      0.8129016049702962,
      0.8125622149542266,
      0.8070220499880174,
      0.7781831232239218,
      0.8222949579182793,
      0.7839235053810418,
      0.788140777793585,
      0.8102834500985987,
      0.7959385414217033,
      0.8479342111886716,
      0.8413159325543572,
      0.8747186559321833,
      0.9002302409153359,
      0.9230195010877124
    ],
    "val_accuracy": [
      0.7947058823529412,
      0.7996078431372549,
      0.8129411764705883,
      0.8094117647058824,
      0.8166666666666667,
      0.8047058823529412,
      0.8213725490196079,
      0.8196078431372549,
      0.8164705882352942,
      0.8205882352941176,
      0.812156862745098,
      0.8149019607843138,
      0.8074509803921569,
      0.8084313725490196,
      0.807843137254902
    ]
  },
  "global_metrics": {
    "accuracy": 0.9039,
    "balanced_accuracy": 0.9039000000000001,
    "top_3_accuracy": 0.9907,
    "top_5_accuracy": 0.9965,
    "log_loss": 0.38685513612711986,
    "mcc": 0.8933678034044215,
    "cohens_kappa": 0.8932222222222221,
    "precision_macro": 0.9054816714622088,
    "precision_micro": 0.9039,
    "precision_weighted": 0.9054816714622091,
    "recall_macro": 0.9039000000000001,
    "recall_micro": 0.9039,
    "recall_weighted": 0.9039,
    "f1_macro": 0.9040741431682902,
    "f1_micro": 0.9039,
    "f1_weighted": 0.9040741431682902,
    "auroc_macro": 0.9925974722222222,
    "auroc_weighted": 0.9925974722222222,
    "auprc_macro": 0.9531079726620713
  },
  "per_class_metrics": {
    "0": {
      "precision": 0.862603305785124,
      "recall": 0.835,
      "f1": 0.8485772357723578,
      "specificity": 0.9852222222222222,
      "fpr": 0.014777777777777779,
      "fnr": 0.165,
      "auroc": 0.9887132222222222,
      "auprc": 0.926815844357551,
      "support": 1000,
      "tp": 835,
      "tn": 8867,
      "fp": 133,
      "fn": 165
    },
    "1": {
      "precision": 0.980980980980981,
      "recall": 0.98,
      "f1": 0.9804902451225612,
      "specificity": 0.9978888888888889,
      "fpr": 0.002111111111111111,
      "fnr": 0.02,
      "auroc": 0.9995332777777778,
      "auprc": 0.9973031628875302,
      "support": 1000,
      "tp": 980,
      "tn": 8981,
      "fp": 19,
      "fn": 20
    },
    "2": {
      "precision": 0.906145251396648,
      "recall": 0.811,
      "f1": 0.8559366754617415,
      "specificity": 0.9906666666666667,
      "fpr": 0.009333333333333334,
      "fnr": 0.189,
      "auroc": 0.9869617777777776,
      "auprc": 0.9293162638267165,
      "support": 1000,
      "tp": 811,
      "tn": 8916,
      "fp": 84,
      "fn": 189
    },
    "3": {
      "precision": 0.9025380710659898,
      "recall": 0.889,
      "f1": 0.8957178841309824,
      "specificity": 0.9893333333333333,
      "fpr": 0.010666666666666666,
      "fnr": 0.111,
      "auroc": 0.995165,
      "auprc": 0.9603410196496517,
      "support": 1000,
      "tp": 889,
      "tn": 8904,
      "fp": 96,
      "fn": 111
    },
    "4": {
      "precision": 0.8028419182948491,
      "recall": 0.904,
      "f1": 0.8504233301975542,
      "specificity": 0.9753333333333334,
      "fpr": 0.024666666666666667,
      "fnr": 0.096,
      "auroc": 0.9894497777777778,
      "auprc": 0.9130285763632983,
      "support": 1000,
      "tp": 904,
      "tn": 8778,
      "fp": 222,
      "fn": 96
    },
    "5": {
      "precision": 0.9857578840284842,
      "recall": 0.969,
      "f1": 0.9773071104387292,
      "specificity": 0.9984444444444445,
      "fpr": 0.0015555555555555555,
      "fnr": 0.031,
      "auroc": 0.9995359999999999,
      "auprc": 0.9955836523630925,
      "support": 1000,
      "tp": 969,
      "tn": 8986,
      "fp": 14,
      "fn": 31
    },
    "6": {
      "precision": 0.7267384916748286,
      "recall": 0.742,
      "f1": 0.7342899554675903,
      "specificity": 0.969,
      "fpr": 0.031,
      "fnr": 0.258,
      "auroc": 0.9697583333333333,
      "auprc": 0.827459251461002,
      "support": 1000,
      "tp": 742,
      "tn": 8721,
      "fp": 279,
      "fn": 258
    },
    "7": {
      "precision": 0.9524752475247524,
      "recall": 0.962,
      "f1": 0.9572139303482586,
      "specificity": 0.9946666666666667,
      "fpr": 0.005333333333333333,
      "fnr": 0.038,
      "auroc": 0.9987908888888888,
      "auprc": 0.9921238013487649,
      "support": 1000,
      "tp": 962,
      "tn": 8952,
      "fp": 48,
      "fn": 38
    },
    "8": {
      "precision": 0.9809045226130654,
      "recall": 0.976,
      "f1": 0.9784461152882206,
      "specificity": 0.9978888888888889,
      "fpr": 0.002111111111111111,
      "fnr": 0.024,
      "auroc": 0.9992365555555555,
      "auprc": 0.9961135724855641,
      "support": 1000,
      "tp": 976,
      "tn": 8981,
      "fp": 19,
      "fn": 24
    },
    "9": {
      "precision": 0.9538310412573674,
      "recall": 0.971,
      "f1": 0.9623389494549057,
      "specificity": 0.9947777777777778,
      "fpr": 0.005222222222222222,
      "fnr": 0.029,
      "auroc": 0.9988298888888889,
      "auprc": 0.9929945818775419,
      "support": 1000,
      "tp": 971,
      "tn": 8953,
      "fp": 47,
      "fn": 29
    }
  },
  "confusion_matrix": [
    [
      835,
      1,
      8,
      22,
      8,
      2,
      119,
      0,
      5,
      0
    ],
    [
      1,
      980,
      1,
      12,
      3,
      0,
      1,
      0,
      2,
      0
    ],
    [
      18,
      2,
      811,
      9,
      97,
      0,
      62,
      0,
      1,
      0
    ],
    [
      11,
      11,
      5,
      889,
      43,
      0,
      38,
      0,
      1,
      2
    ],
    [
      0,
      0,
      22,
      17,
      904,
      0,
      56,
      0,
      1,
      0
    ],
    [
      0,
      0,
      0,
      0,
      0,
      969,
      0,
      20,
      0,
      11
    ],
    [
      102,
      2,
      47,
      30,
      67,
      2,
      742,
      0,
      8,
      0
    ],
    [
      0,
      0,
      0,
      0,
      0,
      5,
      0,
      962,
      0,
      33
    ],
    [
      1,
      3,
      1,
      6,
      4,
      2,
      3,
      3,
      976,
      1
    ],
    [
      0,
      0,
      0,
      0,
      0,
      3,
      0,
      25,
      1,
      971
    ]
  ]
}