{
  "experiment": "exp2",
  "condition": {
    "noise_rate": 0.2,
    "noisy_pct": 20,
    "clean_samples": 30000,
    "noisy_samples": 12000,
    "num_corrupted": 2437,
    "total_samples": 42000,
    "train_samples": 37800,
    "val_samples": 4200
  },
  "seed": 20194682,
  "timestamp": "2026-01-13T19:03:19.175306",
  "training_dynamics": {
    "epochs_trained": 18,
    "best_epoch": 8,
    "best_val_accuracy": 0.8683333333333333,
    "final_train_loss": 0.23160304727943617,
    "final_val_loss": 0.8672084107853117,
    "training_time_seconds": 31.28715205192566
  },
  "training_history": {
    "train_loss": [
      0.824545558334002,
      0.6826220638356636,
      0.6346908364501701,
      0.6021504014881734,
      0.5737418967051756,
      0.5504560283497102,
      0.5221780353492085,
      0.4959244052871633,
      0.4693444583268738,
      0.4376293161218945,
      0.4119788456058946,
      0.37724186550643035,
      0.3493805471713168,
      0.326566173882553,
      0.30415371762566557,
      0.2814629028429941,
      0.2553143488990171,
      0.23160304727943617
    ],
    "val_loss": [
      0.6377606648490542,
      0.5971874193918137,
      0.5829044577053615,
      0.5558990599995568,
      0.5703301793053037,
      0.5739286113920666,
      0.5539190489905221,
      0.5531594594319661,
      0.5662417177926926,
      0.5859893307231722,
      0.6302128325189863,
      0.6395944200243269,
      0.6611997328485761,
      0.696911301953452,
      0.6913650596709479,
      0.7414880040713719,
      0.8129081719262259,
      0.8672084107853117
    ],
    "val_accuracy": [
      0.8257142857142857,
      0.8507142857142858,
      0.8583333333333333,
      0.8597619047619047,
      0.8595238095238096,
      0.8566666666666667,
      0.8628571428571429,
      0.8683333333333333,
      0.8666666666666667,
      0.8614285714285714,
      0.8523809523809524,
      0.8576190476190476,
      0.8547619047619047,
      0.8488095238095238,
      0.8528571428571429,
      0.8511904761904762,
      0.855,
      0.8502380952380952
    ]
  },
  "global_metrics": {
    "accuracy": 0.9114,
    "balanced_accuracy": 0.9114000000000001,
    "top_3_accuracy": 0.9919,
    "top_5_accuracy": 0.9977,
    "log_loss": 0.30803796131714706,
    "mcc": 0.9016348528188087,
    "cohens_kappa": 0.9015555555555556,
    "precision_macro": 0.9115524593494111,
    "precision_micro": 0.9114,
    "precision_weighted": 0.9115524593494111,
    "recall_macro": 0.9114000000000001,
    "recall_micro": 0.9114,
    "recall_weighted": 0.9114,
    "f1_macro": 0.9111327248782837,
    "f1_micro": 0.9114,
    "f1_weighted": 0.911132724878284,
    "auroc_macro": 0.9931385333333335,
    "auroc_weighted": 0.9931385333333334,
    "auprc_macro": 0.958143676972514
  },
  "per_class_metrics": {
    "0": {
      "precision": 0.8574181117533719,
      "recall": 0.89,
      "f1": 0.873405299313052,
      "specificity": 0.9835555555555555,
      "fpr": 0.016444444444444446,
      "fnr": 0.11,
      "auroc": 0.9912305555555556,
      "auprc": 0.9413044575085922,
      "support": 1000,
      "tp": 890,
      "tn": 8852,
      "fp": 148,
      "fn": 110
    },
    "1": {
      "precision": 0.98989898989899,
      "recall": 0.98,
      "f1": 0.9849246231155778,
      "specificity": 0.9988888888888889,
      "fpr": 0.0011111111111111111,
      "fnr": 0.02,
      "auroc": 0.9987003333333334,
      "auprc": 0.9973114666412847,
      "support": 1000,
      "tp": 980,
      "tn": 8990,
      "fp": 10,
      "fn": 20
    },
    "2": {
      "precision": 0.8597194388777555,
      "recall": 0.858,
      "f1": 0.8588588588588588,
      "specificity": 0.9844444444444445,
      "fpr": 0.015555555555555555,
      "fnr": 0.142,
      "auroc": 0.9884588888888889,
      "auprc": 0.9371887497850643,
      "support": 1000,
      "tp": 858,
      "tn": 8860,
      "fp": 140,
      "fn": 142
    },
    "3": {
      "precision": 0.9097222222222222,
      "recall": 0.917,
      "f1": 0.9133466135458168,
      "specificity": 0.9898888888888889,
      "fpr": 0.01011111111111111,
      "fnr": 0.083,
      "auroc": 0.9953017777777777,
      "auprc": 0.9657647147416888,
      "support": 1000,
      "tp": 917,
      "tn": 8909,
      "fp": 91,
      "fn": 83
    },
    "4": {
      "precision": 0.8421052631578947,
      "recall": 0.88,
      "f1": 0.8606356968215159,
      "specificity": 0.9816666666666667,
      "fpr": 0.018333333333333333,
      "fnr": 0.12,
      "auroc": 0.9908718888888889,
      "auprc": 0.9309270238543154,
      "support": 1000,
      "tp": 880,
      "tn": 8835,
      "fp": 165,
      "fn": 120
    },
    "5": {
      "precision": 0.9895941727367326,
      "recall": 0.951,
      "f1": 0.9699133095359511,
      "specificity": 0.9988888888888889,
      "fpr": 0.0011111111111111111,
      "fnr": 0.049,
      "auroc": 0.9991577777777778,
      "auprc": 0.9942372850270222,
      "support": 1000,
      "tp": 951,
      "tn": 8990,
      "fp": 10,
      "fn": 49
    },
    "6": {
      "precision": 0.7741935483870968,
      "recall": 0.72,
      "f1": 0.7461139896373057,
      "specificity": 0.9766666666666667,
      "fpr": 0.023333333333333334,
      "fnr": 0.28,
      "auroc": 0.9727076666666669,
      "auprc": 0.8402967721504168,
      "support": 1000,
      "tp": 720,
      "tn": 8790,
      "fp": 210,
      "fn": 280
    },
    "7": {
      "precision": 0.9214953271028037,
      "recall": 0.986,
      "f1": 0.9526570048309178,
      "specificity": 0.9906666666666667,
      "fpr": 0.009333333333333334,
      "fnr": 0.014,
      "auroc": 0.998431,
      "auprc": 0.9862342227580356,
      "support": 1000,
      "tp": 986,
      "tn": 8916,
      "fp": 84,
      "fn": 14
    },
    "8": {
      "precision": 0.9898580121703854,
      "recall": 0.976,
      "f1": 0.9828801611278952,
      "specificity": 0.9988888888888889,
      "fpr": 0.0011111111111111111,
      "fnr": 0.024,
      "auroc": 0.9990057777777778,
      "auprc": 0.9961478955857272,
      "support": 1000,
      "tp": 976,
      "tn": 8990,
      "fp": 10,
      "fn": 24
    },
    "9": {
      "precision": 0.9815195071868583,
      "recall": 0.956,
      "f1": 0.9685916919959473,
      "specificity": 0.998,
      "fpr": 0.002,
      "fnr": 0.044,
      "auroc": 0.9975196666666667,
      "auprc": 0.9920241816729931,
      "support": 1000,
      "tp": 956,
      "tn": 8982,
      "fp": 18,
      "fn": 44
    }
  },
  "confusion_matrix": [
    [
      890,
      0,
      22,
      17,
      3,
      1,
      62,
      2,
      3,
      0
    ],
    [
      4,
      980,
      0,
      11,
      3,
      0,
      2,
      0,
      0,
      0
    ],
    [
      14,
      2,
      858,
      6,
      60,
      0,
      60,
      0,
      0,
      0
    ],
    [
      10,
      5,
      11,
      917,
      25,
      0,
      32,
      0,
      0,
      0
    ],
    [
      0,
      0,
      47,
      25,
      880,
      0,
      48,
      0,
      0,
      0
    ],
    [
      0,
      0,
      0,
      0,
      0,
      951,
      0,
      42,
      0,
      7
    ],
    [
      118,
      2,
      58,
      25,
      70,
      0,
      720,
      0,
      7,
      0
    ],
    [
      0,
      0,
      0,
      0,
      0,
      3,
      0,
      986,
      0,
      11
    ],
    [
      2,
      1,
      2,
      7,
      4,
      1,
      5,
      2,
      976,
      0
    ],
    [
      0,
      0,
      0,
      0,
      0,
      5,
      1,
      38,
      0,
      956
    ]
  ]
}