{
  "experiment": "exp2",
  "condition": {
    "noise_rate": 0.35,
    "noisy_pct": 20,
    "clean_samples": 30000,
    "noisy_samples": 12000,
    "num_corrupted": 4209,
    "total_samples": 42000,
    "train_samples": 37800,
    "val_samples": 4200
  },
  "seed": 20194682,
  "timestamp": "2026-01-13T19:19:50.102340",
  "training_dynamics": {
    "epochs_trained": 15,
    "best_epoch": 5,
    "best_val_accuracy": 0.8119047619047619,
    "final_train_loss": 0.4689707043005529,
    "final_val_loss": 0.9726348057247344,
    "training_time_seconds": 27.641066312789917
  },
  "training_history": {
    "train_loss": [
      1.0046395546490368,
      0.8694530034630028,
      0.8225870396683462,
      0.7915453643060578,
      0.7687960063846382,
      0.7446472742634175,
      0.7131162824868752,
      0.6882566784945034,
      0.6559847637178934,
      0.6293305747601788,
      0.5956330986444518,
      0.5656334352876531,
      0.5342304899456537,
      0.49783154240417,
      0.4689707043005529
    ],
    "val_loss": [
      0.9113719729014805,
      0.8377056771232968,
      0.8338520392917451,
      0.8272160534631638,
      0.8120114839644659,
      0.8316869971865699,
      0.8437031675520398,
      0.838181125550043,
      0.8397018110184442,
      0.8375383288519723,
      0.86727587052754,
      0.8717064766656785,
      0.9302326842716762,
      0.9767655672345843,
      0.9726348057247344
    ],
    "val_accuracy": [
      0.7595238095238095,
      0.7933333333333333,
      0.8004761904761905,
      0.7992857142857143,
      0.8114285714285714,
      0.8083333333333333,
      0.8119047619047619,
      0.804047619047619,
      0.81,
      0.8111904761904762,
      0.8116666666666666,
      0.8035714285714286,
      0.799047619047619,
      0.8026190476190476,
      0.7952380952380952
    ]
  },
  "global_metrics": {
    "accuracy": 0.9027,
    "balanced_accuracy": 0.9027000000000001,
    "top_3_accuracy": 0.9915,
    "top_5_accuracy": 0.9977,
    "log_loss": 0.34175926140357626,
    "mcc": 0.8919450039053192,
    "cohens_kappa": 0.891888888888889,
    "precision_macro": 0.9037520760425994,
    "precision_micro": 0.9027,
    "precision_weighted": 0.9037520760425996,
    "recall_macro": 0.9027000000000001,
    "recall_micro": 0.9027,
    "recall_weighted": 0.9027,
    "f1_macro": 0.9029824475528212,
    "f1_micro": 0.9027,
    "f1_weighted": 0.9029824475528212,
    "auroc_macro": 0.9923096666666666,
    "auroc_weighted": 0.9923096666666666,
    "auprc_macro": 0.9518386466401747
  },
  "per_class_metrics": {
    "0": {
      "precision": 0.8770226537216829,
      "recall": 0.813,
      "f1": 0.843798650752465,
      "specificity": 0.9873333333333333,
      "fpr": 0.012666666666666666,
      "fnr": 0.187,
      "auroc": 0.9875695555555555,
      "auprc": 0.9253062930432568,
      "support": 1000,
      "tp": 813,
      "tn": 8886,
      "fp": 114,
      "fn": 187
    },
    "1": {
      "precision": 0.9878542510121457,
      "recall": 0.976,
      "f1": 0.9818913480885312,
      "specificity": 0.9986666666666667,
      "fpr": 0.0013333333333333333,
      "fnr": 0.024,
      "auroc": 0.9983058888888888,
      "auprc": 0.9962670778216233,
      "support": 1000,
      "tp": 976,
      "tn": 8988,
      "fp": 12,
      "fn": 24
    },
    "2": {
      "precision": 0.8538993089832182,
      "recall": 0.865,
      "f1": 0.8594138102334825,
      "specificity": 0.9835555555555555,
      "fpr": 0.016444444444444446,
      "fnr": 0.135,
      "auroc": 0.988564,
      "auprc": 0.9319752835310955,
      "support": 1000,
      "tp": 865,
      "tn": 8852,
      "fp": 148,
      "fn": 135
    },
    "3": {
      "precision": 0.9123343527013251,
      "recall": 0.895,
      "f1": 0.9035840484603735,
      "specificity": 0.9904444444444445,
      "fpr": 0.009555555555555555,
      "fnr": 0.105,
      "auroc": 0.9927918888888889,
      "auprc": 0.957943660634094,
      "support": 1000,
      "tp": 895,
      "tn": 8914,
      "fp": 86,
      "fn": 105
    },
    "4": {
      "precision": 0.8240827845719662,
      "recall": 0.876,
      "f1": 0.8492486669898207,
      "specificity": 0.9792222222222222,
      "fpr": 0.020777777777777777,
      "fnr": 0.124,
      "auroc": 0.9907002222222222,
      "auprc": 0.9250134472622412,
      "support": 1000,
      "tp": 876,
      "tn": 8813,
      "fp": 187,
      "fn": 124
    },
    "5": {
      "precision": 0.9838383838383838,
      "recall": 0.974,
      "f1": 0.9788944723618089,
      "specificity": 0.9982222222222222,
      "fpr": 0.0017777777777777779,
      "fnr": 0.026,
      "auroc": 0.9996751111111111,
      "auprc": 0.997066090283761,
      "support": 1000,
      "tp": 974,
      "tn": 8984,
      "fp": 16,
      "fn": 26
    },
    "6": {
      "precision": 0.7078870496592016,
      "recall": 0.727,
      "f1": 0.7173162308830785,
      "specificity": 0.9666666666666667,
      "fpr": 0.03333333333333333,
      "fnr": 0.273,
      "auroc": 0.9683752222222222,
      "auprc": 0.8032094017146157,
      "support": 1000,
      "tp": 727,
      "tn": 8700,
      "fp": 300,
      "fn": 273
    },
    "7": {
      "precision": 0.9596367305751766,
      "recall": 0.951,
      "f1": 0.9552988448016072,
      "specificity": 0.9955555555555555,
      "fpr": 0.0044444444444444444,
      "fnr": 0.049,
      "auroc": 0.9989157777777778,
      "auprc": 0.9921799009390341,
      "support": 1000,
      "tp": 951,
      "tn": 8960,
      "fp": 40,
      "fn": 49
    },
    "8": {
      "precision": 0.977977977977978,
      "recall": 0.977,
      "f1": 0.977488744372186,
      "specificity": 0.9975555555555555,
      "fpr": 0.0024444444444444444,
      "fnr": 0.023,
      "auroc": 0.9990087777777777,
      "auprc": 0.99556658797872,
      "support": 1000,
      "tp": 977,
      "tn": 8978,
      "fp": 22,
      "fn": 23
    },
    "9": {
      "precision": 0.9529872673849168,
      "recall": 0.973,
      "f1": 0.962889658584859,
      "specificity": 0.9946666666666667,
      "fpr": 0.005333333333333333,
      "fnr": 0.027,
      "auroc": 0.9991902222222222,
      "auprc": 0.9938587231933061,
      "support": 1000,
      "tp": 973,
      "tn": 8952,
      "fp": 48,
      "fn": 27
    }
  },
  "confusion_matrix": [
    [
      813,
      0,
      21,
      16,
      5,
      1,
      138,
      0,
      6,
      0
    ],
    [
      1,
      976,
      1,
      15,
      4,
      0,
      1,
      0,
      2,
      0
    ],
    [
      11,
      2,
      865,
      8,
      58,
      0,
      55,
      0,
      1,
      0
    ],
    [
      12,
      4,
      8,
      895,
      30,
      0,
      51,
      0,
      0,
      0
    ],
    [
      0,
      0,
      51,
      24,
      876,
      0,
      48,
      0,
      1,
      0
    ],
    [
      0,
      0,
      0,
      0,
      0,
      974,
      0,
      16,
      1,
      9
    ],
    [
      89,
      3,
      65,
      20,
      86,
      0,
      727,
      0,
      10,
      0
    ],
    [
      0,
      0,
      0,
      0,
      0,
      10,
      0,
      951,
      0,
      39
    ],
    [
      1,
      3,
      2,
      3,
      4,
      1,
      7,
      2,
      977,
      0
    ],
    [
      0,
      0,
      0,
      0,
      0,
      4,
      0,
      22,
      1,
      973
    ]
  ]
}