{
  "experiment": "exp2",
  "condition": {
    "noise_rate": 0.15,
    "noisy_pct": 50,
    "clean_samples": 30000,
    "noisy_samples": 30000,
    "num_corrupted": 4525,
    "total_samples": 60000,
    "train_samples": 54000,
    "val_samples": 6000
  },
  "seed": 20194682,
  "timestamp": "2026-01-13T19:01:11.073023",
  "training_dynamics": {
    "epochs_trained": 15,
    "best_epoch": 5,
    "best_val_accuracy": 0.8545,
    "final_train_loss": 0.4074808058739415,
    "final_val_loss": 0.7792113186518351,
    "training_time_seconds": 37.63201189041138
  },
  "training_history": {
    "train_loss": [
      0.8726005333153557,
      0.7483045975390769,
      0.7060726001434982,
      0.6744580401098841,
      0.6498062203669153,
      0.6251363453954034,
      0.6023646092210053,
      0.5763561725793009,
      0.5559510981831788,
      0.5311405048374599,
      0.5022946401053413,
      0.4798240982066681,
      0.45204124348988467,
      0.4257178902449484,
      0.4074808058739415
    ],
    "val_loss": [
      0.7198610653877259,
      0.6718049567540486,
      0.6709818460146586,
      0.6683850013415019,
      0.6457742158571879,
      0.647652129650116,
      0.6748810319900512,
      0.6691089905103048,
      0.665465969880422,
      0.6730314286549887,
      0.734896275361379,
      0.7211477837562561,
      0.7104259959856669,
      0.7880740219751994,
      0.7792113186518351
    ],
    "val_accuracy": [
      0.8175,
      0.8375,
      0.8403333333333334,
      0.8416666666666667,
      0.8516666666666667,
      0.8545,
      0.852,
      0.8518333333333333,
      0.847,
      0.8495,
      0.8516666666666667,
      0.8413333333333334,
      0.8498333333333333,
      0.8418333333333333,
      0.8386666666666667
    ]
  },
  "global_metrics": {
    "accuracy": 0.911,
    "balanced_accuracy": 0.9109999999999999,
    "top_3_accuracy": 0.9914,
    "top_5_accuracy": 0.9976,
    "log_loss": 0.305791463204365,
    "mcc": 0.9011503620705875,
    "cohens_kappa": 0.9011111111111111,
    "precision_macro": 0.9103595072833908,
    "precision_micro": 0.911,
    "precision_weighted": 0.9103595072833909,
    "recall_macro": 0.9109999999999999,
    "recall_micro": 0.911,
    "recall_weighted": 0.911,
    "f1_macro": 0.9105166060684897,
    "f1_micro": 0.911,
    "f1_weighted": 0.9105166060684898,
    "auroc_macro": 0.9934825666666667,
    "auroc_weighted": 0.9934825666666668,
    "auprc_macro": 0.9585717333299995
  },
  "per_class_metrics": {
    "0": {
      "precision": 0.857421875,
      "recall": 0.878,
      "f1": 0.8675889328063241,
      "specificity": 0.9837777777777778,
      "fpr": 0.01622222222222222,
      "fnr": 0.122,
      "auroc": 0.9896355555555555,
      "auprc": 0.9360567168961597,
      "support": 1000,
      "tp": 878,
      "tn": 8854,
      "fp": 146,
      "fn": 122
    },
    "1": {
      "precision": 0.9869215291750503,
      "recall": 0.981,
      "f1": 0.9839518555667001,
      "specificity": 0.9985555555555555,
      "fpr": 0.0014444444444444444,
      "fnr": 0.019,
      "auroc": 0.9990474444444444,
      "auprc": 0.9972520777233688,
      "support": 1000,
      "tp": 981,
      "tn": 8987,
      "fp": 13,
      "fn": 19
    },
    "2": {
      "precision": 0.8596837944664032,
      "recall": 0.87,
      "f1": 0.8648111332007953,
      "specificity": 0.9842222222222222,
      "fpr": 0.01577777777777778,
      "fnr": 0.13,
      "auroc": 0.9885943333333335,
      "auprc": 0.9333225989844124,
      "support": 1000,
      "tp": 870,
      "tn": 8858,
      "fp": 142,
      "fn": 130
    },
    "3": {
      "precision": 0.9006882989183874,
      "recall": 0.916,
      "f1": 0.9082796232027763,
      "specificity": 0.9887777777777778,
      "fpr": 0.011222222222222222,
      "fnr": 0.084,
      "auroc": 0.9958412222222222,
      "auprc": 0.9642678318389849,
      "support": 1000,
      "tp": 916,
      "tn": 8899,
      "fp": 101,
      "fn": 84
    },
    "4": {
      "precision": 0.8352941176470589,
      "recall": 0.852,
      "f1": 0.8435643564356436,
      "specificity": 0.9813333333333333,
      "fpr": 0.018666666666666668,
      "fnr": 0.148,
      "auroc": 0.9905373333333333,
      "auprc": 0.9285823230286383,
      "support": 1000,
      "tp": 852,
      "tn": 8832,
      "fp": 168,
      "fn": 148
    },
    "5": {
      "precision": 0.9752964426877471,
      "recall": 0.987,
      "f1": 0.9811133200795228,
      "specificity": 0.9972222222222222,
      "fpr": 0.002777777777777778,
      "fnr": 0.013,
      "auroc": 0.9996145555555556,
      "auprc": 0.9961112949450887,
      "support": 1000,
      "tp": 987,
      "tn": 8975,
      "fp": 25,
      "fn": 13
    },
    "6": {
      "precision": 0.7772972972972974,
      "recall": 0.719,
      "f1": 0.747012987012987,
      "specificity": 0.9771111111111112,
      "fpr": 0.02288888888888889,
      "fnr": 0.281,
      "auroc": 0.9743322222222223,
      "auprc": 0.845603034156633,
      "support": 1000,
      "tp": 719,
      "tn": 8794,
      "fp": 206,
      "fn": 281
    },
    "7": {
      "precision": 0.9704081632653061,
      "recall": 0.951,
      "f1": 0.9606060606060605,
      "specificity": 0.9967777777777778,
      "fpr": 0.0032222222222222222,
      "fnr": 0.049,
      "auroc": 0.9987612222222223,
      "auprc": 0.9938867322910899,
      "support": 1000,
      "tp": 951,
      "tn": 8971,
      "fp": 29,
      "fn": 49
    },
    "8": {
      "precision": 0.978021978021978,
      "recall": 0.979,
      "f1": 0.9785107446276862,
      "specificity": 0.9975555555555555,
      "fpr": 0.0024444444444444444,
      "fnr": 0.021,
      "auroc": 0.9995505555555556,
      "auprc": 0.9970724330164416,
      "support": 1000,
      "tp": 979,
      "tn": 8978,
      "fp": 22,
      "fn": 21
    },
    "9": {
      "precision": 0.9625615763546798,
      "recall": 0.977,
      "f1": 0.9697270471464019,
      "specificity": 0.9957777777777778,
      "fpr": 0.004222222222222222,
      "fnr": 0.023,
      "auroc": 0.9989112222222223,
      "auprc": 0.9935622904191782,
      "support": 1000,
      "tp": 977,
      "tn": 8962,
      "fp": 38,
      "fn": 23
    }
  },
  "confusion_matrix": [
    [
      878,
      1,
      9,
      19,
      6,
      3,
      79,
      0,
      5,
      0
    ],
    [
      2,
      981,
      0,
      12,
      2,
      0,
      1,
      0,
      2,
      0
    ],
    [
      17,
      1,
      870,
      8,
      49,
      0,
      53,
      0,
      2,
      0
    ],
    [
      17,
      3,
      7,
      916,
      23,
      0,
      32,
      0,
      1,
      1
    ],
    [
      1,
      2,
      74,
      31,
      852,
      0,
      39,
      0,
      1,
      0
    ],
    [
      0,
      0,
      0,
      0,
      0,
      987,
      0,
      8,
      0,
      5
    ],
    [
      107,
      3,
      51,
      26,
      84,
      0,
      719,
      0,
      10,
      0
    ],
    [
      0,
      0,
      0,
      0,
      0,
      17,
      0,
      951,
      0,
      32
    ],
    [
      2,
      3,
      1,
      5,
      4,
      1,
      2,
      3,
      979,
      0
    ],
    [
      0,
      0,
      0,
      0,
      0,
      4,
      0,
      18,
      1,
      977
    ]
  ]
}