{
  "experiment": "exp2",
  "condition": {
    "noise_rate": 0.15,
    "noisy_pct": 25,
    "clean_samples": 30000,
    "noisy_samples": 15000,
    "num_corrupted": 2263,
    "total_samples": 45000,
    "train_samples": 40500,
    "val_samples": 4500
  },
  "seed": 20194682,
  "timestamp": "2026-01-13T18:58:17.642188",
  "training_dynamics": {
    "epochs_trained": 14,
    "best_epoch": 4,
    "best_val_accuracy": 0.87,
    "final_train_loss": 0.2953163763334589,
    "final_val_loss": 0.7015212517314487,
    "training_time_seconds": 25.89230704307556
  },
  "training_history": {
    "train_loss": [
      0.780100642316526,
      0.6365793163742499,
      0.5903615974137003,
      0.5591943793905102,
      0.5307977153414987,
      0.5033363746523292,
      0.48022646820658194,
      0.4545405722719045,
      0.42705586359587516,
      0.401137505191574,
      0.3765000383153346,
      0.34758540844371155,
      0.3245064122617056,
      0.2953163763334589
    ],
    "val_loss": [
      0.6390368164910211,
      0.5817683706813388,
      0.5724580657747057,
      0.5603291974067688,
      0.5642291273276011,
      0.5652221924463908,
      0.5684411137104034,
      0.5665173427263895,
      0.5851495944658915,
      0.6085437656508552,
      0.6549971828990513,
      0.6411876156330109,
      0.6293420565128326,
      0.7015212517314487
    ],
    "val_accuracy": [
      0.8388888888888889,
      0.8524444444444444,
      0.8646666666666667,
      0.8684444444444445,
      0.8635555555555555,
      0.8673333333333333,
      0.8622222222222222,
      0.8655555555555555,
      0.87,
      0.8671111111111112,
      0.8631111111111112,
      0.8637777777777778,
      0.8633333333333333,
      0.8611111111111112
    ]
  },
  "global_metrics": {
    "accuracy": 0.9039,
    "balanced_accuracy": 0.9038999999999999,
    "top_3_accuracy": 0.992,
    "top_5_accuracy": 0.9974,
    "log_loss": 0.3046298913213497,
    "mcc": 0.8932640577352641,
    "cohens_kappa": 0.8932222222222221,
    "precision_macro": 0.9042903957034423,
    "precision_micro": 0.9039,
    "precision_weighted": 0.9042903957034423,
    "recall_macro": 0.9038999999999999,
    "recall_micro": 0.9039,
    "recall_weighted": 0.9039,
    "f1_macro": 0.9039087532570852,
    "f1_micro": 0.9039,
    "f1_weighted": 0.9039087532570851,
    "auroc_macro": 0.9931589444444443,
    "auroc_weighted": 0.9931589444444444,
    "auprc_macro": 0.9553323734945828
  },
  "per_class_metrics": {
    "0": {
      "precision": 0.8722280887011615,
      "recall": 0.826,
      "f1": 0.8484848484848485,
      "specificity": 0.9865555555555555,
      "fpr": 0.013444444444444445,
      "fnr": 0.174,
      "auroc": 0.9898702222222222,
      "auprc": 0.9303541897495715,
      "support": 1000,
      "tp": 826,
      "tn": 8879,
      "fp": 121,
      "fn": 174
    },
    "1": {
      "precision": 0.9858585858585859,
      "recall": 0.976,
      "f1": 0.9809045226130653,
      "specificity": 0.9984444444444445,
      "fpr": 0.0015555555555555555,
      "fnr": 0.024,
      "auroc": 0.9994885555555555,
      "auprc": 0.9975334173206368,
      "support": 1000,
      "tp": 976,
      "tn": 8986,
      "fp": 14,
      "fn": 24
    },
    "2": {
      "precision": 0.8693834900731452,
      "recall": 0.832,
      "f1": 0.8502810424118549,
      "specificity": 0.9861111111111112,
      "fpr": 0.013888888888888888,
      "fnr": 0.168,
      "auroc": 0.9887495555555555,
      "auprc": 0.9325785015667093,
      "support": 1000,
      "tp": 832,
      "tn": 8875,
      "fp": 125,
      "fn": 168
    },
    "3": {
      "precision": 0.8915779283639884,
      "recall": 0.921,
      "f1": 0.9060501721593704,
      "specificity": 0.9875555555555555,
      "fpr": 0.012444444444444444,
      "fnr": 0.079,
      "auroc": 0.9959653333333333,
      "auprc": 0.9667190170246358,
      "support": 1000,
      "tp": 921,
      "tn": 8888,
      "fp": 112,
      "fn": 79
    },
    "4": {
      "precision": 0.8403525954946132,
      "recall": 0.858,
      "f1": 0.8490846115784266,
      "specificity": 0.9818888888888889,
      "fpr": 0.018111111111111113,
      "fnr": 0.142,
      "auroc": 0.990412111111111,
      "auprc": 0.9187715351721097,
      "support": 1000,
      "tp": 858,
      "tn": 8837,
      "fp": 163,
      "fn": 142
    },
    "5": {
      "precision": 0.9877049180327869,
      "recall": 0.964,
      "f1": 0.9757085020242914,
      "specificity": 0.9986666666666667,
      "fpr": 0.0013333333333333333,
      "fnr": 0.036,
      "auroc": 0.9996563333333333,
      "auprc": 0.9971621333751713,
      "support": 1000,
      "tp": 964,
      "tn": 8988,
      "fp": 12,
      "fn": 36
    },
    "6": {
      "precision": 0.7227626459143969,
      "recall": 0.743,
      "f1": 0.732741617357002,
      "specificity": 0.9683333333333334,
      "fpr": 0.03166666666666667,
      "fnr": 0.257,
      "auroc": 0.970396888888889,
      "auprc": 0.8295835753660183,
      "support": 1000,
      "tp": 743,
      "tn": 8715,
      "fp": 285,
      "fn": 257
    },
    "7": {
      "precision": 0.9467455621301775,
      "recall": 0.96,
      "f1": 0.9533267130089375,
      "specificity": 0.994,
      "fpr": 0.006,
      "fnr": 0.04,
      "auroc": 0.9983374444444444,
      "auprc": 0.9898836717972912,
      "support": 1000,
      "tp": 960,
      "tn": 8946,
      "fp": 54,
      "fn": 40
    },
    "8": {
      "precision": 0.9724137931034482,
      "recall": 0.987,
      "f1": 0.979652605459057,
      "specificity": 0.9968888888888889,
      "fpr": 0.003111111111111111,
      "fnr": 0.013,
      "auroc": 0.9995753333333333,
      "auprc": 0.997510741966721,
      "support": 1000,
      "tp": 987,
      "tn": 8972,
      "fp": 28,
      "fn": 13
    },
    "9": {
      "precision": 0.9538763493621197,
      "recall": 0.972,
      "f1": 0.962852897473997,
      "specificity": 0.9947777777777778,
      "fpr": 0.005222222222222222,
      "fnr": 0.028,
      "auroc": 0.9991376666666666,
      "auprc": 0.9932269516069621,
      "support": 1000,
      "tp": 972,
      "tn": 8953,
      "fp": 47,
      "fn": 28
    }
  },
  "confusion_matrix": [
    [
      826,
      0,
      18,
      22,
      3,
      2,
      118,
      2,
      9,
      0
    ],
    [
      0,
      976,
      0,
      19,
      2,
      0,
      1,
      0,
      2,
      0
    ],
    [
      12,
      2,
      832,
      9,
      69,
      0,
      74,
      0,
      2,
      0
    ],
    [
      11,
      5,
      6,
      921,
      20,
      0,
      30,
      0,
      4,
      3
    ],
    [
      0,
      1,
      47,
      32,
      858,
      0,
      60,
      0,
      2,
      0
    ],
    [
      0,
      0,
      0,
      0,
      0,
      964,
      0,
      27,
      0,
      9
    ],
    [
      97,
      4,
      54,
      27,
      67,
      0,
      743,
      0,
      8,
      0
    ],
    [
      0,
      0,
      0,
      0,
      0,
      5,
      0,
      960,
      0,
      35
    ],
    [
      1,
      2,
      0,
      3,
      2,
      1,
      2,
      2,
      987,
      0
    ],
    [
      0,
      0,
      0,
      0,
      0,
      4,
      0,
      23,
      1,
      972
    ]
  ]
}