{
  "experiment": "exp2",
  "condition": {
    "noise_rate": 0.4,
    "noisy_pct": 40,
    "clean_samples": 30000,
    "noisy_samples": 24000,
    "num_corrupted": 9609,
    "total_samples": 54000,
    "train_samples": 48600,
    "val_samples": 5400
  },
  "seed": 20194682,
  "timestamp": "2026-01-13T19:27:21.737949",
  "training_dynamics": {
    "epochs_trained": 16,
    "best_epoch": 6,
    "best_val_accuracy": 0.7535185185185185,
    "final_train_loss": 0.7441589636630134,
    "final_val_loss": 1.2338143283349496,
    "training_time_seconds": 35.43265104293823
  },
  "training_history": {
    "train_loss": [
      1.2719743305131008,
      1.157910035864303,
      1.1168112750900419,
      1.0940266584879474,
      1.0728041642590573,
      1.0477071704440994,
      1.0247253669719947,
      1.0014236695672336,
      0.9771118789126999,
      0.9447481310681293,
      0.9189484115493926,
      0.8842113423896464,
      0.8548789007883323,
      0.8183630274706766,
      0.7793437426027499,
      0.7441589636630134
    ],
    "val_loss": [
      1.1031321269494516,
      1.0744619615872701,
      1.0665686300065782,
      1.0436917628182305,
      1.049445499225899,
      1.0392040367479678,
      1.0558706173190364,
      1.0572922582096524,
      1.082726027170817,
      1.0890370651527688,
      1.0804509198224104,
      1.1230664521676523,
      1.1386483489142525,
      1.1711436582494665,
      1.2032177944536562,
      1.2338143283349496
    ],
    "val_accuracy": [
      0.7255555555555555,
      0.7337037037037037,
      0.7437037037037038,
      0.7475925925925926,
      0.7492592592592593,
      0.7531481481481481,
      0.75,
      0.7511111111111111,
      0.7485185185185185,
      0.7487037037037036,
      0.7535185185185185,
      0.7505555555555555,
      0.7453703703703703,
      0.7448148148148148,
      0.7438888888888889,
      0.7385185185185185
    ]
  },
  "global_metrics": {
    "accuracy": 0.8988,
    "balanced_accuracy": 0.8987999999999999,
    "top_3_accuracy": 0.9889,
    "top_5_accuracy": 0.9966,
    "log_loss": 0.4660940518421288,
    "mcc": 0.8881092076565098,
    "cohens_kappa": 0.8875555555555555,
    "precision_macro": 0.8998266897358972,
    "precision_micro": 0.8988,
    "precision_weighted": 0.8998266897358973,
    "recall_macro": 0.8987999999999999,
    "recall_micro": 0.8988,
    "recall_weighted": 0.8988,
    "f1_macro": 0.8968076464397718,
    "f1_micro": 0.8988,
    "f1_weighted": 0.896807646439772,
    "auroc_macro": 0.99187835,
    "auroc_weighted": 0.9918783500000001,
    "auprc_macro": 0.9514327735071616
  },
  "per_class_metrics": {
    "0": {
      "precision": 0.8098271155595996,
      "recall": 0.89,
      "f1": 0.8480228680323963,
      "specificity": 0.9767777777777777,
      "fpr": 0.02322222222222222,
      "fnr": 0.11,
      "auroc": 0.9889478888888887,
      "auprc": 0.9253446588688171,
      "support": 1000,
      "tp": 890,
      "tn": 8791,
      "fp": 209,
      "fn": 110
    },
    "1": {
      "precision": 0.9868554095045501,
      "recall": 0.976,
      "f1": 0.9813976872800403,
      "specificity": 0.9985555555555555,
      "fpr": 0.0014444444444444444,
      "fnr": 0.024,
      "auroc": 0.9994598888888888,
      "auprc": 0.9974108721132641,
      "support": 1000,
      "tp": 976,
      "tn": 8987,
      "fp": 13,
      "fn": 24
    },
    "2": {
      "precision": 0.7894736842105263,
      "recall": 0.9,
      "f1": 0.8411214953271027,
      "specificity": 0.9733333333333334,
      "fpr": 0.02666666666666667,
      "fnr": 0.1,
      "auroc": 0.9865178888888889,
      "auprc": 0.9264092781456696,
      "support": 1000,
      "tp": 900,
      "tn": 8760,
      "fp": 240,
      "fn": 100
    },
    "3": {
      "precision": 0.9093717816683831,
      "recall": 0.883,
      "f1": 0.8959918822932521,
      "specificity": 0.9902222222222222,
      "fpr": 0.009777777777777778,
      "fnr": 0.117,
      "auroc": 0.994098,
      "auprc": 0.9568188332051158,
      "support": 1000,
      "tp": 883,
      "tn": 8912,
      "fp": 88,
      "fn": 117
    },
    "4": {
      "precision": 0.8146754468485419,
      "recall": 0.866,
      "f1": 0.8395540475036355,
      "specificity": 0.9781111111111112,
      "fpr": 0.02188888888888889,
      "fnr": 0.134,
      "auroc": 0.9874873333333333,
      "auprc": 0.9117077272004953,
      "support": 1000,
      "tp": 866,
      "tn": 8803,
      "fp": 197,
      "fn": 134
    },
    "5": {
      "precision": 0.9877049180327869,
      "recall": 0.964,
      "f1": 0.9757085020242914,
      "specificity": 0.9986666666666667,
      "fpr": 0.0013333333333333333,
      "fnr": 0.036,
      "auroc": 0.9995292222222223,
      "auprc": 0.996208739642574,
      "support": 1000,
      "tp": 964,
      "tn": 8988,
      "fp": 12,
      "fn": 36
    },
    "6": {
      "precision": 0.8220689655172414,
      "recall": 0.596,
      "f1": 0.6910144927536231,
      "specificity": 0.9856666666666667,
      "fpr": 0.014333333333333333,
      "fnr": 0.404,
      "auroc": 0.965901722222222,
      "auprc": 0.8216366812942021,
      "support": 1000,
      "tp": 596,
      "tn": 8871,
      "fp": 129,
      "fn": 404
    },
    "7": {
      "precision": 0.9394230769230769,
      "recall": 0.977,
      "f1": 0.957843137254902,
      "specificity": 0.993,
      "fpr": 0.007,
      "fnr": 0.023,
      "auroc": 0.9989426666666666,
      "auprc": 0.9900160600978515,
      "support": 1000,
      "tp": 977,
      "tn": 8937,
      "fp": 63,
      "fn": 23
    },
    "8": {
      "precision": 0.9740777666999003,
      "recall": 0.977,
      "f1": 0.9755366949575637,
      "specificity": 0.9971111111111111,
      "fpr": 0.0028888888888888888,
      "fnr": 0.023,
      "auroc": 0.9988173333333334,
      "auprc": 0.9958399215727946,
      "support": 1000,
      "tp": 977,
      "tn": 8974,
      "fp": 26,
      "fn": 23
    },
    "9": {
      "precision": 0.9647887323943662,
      "recall": 0.959,
      "f1": 0.9618856569709128,
      "specificity": 0.9961111111111111,
      "fpr": 0.0038888888888888888,
      "fnr": 0.041,
      "auroc": 0.9990815555555557,
      "auprc": 0.9929349629308312,
      "support": 1000,
      "tp": 959,
      "tn": 8965,
      "fp": 35,
      "fn": 41
    }
  },
  "confusion_matrix": [
    [
      890,
      0,
      33,
      13,
      7,
      1,
      50,
      0,
      6,
      0
    ],
    [
      5,
      976,
      1,
      9,
      5,
      0,
      2,
      0,
      2,
      0
    ],
    [
      12,
      1,
      900,
      10,
      47,
      0,
      29,
      0,
      1,
      0
    ],
    [
      35,
      7,
      18,
      883,
      32,
      0,
      23,
      0,
      0,
      2
    ],
    [
      0,
      0,
      79,
      27,
      866,
      1,
      25,
      0,
      2,
      0
    ],
    [
      0,
      0,
      0,
      0,
      0,
      964,
      0,
      21,
      1,
      14
    ],
    [
      157,
      2,
      105,
      24,
      103,
      0,
      596,
      0,
      13,
      0
    ],
    [
      0,
      0,
      0,
      0,
      0,
      5,
      0,
      977,
      0,
      18
    ],
    [
      0,
      3,
      4,
      5,
      3,
      1,
      0,
      6,
      977,
      1
    ],
    [
      0,
      0,
      0,
      0,
      0,
      4,
      0,
      36,
      1,
      959
    ]
  ]
}