{
  "experiment": "exp2",
  "condition": {
    "noise_rate": 0.05,
    "noisy_pct": 15,
    "clean_samples": 30000,
    "noisy_samples": 9000,
    "num_corrupted": 475,
    "total_samples": 39000,
    "train_samples": 35100,
    "val_samples": 3900
  },
  "seed": 20194682,
  "timestamp": "2026-01-13T18:46:00.244659",
  "training_dynamics": {
    "epochs_trained": 18,
    "best_epoch": 8,
    "best_val_accuracy": 0.9115384615384615,
    "final_train_loss": 0.09887986500766162,
    "final_val_loss": 0.4381522333010649,
    "training_time_seconds": 29.199339628219604
  },
  "training_history": {
    "train_loss": [
      0.5788097916296489,
      0.41931718832156695,
      0.37065840386302096,
      0.33749324246182466,
      0.3103526429780411,
      0.2867567309997772,
      0.26552718545976883,
      0.23906584369028852,
      0.2204532948897673,
      0.2005702214542851,
      0.18317196088654747,
      0.16310083665944405,
      0.1482433401937096,
      0.13704027170026997,
      0.12320916832022653,
      0.11142382035048878,
      0.1041567923292477,
      0.09887986500766162
    ],
    "val_loss": [
      0.4355934622348883,
      0.39634561709868604,
      0.3427039571908804,
      0.3562445100148519,
      0.33111458001992644,
      0.34092541572375173,
      0.34228137120222435,
      0.3301544272593963,
      0.33193154787405943,
      0.356241222406045,
      0.3619827691713969,
      0.34853785545398025,
      0.37378235132266313,
      0.36925102068827703,
      0.4045805242122748,
      0.452727877115592,
      0.4671924839264307,
      0.4381522333010649
    ],
    "val_accuracy": [
      0.8684615384615385,
      0.877948717948718,
      0.8994871794871795,
      0.8943589743589744,
      0.9015384615384615,
      0.9025641025641026,
      0.901025641025641,
      0.9094871794871795,
      0.9115384615384615,
      0.9087179487179488,
      0.9115384615384615,
      0.9112820512820513,
      0.9076923076923077,
      0.9066666666666666,
      0.8982051282051282,
      0.9028205128205128,
      0.9028205128205128,
      0.9028205128205128
    ]
  },
  "global_metrics": {
    "accuracy": 0.9108,
    "balanced_accuracy": 0.9108,
    "top_3_accuracy": 0.9923,
    "top_5_accuracy": 0.998,
    "log_loss": 0.2576468413452539,
    "mcc": 0.9009332859730694,
    "cohens_kappa": 0.9008888888888889,
    "precision_macro": 0.9116818639977561,
    "precision_micro": 0.9108,
    "precision_weighted": 0.9116818639977561,
    "recall_macro": 0.9108,
    "recall_micro": 0.9108,
    "recall_weighted": 0.9108,
    "f1_macro": 0.9110406283803283,
    "f1_micro": 0.9108,
    "f1_weighted": 0.9110406283803284,
    "auroc_macro": 0.9939807666666667,
    "auroc_weighted": 0.9939807666666668,
    "auprc_macro": 0.960789702881164
  },
  "per_class_metrics": {
    "0": {
      "precision": 0.851207729468599,
      "recall": 0.881,
      "f1": 0.8658476658476658,
      "specificity": 0.9828888888888889,
      "fpr": 0.01711111111111111,
      "fnr": 0.119,
      "auroc": 0.9910093333333334,
      "auprc": 0.942917057071244,
      "support": 1000,
      "tp": 881,
      "tn": 8846,
      "fp": 154,
      "fn": 119
    },
    "1": {
      "precision": 0.9724409448818898,
      "recall": 0.988,
      "f1": 0.9801587301587301,
      "specificity": 0.9968888888888889,
      "fpr": 0.003111111111111111,
      "fnr": 0.012,
      "auroc": 0.9995876666666667,
      "auprc": 0.9980052684543861,
      "support": 1000,
      "tp": 988,
      "tn": 8972,
      "fp": 28,
      "fn": 12
    },
    "2": {
      "precision": 0.881511746680286,
      "recall": 0.863,
      "f1": 0.8721576553815058,
      "specificity": 0.9871111111111112,
      "fpr": 0.012888888888888889,
      "fnr": 0.137,
      "auroc": 0.9897571111111111,
      "auprc": 0.9408723973138862,
      "support": 1000,
      "tp": 863,
      "tn": 8884,
      "fp": 116,
      "fn": 137
    },
    "3": {
      "precision": 0.9260823653643083,
      "recall": 0.877,
      "f1": 0.9008731381612737,
      "specificity": 0.9922222222222222,
      "fpr": 0.0077777777777777776,
      "fnr": 0.123,
      "auroc": 0.9958086666666666,
      "auprc": 0.9661771622776573,
      "support": 1000,
      "tp": 877,
      "tn": 8930,
      "fp": 70,
      "fn": 123
    },
    "4": {
      "precision": 0.8603238866396761,
      "recall": 0.85,
      "f1": 0.8551307847082493,
      "specificity": 0.9846666666666667,
      "fpr": 0.015333333333333332,
      "fnr": 0.15,
      "auroc": 0.9921127777777777,
      "auprc": 0.9372921495128971,
      "support": 1000,
      "tp": 850,
      "tn": 8862,
      "fp": 138,
      "fn": 150
    },
    "5": {
      "precision": 0.9830677290836654,
      "recall": 0.987,
      "f1": 0.9850299401197605,
      "specificity": 0.9981111111111111,
      "fpr": 0.001888888888888889,
      "fnr": 0.013,
      "auroc": 0.9997486666666668,
      "auprc": 0.9975684127660667,
      "support": 1000,
      "tp": 987,
      "tn": 8983,
      "fp": 17,
      "fn": 13
    },
    "6": {
      "precision": 0.7217391304347827,
      "recall": 0.747,
      "f1": 0.7341523341523342,
      "specificity": 0.968,
      "fpr": 0.032,
      "fnr": 0.253,
      "auroc": 0.9745185555555557,
      "auprc": 0.8396028265705889,
      "support": 1000,
      "tp": 747,
      "tn": 8712,
      "fp": 288,
      "fn": 253
    },
    "7": {
      "precision": 0.9469623915139826,
      "recall": 0.982,
      "f1": 0.9641629847815415,
      "specificity": 0.9938888888888889,
      "fpr": 0.006111111111111111,
      "fnr": 0.018,
      "auroc": 0.9992982222222222,
      "auprc": 0.993619849163791,
      "support": 1000,
      "tp": 982,
      "tn": 8945,
      "fp": 55,
      "fn": 18
    },
    "8": {
      "precision": 0.9859437751004017,
      "recall": 0.982,
      "f1": 0.9839679358717435,
      "specificity": 0.9984444444444445,
      "fpr": 0.0015555555555555555,
      "fnr": 0.018,
      "auroc": 0.999705,
      "auprc": 0.9976834747898283,
      "support": 1000,
      "tp": 982,
      "tn": 8986,
      "fp": 14,
      "fn": 18
    },
    "9": {
      "precision": 0.9875389408099688,
      "recall": 0.951,
      "f1": 0.9689251146204788,
      "specificity": 0.9986666666666667,
      "fpr": 0.0013333333333333333,
      "fnr": 0.049,
      "auroc": 0.9982616666666666,
      "auprc": 0.9941584308912953,
      "support": 1000,
      "tp": 951,
      "tn": 8988,
      "fp": 12,
      "fn": 49
    }
  },
  "confusion_matrix": [
    [
      881,
      2,
      14,
      9,
      2,
      1,
      87,
      0,
      4,
      0
    ],
    [
      0,
      988,
      1,
      8,
      0,
      0,
      1,
      0,
      2,
      0
    ],
    [
      13,
      2,
      863,
      9,
      44,
      0,
      69,
      0,
      0,
      0
    ],
    [
      20,
      15,
      8,
      877,
      38,
      0,
      40,
      0,
      1,
      1
    ],
    [
      0,
      1,
      45,
      19,
      850,
      0,
      85,
      0,
      0,
      0
    ],
    [
      0,
      0,
      0,
      0,
      0,
      987,
      0,
      10,
      0,
      3
    ],
    [
      119,
      4,
      48,
      24,
      52,
      0,
      747,
      0,
      6,
      0
    ],
    [
      0,
      0,
      0,
      0,
      0,
      10,
      0,
      982,
      0,
      8
    ],
    [
      2,
      3,
      0,
      1,
      2,
      1,
      6,
      3,
      982,
      0
    ],
    [
      0,
      1,
      0,
      0,
      0,
      5,
      0,
      42,
      1,
      951
    ]
  ]
}